candidate_id,best_iteration,duration_seconds,pr_auc,roc_auc,f1,precision,recall,lift_at_10,threshold_f1,base_rate,top10_positive_rate,params_json,round,data_fraction,max_rounds
0,128,8.812,0.5421747186071502,0.777429549072814,0.5185301790051273,0.4788387257548698,0.5653964984552008,3.2650380083925654,0.5868552367133278,0.19999803602695465,0.6530011892318726,"{""bagging_fraction"": 0.9890300582365401, ""bagging_freq"": 1, ""bagging_seed"": 42, ""boosting_type"": ""gbdt"", ""data_random_seed"": 42, ""deterministic"": true, ""feature_fraction"": 0.5923798065494423, ""feature_fraction_seed"": 42, ""force_col_wise"": true, ""lambda_l1"": 0.07083653639938664, ""lambda_l2"": 0.1187349975151042, ""learning_rate"": 0.0813285339384323, ""max_bin"": 127, ""max_depth"": 8, ""metric"": ""None"", ""min_data_in_leaf"": 655, ""min_gain_to_split"": 0.12811363267554587, ""num_leaves"": 52, ""objective"": ""binary"", ""scale_pos_weight"": 4.0, ""seed"": 42, ""verbosity"": -1}",1,0.2,128
1,128,11.092,0.540493558727705,0.77702539517215,0.5175988051982792,0.4744585206375153,0.5693688391937619,3.2625858492266335,0.568458633042956,0.19999803602695465,0.6525107622146606,"{""bagging_fraction"": 0.7495363894722991, ""bagging_freq"": 1, ""bagging_seed"": 43, ""boosting_type"": ""gbdt"", ""data_random_seed"": 43, ""deterministic"": true, ""feature_fraction"": 0.9202427259718735, ""feature_fraction_seed"": 43, ""force_col_wise"": true, ""lambda_l1"": 1.1095541345082172e-06, ""lambda_l2"": 0.0009800835121047862, ""learning_rate"": 0.027295579256587727, ""max_bin"": 127, ""max_depth"": 8, ""metric"": ""None"", ""min_data_in_leaf"": 538, ""min_gain_to_split"": 0.06381725610417532, ""num_leaves"": 207, ""objective"": ""binary"", ""scale_pos_weight"": 4.0, ""seed"": 43, ""verbosity"": -1}",1,0.2,128
2,128,9.91,0.5410626763943363,0.7767741707065717,0.5181415346817005,0.468743798372693,0.5791770879309499,3.26307640027028,0.4033921325274498,0.19999803602695465,0.6526088714599609,"{""bagging_fraction"": 0.9002725736831929, ""bagging_freq"": 1, ""bagging_seed"": 44, ""boosting_type"": ""gbdt"", ""data_random_seed"": 44, ""deterministic"": true, ""feature_fraction"": 0.951904504594989, ""feature_fraction_seed"": 44, ""force_col_wise"": true, ""lambda_l1"": 5.646097462944218e-07, ""lambda_l2"": 0.00015866788529011412, ""learning_rate"": 0.05532163137042059, ""max_bin"": 63, ""max_depth"": 12, ""metric"": ""None"", ""min_data_in_leaf"": 1795, ""min_gain_to_split"": 0.04380376578722878, ""num_leaves"": 128, ""objective"": ""binary"", ""scale_pos_weight"": 2.0, ""seed"": 44, ""verbosity"": -1}",1,0.2,128
3,128,11.253,0.5414412055036537,0.7763009414941751,0.5181679456841454,0.47188431483122534,0.5745181697807856,3.263566653287776,0.40730989908499,0.19999803602695465,0.6527069211006165,"{""bagging_fraction"": 0.716706867715691, ""bagging_freq"": 1, ""bagging_seed"": 45, ""boosting_type"": ""gbdt"", ""data_random_seed"": 45, ""deterministic"": true, ""feature_fraction"": 0.6966214111621685, ""feature_fraction_seed"": 45, ""force_col_wise"": true, ""lambda_l1"": 0.00016826829781876375, ""lambda_l2"": 5.072735659008742e-07, ""learning_rate"": 0.06358108040518996, ""max_bin"": 127, ""max_depth"": -1, ""metric"": ""None"", ""min_data_in_leaf"": 1774, ""min_gain_to_split"": 0.12992150533547164, ""num_leaves"": 124, ""objective"": ""binary"", ""scale_pos_weight"": 2.0, ""seed"": 45, ""verbosity"": -1}",1,0.2,128
4,128,9.994,0.5380301425377929,0.7761630286664785,0.5179929491585552,0.4727235936867665,0.5728507674954637,3.2527781066413564,0.5447240720983613,0.19999803602695465,0.6505492329597473,"{""bagging_fraction"": 0.6905649886219185, ""bagging_freq"": 1, ""bagging_seed"": 46, ""boosting_type"": ""gbdt"", ""data_random_seed"": 46, ""deterministic"": true, ""feature_fraction"": 0.8651192959010121, ""feature_fraction_seed"": 46, ""force_col_wise"": true, ""lambda_l1"": 0.3092702978179819, ""lambda_l2"": 0.1749360102840249, ""learning_rate"": 0.018486985560788934, ""max_bin"": 63, ""max_depth"": 16, ""metric"": ""None"", ""min_data_in_leaf"": 1079, ""min_gain_to_split"": 0.38747837903017446, ""num_leaves"": 100, ""objective"": ""binary"", ""scale_pos_weight"": 4.0, ""seed"": 46, ""verbosity"": -1}",1,0.2,128
5,128,8.595,0.5411331926326748,0.777303636664203,0.5183543870068757,0.485162062772599,0.5564219508606738,3.2596437350693557,0.4252762569114496,0.19999803602695465,0.651922345161438,"{""bagging_fraction"": 0.9041159698759622, ""bagging_freq"": 1, ""bagging_seed"": 47, ""boosting_type"": ""gbdt"", ""data_random_seed"": 47, ""deterministic"": true, ""feature_fraction"": 0.5533130213879526, ""feature_fraction_seed"": 47, ""force_col_wise"": true, ""lambda_l1"": 0.009630696777835738, ""lambda_l2"": 0.022206924070447543, ""learning_rate"": 0.06348585846667569, ""max_bin"": 127, ""max_depth"": 6, ""metric"": ""None"", ""min_data_in_leaf"": 105, ""min_gain_to_split"": 0.7807290310219679, ""num_leaves"": 22, ""objective"": ""binary"", ""scale_pos_weight"": 2.0, ""seed"": 47, ""verbosity"": -1}",1,0.2,128
6,128,7.723,0.5404454949407738,0.7768766219020491,0.5179217291490698,0.4637731750833915,0.5863861507527831,3.2625858492266335,0.24682764059344192,0.19999803602695465,0.6525107622146606,"{""bagging_fraction"": 0.8043562479165349, ""bagging_freq"": 1, ""bagging_seed"": 48, ""boosting_type"": ""gbdt"", ""data_random_seed"": 48, ""deterministic"": true, ""feature_fraction"": 0.7619932927644096, ""feature_fraction_seed"": 48, ""force_col_wise"": true, ""lambda_l1"": 0.07673433199367605, ""lambda_l2"": 0.005157804538832597, ""learning_rate"": 0.04665428620184825, ""max_bin"": 63, ""max_depth"": 6, ""metric"": ""None"", ""min_data_in_leaf"": 589, ""min_gain_to_split"": 0.5535794006579958, ""num_leaves"": 22, ""objective"": ""binary"", ""scale_pos_weight"": 1.0, ""seed"": 48, ""verbosity"": -1}",1,0.2,128
7,128,7.473,0.5361913651818351,0.7744045629274238,0.5157291388962943,0.4714268307542342,0.5692217154627042,3.2341431275057944,0.2501014186496853,0.19999803602695465,0.6468222737312317,"{""bagging_fraction"": 0.7338378896760863, ""bagging_freq"": 1, ""bagging_seed"": 49, ""boosting_type"": ""gbdt"", ""data_random_seed"": 49, ""deterministic"": true, ""feature_fraction"": 0.6465631027687881, ""feature_fraction_seed"": 49, ""force_col_wise"": true, ""lambda_l1"": 0.4793223274008138, ""lambda_l2"": 1.2748390933572839e-06, ""learning_rate"": 0.02277576921655751, ""max_bin"": 127, ""max_depth"": 10, ""metric"": ""None"", ""min_data_in_leaf"": 250, ""min_gain_to_split"": 0.05830274168906602, ""num_leaves"": 16, ""objective"": ""binary"", ""scale_pos_weight"": 1.0, ""seed"": 49, ""verbosity"": -1}",1,0.2,128
8,128,125.601,0.5403345030396878,0.7766699689614593,0.5180440076344252,0.4686805335026993,0.579029964199892,3.26307640027028,0.24862074296777487,0.19999803602695465,0.6526088714599609,"{""bagging_fraction"": 0.7328740876480317, ""bagging_freq"": 1, ""bagging_seed"": 50, ""boosting_type"": ""gbdt"", ""data_random_seed"": 50, ""deterministic"": true, ""feature_fraction"": 0.8489410931473245, ""feature_fraction_seed"": 50, ""force_col_wise"": true, ""lambda_l1"": 0.2119256198100948, ""lambda_l2"": 3.182411089750532e-07, ""learning_rate"": 0.022145885604701734, ""max_bin"": 127, ""max_depth"": -1, ""metric"": ""None"", ""min_data_in_leaf"": 901, ""min_gain_to_split"": 0.022712073133860478, ""num_leaves"": 98, ""objective"": ""binary"", ""scale_pos_weight"": 1.0, ""seed"": 50, ""verbosity"": -1}",1,0.2,128
9,128,4.684,0.5416791786294756,0.7773865988279531,0.518439337252806,0.4748500795496267,0.5708400765043401,3.2684706735934896,0.2569461502840501,0.19999803602695465,0.6536877155303955,"{""bagging_fraction"": 0.6185404462209259, ""bagging_freq"": 1, ""bagging_seed"": 51, ""boosting_type"": ""gbdt"", ""data_random_seed"": 51, ""deterministic"": true, ""feature_fraction"": 0.7754701487965137, ""feature_fraction_seed"": 51, ""force_col_wise"": true, ""lambda_l1"": 0.018487720879080554, ""lambda_l2"": 0.00010361114668834579, ""learning_rate"": 0.07072297449733993, ""max_bin"": 63, ""max_depth"": -1, ""metric"": ""None"", ""min_data_in_leaf"": 91, ""min_gain_to_split"": 0.3810212260964825, ""num_leaves"": 56, ""objective"": ""binary"", ""scale_pos_weight"": 1.0, ""seed"": 51, ""verbosity"": -1}",1,0.2,128
10,128,66.621,0.5418104040681122,0.7774128423417691,0.5182682790377415,0.46171836061802707,0.590603697709774,3.2606245391304984,0.24349673725770826,0.19999803602695465,0.6521185040473938,"{""bagging_fraction"": 0.9588613108184232, ""bagging_freq"": 1, ""bagging_seed"": 52, ""boosting_type"": ""gbdt"", ""data_random_seed"": 52, ""deterministic"": true, ""feature_fraction"": 0.9828539490472815, ""feature_fraction_seed"": 52, ""force_col_wise"": true, ""lambda_l1"": 0.019831894538957492, ""lambda_l2"": 2.4707548306225857e-06, ""learning_rate"": 0.055115004664139884, ""max_bin"": 63, ""max_depth"": 16, ""metric"": ""None"", ""min_data_in_leaf"": 77, ""min_gain_to_split"": 0.9691763773477239, ""num_leaves"": 42, ""objective"": ""binary"", ""scale_pos_weight"": 1.0, ""seed"": 52, ""verbosity"": -1}",1,0.2,128
11,128,15.59,0.5418365329866329,0.7775202021710164,0.5195823035646695,0.47581763314574665,0.5722132313275464,3.2625858492266335,0.4097329133991313,0.19999803602695465,0.6525107622146606,"{""bagging_fraction"": 0.9561710784447288, ""bagging_freq"": 1, ""bagging_seed"": 53, ""boosting_type"": ""gbdt"", ""data_random_seed"": 53, ""deterministic"": true, ""feature_fraction"": 0.5933759329690748, ""feature_fraction_seed"": 53, ""force_col_wise"": true, ""lambda_l1"": 0.00012646973498480586, ""lambda_l2"": 6.626287623931756e-07, ""learning_rate"": 0.0696832319288129, ""max_bin"": 127, ""max_depth"": 12, ""metric"": ""None"", ""min_data_in_leaf"": 136, ""min_gain_to_split"": 0.3059566241506525, ""num_leaves"": 54, ""objective"": ""binary"", ""scale_pos_weight"": 2.0, ""seed"": 53, ""verbosity"": -1}",1,0.2,128
12,128,27.422,0.53850076688216,0.7760935463061098,0.5173790410067259,0.46394801354138293,0.5847187484674611,3.254739714763642,0.5210175909159783,0.19999803602695465,0.6509415507316589,"{""bagging_fraction"": 0.8322889783160994, ""bagging_freq"": 1, ""bagging_seed"": 54, ""boosting_type"": ""gbdt"", ""data_random_seed"": 54, ""deterministic"": true, ""feature_fraction"": 0.7444418678987967, ""feature_fraction_seed"": 54, ""force_col_wise"": true, ""lambda_l1"": 0.001806682010472525, ""lambda_l2"": 0.007056988569559169, ""learning_rate"": 0.016139903169009727, ""max_bin"": 127, ""max_depth"": -1, ""metric"": ""None"", ""min_data_in_leaf"": 711, ""min_gain_to_split"": 0.08444432113988909, ""num_leaves"": 170, ""objective"": ""binary"", ""scale_pos_weight"": 4.0, ""seed"": 54, ""verbosity"": -1}",1,0.2,128
13,128,57.368,0.5370020054325102,0.7752570505370692,0.5164125682441157,0.4798753789154597,0.5589720955323427,3.2532686576850027,0.362323784707329,0.19999803602695465,0.6506473422050476,"{""bagging_fraction"": 0.5965313354751482, ""bagging_freq"": 1, ""bagging_seed"": 55, ""boosting_type"": ""gbdt"", ""data_random_seed"": 55, ""deterministic"": true, ""feature_fraction"": 0.6150358849897212, ""feature_fraction_seed"": 55, ""force_col_wise"": true, ""lambda_l1"": 0.0019444695635503699, ""lambda_l2"": 3.4303364402694005e-07, ""learning_rate"": 0.011192885630312382, ""max_bin"": 127, ""max_depth"": 8, ""metric"": ""None"", ""min_data_in_leaf"": 169, ""min_gain_to_split"": 0.9251201183767972, ""num_leaves"": 61, ""objective"": ""binary"", ""scale_pos_weight"": 2.0, ""seed"": 55, ""verbosity"": -1}",1,0.2,128
14,128,122.724,0.5387324489136052,0.7762622781869404,0.5174969756955901,0.46917125309085106,0.5769211907213967,3.251307049562717,0.3949522987413912,0.19999803602695465,0.650255024433136,"{""bagging_fraction"": 0.9022308522626288, ""bagging_freq"": 1, ""bagging_seed"": 56, ""boosting_type"": ""gbdt"", ""data_random_seed"": 56, ""deterministic"": true, ""feature_fraction"": 0.7670365466243051, ""feature_fraction_seed"": 56, ""force_col_wise"": true, ""lambda_l1"": 5.5535412152211086e-08, ""lambda_l2"": 0.00023984185670010942, ""learning_rate"": 0.025582945470470315, ""max_bin"": 63, ""max_depth"": 6, ""metric"": ""None"", ""min_data_in_leaf"": 1716, ""min_gain_to_split"": 0.4907069943545209, ""num_leaves"": 80, ""objective"": ""binary"", ""scale_pos_weight"": 2.0, ""seed"": 56, ""verbosity"": -1}",1,0.2,128
15,128,202.577,0.5412390131107908,0.7774850952783763,0.5178973487111151,0.4871839204668252,0.5527438575842283,3.2694514776546324,0.5967844019884977,0.19999803602695465,0.6538838744163513,"{""bagging_fraction"": 0.784302581112192, ""bagging_freq"": 1, ""bagging_seed"": 57, ""boosting_type"": ""gbdt"", ""data_random_seed"": 57, ""deterministic"": true, ""feature_fraction"": 0.6992060488041485, ""feature_fraction_seed"": 57, ""force_col_wise"": true, ""lambda_l1"": 8.916679213564964e-05, ""lambda_l2"": 1.5649797375398334e-08, ""learning_rate"": 0.04703318235733728, ""max_bin"": 63, ""max_depth"": 16, ""metric"": ""None"", ""min_data_in_leaf"": 134, ""min_gain_to_split"": 0.8262919241943578, ""num_leaves"": 57, ""objective"": ""binary"", ""scale_pos_weight"": 4.0, ""seed"": 57, ""verbosity"": -1}",1,0.2,128
16,128,112.232,0.5371539958854701,0.7749943075571047,0.5163169899952573,0.4785247823174816,0.5605904565739788,3.251307049562717,0.38109626046096673,0.19999803602695465,0.650255024433136,"{""bagging_fraction"": 0.8467401856113559, ""bagging_freq"": 1, ""bagging_seed"": 58, ""boosting_type"": ""gbdt"", ""data_random_seed"": 58, ""deterministic"": true, ""feature_fraction"": 0.6765552027275538, ""feature_fraction_seed"": 58, ""force_col_wise"": true, ""lambda_l1"": 0.0349101350254459, ""lambda_l2"": 0.08276132351381225, ""learning_rate"": 0.014619944624508408, ""max_bin"": 63, ""max_depth"": 6, ""metric"": ""None"", ""min_data_in_leaf"": 597, ""min_gain_to_split"": 0.10774094595589656, ""num_leaves"": 72, ""objective"": ""binary"", ""scale_pos_weight"": 2.0, ""seed"": 58, ""verbosity"": -1}",1,0.2,128
17,128,167.328,0.5353715998756919,0.7737657644277329,0.5157727648729012,0.47395020133125154,0.5656907459173165,3.2253161889816604,0.2515289911304743,0.19999803602695465,0.6450569033622742,"{""bagging_fraction"": 0.923405384409586, ""bagging_freq"": 1, ""bagging_seed"": 59, ""boosting_type"": ""gbdt"", ""data_random_seed"": 59, ""deterministic"": true, ""feature_fraction"": 0.7169150277380975, ""feature_fraction_seed"": 59, ""force_col_wise"": true, ""lambda_l1"": 0.18804563142456526, ""lambda_l2"": 7.149077999069411e-06, ""learning_rate"": 0.018653170606174004, ""max_bin"": 127, ""max_depth"": 16, ""metric"": ""None"", ""min_data_in_leaf"": 387, ""min_gain_to_split"": 0.952899395069745, ""num_leaves"": 17, ""objective"": ""binary"", ""scale_pos_weight"": 1.0, ""seed"": 59, ""verbosity"": -1}",1,0.2,128
18,128,26.526,0.5396610658354075,0.7770739509036154,0.5178938072634949,0.47096851911339543,0.5752047471923888,3.254739714763642,0.57594981624276,0.19999803602695465,0.6509415507316589,"{""bagging_fraction"": 0.7457936770013671, ""bagging_freq"": 1, ""bagging_seed"": 60, ""boosting_type"": ""gbdt"", ""data_random_seed"": 60, ""deterministic"": true, ""feature_fraction"": 0.5702097787265481, ""feature_fraction_seed"": 60, ""force_col_wise"": true, ""lambda_l1"": 8.538470386153106, ""lambda_l2"": 1.0594864243782975, ""learning_rate"": 0.04034169927208434, ""max_bin"": 127, ""max_depth"": 16, ""metric"": ""None"", ""min_data_in_leaf"": 92, ""min_gain_to_split"": 0.7486080194569492, ""num_leaves"": 31, ""objective"": ""binary"", ""scale_pos_weight"": 4.0, ""seed"": 60, ""verbosity"": -1}",1,0.2,128
19,128,2.651,0.5405928507012177,0.7770660835012537,0.5180676547120715,0.48092757519744583,0.5614241577166397,3.2679804205759937,0.26340039885288974,0.19999803602695465,0.65358966588974,"{""bagging_fraction"": 0.8477475684254925, ""bagging_freq"": 1, ""bagging_seed"": 61, ""boosting_type"": ""gbdt"", ""data_random_seed"": 61, ""deterministic"": true, ""feature_fraction"": 0.8974055944499446, ""feature_fraction_seed"": 61, ""force_col_wise"": true, ""lambda_l1"": 2.306319971973142e-05, ""lambda_l2"": 7.082719010199231e-08, ""learning_rate"": 0.11240219270286719, ""max_bin"": 63, ""max_depth"": 16, ""metric"": ""None"", ""min_data_in_leaf"": 160, ""min_gain_to_split"": 0.746789611349026, ""num_leaves"": 65, ""objective"": ""binary"", ""scale_pos_weight"": 1.0, ""seed"": 61, ""verbosity"": -1}",1,0.2,128
20,128,15.983,0.5414438811679378,0.7769203709122168,0.5185893495435193,0.48397926228114907,0.5585307243391693,3.2562107718422806,0.26648188373249704,0.19999803602695465,0.6512357592582703,"{""bagging_fraction"": 0.6306707386709827, ""bagging_freq"": 1, ""bagging_seed"": 62, ""boosting_type"": ""gbdt"", ""data_random_seed"": 62, ""deterministic"": true, ""feature_fraction"": 0.6189779424810223, ""feature_fraction_seed"": 62, ""force_col_wise"": true, ""lambda_l1"": 0.0024799625563259368, ""lambda_l2"": 0.7431190035716198, ""learning_rate"": 0.12640893072568987, ""max_bin"": 63, ""max_depth"": -1, ""metric"": ""None"", ""min_data_in_leaf"": 1073, ""min_gain_to_split"": 0.19643466571457324, ""num_leaves"": 30, ""objective"": ""binary"", ""scale_pos_weight"": 1.0, ""seed"": 62, ""verbosity"": -1}",1,0.2,128
21,128,55.905,0.5418038587000957,0.7773506931700063,0.519023308461734,0.490610533671063,0.5509293315678485,3.2738649469167,0.2739207854647783,0.19999803602695465,0.6547665596008301,"{""bagging_fraction"": 0.5562713294686907, ""bagging_freq"": 1, ""bagging_seed"": 63, ""boosting_type"": ""gbdt"", ""data_random_seed"": 63, ""deterministic"": true, ""feature_fraction"": 0.6147538761480629, ""feature_fraction_seed"": 63, ""force_col_wise"": true, ""lambda_l1"": 1.1665524496514149e-06, ""lambda_l2"": 1.5360309271896555e-07, ""learning_rate"": 0.08209165948013791, ""max_bin"": 127, ""max_depth"": 6, ""metric"": ""None"", ""min_data_in_leaf"": 317, ""min_gain_to_split"": 0.6776586736128575, ""num_leaves"": 235, ""objective"": ""binary"", ""scale_pos_weight"": 1.0, ""seed"": 63, ""verbosity"": -1}",1,0.2,128
22,128,192.257,0.541877525530675,0.7772975865506175,0.5184608059559365,0.46399380205306995,0.5874160168701879,3.266018812453708,0.3919717304785928,0.19999803602695465,0.6531973481178284,"{""bagging_fraction"": 0.8719332083271107, ""bagging_freq"": 1, ""bagging_seed"": 64, ""boosting_type"": ""gbdt"", ""data_random_seed"": 64, ""deterministic"": true, ""feature_fraction"": 0.9118560367820182, ""feature_fraction_seed"": 64, ""force_col_wise"": true, ""lambda_l1"": 0.04475649157920147, ""lambda_l2"": 1.511888501313396e-07, ""learning_rate"": 0.039399454307454534, ""max_bin"": 127, ""max_depth"": 12, ""metric"": ""None"", ""min_data_in_leaf"": 104, ""min_gain_to_split"": 0.12375380365034461, ""num_leaves"": 107, ""objective"": ""binary"", ""scale_pos_weight"": 2.0, ""seed"": 64, ""verbosity"": -1}",1,0.2,128
23,128,11.287,0.5392473215196149,0.7766258453703462,0.5178047029649127,0.46528537920250196,0.5836888823500564,3.255229967781138,0.39272775769230434,0.19999803602695465,0.6510396003723145,"{""bagging_fraction"": 0.9800304656711365, ""bagging_freq"": 1, ""bagging_seed"": 65, ""boosting_type"": ""gbdt"", ""data_random_seed"": 65, ""deterministic"": true, ""feature_fraction"": 0.8482888957436121, ""feature_fraction_seed"": 65, ""force_col_wise"": true, ""lambda_l1"": 3.7845656386038534e-06, ""lambda_l2"": 2.1051151841103697, ""learning_rate"": 0.02934865739915204, ""max_bin"": 127, ""max_depth"": 16, ""metric"": ""None"", ""min_data_in_leaf"": 303, ""min_gain_to_split"": 0.024859491386256316, ""num_leaves"": 35, ""objective"": ""binary"", ""scale_pos_weight"": 2.0, ""seed"": 65, ""verbosity"": -1}",1,0.2,128
24,128,2.217,0.5403945000519642,0.7770188270786538,0.5177422564170591,0.4713768115942029,0.57422392231867,3.2645474573489186,0.40697505958336916,0.19999803602695465,0.6529030799865723,"{""bagging_fraction"": 0.8182191489554678, ""bagging_freq"": 1, ""bagging_seed"": 66, ""boosting_type"": ""gbdt"", ""data_random_seed"": 66, ""deterministic"": true, ""feature_fraction"": 0.9848043604644318, ""feature_fraction_seed"": 66, ""force_col_wise"": true, ""lambda_l1"": 2.4957954831585463, ""lambda_l2"": 0.1734795314588783, ""learning_rate"": 0.0556688932624745, ""max_bin"": 63, ""max_depth"": 12, ""metric"": ""None"", ""min_data_in_leaf"": 235, ""min_gain_to_split"": 0.4673816015552915, ""num_leaves"": 20, ""objective"": ""binary"", ""scale_pos_weight"": 2.0, ""seed"": 66, ""verbosity"": -1}",1,0.2,128
25,128,2.011,0.5316597488863514,0.7725466327197723,0.5134384499311129,0.46333280707293967,0.5756951596292482,3.207662013907241,0.3461038138435425,0.19999803602695465,0.6415261030197144,"{""bagging_fraction"": 0.6546883338848952, ""bagging_freq"": 1, ""bagging_seed"": 67, ""boosting_type"": ""gbdt"", ""data_random_seed"": 67, ""deterministic"": true, ""feature_fraction"": 0.9085676897463228, ""feature_fraction_seed"": 67, ""force_col_wise"": true, ""lambda_l1"": 0.0005983100741210009, ""lambda_l2"": 0.0028453938356081164, ""learning_rate"": 0.010494885040050998, ""max_bin"": 127, ""max_depth"": 12, ""metric"": ""None"", ""min_data_in_leaf"": 1066, ""min_gain_to_split"": 0.8677389537760112, ""num_leaves"": 20, ""objective"": ""binary"", ""scale_pos_weight"": 2.0, ""seed"": 67, ""verbosity"": -1}",1,0.2,128
26,128,2.807,0.5390148450657317,0.776806799232186,0.517361672634862,0.4890801083253254,0.5491148055514687,3.2562107718422806,0.5934347000614728,0.19999803602695465,0.6512357592582703,"{""bagging_fraction"": 0.7542535969343349, ""bagging_freq"": 1, ""bagging_seed"": 68, ""boosting_type"": ""gbdt"", ""data_random_seed"": 68, ""deterministic"": true, ""feature_fraction"": 0.9403707842885463, ""feature_fraction_seed"": 68, ""force_col_wise"": true, ""lambda_l1"": 1.7004194602762726e-06, ""lambda_l2"": 1.348842579246839e-06, ""learning_rate"": 0.030564818158780472, ""max_bin"": 63, ""max_depth"": 16, ""metric"": ""None"", ""min_data_in_leaf"": 554, ""min_gain_to_split"": 0.7460142802434464, ""num_leaves"": 43, ""objective"": ""binary"", ""scale_pos_weight"": 4.0, ""seed"": 68, ""verbosity"": -1}",1,0.2,128
27,128,2.88,0.5333517781317911,0.7723818192081578,0.5137259267505287,0.47043712281846356,0.5657888284046884,3.210113875047023,0.2418299321113615,0.19999803602695465,0.6420164704322815,"{""bagging_fraction"": 0.9210988857053536, ""bagging_freq"": 1, ""bagging_seed"": 69, ""boosting_type"": ""gbdt"", ""data_random_seed"": 69, ""deterministic"": true, ""feature_fraction"": 0.6157779598867142, ""feature_fraction_seed"": 69, ""force_col_wise"": true, ""lambda_l1"": 6.208862830920144e-06, ""lambda_l2"": 1.971729784039379e-07, ""learning_rate"": 0.01329892783827427, ""max_bin"": 127, ""max_depth"": 12, ""metric"": ""None"", ""min_data_in_leaf"": 448, ""min_gain_to_split"": 0.9209704724874502, ""num_leaves"": 18, ""objective"": ""binary"", ""scale_pos_weight"": 1.0, ""seed"": 69, ""verbosity"": -1}",1,0.2,128
28,128,2.167,0.5352149622764208,0.7752390853823986,0.5163841019558595,0.49106510969568296,0.5444558874013045,3.217960307536165,0.5771339100326147,0.19999803602695465,0.643585741519928,"{""bagging_fraction"": 0.6285886619211337, ""bagging_freq"": 1, ""bagging_seed"": 70, ""boosting_type"": ""gbdt"", ""data_random_seed"": 70, ""deterministic"": true, ""feature_fraction"": 0.5749279341239171, ""feature_fraction_seed"": 70, ""force_col_wise"": true, ""lambda_l1"": 3.022994754874629e-08, ""lambda_l2"": 0.0020907126404813843, ""learning_rate"": 0.02162005528275807, ""max_bin"": 63, ""max_depth"": 8, ""metric"": ""None"", ""min_data_in_leaf"": 54, ""min_gain_to_split"": 0.6807145267995064, ""num_leaves"": 23, ""objective"": ""binary"", ""scale_pos_weight"": 4.0, ""seed"": 70, ""verbosity"": -1}",1,0.2,128
29,128,10.894,0.5391252547547852,0.77644645837519,0.5175015020360934,0.47368421052631576,0.5702515815801089,3.249835694457928,0.4002977261508648,0.19999803602695465,0.6499607563018799,"{""bagging_fraction"": 0.5695637779057564, ""bagging_freq"": 1, ""bagging_seed"": 71, ""boosting_type"": ""gbdt"", ""data_random_seed"": 71, ""deterministic"": true, ""feature_fraction"": 0.9330092320699928, ""feature_fraction_seed"": 71, ""force_col_wise"": true, ""lambda_l1"": 4.300170607424648e-07, ""lambda_l2"": 1.351150853602253e-06, ""learning_rate"": 0.023658464243601237, ""max_bin"": 127, ""max_depth"": 8, ""metric"": ""None"", ""min_data_in_leaf"": 1261, ""min_gain_to_split"": 0.24938757583221183, ""num_leaves"": 63, ""objective"": ""binary"", ""scale_pos_weight"": 2.0, ""seed"": 71, ""verbosity"": -1}",1,0.2,128
30,128,2.302,0.5365034778391425,0.7756011064423675,0.5169626262400072,0.4756861452237699,0.566083075866804,3.222864029815728,0.5778262253458037,0.19999803602695465,0.6445664763450623,"{""bagging_fraction"": 0.9250563492048518, ""bagging_freq"": 1, ""bagging_seed"": 72, ""boosting_type"": ""gbdt"", ""data_random_seed"": 72, ""deterministic"": true, ""feature_fraction"": 0.5957523563066722, ""feature_fraction_seed"": 72, ""force_col_wise"": true, ""lambda_l1"": 2.935329087302803e-08, ""lambda_l2"": 2.1065744922345595, ""learning_rate"": 0.030871846084803155, ""max_bin"": 63, ""max_depth"": -1, ""metric"": ""None"", ""min_data_in_leaf"": 345, ""min_gain_to_split"": 0.0991131415798755, ""num_leaves"": 17, ""objective"": ""binary"", ""scale_pos_weight"": 4.0, ""seed"": 72, ""verbosity"": -1}",1,0.2,128
31,128,4.282,0.5399751352820568,0.7744182381382007,0.5169343653527806,0.4752581136111225,0.5666225295473494,3.2567013228859274,0.4122325262192489,0.19999803602695465,0.6513338685035706,"{""bagging_fraction"": 0.8391174741979965, ""bagging_freq"": 1, ""bagging_seed"": 73, ""boosting_type"": ""gbdt"", ""data_random_seed"": 73, ""deterministic"": true, ""feature_fraction"": 0.900764893347098, ""feature_fraction_seed"": 73, ""force_col_wise"": true, ""lambda_l1"": 0.10255744462555763, ""lambda_l2"": 1.6254360055490458e-07, ""learning_rate"": 0.11523979380314743, ""max_bin"": 63, ""max_depth"": 16, ""metric"": ""None"", ""min_data_in_leaf"": 964, ""min_gain_to_split"": 0.5360680359476373, ""num_leaves"": 241, ""objective"": ""binary"", ""scale_pos_weight"": 2.0, ""seed"": 73, ""verbosity"": -1}",1,0.2,128
32,128,57.921,0.541214071606841,0.7771634901796645,0.5179473544270141,0.47241421122832544,0.5731940562012653,3.2650380083925654,0.40752917728083626,0.19999803602695465,0.6530011892318726,"{""bagging_fraction"": 0.6128957849292807, ""bagging_freq"": 1, ""bagging_seed"": 74, ""boosting_type"": ""gbdt"", ""data_random_seed"": 74, ""deterministic"": true, ""feature_fraction"": 0.6699084928753808, ""feature_fraction_seed"": 74, ""force_col_wise"": true, ""lambda_l1"": 0.00019993805649312445, ""lambda_l2"": 5.6494259092098665e-05, ""learning_rate"": 0.10199599117895278, ""max_bin"": 63, ""max_depth"": 12, ""metric"": ""None"", ""min_data_in_leaf"": 529, ""min_gain_to_split"": 0.2325699405288737, ""num_leaves"": 56, ""objective"": ""binary"", ""scale_pos_weight"": 2.0, ""seed"": 74, ""verbosity"": -1}",1,0.2,128
33,128,2.682,0.5399840194959722,0.7764725663063363,0.5179481320690049,0.4848977496363481,0.5558334559364425,3.2611147921479944,0.2651728334253976,0.19999803602695465,0.6522165536880493,"{""bagging_fraction"": 0.6835944135570784, ""bagging_freq"": 1, ""bagging_seed"": 75, ""boosting_type"": ""gbdt"", ""data_random_seed"": 75, ""deterministic"": true, ""feature_fraction"": 0.8585845054551755, ""feature_fraction_seed"": 75, ""force_col_wise"": true, ""lambda_l1"": 3.4651444249776, ""lambda_l2"": 1.7665753892565612, ""learning_rate"": 0.026971863779768724, ""max_bin"": 127, ""max_depth"": 8, ""metric"": ""None"", ""min_data_in_leaf"": 203, ""min_gain_to_split"": 0.4809104283000786, ""num_leaves"": 38, ""objective"": ""binary"", ""scale_pos_weight"": 1.0, ""seed"": 75, ""verbosity"": -1}",1,0.2,128
34,128,104.55,0.5417597412556814,0.7771809737302625,0.518670641492768,0.4717602635173134,0.5759403658476779,3.266509065471204,0.4048554671096147,0.19999803602695465,0.6532953977584839,"{""bagging_fraction"": 0.8348129331704294, ""bagging_freq"": 1, ""bagging_seed"": 76, ""boosting_type"": ""gbdt"", ""data_random_seed"": 76, ""deterministic"": true, ""feature_fraction"": 0.7897250242295831, ""feature_fraction_seed"": 76, ""force_col_wise"": true, ""lambda_l1"": 3.921033273015646e-06, ""lambda_l2"": 0.04111861338268517, ""learning_rate"": 0.042630475433435684, ""max_bin"": 127, ""max_depth"": 8, ""metric"": ""None"", ""min_data_in_leaf"": 972, ""min_gain_to_split"": 0.20240459312571835, ""num_leaves"": 166, ""objective"": ""binary"", ""scale_pos_weight"": 2.0, ""seed"": 76, ""verbosity"": -1}",1,0.2,128
35,128,2.116,0.5410910721001974,0.7771022882828288,0.5182848516256957,0.47940808670279283,0.5640233436319945,3.266018812453708,0.5899675882322348,0.19999803602695465,0.6531973481178284,"{""bagging_fraction"": 0.8765720327221421, ""bagging_freq"": 1, ""bagging_seed"": 77, ""boosting_type"": ""gbdt"", ""data_random_seed"": 77, ""deterministic"": true, ""feature_fraction"": 0.5927930867034706, ""feature_fraction_seed"": 77, ""force_col_wise"": true, ""lambda_l1"": 5.7602186560039466e-08, ""lambda_l2"": 2.6512971459023147, ""learning_rate"": 0.10286891821690379, ""max_bin"": 127, ""max_depth"": 12, ""metric"": ""None"", ""min_data_in_leaf"": 482, ""min_gain_to_split"": 0.13740793003780216, ""num_leaves"": 22, ""objective"": ""binary"", ""scale_pos_weight"": 4.0, ""seed"": 77, ""verbosity"": -1}",1,0.2,128
36,128,2.857,0.541887920627858,0.7773081367462036,0.5190510104157393,0.4751640112464855,0.5718699426217448,3.2709225347332715,0.25843271405470514,0.19999803602695465,0.6541780829429626,"{""bagging_fraction"": 0.6640225092276343, ""bagging_freq"": 1, ""bagging_seed"": 78, ""boosting_type"": ""gbdt"", ""data_random_seed"": 78, ""deterministic"": true, ""feature_fraction"": 0.9757121782677987, ""feature_fraction_seed"": 78, ""force_col_wise"": true, ""lambda_l1"": 0.0020449517161147323, ""lambda_l2"": 7.168739152398942e-08, ""learning_rate"": 0.0874808268029578, ""max_bin"": 127, ""max_depth"": 8, ""metric"": ""None"", ""min_data_in_leaf"": 939, ""min_gain_to_split"": 0.6161657000241213, ""num_leaves"": 81, ""objective"": ""binary"", ""scale_pos_weight"": 1.0, ""seed"": 78, ""verbosity"": -1}",1,0.2,128
37,128,2.598,0.5412761847366588,0.7774233423326855,0.5185300529430084,0.4744941578797378,0.5715756951596292,3.2601339880868516,0.579242449238405,0.19999803602695465,0.6520203948020935,"{""bagging_fraction"": 0.8937655255029646, ""bagging_freq"": 1, ""bagging_seed"": 79, ""boosting_type"": ""gbdt"", ""data_random_seed"": 79, ""deterministic"": true, ""feature_fraction"": 0.7851842989809052, ""feature_fraction_seed"": 79, ""force_col_wise"": true, ""lambda_l1"": 0.15602796657273238, ""lambda_l2"": 0.00026876885440039837, ""learning_rate"": 0.04617782525391231, ""max_bin"": 63, ""max_depth"": 6, ""metric"": ""None"", ""min_data_in_leaf"": 279, ""min_gain_to_split"": 0.5995934415226123, ""num_leaves"": 76, ""objective"": ""binary"", ""scale_pos_weight"": 4.0, ""seed"": 79, ""verbosity"": -1}",1,0.2,128
38,128,59.898,0.5317595576683393,0.7736807111042263,0.5143609542725792,0.4719469244000328,0.5651512922367711,3.2027579936015274,0.5148370658627759,0.19999803602695465,0.6405453085899353,"{""bagging_fraction"": 0.8984446372638295, ""bagging_freq"": 1, ""bagging_seed"": 80, ""boosting_type"": ""gbdt"", ""data_random_seed"": 80, ""deterministic"": true, ""feature_fraction"": 0.7383737353556707, ""feature_fraction_seed"": 80, ""force_col_wise"": true, ""lambda_l1"": 0.010992151862706717, ""lambda_l2"": 1.006328621732183e-05, ""learning_rate"": 0.013829855003396356, ""max_bin"": 63, ""max_depth"": 12, ""metric"": ""None"", ""min_data_in_leaf"": 566, ""min_gain_to_split"": 0.8983665473615358, ""num_leaves"": 21, ""objective"": ""binary"", ""scale_pos_weight"": 4.0, ""seed"": 80, ""verbosity"": -1}",1,0.2,128
39,128,4.831,0.5367490768240067,0.7760929092780012,0.5167889704247276,0.47276130029700153,0.5698592516306213,3.238556596767862,0.5540194921930787,0.19999803602695465,0.6477049589157104,"{""bagging_fraction"": 0.6165025176439862, ""bagging_freq"": 1, ""bagging_seed"": 81, ""boosting_type"": ""gbdt"", ""data_random_seed"": 81, ""deterministic"": true, ""feature_fraction"": 0.6209252418812499, ""feature_fraction_seed"": 81, ""force_col_wise"": true, ""lambda_l1"": 2.6616268586801066, ""lambda_l2"": 8.732454567198535e-05, ""learning_rate"": 0.02080529026706257, ""max_bin"": 63, ""max_depth"": 12, ""metric"": ""None"", ""min_data_in_leaf"": 159, ""min_gain_to_split"": 0.38331982277740984, ""num_leaves"": 42, ""objective"": ""binary"", ""scale_pos_weight"": 4.0, ""seed"": 81, ""verbosity"": -1}",1,0.2,128
40,128,348.973,0.5416303187298234,0.7771661603465647,0.5183993380375572,0.48784391763280843,0.553038105046344,3.2640572043314227,0.2697925042637273,0.19999803602695465,0.6528050303459167,"{""bagging_fraction"": 0.9939841952159449, ""bagging_freq"": 1, ""bagging_seed"": 82, ""boosting_type"": ""gbdt"", ""data_random_seed"": 82, ""deterministic"": true, ""feature_fraction"": 0.7193617630663718, ""feature_fraction_seed"": 82, ""force_col_wise"": true, ""lambda_l1"": 0.028829832823166816, ""lambda_l2"": 3.637072347873532, ""learning_rate"": 0.0447064628776196, ""max_bin"": 127, ""max_depth"": 8, ""metric"": ""None"", ""min_data_in_leaf"": 293, ""min_gain_to_split"": 0.11847857721704136, ""num_leaves"": 213, ""objective"": ""binary"", ""scale_pos_weight"": 1.0, ""seed"": 82, ""verbosity"": -1}",1,0.2,128
41,128,2.315,0.5405527922713276,0.7771291546952956,0.5184962822703552,0.48994108662448177,0.5505860428620469,3.2601339880868516,0.43057137778437243,0.19999803602695465,0.6520203948020935,"{""bagging_fraction"": 0.5555362086498713, ""bagging_freq"": 1, ""bagging_seed"": 83, ""boosting_type"": ""gbdt"", ""data_random_seed"": 83, ""deterministic"": true, ""feature_fraction"": 0.858743364297452, ""feature_fraction_seed"": 83, ""force_col_wise"": true, ""lambda_l1"": 0.0001227048295721046, ""lambda_l2"": 0.2682845114358136, ""learning_rate"": 0.056138011652954116, ""max_bin"": 127, ""max_depth"": 16, ""metric"": ""None"", ""min_data_in_leaf"": 438, ""min_gain_to_split"": 0.29535902534408986, ""num_leaves"": 21, ""objective"": ""binary"", ""scale_pos_weight"": 2.0, ""seed"": 83, ""verbosity"": -1}",1,0.2,128
42,128,5.269,0.5404163829073235,0.7767683042759379,0.5185636581127135,0.4803478842615822,0.5633858074640773,3.2694514776546324,0.2611542638917965,0.19999803602695465,0.6538838744163513,"{""bagging_fraction"": 0.9986655960269079, ""bagging_freq"": 1, ""bagging_seed"": 84, ""boosting_type"": ""gbdt"", ""data_random_seed"": 84, ""deterministic"": true, ""feature_fraction"": 0.5997647849482498, ""feature_fraction_seed"": 84, ""force_col_wise"": true, ""lambda_l1"": 0.8180883700460988, ""lambda_l2"": 3.5906737005716952e-06, ""learning_rate"": 0.033128500485283575, ""max_bin"": 127, ""max_depth"": 10, ""metric"": ""None"", ""min_data_in_leaf"": 893, ""min_gain_to_split"": 0.8368965796609382, ""num_leaves"": 35, ""objective"": ""binary"", ""scale_pos_weight"": 1.0, ""seed"": 84, ""verbosity"": -1}",1,0.2,128
43,128,4.449,0.5395073761941839,0.7746044758160096,0.5155005195704884,0.46145498236502464,0.5838850473248002,3.250816498519071,0.5600853910039999,0.19999803602695465,0.6501569151878357,"{""bagging_fraction"": 0.9536650295034814, ""bagging_freq"": 1, ""bagging_seed"": 85, ""boosting_type"": ""gbdt"", ""data_random_seed"": 85, ""deterministic"": true, ""feature_fraction"": 0.5906983271428597, ""feature_fraction_seed"": 85, ""force_col_wise"": true, ""lambda_l1"": 1.8238769249981166e-08, ""lambda_l2"": 1.4704576543010119e-06, ""learning_rate"": 0.14963677526237482, ""max_bin"": 127, ""max_depth"": -1, ""metric"": ""None"", ""min_data_in_leaf"": 550, ""min_gain_to_split"": 0.143021875166635, ""num_leaves"": 99, ""objective"": ""binary"", ""scale_pos_weight"": 4.0, ""seed"": 85, ""verbosity"": -1}",1,0.2,128
44,128,2.907,0.5381808480537048,0.7752727149951302,0.5163747830594811,0.47776943610276945,0.5617674464224413,3.2562107718422806,0.25236354655255094,0.19999803602695465,0.6512357592582703,"{""bagging_fraction"": 0.5732460626564796, ""bagging_freq"": 1, ""bagging_seed"": 86, ""boosting_type"": ""gbdt"", ""data_random_seed"": 86, ""deterministic"": true, ""feature_fraction"": 0.5524434253579152, ""feature_fraction_seed"": 86, ""force_col_wise"": true, ""lambda_l1"": 0.0028400540075140877, ""lambda_l2"": 0.16343169981839428, ""learning_rate"": 0.01710433756915029, ""max_bin"": 127, ""max_depth"": 6, ""metric"": ""None"", ""min_data_in_leaf"": 57, ""min_gain_to_split"": 0.23855282062738847, ""num_leaves"": 198, ""objective"": ""binary"", ""scale_pos_weight"": 1.0, ""seed"": 86, ""verbosity"": -1}",1,0.2,128
45,128,4.728,0.5372398226243429,0.7752660101164573,0.5171156438531745,0.47063555913113436,0.5737825511254966,3.2449319721783647,0.2432964489841625,0.19999803602695465,0.6489800214767456,"{""bagging_fraction"": 0.8641543527903868, ""bagging_freq"": 1, ""bagging_seed"": 87, ""boosting_type"": ""gbdt"", ""data_random_seed"": 87, ""deterministic"": true, ""feature_fraction"": 0.8974487795969712, ""feature_fraction_seed"": 87, ""force_col_wise"": true, ""lambda_l1"": 0.3481945489694629, ""lambda_l2"": 2.2980617590884698e-08, ""learning_rate"": 0.011676427431665515, ""max_bin"": 63, ""max_depth"": 16, ""metric"": ""None"", ""min_data_in_leaf"": 1532, ""min_gain_to_split"": 0.20178211071905539, ""num_leaves"": 145, ""objective"": ""binary"", ""scale_pos_weight"": 1.0, ""seed"": 87, ""verbosity"": -1}",1,0.2,128
46,128,4.134,0.5415015136360453,0.7772143108331547,0.5188614464503267,0.47313565484366166,0.5743710460497278,3.2625858492266335,0.4069471679971988,0.19999803602695465,0.6525107622146606,"{""bagging_fraction"": 0.8805794913708227, ""bagging_freq"": 1, ""bagging_seed"": 88, ""boosting_type"": ""gbdt"", ""data_random_seed"": 88, ""deterministic"": true, ""feature_fraction"": 0.619845846598491, ""feature_fraction_seed"": 88, ""force_col_wise"": true, ""lambda_l1"": 5.462273198545756e-07, ""lambda_l2"": 2.7341904487304068e-06, ""learning_rate"": 0.03920798176205855, ""max_bin"": 127, ""max_depth"": 10, ""metric"": ""None"", ""min_data_in_leaf"": 1155, ""min_gain_to_split"": 0.7099046972813039, ""num_leaves"": 124, ""objective"": ""binary"", ""scale_pos_weight"": 2.0, ""seed"": 88, ""verbosity"": -1}",1,0.2,128
47,128,2.665,0.5405644580672685,0.7769248340171255,0.5177637990608664,0.4721088984933554,0.5731940562012653,3.255229967781138,0.2565782050112845,0.19999803602695465,0.6510396003723145,"{""bagging_fraction"": 0.9478655701150678, ""bagging_freq"": 1, ""bagging_seed"": 89, ""boosting_type"": ""gbdt"", ""data_random_seed"": 89, ""deterministic"": true, ""feature_fraction"": 0.5690577482110752, ""feature_fraction_seed"": 89, ""force_col_wise"": true, ""lambda_l1"": 0.024333499209710993, ""lambda_l2"": 3.615352250422013e-07, ""learning_rate"": 0.052387912023641, ""max_bin"": 127, ""max_depth"": 16, ""metric"": ""None"", ""min_data_in_leaf"": 486, ""min_gain_to_split"": 0.09172100582419807, ""num_leaves"": 18, ""objective"": ""binary"", ""scale_pos_weight"": 1.0, ""seed"": 89, ""verbosity"": -1}",1,0.2,128
48,128,2.732,0.5410295997364053,0.7761143424629984,0.518064575139486,0.4853262499464462,0.5555392084743269,3.275336302021489,0.42305465085964467,0.19999803602695465,0.6550608277320862,"{""bagging_fraction"": 0.6153086145992724, ""bagging_freq"": 1, ""bagging_seed"": 90, ""boosting_type"": ""gbdt"", ""data_random_seed"": 90, ""deterministic"": true, ""feature_fraction"": 0.8075859174813869, ""feature_fraction_seed"": 90, ""force_col_wise"": true, ""lambda_l1"": 3.2675337497497106, ""lambda_l2"": 5.153279435564021e-06, ""learning_rate"": 0.14210239562275634, ""max_bin"": 127, ""max_depth"": 10, ""metric"": ""None"", ""min_data_in_leaf"": 523, ""min_gain_to_split"": 0.5780172158075422, ""num_leaves"": 55, ""objective"": ""binary"", ""scale_pos_weight"": 2.0, ""seed"": 90, ""verbosity"": -1}",1,0.2,128
49,128,5.266,0.5412302972908096,0.7767378592024962,0.5181682210100299,0.46978821840226537,0.5776568093766858,3.2601339880868516,0.25047781379688244,0.19999803602695465,0.6520203948020935,"{""bagging_fraction"": 0.7318154758333447, ""bagging_freq"": 1, ""bagging_seed"": 91, ""boosting_type"": ""gbdt"", ""data_random_seed"": 91, ""deterministic"": true, ""feature_fraction"": 0.7787587323011239, ""feature_fraction_seed"": 91, ""force_col_wise"": true, ""lambda_l1"": 0.00018514780400214287, ""lambda_l2"": 1.1829264313149856e-07, ""learning_rate"": 0.05801729000276373, ""max_bin"": 127, ""max_depth"": 12, ""metric"": ""None"", ""min_data_in_leaf"": 86, ""min_gain_to_split"": 0.13409460987276534, ""num_leaves"": 215, ""objective"": ""binary"", ""scale_pos_weight"": 1.0, ""seed"": 91, ""verbosity"": -1}",1,0.2,128
50,128,3.453,0.5379207014977333,0.7764721048442565,0.5167240192704748,0.4854519591361697,0.5523024863910548,3.2493454414404317,0.5757571616434308,0.19999803602695465,0.6498627066612244,"{""bagging_fraction"": 0.7339523992429138, ""bagging_freq"": 1, ""bagging_seed"": 92, ""boosting_type"": ""gbdt"", ""data_random_seed"": 92, ""deterministic"": true, ""feature_fraction"": 0.7353149034635067, ""feature_fraction_seed"": 92, ""force_col_wise"": true, ""lambda_l1"": 9.091943752150397e-07, ""lambda_l2"": 0.0019713159493727826, ""learning_rate"": 0.022822353138329435, ""max_bin"": 127, ""max_depth"": 12, ""metric"": ""None"", ""min_data_in_leaf"": 520, ""min_gain_to_split"": 0.3170409113172379, ""num_leaves"": 50, ""objective"": ""binary"", ""scale_pos_weight"": 4.0, ""seed"": 92, ""verbosity"": -1}",1,0.2,128
51,128,2.888,0.5416709046645417,0.7771552611233082,0.5179668104011499,0.4658596779880127,0.583198469913197,3.271413085776918,0.2468600215045613,0.19999803602695465,0.6542761921882629,"{""bagging_fraction"": 0.8045973551943644, ""bagging_freq"": 1, ""bagging_seed"": 93, ""boosting_type"": ""gbdt"", ""data_random_seed"": 93, ""deterministic"": true, ""feature_fraction"": 0.8076060699049521, ""feature_fraction_seed"": 93, ""force_col_wise"": true, ""lambda_l1"": 0.020797906909569893, ""lambda_l2"": 0.006784788901881267, ""learning_rate"": 0.031051074607388058, ""max_bin"": 127, ""max_depth"": -1, ""metric"": ""None"", ""min_data_in_leaf"": 115, ""min_gain_to_split"": 0.6524330565210316, ""num_leaves"": 57, ""objective"": ""binary"", ""scale_pos_weight"": 1.0, ""seed"": 93, ""verbosity"": -1}",1,0.2,128
52,128,2.214,0.541387332853177,0.7772458952820247,0.5187403616208122,0.4765522339027595,0.5691236329753323,3.2645474573489186,0.584690434066234,0.19999803602695465,0.6529030799865723,"{""bagging_fraction"": 0.7807326600730412, ""bagging_freq"": 1, ""bagging_seed"": 94, ""boosting_type"": ""gbdt"", ""data_random_seed"": 94, ""deterministic"": true, ""feature_fraction"": 0.7122958005026144, ""feature_fraction_seed"": 94, ""force_col_wise"": true, ""lambda_l1"": 0.04269246158779033, ""lambda_l2"": 0.9497864741149854, ""learning_rate"": 0.084351372478914, ""max_bin"": 63, ""max_depth"": 6, ""metric"": ""None"", ""min_data_in_leaf"": 503, ""min_gain_to_split"": 0.9210571972951916, ""num_leaves"": 71, ""objective"": ""binary"", ""scale_pos_weight"": 4.0, ""seed"": 94, ""verbosity"": -1}",1,0.2,128
53,128,86.414,0.5423290228894214,0.777347505023195,0.5191058855697587,0.484805924412666,0.5586288068265411,3.2748457509778426,0.2648298715276452,0.19999803602695465,0.6549627184867859,"{""bagging_fraction"": 0.7723637409328405, ""bagging_freq"": 1, ""bagging_seed"": 95, ""boosting_type"": ""gbdt"", ""data_random_seed"": 95, ""deterministic"": true, ""feature_fraction"": 0.9268220630552808, ""feature_fraction_seed"": 95, ""force_col_wise"": true, ""lambda_l1"": 1.103342936438345e-07, ""lambda_l2"": 4.4517659527720593e-08, ""learning_rate"": 0.04091579695489302, ""max_bin"": 127, ""max_depth"": 10, ""metric"": ""None"", ""min_data_in_leaf"": 159, ""min_gain_to_split"": 0.8419932110394631, ""num_leaves"": 145, ""objective"": ""binary"", ""scale_pos_weight"": 1.0, ""seed"": 95, ""verbosity"": -1}",1,0.2,128
54,128,2.271,0.5371814531894116,0.7763681048197015,0.5175691112634224,0.4844946319346422,0.5554901672306409,3.242479813012433,0.5689800566656394,0.19999803602695465,0.6484895944595337,"{""bagging_fraction"": 0.5566072796020319, ""bagging_freq"": 1, ""bagging_seed"": 96, ""boosting_type"": ""gbdt"", ""data_random_seed"": 96, ""deterministic"": true, ""feature_fraction"": 0.8842116550262886, ""feature_fraction_seed"": 96, ""force_col_wise"": true, ""lambda_l1"": 0.27833051339857123, ""lambda_l2"": 0.5116019747653312, ""learning_rate"": 0.021380834765267084, ""max_bin"": 63, ""max_depth"": 8, ""metric"": ""None"", ""min_data_in_leaf"": 159, ""min_gain_to_split"": 0.3722615731915482, ""num_leaves"": 39, ""objective"": ""binary"", ""scale_pos_weight"": 4.0, ""seed"": 96, ""verbosity"": -1}",1,0.2,128
55,128,2.25,0.5399252358357776,0.7768929029455991,0.5178238065605831,0.47348099979678926,0.5713304889411995,3.2517973025802136,0.5809177417371156,0.19999803602695465,0.6503530740737915,"{""bagging_fraction"": 0.9979590126626368, ""bagging_freq"": 1, ""bagging_seed"": 97, ""boosting_type"": ""gbdt"", ""data_random_seed"": 97, ""deterministic"": true, ""feature_fraction"": 0.9812931314054376, ""feature_fraction_seed"": 97, ""force_col_wise"": true, ""lambda_l1"": 0.08890865128504395, ""lambda_l2"": 6.290042636568876e-06, ""learning_rate"": 0.050891253942978006, ""max_bin"": 63, ""max_depth"": -1, ""metric"": ""None"", ""min_data_in_leaf"": 192, ""min_gain_to_split"": 0.6876650491660925, ""num_leaves"": 21, ""objective"": ""binary"", ""scale_pos_weight"": 4.0, ""seed"": 97, ""verbosity"": -1}",1,0.2,128
56,128,2.856,0.5405494446374707,0.777212179690039,0.5182772678616167,0.48384078924987245,0.5579912706586239,3.261605343191641,0.5813727342504313,0.19999803602695465,0.6523146629333496,"{""bagging_fraction"": 0.6236880869162331, ""bagging_freq"": 1, ""bagging_seed"": 98, ""boosting_type"": ""gbdt"", ""data_random_seed"": 98, ""deterministic"": true, ""feature_fraction"": 0.7862897363352676, ""feature_fraction_seed"": 98, ""force_col_wise"": true, ""lambda_l1"": 3.1128759267818813e-07, ""lambda_l2"": 0.33630909701617706, ""learning_rate"": 0.028584936222987273, ""max_bin"": 63, ""max_depth"": 8, ""metric"": ""None"", ""min_data_in_leaf"": 108, ""min_gain_to_split"": 0.9891330026836055, ""num_leaves"": 92, ""objective"": ""binary"", ""scale_pos_weight"": 4.0, ""seed"": 98, ""verbosity"": -1}",1,0.2,128
57,128,3.78,0.5383180337294186,0.7749400856124291,0.5161073975542688,0.47423993426458505,0.566083075866804,3.2488548903967853,0.4053749979634073,0.19999803602695465,0.6497645974159241,"{""bagging_fraction"": 0.7266577221288639, ""bagging_freq"": 1, ""bagging_seed"": 99, ""boosting_type"": ""gbdt"", ""data_random_seed"": 99, ""deterministic"": true, ""feature_fraction"": 0.751710525964458, ""feature_fraction_seed"": 99, ""force_col_wise"": true, ""lambda_l1"": 5.2534372941271165e-08, ""lambda_l2"": 0.06280172244222103, ""learning_rate"": 0.09701135625524918, ""max_bin"": 63, ""max_depth"": 10, ""metric"": ""None"", ""min_data_in_leaf"": 84, ""min_gain_to_split"": 0.433779027322593, ""num_leaves"": 248, ""objective"": ""binary"", ""scale_pos_weight"": 2.0, ""seed"": 99, ""verbosity"": -1}",1,0.2,128
58,128,175.366,0.5358862616655938,0.7738893593046356,0.5154398111001581,0.4839431769263883,0.5513216615173361,3.235123931566937,0.25562171919381343,0.19999803602695465,0.6470184326171875,"{""bagging_fraction"": 0.6814266986415378, ""bagging_freq"": 1, ""bagging_seed"": 100, ""boosting_type"": ""gbdt"", ""data_random_seed"": 100, ""deterministic"": true, ""feature_fraction"": 0.6547835282246679, ""feature_fraction_seed"": 100, ""force_col_wise"": true, ""lambda_l1"": 0.0002580939840412744, ""lambda_l2"": 0.0018967345585705982, ""learning_rate"": 0.015038522415266228, ""max_bin"": 127, ""max_depth"": 6, ""metric"": ""None"", ""min_data_in_leaf"": 59, ""min_gain_to_split"": 0.4932899758506666, ""num_leaves"": 25, ""objective"": ""binary"", ""scale_pos_weight"": 1.0, ""seed"": 100, ""verbosity"": -1}",1,0.2,128
59,128,3.969,0.5400534149626366,0.7766922944066861,0.5182373182373182,0.4734323030745518,0.5724093963022903,3.2567013228859274,0.3902942842635375,0.19999803602695465,0.6513338685035706,"{""bagging_fraction"": 0.8515914649081098, ""bagging_freq"": 1, ""bagging_seed"": 101, ""boosting_type"": ""gbdt"", ""data_random_seed"": 101, ""deterministic"": true, ""feature_fraction"": 0.8421170725604235, ""feature_fraction_seed"": 101, ""force_col_wise"": true, ""lambda_l1"": 0.07347289821082031, ""lambda_l2"": 3.33408245006029e-08, ""learning_rate"": 0.01934528636227016, ""max_bin"": 127, ""max_depth"": -1, ""metric"": ""None"", ""min_data_in_leaf"": 525, ""min_gain_to_split"": 0.3666083849326124, ""num_leaves"": 164, ""objective"": ""binary"", ""scale_pos_weight"": 2.0, ""seed"": 101, ""verbosity"": -1}",1,0.2,128
60,128,38.332,0.5390655980038074,0.776294380615721,0.5175811921072396,0.4828860200441651,0.5576479819528223,3.253758910702499,0.4102496811719313,0.19999803602695465,0.6507453918457031,"{""bagging_fraction"": 0.7771561673065741, ""bagging_freq"": 1, ""bagging_seed"": 102, ""boosting_type"": ""gbdt"", ""data_random_seed"": 102, ""deterministic"": true, ""feature_fraction"": 0.9334069825965261, ""feature_fraction_seed"": 102, ""force_col_wise"": true, ""lambda_l1"": 1.534511667319065, ""lambda_l2"": 0.0019236030846715951, ""learning_rate"": 0.025006661281883804, ""max_bin"": 63, ""max_depth"": 6, ""metric"": ""None"", ""min_data_in_leaf"": 852, ""min_gain_to_split"": 0.8502742988337217, ""num_leaves"": 164, ""objective"": ""binary"", ""scale_pos_weight"": 2.0, ""seed"": 102, ""verbosity"": -1}",1,0.2,128
61,128,2.83,0.5414836573436455,0.7772586412554803,0.5179896102785557,0.45914500113696655,0.5941346672551616,3.262095596209137,0.24105836970899946,0.19999803602695465,0.6524127125740051,"{""bagging_fraction"": 0.9628019526482543, ""bagging_freq"": 1, ""bagging_seed"": 103, ""boosting_type"": ""gbdt"", ""data_random_seed"": 103, ""deterministic"": true, ""feature_fraction"": 0.7293486280156933, ""feature_fraction_seed"": 103, ""force_col_wise"": true, ""lambda_l1"": 0.004758720124234109, ""lambda_l2"": 3.958760624445595e-07, ""learning_rate"": 0.03860595186038424, ""max_bin"": 63, ""max_depth"": 8, ""metric"": ""None"", ""min_data_in_leaf"": 74, ""min_gain_to_split"": 0.33885563560960497, ""num_leaves"": 68, ""objective"": ""binary"", ""scale_pos_weight"": 1.0, ""seed"": 103, ""verbosity"": -1}",1,0.2,128
62,128,3.865,0.5383784895655602,0.7764607432570401,0.5167912924206893,0.4707589375680142,0.5728017262517777,3.253758910702499,0.47968297911133867,0.19999803602695465,0.6507453918457031,"{""bagging_fraction"": 0.5532915053318571, ""bagging_freq"": 1, ""bagging_seed"": 104, ""boosting_type"": ""gbdt"", ""data_random_seed"": 104, ""deterministic"": true, ""feature_fraction"": 0.8193147362009815, ""feature_fraction_seed"": 104, ""force_col_wise"": true, ""lambda_l1"": 3.1783297966898717e-06, ""lambda_l2"": 0.02124717482197363, ""learning_rate"": 0.010695331951414885, ""max_bin"": 63, ""max_depth"": 12, ""metric"": ""None"", ""min_data_in_leaf"": 155, ""min_gain_to_split"": 0.633769773069263, ""num_leaves"": 208, ""objective"": ""binary"", ""scale_pos_weight"": 4.0, ""seed"": 104, ""verbosity"": -1}",1,0.2,128
63,128,2.91,0.542069672220445,0.7774564720031122,0.5179706877113867,0.4794023122834843,0.5632877249767054,3.2679804205759937,0.26222065673476697,0.19999803602695465,0.65358966588974,"{""bagging_fraction"": 0.8743131760232582, ""bagging_freq"": 1, ""bagging_seed"": 105, ""boosting_type"": ""gbdt"", ""data_random_seed"": 105, ""deterministic"": true, ""feature_fraction"": 0.9564975423838239, ""feature_fraction_seed"": 105, ""force_col_wise"": true, ""lambda_l1"": 4.665530274993837, ""lambda_l2"": 0.10915572955478298, ""learning_rate"": 0.05365340389532251, ""max_bin"": 63, ""max_depth"": 16, ""metric"": ""None"", ""min_data_in_leaf"": 830, ""min_gain_to_split"": 0.8668014382619265, ""num_leaves"": 58, ""objective"": ""binary"", ""scale_pos_weight"": 1.0, ""seed"": 105, ""verbosity"": -1}",1,0.2,128
64,128,2.572,0.5418107308229743,0.7773835594913892,0.5181095701342356,0.47439869547492863,0.5706929527732824,3.2645474573489186,0.40885310108038614,0.19999803602695465,0.6529030799865723,"{""bagging_fraction"": 0.9930601366442311, ""bagging_freq"": 1, ""bagging_seed"": 106, ""boosting_type"": ""gbdt"", ""data_random_seed"": 106, ""deterministic"": true, ""feature_fraction"": 0.9864168025175062, ""feature_fraction_seed"": 106, ""force_col_wise"": true, ""lambda_l1"": 3.926939490809737e-06, ""lambda_l2"": 0.04015886934490755, ""learning_rate"": 0.07267501312666194, ""max_bin"": 127, ""max_depth"": 10, ""metric"": ""None"", ""min_data_in_leaf"": 558, ""min_gain_to_split"": 0.7499835379352686, ""num_leaves"": 52, ""objective"": ""binary"", ""scale_pos_weight"": 2.0, ""seed"": 106, ""verbosity"": -1}",1,0.2,128
65,128,2.189,0.5295339568709172,0.7731064087694293,0.5134777835039996,0.4727287730010727,0.5619145701534991,3.188046230710537,0.5177943986614094,0.19999803602695465,0.6376029849052429,"{""bagging_fraction"": 0.9934930762727168, ""bagging_freq"": 1, ""bagging_seed"": 107, ""boosting_type"": ""gbdt"", ""data_random_seed"": 107, ""deterministic"": true, ""feature_fraction"": 0.7703648838176077, ""feature_fraction_seed"": 107, ""force_col_wise"": true, ""lambda_l1"": 0.00015302454813308406, ""lambda_l2"": 6.327800983688739, ""learning_rate"": 0.013985634025348881, ""max_bin"": 63, ""max_depth"": 8, ""metric"": ""None"", ""min_data_in_leaf"": 880, ""min_gain_to_split"": 0.4115760021940599, ""num_leaves"": 17, ""objective"": ""binary"", ""scale_pos_weight"": 4.0, ""seed"": 107, ""verbosity"": -1}",1,0.2,128
66,128,2.76,0.5361100449641819,0.7752205168698166,0.516470717503571,0.4679063470574182,0.5762836545534795,3.2331623234446516,0.501742902277406,0.19999803602695465,0.6466261148452759,"{""bagging_fraction"": 0.5666368272405284, ""bagging_freq"": 1, ""bagging_seed"": 108, ""boosting_type"": ""gbdt"", ""data_random_seed"": 108, ""deterministic"": true, ""feature_fraction"": 0.9201623907778442, ""feature_fraction_seed"": 108, ""force_col_wise"": true, ""lambda_l1"": 2.2611067775087426e-05, ""lambda_l2"": 2.743381785395925e-08, ""learning_rate"": 0.012582160035094452, ""max_bin"": 127, ""max_depth"": 10, ""metric"": ""None"", ""min_data_in_leaf"": 1515, ""min_gain_to_split"": 0.109282291114558, ""num_leaves"": 72, ""objective"": ""binary"", ""scale_pos_weight"": 4.0, ""seed"": 108, ""verbosity"": -1}",1,0.2,128
67,128,3.434,0.5416647431552605,0.7767719178096174,0.5193150684931507,0.485838779956427,0.5577460644401943,3.2694514776546324,0.5930970489217087,0.19999803602695465,0.6538838744163513,"{""bagging_fraction"": 0.9103922164479845, ""bagging_freq"": 1, ""bagging_seed"": 109, ""boosting_type"": ""gbdt"", ""data_random_seed"": 109, ""deterministic"": true, ""feature_fraction"": 0.8827441608144295, ""feature_fraction_seed"": 109, ""force_col_wise"": true, ""lambda_l1"": 2.7585025414087935e-08, ""lambda_l2"": 1.2906733832733855e-06, ""learning_rate"": 0.06900121374527222, ""max_bin"": 63, ""max_depth"": 12, ""metric"": ""None"", ""min_data_in_leaf"": 1218, ""min_gain_to_split"": 0.6218977733752458, ""num_leaves"": 134, ""objective"": ""binary"", ""scale_pos_weight"": 4.0, ""seed"": 109, ""verbosity"": -1}",1,0.2,128
68,128,165.425,0.5366210422654997,0.7745324119736356,0.5156394262165874,0.4767238507661559,0.5614731989603257,3.243951168117222,0.35320789825465504,0.19999803602695465,0.6487838625907898,"{""bagging_fraction"": 0.9530356966226636, ""bagging_freq"": 1, ""bagging_seed"": 110, ""boosting_type"": ""gbdt"", ""data_random_seed"": 110, ""deterministic"": true, ""feature_fraction"": 0.7306100008990246, ""feature_fraction_seed"": 110, ""force_col_wise"": true, ""lambda_l1"": 0.011079375450510631, ""lambda_l2"": 1.3769725106184094e-06, ""learning_rate"": 0.010122611229856988, ""max_bin"": 127, ""max_depth"": 6, ""metric"": ""None"", ""min_data_in_leaf"": 56, ""min_gain_to_split"": 0.8527811296319127, ""num_leaves"": 64, ""objective"": ""binary"", ""scale_pos_weight"": 2.0, ""seed"": 110, ""verbosity"": -1}",1,0.2,128
69,128,2.175,0.541794470952706,0.7773007822130977,0.5191994004320416,0.47155155155155154,0.5775587268893139,3.259153184025709,0.40569593424604633,0.19999803602695465,0.6518242359161377,"{""bagging_fraction"": 0.6736712728397802, ""bagging_freq"": 1, ""bagging_seed"": 111, ""boosting_type"": ""gbdt"", ""data_random_seed"": 111, ""deterministic"": true, ""feature_fraction"": 0.7286230304865253, ""feature_fraction_seed"": 111, ""force_col_wise"": true, ""lambda_l1"": 0.9528357855832744, ""lambda_l2"": 4.879138401315836e-07, ""learning_rate"": 0.1008349781897357, ""max_bin"": 127, ""max_depth"": 8, ""metric"": ""None"", ""min_data_in_leaf"": 441, ""min_gain_to_split"": 0.0848115912357631, ""num_leaves"": 35, ""objective"": ""binary"", ""scale_pos_weight"": 2.0, ""seed"": 111, ""verbosity"": -1}",1,0.2,128
70,128,3.27,0.5410922663667793,0.7760863835728783,0.5174300018542555,0.4905726717355953,0.5473983620224608,3.262095596209137,0.5998299200211663,0.19999803602695465,0.6524127125740051,"{""bagging_fraction"": 0.6115695751133319, ""bagging_freq"": 1, ""bagging_seed"": 112, ""boosting_type"": ""gbdt"", ""data_random_seed"": 112, ""deterministic"": true, ""feature_fraction"": 0.733573878009077, ""feature_fraction_seed"": 112, ""force_col_wise"": true, ""lambda_l1"": 0.0014922698571143177, ""lambda_l2"": 9.510871967372344, ""learning_rate"": 0.06982470807990705, ""max_bin"": 127, ""max_depth"": 10, ""metric"": ""None"", ""min_data_in_leaf"": 149, ""min_gain_to_split"": 0.7008810101206585, ""num_leaves"": 148, ""objective"": ""binary"", ""scale_pos_weight"": 4.0, ""seed"": 112, ""verbosity"": -1}",1,0.2,128
71,128,3.794,0.5412835712225339,0.7770701831484071,0.5182818277262975,0.48473722409597403,0.5568142808101614,3.2640572043314227,0.41548361259950234,0.19999803602695465,0.6528050303459167,"{""bagging_fraction"": 0.7144203084396101, ""bagging_freq"": 1, ""bagging_seed"": 113, ""boosting_type"": ""gbdt"", ""data_random_seed"": 113, ""deterministic"": true, ""feature_fraction"": 0.6104651109908777, ""feature_fraction_seed"": 113, ""force_col_wise"": true, ""lambda_l1"": 4.0225367418035455e-08, ""lambda_l2"": 6.573722078712064e-07, ""learning_rate"": 0.02893755677950364, ""max_bin"": 63, ""max_depth"": 10, ""metric"": ""None"", ""min_data_in_leaf"": 313, ""min_gain_to_split"": 0.017668780999912204, ""num_leaves"": 201, ""objective"": ""binary"", ""scale_pos_weight"": 2.0, ""seed"": 113, ""verbosity"": -1}",1,0.2,128
72,128,2.541,0.5407446467334318,0.7771554877958866,0.5181398268980671,0.47729995455859875,0.5666225295473494,3.2611147921479944,0.4140484727293031,0.19999803602695465,0.6522165536880493,"{""bagging_fraction"": 0.7933854866252281, ""bagging_freq"": 1, ""bagging_seed"": 114, ""boosting_type"": ""gbdt"", ""data_random_seed"": 114, ""deterministic"": true, ""feature_fraction"": 0.888383404708712, ""feature_fraction_seed"": 114, ""force_col_wise"": true, ""lambda_l1"": 3.6380434028201856e-06, ""lambda_l2"": 1.1829630754956393, ""learning_rate"": 0.05575415769811973, ""max_bin"": 63, ""max_depth"": 8, ""metric"": ""None"", ""min_data_in_leaf"": 1721, ""min_gain_to_split"": 0.23509711688065948, ""num_leaves"": 40, ""objective"": ""binary"", ""scale_pos_weight"": 2.0, ""seed"": 114, ""verbosity"": -1}",1,0.2,128
73,128,1.968,0.5414545561916468,0.7772058400728818,0.5183474927708412,0.4773740710156895,0.5670148594968368,3.2596437350693557,0.2603501072159859,0.19999803602695465,0.651922345161438,"{""bagging_fraction"": 0.8440476440542728, ""bagging_freq"": 1, ""bagging_seed"": 115, ""boosting_type"": ""gbdt"", ""data_random_seed"": 115, ""deterministic"": true, ""feature_fraction"": 0.8158351573736948, ""feature_fraction_seed"": 115, ""force_col_wise"": true, ""lambda_l1"": 4.948227102001135e-06, ""lambda_l2"": 1.4871286983335347e-06, ""learning_rate"": 0.11725818892988384, ""max_bin"": 63, ""max_depth"": 6, ""metric"": ""None"", ""min_data_in_leaf"": 773, ""min_gain_to_split"": 0.32249234716866526, ""num_leaves"": 67, ""objective"": ""binary"", ""scale_pos_weight"": 1.0, ""seed"": 115, ""verbosity"": -1}",1,0.2,128
74,128,37.355,0.5420415044177378,0.7771849167508731,0.5191962604399744,0.47349280749959594,0.5746652935118435,3.2640572043314227,0.25587529385284685,0.19999803602695465,0.6528050303459167,"{""bagging_fraction"": 0.7472738163628868, ""bagging_freq"": 1, ""bagging_seed"": 116, ""boosting_type"": ""gbdt"", ""data_random_seed"": 116, ""deterministic"": true, ""feature_fraction"": 0.902720849219071, ""feature_fraction_seed"": 116, ""force_col_wise"": true, ""lambda_l1"": 0.00019333735698424137, ""lambda_l2"": 8.960159495842472, ""learning_rate"": 0.10672679866250394, ""max_bin"": 127, ""max_depth"": -1, ""metric"": ""None"", ""min_data_in_leaf"": 928, ""min_gain_to_split"": 0.6745974769790241, ""num_leaves"": 33, ""objective"": ""binary"", ""scale_pos_weight"": 1.0, ""seed"": 116, ""verbosity"": -1}",1,0.2,128
75,128,3.183,0.5376787618393627,0.7741922473811449,0.5139733756501808,0.4667547335975341,0.571820901378059,3.2365952866717267,0.4005308531003565,0.19999803602695465,0.6473127007484436,"{""bagging_fraction"": 0.5958523707915452, ""bagging_freq"": 1, ""bagging_seed"": 117, ""boosting_type"": ""gbdt"", ""data_random_seed"": 117, ""deterministic"": true, ""feature_fraction"": 0.8029768301819076, ""feature_fraction_seed"": 117, ""force_col_wise"": true, ""lambda_l1"": 0.007521407850787943, ""lambda_l2"": 3.9641023006273577, ""learning_rate"": 0.11520884799721584, ""max_bin"": 127, ""max_depth"": 12, ""metric"": ""None"", ""min_data_in_leaf"": 99, ""min_gain_to_split"": 0.5127320643001113, ""num_leaves"": 140, ""objective"": ""binary"", ""scale_pos_weight"": 2.0, ""seed"": 117, ""verbosity"": -1}",1,0.2,128
76,128,74.3,0.5400240283750023,0.7761946365642356,0.5178928546220267,0.4977387843704776,0.5397479280074543,3.2562107718422806,0.25779772108329535,0.19999803602695465,0.6512357592582703,"{""bagging_fraction"": 0.5794886952632722, ""bagging_freq"": 1, ""bagging_seed"": 118, ""boosting_type"": ""gbdt"", ""data_random_seed"": 118, ""deterministic"": true, ""feature_fraction"": 0.6607299751772223, ""feature_fraction_seed"": 118, ""force_col_wise"": true, ""lambda_l1"": 0.00012475575295603242, ""lambda_l2"": 0.00044135719547684535, ""learning_rate"": 0.011019308620886289, ""max_bin"": 63, ""max_depth"": 12, ""metric"": ""None"", ""min_data_in_leaf"": 58, ""min_gain_to_split"": 0.3125699490285839, ""num_leaves"": 228, ""objective"": ""binary"", ""scale_pos_weight"": 1.0, ""seed"": 118, ""verbosity"": -1}",1,0.2,128
77,128,2.391,0.5371951077186484,0.7747131938769676,0.5164495224332197,0.4785738198861734,0.5608356627924084,3.251307049562717,0.2502393440874476,0.19999803602695465,0.650255024433136,"{""bagging_fraction"": 0.6431592436861654, ""bagging_freq"": 1, ""bagging_seed"": 119, ""boosting_type"": ""gbdt"", ""data_random_seed"": 119, ""deterministic"": true, ""feature_fraction"": 0.864185376524461, ""feature_fraction_seed"": 119, ""force_col_wise"": true, ""lambda_l1"": 5.231715499652549e-06, ""lambda_l2"": 3.5247798297659554e-05, ""learning_rate"": 0.013528580107663161, ""max_bin"": 63, ""max_depth"": -1, ""metric"": ""None"", ""min_data_in_leaf"": 63, ""min_gain_to_split"": 0.4166096330691479, ""num_leaves"": 45, ""objective"": ""binary"", ""scale_pos_weight"": 1.0, ""seed"": 119, ""verbosity"": -1}",1,0.2,128
78,128,3.783,0.5394216147387378,0.7764905479954789,0.517473390490335,0.47812707917498337,0.5638762199009367,3.258662931008213,0.37538260072884083,0.19999803602695465,0.6517261862754822,"{""bagging_fraction"": 0.6998923724547871, ""bagging_freq"": 1, ""bagging_seed"": 120, ""boosting_type"": ""gbdt"", ""data_random_seed"": 120, ""deterministic"": true, ""feature_fraction"": 0.7702759029282437, ""feature_fraction_seed"": 120, ""force_col_wise"": true, ""lambda_l1"": 7.61979313864548e-05, ""lambda_l2"": 0.10598154289293263, ""learning_rate"": 0.01354581012599156, ""max_bin"": 63, ""max_depth"": -1, ""metric"": ""None"", ""min_data_in_leaf"": 326, ""min_gain_to_split"": 0.8412037062149564, ""num_leaves"": 173, ""objective"": ""binary"", ""scale_pos_weight"": 2.0, ""seed"": 120, ""verbosity"": -1}",1,0.2,128
79,128,2.078,0.5381528933169533,0.7760102585635765,0.5179923818059601,0.47687610875036096,0.566867735765779,3.25228785362386,0.4007939344172996,0.19999803602695465,0.6504511833190918,"{""bagging_fraction"": 0.6527137939585392, ""bagging_freq"": 1, ""bagging_seed"": 121, ""boosting_type"": ""gbdt"", ""data_random_seed"": 121, ""deterministic"": true, ""feature_fraction"": 0.8574662609464658, ""feature_fraction_seed"": 121, ""force_col_wise"": true, ""lambda_l1"": 9.47592639164756e-06, ""lambda_l2"": 2.362988229332158, ""learning_rate"": 0.02394849293746531, ""max_bin"": 63, ""max_depth"": 6, ""metric"": ""None"", ""min_data_in_leaf"": 294, ""min_gain_to_split"": 0.048569289846958075, ""num_leaves"": 30, ""objective"": ""binary"", ""scale_pos_weight"": 2.0, ""seed"": 121, ""verbosity"": -1}",1,0.2,128
80,128,1.902,0.5406390003719787,0.7772655259089568,0.5176372558096473,0.49015911980011395,0.5483791868961797,3.25768212694707,0.6023857673613137,0.19999803602695465,0.6515300273895264,"{""bagging_fraction"": 0.5541669018195056, ""bagging_freq"": 1, ""bagging_seed"": 122, ""boosting_type"": ""gbdt"", ""data_random_seed"": 122, ""deterministic"": true, ""feature_fraction"": 0.9634704370888073, ""feature_fraction_seed"": 122, ""force_col_wise"": true, ""lambda_l1"": 4.953335826538911e-07, ""lambda_l2"": 1.9122805865963243e-08, ""learning_rate"": 0.06868425517420887, ""max_bin"": 63, ""max_depth"": 10, ""metric"": ""None"", ""min_data_in_leaf"": 83, ""min_gain_to_split"": 0.11062946756220327, ""num_leaves"": 23, ""objective"": ""binary"", ""scale_pos_weight"": 4.0, ""seed"": 122, ""verbosity"": -1}",1,0.2,128
81,128,2.793,0.5383023116708259,0.7764274885258806,0.5173828167840144,0.468015873015873,0.5783924280319749,3.2557205188247846,0.5424235768839426,0.19999803602695465,0.6511377096176147,"{""bagging_fraction"": 0.5521336268103433, ""bagging_freq"": 1, ""bagging_seed"": 123, ""boosting_type"": ""gbdt"", ""data_random_seed"": 123, ""deterministic"": true, ""feature_fraction"": 0.9322458998904006, ""feature_fraction_seed"": 123, ""force_col_wise"": true, ""lambda_l1"": 0.47898855237303145, ""lambda_l2"": 0.0037331185166087494, ""learning_rate"": 0.01923930627893375, ""max_bin"": 127, ""max_depth"": 10, ""metric"": ""None"", ""min_data_in_leaf"": 441, ""min_gain_to_split"": 0.1627434861049576, ""num_leaves"": 75, ""objective"": ""binary"", ""scale_pos_weight"": 4.0, ""seed"": 123, ""verbosity"": -1}",1,0.2,128
82,128,2.032,0.5417909223083328,0.7772580084361461,0.5180992497038305,0.46873883529832083,0.579079005443578,3.2567013228859274,0.40255264126074997,0.19999803602695465,0.6513338685035706,"{""bagging_fraction"": 0.9930922901279396, ""bagging_freq"": 1, ""bagging_seed"": 124, ""boosting_type"": ""gbdt"", ""data_random_seed"": 124, ""deterministic"": true, ""feature_fraction"": 0.8215410044499947, ""feature_fraction_seed"": 124, ""force_col_wise"": true, ""lambda_l1"": 1.794009373079863e-05, ""lambda_l2"": 0.20817765510909528, ""learning_rate"": 0.10142292341424194, ""max_bin"": 127, ""max_depth"": 6, ""metric"": ""None"", ""min_data_in_leaf"": 267, ""min_gain_to_split"": 0.31839911782845964, ""num_leaves"": 31, ""objective"": ""binary"", ""scale_pos_weight"": 2.0, ""seed"": 124, ""verbosity"": -1}",1,0.2,128
83,128,2.19,0.5414384557702998,0.7773927634803348,0.5181067202500558,0.475552276732653,0.5690255504879603,3.263566653287776,0.2591857632390546,0.19999803602695465,0.6527069211006165,"{""bagging_fraction"": 0.5851487768861638, ""bagging_freq"": 1, ""bagging_seed"": 125, ""boosting_type"": ""gbdt"", ""data_random_seed"": 125, ""deterministic"": true, ""feature_fraction"": 0.6929360354636027, ""feature_fraction_seed"": 125, ""force_col_wise"": true, ""lambda_l1"": 1.8557220617914177e-08, ""lambda_l2"": 1.3131305298849996e-05, ""learning_rate"": 0.05087658015198723, ""max_bin"": 127, ""max_depth"": 12, ""metric"": ""None"", ""min_data_in_leaf"": 230, ""min_gain_to_split"": 0.01903414781748658, ""num_leaves"": 28, ""objective"": ""binary"", ""scale_pos_weight"": 1.0, ""seed"": 125, ""verbosity"": -1}",1,0.2,128
84,128,2.234,0.5418055821124321,0.7774847321212477,0.5179540054691353,0.4769846839780374,0.5666225295473494,3.2679804205759937,0.2603614302418031,0.19999803602695465,0.65358966588974,"{""bagging_fraction"": 0.8172237466128014, ""bagging_freq"": 1, ""bagging_seed"": 126, ""boosting_type"": ""gbdt"", ""data_random_seed"": 126, ""deterministic"": true, ""feature_fraction"": 0.950508755702963, ""feature_fraction_seed"": 126, ""force_col_wise"": true, ""lambda_l1"": 1.362188080330927e-07, ""lambda_l2"": 1.9654769412810102e-07, ""learning_rate"": 0.0712658984829437, ""max_bin"": 127, ""max_depth"": 6, ""metric"": ""None"", ""min_data_in_leaf"": 161, ""min_gain_to_split"": 0.6930954269297015, ""num_leaves"": 112, ""objective"": ""binary"", ""scale_pos_weight"": 1.0, ""seed"": 126, ""verbosity"": -1}",1,0.2,128
85,128,2.599,0.5398429585550405,0.7769410164550974,0.5178002305553672,0.480251572327044,0.5617184051787554,3.2606245391304984,0.5876438897908556,0.19999803602695465,0.6521185040473938,"{""bagging_fraction"": 0.9968880618687279, ""bagging_freq"": 1, ""bagging_seed"": 127, ""boosting_type"": ""gbdt"", ""data_random_seed"": 127, ""deterministic"": true, ""feature_fraction"": 0.5574609108539007, ""feature_fraction_seed"": 127, ""force_col_wise"": true, ""lambda_l1"": 0.001827046106751275, ""lambda_l2"": 1.387361951170252e-07, ""learning_rate"": 0.03950231175078962, ""max_bin"": 63, ""max_depth"": 6, ""metric"": ""None"", ""min_data_in_leaf"": 51, ""min_gain_to_split"": 0.8973021997540936, ""num_leaves"": 249, ""objective"": ""binary"", ""scale_pos_weight"": 4.0, ""seed"": 127, ""verbosity"": -1}",1,0.2,128
86,128,2.369,0.5410872599533519,0.7772574474666081,0.5187935639372028,0.4655132101940613,0.5858466970722378,3.2684706735934896,0.24723436333278728,0.19999803602695465,0.6536877155303955,"{""bagging_fraction"": 0.6826398369412434, ""bagging_freq"": 1, ""bagging_seed"": 128, ""boosting_type"": ""gbdt"", ""data_random_seed"": 128, ""deterministic"": true, ""feature_fraction"": 0.817555424000889, ""feature_fraction_seed"": 128, ""force_col_wise"": true, ""lambda_l1"": 0.009388353201755531, ""lambda_l2"": 0.3358973608390338, ""learning_rate"": 0.04271895486368943, ""max_bin"": 63, ""max_depth"": 6, ""metric"": ""None"", ""min_data_in_leaf"": 60, ""min_gain_to_split"": 0.018160543914364058, ""num_leaves"": 87, ""objective"": ""binary"", ""scale_pos_weight"": 1.0, ""seed"": 128, ""verbosity"": -1}",1,0.2,128
87,128,4.216,0.5406745566771057,0.7770219869665491,0.5182646301067354,0.4880637753996794,0.5524496101221127,3.266999616514851,0.40396903008228513,0.19999803602695465,0.6533935070037842,"{""bagging_fraction"": 0.7990933780403252, ""bagging_freq"": 1, ""bagging_seed"": 129, ""boosting_type"": ""gbdt"", ""data_random_seed"": 129, ""deterministic"": true, ""feature_fraction"": 0.8248465599559383, ""feature_fraction_seed"": 129, ""force_col_wise"": true, ""lambda_l1"": 3.677041238224504e-05, ""lambda_l2"": 0.012548357189104794, ""learning_rate"": 0.018707123833964584, ""max_bin"": 127, ""max_depth"": 10, ""metric"": ""None"", ""min_data_in_leaf"": 127, ""min_gain_to_split"": 0.7257696347154339, ""num_leaves"": 178, ""objective"": ""binary"", ""scale_pos_weight"": 2.0, ""seed"": 129, ""verbosity"": -1}",1,0.2,128
88,128,5.113,0.5405395457084538,0.7753821154788382,0.5169379674439067,0.4687063704176473,0.5762346133097935,3.2606245391304984,0.5656953834453529,0.19999803602695465,0.6521185040473938,"{""bagging_fraction"": 0.9082128503396703, ""bagging_freq"": 1, ""bagging_seed"": 130, ""boosting_type"": ""gbdt"", ""data_random_seed"": 130, ""deterministic"": true, ""feature_fraction"": 0.555611445073546, ""feature_fraction_seed"": 130, ""force_col_wise"": true, ""lambda_l1"": 0.00048091752503420316, ""lambda_l2"": 4.695186775230804e-05, ""learning_rate"": 0.07797830016121593, ""max_bin"": 63, ""max_depth"": -1, ""metric"": ""None"", ""min_data_in_leaf"": 334, ""min_gain_to_split"": 0.0940719630893958, ""num_leaves"": 243, ""objective"": ""binary"", ""scale_pos_weight"": 4.0, ""seed"": 130, ""verbosity"": -1}",1,0.2,128
89,128,38.142,0.5417441549909581,0.777299785334755,0.5177308081030013,0.46897265453966486,0.5778039331077436,3.2689612246371365,0.24983396488875562,0.19999803602695465,0.6537858247756958,"{""bagging_fraction"": 0.6302987928198239, ""bagging_freq"": 1, ""bagging_seed"": 131, ""boosting_type"": ""gbdt"", ""data_random_seed"": 131, ""deterministic"": true, ""feature_fraction"": 0.9826973332934646, ""feature_fraction_seed"": 131, ""force_col_wise"": true, ""lambda_l1"": 6.249970048495867e-07, ""lambda_l2"": 0.538078630994922, ""learning_rate"": 0.0291450337302622, ""max_bin"": 63, ""max_depth"": 16, ""metric"": ""None"", ""min_data_in_leaf"": 87, ""min_gain_to_split"": 0.9125827441419312, ""num_leaves"": 104, ""objective"": ""binary"", ""scale_pos_weight"": 1.0, ""seed"": 131, ""verbosity"": -1}",1,0.2,128
90,128,99.201,0.5419644184372048,0.7773850244456004,0.5184171613956876,0.47130818619582665,0.5759894070913638,3.271413085776918,0.4017873560791149,0.19999803602695465,0.6542761921882629,"{""bagging_fraction"": 0.8837723847338808, ""bagging_freq"": 1, ""bagging_seed"": 132, ""boosting_type"": ""gbdt"", ""data_random_seed"": 132, ""deterministic"": true, ""feature_fraction"": 0.7826587690822432, ""feature_fraction_seed"": 132, ""force_col_wise"": true, ""lambda_l1"": 0.03803853565875322, ""lambda_l2"": 0.11133742434980931, ""learning_rate"": 0.035688534783973214, ""max_bin"": 127, ""max_depth"": 10, ""metric"": ""None"", ""min_data_in_leaf"": 202, ""min_gain_to_split"": 0.5699338186415264, ""num_leaves"": 120, ""objective"": ""binary"", ""scale_pos_weight"": 2.0, ""seed"": 132, ""verbosity"": -1}",1,0.2,128
91,128,36.255,0.5397192966530893,0.7737393826256065,0.5165387083213487,0.47057163589454165,0.5724584375459761,3.2444414211347183,0.4069421775411477,0.19999803602695465,0.6488819122314453,"{""bagging_fraction"": 0.6419788151866431, ""bagging_freq"": 1, ""bagging_seed"": 133, ""boosting_type"": ""gbdt"", ""data_random_seed"": 133, ""deterministic"": true, ""feature_fraction"": 0.5949381147223283, ""feature_fraction_seed"": 133, ""force_col_wise"": true, ""lambda_l1"": 0.0492496655930421, ""lambda_l2"": 1.6153284837667404e-08, ""learning_rate"": 0.11565251616311528, ""max_bin"": 127, ""max_depth"": -1, ""metric"": ""None"", ""min_data_in_leaf"": 950, ""min_gain_to_split"": 0.9792246337072796, ""num_leaves"": 174, ""objective"": ""binary"", ""scale_pos_weight"": 2.0, ""seed"": 133, ""verbosity"": -1}",1,0.2,128
92,128,3.741,0.541491554004597,0.7767920700239817,0.5177324019344438,0.4763317266098134,0.5670148594968368,3.2606245391304984,0.4094352001710911,0.19999803602695465,0.6521185040473938,"{""bagging_fraction"": 0.8114452181866229, ""bagging_freq"": 1, ""bagging_seed"": 134, ""boosting_type"": ""gbdt"", ""data_random_seed"": 134, ""deterministic"": true, ""feature_fraction"": 0.8239335080042111, ""feature_fraction_seed"": 134, ""force_col_wise"": true, ""lambda_l1"": 4.811270766569056e-05, ""lambda_l2"": 0.0026059903477513354, ""learning_rate"": 0.07014184469214446, ""max_bin"": 63, ""max_depth"": 10, ""metric"": ""None"", ""min_data_in_leaf"": 162, ""min_gain_to_split"": 0.9353813695664948, ""num_leaves"": 185, ""objective"": ""binary"", ""scale_pos_weight"": 2.0, ""seed"": 134, ""verbosity"": -1}",1,0.2,128
93,128,2.584,0.5381582876968182,0.7753192448028464,0.5168383340797134,0.47554493386624913,0.5659849933794321,3.2473838333181466,0.2511433668830165,0.19999803602695465,0.6494703888893127,"{""bagging_fraction"": 0.6232921752495497, ""bagging_freq"": 1, ""bagging_seed"": 135, ""boosting_type"": ""gbdt"", ""data_random_seed"": 135, ""deterministic"": true, ""feature_fraction"": 0.608998911861799, ""feature_fraction_seed"": 135, ""force_col_wise"": true, ""lambda_l1"": 0.01448967553667836, ""lambda_l2"": 1.1357945694775365e-05, ""learning_rate"": 0.017036750334436215, ""max_bin"": 127, ""max_depth"": 8, ""metric"": ""None"", ""min_data_in_leaf"": 214, ""min_gain_to_split"": 0.9548983918558076, ""num_leaves"": 44, ""objective"": ""binary"", ""scale_pos_weight"": 1.0, ""seed"": 135, ""verbosity"": -1}",1,0.2,128
94,128,3.617,0.539580415702094,0.7760242518374676,0.5173479140272499,0.47308943089430894,0.5707419940169682,3.261605343191641,0.24297952305437273,0.19999803602695465,0.6523146629333496,"{""bagging_fraction"": 0.6335947606919893, ""bagging_freq"": 1, ""bagging_seed"": 136, ""boosting_type"": ""gbdt"", ""data_random_seed"": 136, ""deterministic"": true, ""feature_fraction"": 0.6409396457404651, ""feature_fraction_seed"": 136, ""force_col_wise"": true, ""lambda_l1"": 0.0004990116815444999, ""lambda_l2"": 0.00016434245534261953, ""learning_rate"": 0.013072066416640573, ""max_bin"": 127, ""max_depth"": 10, ""metric"": ""None"", ""min_data_in_leaf"": 139, ""min_gain_to_split"": 0.2594398398545342, ""num_leaves"": 127, ""objective"": ""binary"", ""scale_pos_weight"": 1.0, ""seed"": 136, ""verbosity"": -1}",1,0.2,128
95,128,4.708,0.5406447720731973,0.7759674601352304,0.5188454853169884,0.4861355162216603,0.556274827129616,3.269941730672129,0.5904953556571134,0.19999803602695465,0.6539819240570068,"{""bagging_fraction"": 0.5998114333133273, ""bagging_freq"": 1, ""bagging_seed"": 137, ""boosting_type"": ""gbdt"", ""data_random_seed"": 137, ""deterministic"": true, ""feature_fraction"": 0.7729779504828783, ""feature_fraction_seed"": 137, ""force_col_wise"": true, ""lambda_l1"": 1.8703660679374098e-06, ""lambda_l2"": 4.497441739803914e-06, ""learning_rate"": 0.03683644889118491, ""max_bin"": 63, ""max_depth"": -1, ""metric"": ""None"", ""min_data_in_leaf"": 555, ""min_gain_to_split"": 0.7648035526072343, ""num_leaves"": 227, ""objective"": ""binary"", ""scale_pos_weight"": 4.0, ""seed"": 137, ""verbosity"": -1}",1,0.2,128
96,128,2.676,0.5409409145245914,0.7762419849786246,0.5173871101107079,0.48658573465243876,0.5523515276347408,3.274355497960346,0.5973505220427354,0.19999803602695465,0.6548646688461304,"{""bagging_fraction"": 0.6120070911675124, ""bagging_freq"": 1, ""bagging_seed"": 138, ""boosting_type"": ""gbdt"", ""data_random_seed"": 138, ""deterministic"": true, ""feature_fraction"": 0.582319963226298, ""feature_fraction_seed"": 138, ""force_col_wise"": true, ""lambda_l1"": 5.497924078000962e-06, ""lambda_l2"": 0.0009464208220787081, ""learning_rate"": 0.11492462697411178, ""max_bin"": 127, ""max_depth"": 10, ""metric"": ""None"", ""min_data_in_leaf"": 1682, ""min_gain_to_split"": 0.0969778887054793, ""num_leaves"": 244, ""objective"": ""binary"", ""scale_pos_weight"": 4.0, ""seed"": 138, ""verbosity"": -1}",1,0.2,128
97,128,2.62,0.5420509231206715,0.7774520191195133,0.5186160871092378,0.4694566988593458,0.5792751704183218,3.2723938898380607,0.2516822198460712,0.19999803602695465,0.6544723510742188,"{""bagging_fraction"": 0.6221404112420161, ""bagging_freq"": 1, ""bagging_seed"": 139, ""boosting_type"": ""gbdt"", ""data_random_seed"": 139, ""deterministic"": true, ""feature_fraction"": 0.6639649634800888, ""feature_fraction_seed"": 139, ""force_col_wise"": true, ""lambda_l1"": 0.4649416153516059, ""lambda_l2"": 0.001811551731881333, ""learning_rate"": 0.053132659080254156, ""max_bin"": 127, ""max_depth"": 16, ""metric"": ""None"", ""min_data_in_leaf"": 92, ""min_gain_to_split"": 0.7351294275196334, ""num_leaves"": 70, ""objective"": ""binary"", ""scale_pos_weight"": 1.0, ""seed"": 139, ""verbosity"": -1}",1,0.2,128
98,128,2.855,0.5394775898282411,0.7766252011271952,0.5180958443211785,0.4829003686909353,0.5588249718012849,3.2557205188247846,0.41415470766792245,0.19999803602695465,0.6511377096176147,"{""bagging_fraction"": 0.9736924855321445, ""bagging_freq"": 1, ""bagging_seed"": 140, ""boosting_type"": ""gbdt"", ""data_random_seed"": 140, ""deterministic"": true, ""feature_fraction"": 0.6430660873813143, ""feature_fraction_seed"": 140, ""force_col_wise"": true, ""lambda_l1"": 1.218703439969167e-07, ""lambda_l2"": 1.1617127124750979, ""learning_rate"": 0.027329203931894797, ""max_bin"": 127, ""max_depth"": -1, ""metric"": ""None"", ""min_data_in_leaf"": 864, ""min_gain_to_split"": 0.1003956456498093, ""num_leaves"": 47, ""objective"": ""binary"", ""scale_pos_weight"": 2.0, ""seed"": 140, ""verbosity"": -1}",1,0.2,128
99,128,1.98,0.5415851385395632,0.777369910134514,0.5179912104010255,0.4856848521268833,0.5549016723064097,3.2601339880868516,0.4256906865295308,0.19999803602695465,0.6520203948020935,"{""bagging_fraction"": 0.6603665378604444, ""bagging_freq"": 1, ""bagging_seed"": 141, ""boosting_type"": ""gbdt"", ""data_random_seed"": 141, ""deterministic"": true, ""feature_fraction"": 0.7524366849748568, ""feature_fraction_seed"": 141, ""force_col_wise"": true, ""lambda_l1"": 0.02467213950451829, ""lambda_l2"": 0.45921053682758994, ""learning_rate"": 0.09897739223777341, ""max_bin"": 127, ""max_depth"": 6, ""metric"": ""None"", ""min_data_in_leaf"": 230, ""min_gain_to_split"": 0.8745751398555718, ""num_leaves"": 25, ""objective"": ""binary"", ""scale_pos_weight"": 2.0, ""seed"": 141, ""verbosity"": -1}",1,0.2,128
100,128,2.406,0.540532770818192,0.7770815306061659,0.5181567304743966,0.46816005065896227,0.5801088715609828,3.253758910702499,0.4013474549272398,0.19999803602695465,0.6507453918457031,"{""bagging_fraction"": 0.949594972872511, ""bagging_freq"": 1, ""bagging_seed"": 142, ""boosting_type"": ""gbdt"", ""data_random_seed"": 142, ""deterministic"": true, ""feature_fraction"": 0.9730085548633816, ""feature_fraction_seed"": 142, ""force_col_wise"": true, ""lambda_l1"": 0.0991353216336825, ""lambda_l2"": 0.00045598829175807094, ""learning_rate"": 0.04210449943845745, ""max_bin"": 63, ""max_depth"": 6, ""metric"": ""None"", ""min_data_in_leaf"": 91, ""min_gain_to_split"": 0.4906079155118719, ""num_leaves"": 30, ""objective"": ""binary"", ""scale_pos_weight"": 2.0, ""seed"": 142, ""verbosity"": -1}",1,0.2,128
101,128,2.833,0.5415067982819908,0.7773556468977905,0.5188881613114458,0.48083361232005356,0.5634838899514492,3.2611147921479944,0.41611977944890155,0.19999803602695465,0.6522165536880493,"{""bagging_fraction"": 0.9785123721305575, ""bagging_freq"": 1, ""bagging_seed"": 143, ""boosting_type"": ""gbdt"", ""data_random_seed"": 143, ""deterministic"": true, ""feature_fraction"": 0.6065487337908413, ""feature_fraction_seed"": 143, ""force_col_wise"": true, ""lambda_l1"": 0.0002179098372204684, ""lambda_l2"": 3.7918375599295837, ""learning_rate"": 0.042761501924753274, ""max_bin"": 63, ""max_depth"": 10, ""metric"": ""None"", ""min_data_in_leaf"": 81, ""min_gain_to_split"": 0.16357687771010998, ""num_leaves"": 51, ""objective"": ""binary"", ""scale_pos_weight"": 2.0, ""seed"": 143, ""verbosity"": -1}",1,0.2,128
102,128,2.426,0.5362880405056426,0.7752179669536212,0.5164945169950402,0.48172983066672326,0.5566671570791035,3.2321815193835093,0.39503901736858554,0.19999803602695465,0.6464299559593201,"{""bagging_fraction"": 0.6946898461670493, ""bagging_freq"": 1, ""bagging_seed"": 144, ""boosting_type"": ""gbdt"", ""data_random_seed"": 144, ""deterministic"": true, ""feature_fraction"": 0.962581783433138, ""feature_fraction_seed"": 144, ""force_col_wise"": true, ""lambda_l1"": 0.0029727809358252692, ""lambda_l2"": 0.000153153592310721, ""learning_rate"": 0.017550700132485796, ""max_bin"": 63, ""max_depth"": 16, ""metric"": ""None"", ""min_data_in_leaf"": 78, ""min_gain_to_split"": 0.4004512452452783, ""num_leaves"": 31, ""objective"": ""binary"", ""scale_pos_weight"": 2.0, ""seed"": 144, ""verbosity"": -1}",1,0.2,128
103,128,3.793,0.5392882341888362,0.776153746213948,0.5173789424963082,0.46985588470776624,0.5755970771418764,3.255229967781138,0.24814418193088122,0.19999803602695465,0.6510396003723145,"{""bagging_fraction"": 0.7609416836562786, ""bagging_freq"": 1, ""bagging_seed"": 145, ""boosting_type"": ""gbdt"", ""data_random_seed"": 145, ""deterministic"": true, ""feature_fraction"": 0.883726584729182, ""feature_fraction_seed"": 145, ""force_col_wise"": true, ""lambda_l1"": 2.3762607748849057e-07, ""lambda_l2"": 1.9319359519016839, ""learning_rate"": 0.01660389912142586, ""max_bin"": 127, ""max_depth"": 10, ""metric"": ""None"", ""min_data_in_leaf"": 1023, ""min_gain_to_split"": 0.34138706738172764, ""num_leaves"": 247, ""objective"": ""binary"", ""scale_pos_weight"": 1.0, ""seed"": 145, ""verbosity"": -1}",1,0.2,128
104,128,37.298,0.5395147431418628,0.7767326574576332,0.5181951144971512,0.4669525533086789,0.5820705213084204,3.2611147921479944,0.557048452988876,0.19999803602695465,0.6522165536880493,"{""bagging_fraction"": 0.6453795749862442, ""bagging_freq"": 1, ""bagging_seed"": 146, ""boosting_type"": ""gbdt"", ""data_random_seed"": 146, ""deterministic"": true, ""feature_fraction"": 0.9071359227380699, ""feature_fraction_seed"": 146, ""force_col_wise"": true, ""lambda_l1"": 2.060866429422541, ""lambda_l2"": 8.747952702673376e-05, ""learning_rate"": 0.025275396161752933, ""max_bin"": 127, ""max_depth"": 10, ""metric"": ""None"", ""min_data_in_leaf"": 798, ""min_gain_to_split"": 0.6390136492641646, ""num_leaves"": 142, ""objective"": ""binary"", ""scale_pos_weight"": 4.0, ""seed"": 146, ""verbosity"": -1}",1,0.2,128
105,128,1.789,0.5396733659005221,0.775988489879113,0.5164552585517643,0.46163949625280076,0.5860428620469815,3.2611147921479944,0.5653160039397739,0.19999803602695465,0.6522165536880493,"{""bagging_fraction"": 0.6080635257319188, ""bagging_freq"": 1, ""bagging_seed"": 147, ""boosting_type"": ""gbdt"", ""data_random_seed"": 147, ""deterministic"": true, ""feature_fraction"": 0.7562179186914313, ""feature_fraction_seed"": 147, ""force_col_wise"": true, ""lambda_l1"": 2.3493103468709597e-07, ""lambda_l2"": 0.0049039419122344705, ""learning_rate"": 0.14733027788906553, ""max_bin"": 63, ""max_depth"": -1, ""metric"": ""None"", ""min_data_in_leaf"": 63, ""min_gain_to_split"": 0.39292739157023326, ""num_leaves"": 33, ""objective"": ""binary"", ""scale_pos_weight"": 4.0, ""seed"": 147, ""verbosity"": -1}",1,0.2,128
106,128,62.677,0.5403327191882097,0.7767235959657728,0.5183716214710666,0.47500816726559947,0.5704477465548526,3.2645474573489186,0.25507530315327637,0.19999803602695465,0.6529030799865723,"{""bagging_fraction"": 0.7627527877415492, ""bagging_freq"": 1, ""bagging_seed"": 148, ""boosting_type"": ""gbdt"", ""data_random_seed"": 148, ""deterministic"": true, ""feature_fraction"": 0.8198629105221957, ""feature_fraction_seed"": 148, ""force_col_wise"": true, ""lambda_l1"": 3.552628959160005, ""lambda_l2"": 1.2145706571922712e-05, ""learning_rate"": 0.023733247244399083, ""max_bin"": 63, ""max_depth"": 12, ""metric"": ""None"", ""min_data_in_leaf"": 570, ""min_gain_to_split"": 0.17723550124927256, ""num_leaves"": 117, ""objective"": ""binary"", ""scale_pos_weight"": 1.0, ""seed"": 148, ""verbosity"": -1}",1,0.2,128
107,128,27.09,0.5416801189517293,0.7773834912491142,0.51769689791828,0.48330852647246436,0.5573537344907067,3.261605343191641,0.2677418796311942,0.19999803602695465,0.6523146629333496,"{""bagging_fraction"": 0.8873283785152903, ""bagging_freq"": 1, ""bagging_seed"": 149, ""boosting_type"": ""gbdt"", ""data_random_seed"": 149, ""deterministic"": true, ""feature_fraction"": 0.9516194603592969, ""feature_fraction_seed"": 149, ""force_col_wise"": true, ""lambda_l1"": 8.438581486501713, ""lambda_l2"": 0.00060635128792742, ""learning_rate"": 0.09885123463544149, ""max_bin"": 63, ""max_depth"": 12, ""metric"": ""None"", ""min_data_in_leaf"": 263, ""min_gain_to_split"": 0.6599957188011513, ""num_leaves"": 17, ""objective"": ""binary"", ""scale_pos_weight"": 1.0, ""seed"": 149, ""verbosity"": -1}",1,0.2,128
108,128,2.044,0.5410630821545178,0.7771136808346017,0.5170465873596065,0.4715151515151515,0.5723113138149184,3.2694514776546324,0.255004624828366,0.19999803602695465,0.6538838744163513,"{""bagging_fraction"": 0.8739021407596959, ""bagging_freq"": 1, ""bagging_seed"": 150, ""boosting_type"": ""gbdt"", ""data_random_seed"": 150, ""deterministic"": true, ""feature_fraction"": 0.8028185185283497, ""feature_fraction_seed"": 150, ""force_col_wise"": true, ""lambda_l1"": 0.00038054617912313657, ""lambda_l2"": 1.4580651916499214, ""learning_rate"": 0.13013326805199057, ""max_bin"": 127, ""max_depth"": 12, ""metric"": ""None"", ""min_data_in_leaf"": 221, ""min_gain_to_split"": 0.41930098792781023, ""num_leaves"": 42, ""objective"": ""binary"", ""scale_pos_weight"": 1.0, ""seed"": 150, ""verbosity"": -1}",1,0.2,128
109,128,2.562,0.5400828455106574,0.7764825450104474,0.5177925828236204,0.48270306935730034,0.5583836006081114,3.2571915759034233,0.2624538925554766,0.19999803602695465,0.6514319181442261,"{""bagging_fraction"": 0.591275655576553, ""bagging_freq"": 1, ""bagging_seed"": 151, ""boosting_type"": ""gbdt"", ""data_random_seed"": 151, ""deterministic"": true, ""feature_fraction"": 0.6066131582405284, ""feature_fraction_seed"": 151, ""force_col_wise"": true, ""lambda_l1"": 0.010172069254498248, ""lambda_l2"": 0.007937059666129554, ""learning_rate"": 0.02527257332311013, ""max_bin"": 63, ""max_depth"": 10, ""metric"": ""None"", ""min_data_in_leaf"": 253, ""min_gain_to_split"": 0.6629097142100953, ""num_leaves"": 48, ""objective"": ""binary"", ""scale_pos_weight"": 1.0, ""seed"": 151, ""verbosity"": -1}",1,0.2,128
110,128,2.322,0.5381254398904024,0.7754427146190161,0.5171878465291639,0.47208389003603385,0.571820901378059,3.2503262455015745,0.2517979122860816,0.19999803602695465,0.6500588655471802,"{""bagging_fraction"": 0.8505321214815939, ""bagging_freq"": 1, ""bagging_seed"": 152, ""boosting_type"": ""gbdt"", ""data_random_seed"": 152, ""deterministic"": true, ""feature_fraction"": 0.6610061697517663, ""feature_fraction_seed"": 152, ""force_col_wise"": true, ""lambda_l1"": 1.459705455390837e-07, ""lambda_l2"": 2.9948338306169273e-06, ""learning_rate"": 0.024213015906742998, ""max_bin"": 127, ""max_depth"": -1, ""metric"": ""None"", ""min_data_in_leaf"": 1196, ""min_gain_to_split"": 0.13865449623341952, ""num_leaves"": 26, ""objective"": ""binary"", ""scale_pos_weight"": 1.0, ""seed"": 152, ""verbosity"": -1}",1,0.2,128
111,128,2.31,0.5414480288473303,0.7774909968823411,0.5183531746031746,0.47973790743291184,0.5637290961698789,3.262095596209137,0.4162826385345282,0.19999803602695465,0.6524127125740051,"{""bagging_fraction"": 0.8656259955595446, ""bagging_freq"": 1, ""bagging_seed"": 153, ""boosting_type"": ""gbdt"", ""data_random_seed"": 153, ""deterministic"": true, ""feature_fraction"": 0.7939355657278236, ""feature_fraction_seed"": 153, ""force_col_wise"": true, ""lambda_l1"": 3.769660304425119, ""lambda_l2"": 0.0030941712463943586, ""learning_rate"": 0.06216583272622747, ""max_bin"": 63, ""max_depth"": 6, ""metric"": ""None"", ""min_data_in_leaf"": 106, ""min_gain_to_split"": 0.2551069310273807, ""num_leaves"": 198, ""objective"": ""binary"", ""scale_pos_weight"": 2.0, ""seed"": 153, ""verbosity"": -1}",1,0.2,128
112,128,3.718,0.5403559505985174,0.7766128089914386,0.5182654641523184,0.48382021516349877,0.5579912706586239,3.2640572043314227,0.26286441818087425,0.19999803602695465,0.6528050303459167,"{""bagging_fraction"": 0.7300276507606399, ""bagging_freq"": 1, ""bagging_seed"": 154, ""boosting_type"": ""gbdt"", ""data_random_seed"": 154, ""deterministic"": true, ""feature_fraction"": 0.5604524120560413, ""feature_fraction_seed"": 154, ""force_col_wise"": true, ""lambda_l1"": 0.7515684141540409, ""lambda_l2"": 0.0031048955856821017, ""learning_rate"": 0.023819182604535492, ""max_bin"": 63, ""max_depth"": 10, ""metric"": ""None"", ""min_data_in_leaf"": 627, ""min_gain_to_split"": 0.44394288639597634, ""num_leaves"": 238, ""objective"": ""binary"", ""scale_pos_weight"": 1.0, ""seed"": 154, ""verbosity"": -1}",1,0.2,128
113,128,2.091,0.5415238283076801,0.7771894303610778,0.5182610307749351,0.4912789420499978,0.5483791868961797,3.2679804205759937,0.6020879028984547,0.19999803602695465,0.65358966588974,"{""bagging_fraction"": 0.834491125051688, ""bagging_freq"": 1, ""bagging_seed"": 155, ""boosting_type"": ""gbdt"", ""data_random_seed"": 155, ""deterministic"": true, ""feature_fraction"": 0.7704209152416083, ""feature_fraction_seed"": 155, ""force_col_wise"": true, ""lambda_l1"": 1.0162519750261132e-05, ""lambda_l2"": 1.5770483446446252e-06, ""learning_rate"": 0.10100981138588007, ""max_bin"": 127, ""max_depth"": 16, ""metric"": ""None"", ""min_data_in_leaf"": 373, ""min_gain_to_split"": 0.9126718352555361, ""num_leaves"": 37, ""objective"": ""binary"", ""scale_pos_weight"": 4.0, ""seed"": 155, ""verbosity"": -1}",1,0.2,128
114,128,5.613,0.5385882867023104,0.772335236189505,0.516309583887691,0.48502348834202474,0.5519101564415674,3.2557205188247846,0.4242974485563901,0.19999803602695465,0.6511377096176147,"{""bagging_fraction"": 0.766273433924038, ""bagging_freq"": 1, ""bagging_seed"": 156, ""boosting_type"": ""gbdt"", ""data_random_seed"": 156, ""deterministic"": true, ""feature_fraction"": 0.8931655413831883, ""feature_fraction_seed"": 156, ""force_col_wise"": true, ""lambda_l1"": 0.0001282536550152111, ""lambda_l2"": 1.4522336154839234e-06, ""learning_rate"": 0.09813516895307359, ""max_bin"": 127, ""max_depth"": -1, ""metric"": ""None"", ""min_data_in_leaf"": 839, ""min_gain_to_split"": 0.6448191943592905, ""num_leaves"": 240, ""objective"": ""binary"", ""scale_pos_weight"": 2.0, ""seed"": 156, ""verbosity"": -1}",1,0.2,128
115,128,2.426,0.5384489541935407,0.7758356109493234,0.517406637128131,0.47993289997903127,0.5612279927418959,3.2517973025802136,0.39907405629298176,0.19999803602695465,0.6503530740737915,"{""bagging_fraction"": 0.917225207538774, ""bagging_freq"": 1, ""bagging_seed"": 157, ""boosting_type"": ""gbdt"", ""data_random_seed"": 157, ""deterministic"": true, ""feature_fraction"": 0.6484854739575845, ""feature_fraction_seed"": 157, ""force_col_wise"": true, ""lambda_l1"": 0.5560697543506458, ""lambda_l2"": 3.2306928989163633e-07, ""learning_rate"": 0.02010047021825333, ""max_bin"": 63, ""max_depth"": 6, ""metric"": ""None"", ""min_data_in_leaf"": 227, ""min_gain_to_split"": 0.007507032799999869, ""num_leaves"": 79, ""objective"": ""binary"", ""scale_pos_weight"": 2.0, ""seed"": 157, ""verbosity"": -1}",1,0.2,128
116,128,2.146,0.5416754258200978,0.7772607221939267,0.5182947449106117,0.47963782024534757,0.5637290961698789,3.2679804205759937,0.26356248424756057,0.19999803602695465,0.65358966588974,"{""bagging_fraction"": 0.7255281655704382, ""bagging_freq"": 1, ""bagging_seed"": 158, ""boosting_type"": ""gbdt"", ""data_random_seed"": 158, ""deterministic"": true, ""feature_fraction"": 0.6020668752892433, ""feature_fraction_seed"": 158, ""force_col_wise"": true, ""lambda_l1"": 9.715958141655594, ""lambda_l2"": 5.411496838729181e-07, ""learning_rate"": 0.08668531323704301, ""max_bin"": 63, ""max_depth"": 6, ""metric"": ""None"", ""min_data_in_leaf"": 870, ""min_gain_to_split"": 0.15396358257762643, ""num_leaves"": 162, ""objective"": ""binary"", ""scale_pos_weight"": 1.0, ""seed"": 158, ""verbosity"": -1}",1,0.2,128
117,128,2.568,0.5405641247481755,0.7771533710828554,0.5190447815923362,0.48720044744654306,0.5553430434995832,3.2532686576850027,0.42656606008950715,0.19999803602695465,0.6506473422050476,"{""bagging_fraction"": 0.6120988828065574, ""bagging_freq"": 1, ""bagging_seed"": 159, ""boosting_type"": ""gbdt"", ""data_random_seed"": 159, ""deterministic"": true, ""feature_fraction"": 0.5813382864661276, ""feature_fraction_seed"": 159, ""force_col_wise"": true, ""lambda_l1"": 0.13081024680530817, ""lambda_l2"": 2.7270265766055677e-06, ""learning_rate"": 0.05355336157125742, ""max_bin"": 63, ""max_depth"": 8, ""metric"": ""None"", ""min_data_in_leaf"": 1863, ""min_gain_to_split"": 0.8848490595063606, ""num_leaves"": 211, ""objective"": ""binary"", ""scale_pos_weight"": 2.0, ""seed"": 159, ""verbosity"": -1}",1,0.2,128
118,128,34.787,0.5399441744940072,0.7762967432414436,0.5171674758343174,0.46670613775409514,0.5798636653425531,3.262095596209137,0.23959279490759125,0.19999803602695465,0.6524127125740051,"{""bagging_fraction"": 0.7753447670861252, ""bagging_freq"": 1, ""bagging_seed"": 160, ""boosting_type"": ""gbdt"", ""data_random_seed"": 160, ""deterministic"": true, ""feature_fraction"": 0.7984832178516985, ""feature_fraction_seed"": 160, ""force_col_wise"": true, ""lambda_l1"": 0.014978428151494205, ""lambda_l2"": 0.007484807129770777, ""learning_rate"": 0.013537538179136322, ""max_bin"": 63, ""max_depth"": 10, ""metric"": ""None"", ""min_data_in_leaf"": 238, ""min_gain_to_split"": 0.9920420055280549, ""num_leaves"": 159, ""objective"": ""binary"", ""scale_pos_weight"": 1.0, ""seed"": 160, ""verbosity"": -1}",1,0.2,128
119,128,2.234,0.5387292453360621,0.7766346116467263,0.5176045197740113,0.4799865878704053,0.5616203226913834,3.239047147811508,0.5885773269401973,0.19999803602695465,0.6478030681610107,"{""bagging_fraction"": 0.6932468744330592, ""bagging_freq"": 1, ""bagging_seed"": 161, ""boosting_type"": ""gbdt"", ""data_random_seed"": 161, ""deterministic"": true, ""feature_fraction"": 0.9894988351974652, ""feature_fraction_seed"": 161, ""force_col_wise"": true, ""lambda_l1"": 0.00014154025462193904, ""lambda_l2"": 6.652613968276296e-05, ""learning_rate"": 0.040495185162258536, ""max_bin"": 63, ""max_depth"": 16, ""metric"": ""None"", ""min_data_in_leaf"": 733, ""min_gain_to_split"": 0.05141915455692936, ""num_leaves"": 20, ""objective"": ""binary"", ""scale_pos_weight"": 4.0, ""seed"": 161, ""verbosity"": -1}",1,0.2,128
120,128,4.049,0.5408108100671178,0.7767788220038335,0.5176465271815265,0.479951397326853,0.5617674464224413,3.2650380083925654,0.2611479232314383,0.19999803602695465,0.6530011892318726,"{""bagging_fraction"": 0.6946955570084048, ""bagging_freq"": 1, ""bagging_seed"": 162, ""boosting_type"": ""gbdt"", ""data_random_seed"": 162, ""deterministic"": true, ""feature_fraction"": 0.7374996991179461, ""feature_fraction_seed"": 162, ""force_col_wise"": true, ""lambda_l1"": 0.05487657739929389, ""lambda_l2"": 0.16311913305315567, ""learning_rate"": 0.02603498757001761, ""max_bin"": 127, ""max_depth"": 12, ""metric"": ""None"", ""min_data_in_leaf"": 1034, ""min_gain_to_split"": 0.49125744639136615, ""num_leaves"": 140, ""objective"": ""binary"", ""scale_pos_weight"": 1.0, ""seed"": 162, ""verbosity"": -1}",1,0.2,128
121,128,4.163,0.5396319449835052,0.7766167856822465,0.5168000358639858,0.47593097184377836,0.5653474572115149,3.2562107718422806,0.3765558551279567,0.19999803602695465,0.6512357592582703,"{""bagging_fraction"": 0.7902280059732822, ""bagging_freq"": 1, ""bagging_seed"": 163, ""boosting_type"": ""gbdt"", ""data_random_seed"": 163, ""deterministic"": true, ""feature_fraction"": 0.6190864849245763, ""feature_fraction_seed"": 163, ""force_col_wise"": true, ""lambda_l1"": 4.051970936907157e-08, ""lambda_l2"": 2.98719733120012e-08, ""learning_rate"": 0.01476555445319976, ""max_bin"": 63, ""max_depth"": 16, ""metric"": ""None"", ""min_data_in_leaf"": 71, ""min_gain_to_split"": 0.0005187441657055203, ""num_leaves"": 181, ""objective"": ""binary"", ""scale_pos_weight"": 2.0, ""seed"": 163, ""verbosity"": -1}",1,0.2,128
122,128,25.562,0.5410595919627557,0.7772969648544737,0.5182062780269058,0.47734313684993185,0.5667206120347212,3.2611147921479944,0.4159950297499712,0.19999803602695465,0.6522165536880493,"{""bagging_fraction"": 0.616088680669632, ""bagging_freq"": 1, ""bagging_seed"": 164, ""boosting_type"": ""gbdt"", ""data_random_seed"": 164, ""deterministic"": true, ""feature_fraction"": 0.6256003818600421, ""feature_fraction_seed"": 164, ""force_col_wise"": true, ""lambda_l1"": 0.5587387123262261, ""lambda_l2"": 0.25593017259149503, ""learning_rate"": 0.0814757516740899, ""max_bin"": 127, ""max_depth"": 8, ""metric"": ""None"", ""min_data_in_leaf"": 1042, ""min_gain_to_split"": 0.5389417662641869, ""num_leaves"": 17, ""objective"": ""binary"", ""scale_pos_weight"": 2.0, ""seed"": 164, ""verbosity"": -1}",1,0.2,128
123,128,2.599,0.5363165169333535,0.7749058267878846,0.5158458837660538,0.48757696170472903,0.5475945269972047,3.245912478213357,0.382027600415657,0.19999803602695465,0.6491761207580566,"{""bagging_fraction"": 0.8885480114950988, ""bagging_freq"": 1, ""bagging_seed"": 165, ""boosting_type"": ""gbdt"", ""data_random_seed"": 165, ""deterministic"": true, ""feature_fraction"": 0.6658533816957836, ""feature_fraction_seed"": 165, ""force_col_wise"": true, ""lambda_l1"": 0.00034483190351449963, ""lambda_l2"": 0.056544958743479604, ""learning_rate"": 0.012855518920533174, ""max_bin"": 63, ""max_depth"": 12, ""metric"": ""None"", ""min_data_in_leaf"": 760, ""min_gain_to_split"": 0.4646796378573296, ""num_leaves"": 46, ""objective"": ""binary"", ""scale_pos_weight"": 2.0, ""seed"": 165, ""verbosity"": -1}",1,0.2,128
124,128,2.315,0.5351830520305217,0.7752720304679932,0.5160934845493366,0.4851728752104286,0.5512235790299642,3.2169795034750224,0.5558635891589078,0.19999803602695465,0.6433895826339722,"{""bagging_fraction"": 0.6293311142599586, ""bagging_freq"": 1, ""bagging_seed"": 166, ""boosting_type"": ""gbdt"", ""data_random_seed"": 166, ""deterministic"": true, ""feature_fraction"": 0.5886920575499254, ""feature_fraction_seed"": 166, ""force_col_wise"": true, ""lambda_l1"": 3.785459491147883e-07, ""lambda_l2"": 0.2558400935833538, ""learning_rate"": 0.018104499431566876, ""max_bin"": 127, ""max_depth"": 10, ""metric"": ""None"", ""min_data_in_leaf"": 78, ""min_gain_to_split"": 0.3985066234742124, ""num_leaves"": 27, ""objective"": ""binary"", ""scale_pos_weight"": 4.0, ""seed"": 166, ""verbosity"": -1}",1,0.2,128
125,128,3.425,0.5387372607276342,0.7759226766683747,0.5172818867754032,0.4795392670157068,0.5614731989603257,3.2596437350693557,0.2510615051791521,0.19999803602695465,0.651922345161438,"{""bagging_fraction"": 0.943787889574337, ""bagging_freq"": 1, ""bagging_seed"": 167, ""boosting_type"": ""gbdt"", ""data_random_seed"": 167, ""deterministic"": true, ""feature_fraction"": 0.7268131795136833, ""feature_fraction_seed"": 167, ""force_col_wise"": true, ""lambda_l1"": 6.030604014212138, ""lambda_l2"": 0.7173492176032282, ""learning_rate"": 0.014500165559347813, ""max_bin"": 127, ""max_depth"": 16, ""metric"": ""None"", ""min_data_in_leaf"": 262, ""min_gain_to_split"": 0.19230067903513304, ""num_leaves"": 96, ""objective"": ""binary"", ""scale_pos_weight"": 1.0, ""seed"": 167, ""verbosity"": -1}",1,0.2,128
126,128,2.236,0.5410088865923576,0.7774536391971337,0.5177833683384495,0.48905650505755144,0.5500956304251876,3.2517973025802136,0.6010798794787515,0.19999803602695465,0.6503530740737915,"{""bagging_fraction"": 0.9228461161774536, ""bagging_freq"": 1, ""bagging_seed"": 168, ""boosting_type"": ""gbdt"", ""data_random_seed"": 168, ""deterministic"": true, ""feature_fraction"": 0.7979089458206814, ""feature_fraction_seed"": 168, ""force_col_wise"": true, ""lambda_l1"": 0.024819609582961286, ""lambda_l2"": 1.7346021684639207e-08, ""learning_rate"": 0.05910207851282344, ""max_bin"": 127, ""max_depth"": 6, ""metric"": ""None"", ""min_data_in_leaf"": 404, ""min_gain_to_split"": 0.049459137146015686, ""num_leaves"": 34, ""objective"": ""binary"", ""scale_pos_weight"": 4.0, ""seed"": 168, ""verbosity"": -1}",1,0.2,128
127,128,2.539,0.5405098761210071,0.777024387170617,0.518008665824156,0.47978763429622506,0.562846353783532,3.2532686576850027,0.41501364575473515,0.19999803602695465,0.6506473422050476,"{""bagging_fraction"": 0.9219751680960685, ""bagging_freq"": 1, ""bagging_seed"": 169, ""boosting_type"": ""gbdt"", ""data_random_seed"": 169, ""deterministic"": true, ""feature_fraction"": 0.8910596434297873, ""feature_fraction_seed"": 169, ""force_col_wise"": true, ""lambda_l1"": 0.001124624682840764, ""lambda_l2"": 2.9398510543032996e-05, ""learning_rate"": 0.037308367869611204, ""max_bin"": 63, ""max_depth"": 10, ""metric"": ""None"", ""min_data_in_leaf"": 234, ""min_gain_to_split"": 0.270696761495107, ""num_leaves"": 31, ""objective"": ""binary"", ""scale_pos_weight"": 2.0, ""seed"": 169, ""verbosity"": -1}",1,0.2,128
128,128,2.829,0.5386612225047522,0.7767809483369212,0.518201481890561,0.4881432349243508,0.552204403903683,3.254249163719995,0.5773151953248096,0.19999803602695465,0.6508434414863586,"{""bagging_fraction"": 0.6455247124783343, ""bagging_freq"": 1, ""bagging_seed"": 170, ""boosting_type"": ""gbdt"", ""data_random_seed"": 170, ""deterministic"": true, ""feature_fraction"": 0.5504803592602363, ""feature_fraction_seed"": 170, ""force_col_wise"": true, ""lambda_l1"": 1.1235786531860095, ""lambda_l2"": 0.006555666757133462, ""learning_rate"": 0.023451697042974753, ""max_bin"": 127, ""max_depth"": 10, ""metric"": ""None"", ""min_data_in_leaf"": 64, ""min_gain_to_split"": 0.17196035193702286, ""num_leaves"": 74, ""objective"": ""binary"", ""scale_pos_weight"": 4.0, ""seed"": 170, ""verbosity"": -1}",1,0.2,128
129,128,2.846,0.5405099619748391,0.7769141428275883,0.5177263004596551,0.4829547866694969,0.557893188171252,3.259153184025709,0.2669762173667633,0.19999803602695465,0.6518242359161377,"{""bagging_fraction"": 0.6468302235829234, ""bagging_freq"": 1, ""bagging_seed"": 171, ""boosting_type"": ""gbdt"", ""data_random_seed"": 171, ""deterministic"": true, ""feature_fraction"": 0.576769011482503, ""feature_fraction_seed"": 171, ""force_col_wise"": true, ""lambda_l1"": 0.0018704320105535, ""lambda_l2"": 5.746171532459681e-07, ""learning_rate"": 0.03570352315024993, ""max_bin"": 63, ""max_depth"": 16, ""metric"": ""None"", ""min_data_in_leaf"": 1577, ""min_gain_to_split"": 0.6795270092089578, ""num_leaves"": 58, ""objective"": ""binary"", ""scale_pos_weight"": 1.0, ""seed"": 171, ""verbosity"": -1}",1,0.2,128
130,128,2.464,0.5342257216307189,0.7739832796144875,0.5147142919984165,0.46664007976071786,0.5738315923691825,3.2169795034750224,0.36290911410631804,0.19999803602695465,0.6433895826339722,"{""bagging_fraction"": 0.9371268487985234, ""bagging_freq"": 1, ""bagging_seed"": 172, ""boosting_type"": ""gbdt"", ""data_random_seed"": 172, ""deterministic"": true, ""feature_fraction"": 0.6106114112155063, ""feature_fraction_seed"": 172, ""force_col_wise"": true, ""lambda_l1"": 7.648474663559516e-06, ""lambda_l2"": 1.7653392556070056e-05, ""learning_rate"": 0.013080298242256358, ""max_bin"": 63, ""max_depth"": -1, ""metric"": ""None"", ""min_data_in_leaf"": 96, ""min_gain_to_split"": 0.055270409501227635, ""num_leaves"": 27, ""objective"": ""binary"", ""scale_pos_weight"": 2.0, ""seed"": 172, ""verbosity"": -1}",1,0.2,128
131,128,2.962,0.5393960541323971,0.7765203313894176,0.5175033101814212,0.49161444081560596,0.5462704134176842,3.2571915759034233,0.4134924762617496,0.19999803602695465,0.6514319181442261,"{""bagging_fraction"": 0.9683499794137997, ""bagging_freq"": 1, ""bagging_seed"": 173, ""boosting_type"": ""gbdt"", ""data_random_seed"": 173, ""deterministic"": true, ""feature_fraction"": 0.9497644538782782, ""feature_fraction_seed"": 173, ""force_col_wise"": true, ""lambda_l1"": 7.915521167075224e-08, ""lambda_l2"": 9.260333052853408e-08, ""learning_rate"": 0.020485067842217024, ""max_bin"": 63, ""max_depth"": 8, ""metric"": ""None"", ""min_data_in_leaf"": 107, ""min_gain_to_split"": 0.11532643811098797, ""num_leaves"": 85, ""objective"": ""binary"", ""scale_pos_weight"": 2.0, ""seed"": 173, ""verbosity"": -1}",1,0.2,128
132,128,62.878,0.5388544669310643,0.7759633776238024,0.5174791070913968,0.472168284789644,0.5724093963022903,3.2571915759034233,0.3720184609583393,0.19999803602695465,0.6514319181442261,"{""bagging_fraction"": 0.9985047451836191, ""bagging_freq"": 1, ""bagging_seed"": 174, ""boosting_type"": ""gbdt"", ""data_random_seed"": 174, ""deterministic"": true, ""feature_fraction"": 0.7867272370987094, ""feature_fraction_seed"": 174, ""force_col_wise"": true, ""lambda_l1"": 2.4979050527818666e-08, ""lambda_l2"": 4.086812167093333e-05, ""learning_rate"": 0.013913828073398733, ""max_bin"": 127, ""max_depth"": 16, ""metric"": ""None"", ""min_data_in_leaf"": 1029, ""min_gain_to_split"": 0.3239366689376362, ""num_leaves"": 168, ""objective"": ""binary"", ""scale_pos_weight"": 2.0, ""seed"": 174, ""verbosity"": -1}",1,0.2,128
133,128,35.704,0.5418592297342392,0.7771466758242389,0.5189494016562687,0.47411764705882353,0.5731450149575793,3.270432281715775,0.40470543625751365,0.19999803602695465,0.6540800333023071,"{""bagging_fraction"": 0.7743877960943418, ""bagging_freq"": 1, ""bagging_seed"": 175, ""boosting_type"": ""gbdt"", ""data_random_seed"": 175, ""deterministic"": true, ""feature_fraction"": 0.9903853647551975, ""feature_fraction_seed"": 175, ""force_col_wise"": true, ""lambda_l1"": 0.0002773631024190378, ""lambda_l2"": 5.469688034549823, ""learning_rate"": 0.04769151634441131, ""max_bin"": 127, ""max_depth"": 16, ""metric"": ""None"", ""min_data_in_leaf"": 94, ""min_gain_to_split"": 0.38073236121714504, ""num_leaves"": 147, ""objective"": ""binary"", ""scale_pos_weight"": 2.0, ""seed"": 175, ""verbosity"": -1}",1,0.2,128
134,128,142.497,0.5402623089580423,0.7768671199919823,0.5180294111063858,0.47648851189986,0.5675052719336963,3.2567013228859274,0.41345384112743605,0.19999803602695465,0.6513338685035706,"{""bagging_fraction"": 0.939765072848959, ""bagging_freq"": 1, ""bagging_seed"": 176, ""boosting_type"": ""gbdt"", ""data_random_seed"": 176, ""deterministic"": true, ""feature_fraction"": 0.5964775655981723, ""feature_fraction_seed"": 176, ""force_col_wise"": true, ""lambda_l1"": 0.0020136338123492516, ""lambda_l2"": 1.6906555080729028e-05, ""learning_rate"": 0.048721712246662614, ""max_bin"": 63, ""max_depth"": 10, ""metric"": ""None"", ""min_data_in_leaf"": 102, ""min_gain_to_split"": 0.4086693773667128, ""num_leaves"": 22, ""objective"": ""binary"", ""scale_pos_weight"": 2.0, ""seed"": 176, ""verbosity"": -1}",1,0.2,128
135,128,32.929,0.5413185591466512,0.7771134734021359,0.5190761714412614,0.47432931531312145,0.5731450149575793,3.2611147921479944,0.4102401065138128,0.19999803602695465,0.6522165536880493,"{""bagging_fraction"": 0.6981681068189963, ""bagging_freq"": 1, ""bagging_seed"": 177, ""boosting_type"": ""gbdt"", ""data_random_seed"": 177, ""deterministic"": true, ""feature_fraction"": 0.7261713907887986, ""feature_fraction_seed"": 177, ""force_col_wise"": true, ""lambda_l1"": 0.00011466173306402728, ""lambda_l2"": 0.0012924331054216236, ""learning_rate"": 0.055544520092997714, ""max_bin"": 63, ""max_depth"": 8, ""metric"": ""None"", ""min_data_in_leaf"": 1561, ""min_gain_to_split"": 0.46181791144974826, ""num_leaves"": 207, ""objective"": ""binary"", ""scale_pos_weight"": 2.0, ""seed"": 177, ""verbosity"": -1}",1,0.2,128
136,128,33.532,0.5403534486748801,0.7771525521755558,0.51813661465136,0.4862795698924731,0.5544603011132362,3.25768212694707,0.5957765218328294,0.19999803602695465,0.6515300273895264,"{""bagging_fraction"": 0.624728184586288, ""bagging_freq"": 1, ""bagging_seed"": 178, ""boosting_type"": ""gbdt"", ""data_random_seed"": 178, ""deterministic"": true, ""feature_fraction"": 0.5925878957122249, ""feature_fraction_seed"": 178, ""force_col_wise"": true, ""lambda_l1"": 0.032212484256956095, ""lambda_l2"": 3.175926212171684e-05, ""learning_rate"": 0.04487700294788271, ""max_bin"": 63, ""max_depth"": 16, ""metric"": ""None"", ""min_data_in_leaf"": 202, ""min_gain_to_split"": 0.21453897256014365, ""num_leaves"": 37, ""objective"": ""binary"", ""scale_pos_weight"": 4.0, ""seed"": 178, ""verbosity"": -1}",1,0.2,128
137,128,2.242,0.541843493765743,0.7773264851999957,0.5187432578209277,0.4787803360298693,0.5659849933794321,3.2709225347332715,0.41507307553955947,0.19999803602695465,0.6541780829429626,"{""bagging_fraction"": 0.8188275380832284, ""bagging_freq"": 1, ""bagging_seed"": 179, ""boosting_type"": ""gbdt"", ""data_random_seed"": 179, ""deterministic"": true, ""feature_fraction"": 0.9673771868312724, ""feature_fraction_seed"": 179, ""force_col_wise"": true, ""lambda_l1"": 0.010484046316884595, ""lambda_l2"": 2.9729247248588752e-08, ""learning_rate"": 0.07737193383845976, ""max_bin"": 127, ""max_depth"": 10, ""metric"": ""None"", ""min_data_in_leaf"": 1056, ""min_gain_to_split"": 0.9455198910219065, ""num_leaves"": 31, ""objective"": ""binary"", ""scale_pos_weight"": 2.0, ""seed"": 179, ""verbosity"": -1}",1,0.2,128
138,128,2.254,0.5394031412414989,0.7766593541311196,0.5174922219486536,0.47599440006588156,0.566916777009465,3.2493454414404317,0.25826673981184545,0.19999803602695465,0.6498627066612244,"{""bagging_fraction"": 0.80320060622437, ""bagging_freq"": 1, ""bagging_seed"": 180, ""boosting_type"": ""gbdt"", ""data_random_seed"": 180, ""deterministic"": true, ""feature_fraction"": 0.8561884625514649, ""feature_fraction_seed"": 180, ""force_col_wise"": true, ""lambda_l1"": 1.732973552525046e-08, ""lambda_l2"": 0.04910657570442836, ""learning_rate"": 0.12206500839215789, ""max_bin"": 63, ""max_depth"": 16, ""metric"": ""None"", ""min_data_in_leaf"": 58, ""min_gain_to_split"": 0.8521453370691817, ""num_leaves"": 77, ""objective"": ""binary"", ""scale_pos_weight"": 1.0, ""seed"": 180, ""verbosity"": -1}",1,0.2,128
139,128,1.955,0.5386576451120673,0.775916630763564,0.5175278357689631,0.4649318172937913,0.5835417586189986,3.2478740863356426,0.2465960359034969,0.19999803602695465,0.6495684385299683,"{""bagging_fraction"": 0.9454436289021428, ""bagging_freq"": 1, ""bagging_seed"": 181, ""boosting_type"": ""gbdt"", ""data_random_seed"": 181, ""deterministic"": true, ""feature_fraction"": 0.6988222300357475, ""feature_fraction_seed"": 181, ""force_col_wise"": true, ""lambda_l1"": 2.2779557736193187e-05, ""lambda_l2"": 0.0012181511952514814, ""learning_rate"": 0.035299882065689576, ""max_bin"": 127, ""max_depth"": 8, ""metric"": ""None"", ""min_data_in_leaf"": 910, ""min_gain_to_split"": 0.2703417881993275, ""num_leaves"": 15, ""objective"": ""binary"", ""scale_pos_weight"": 1.0, ""seed"": 181, ""verbosity"": -1}",1,0.2,128
140,128,2.314,0.541482759427639,0.777251383223565,0.5187469494608865,0.4736458291131548,0.573341179932323,3.2655282614100614,0.4097161150877475,0.19999803602695465,0.6530992388725281,"{""bagging_fraction"": 0.9350389547660816, ""bagging_freq"": 1, ""bagging_seed"": 182, ""boosting_type"": ""gbdt"", ""data_random_seed"": 182, ""deterministic"": true, ""feature_fraction"": 0.9836109604999692, ""feature_fraction_seed"": 182, ""force_col_wise"": true, ""lambda_l1"": 4.880717093491541e-07, ""lambda_l2"": 0.002230767192192549, ""learning_rate"": 0.08153844253486259, ""max_bin"": 127, ""max_depth"": 6, ""metric"": ""None"", ""min_data_in_leaf"": 1760, ""min_gain_to_split"": 0.8781474246555374, ""num_leaves"": 61, ""objective"": ""binary"", ""scale_pos_weight"": 2.0, ""seed"": 182, ""verbosity"": -1}",1,0.2,128
141,128,3.484,0.5392115363508037,0.7761905699860259,0.5171601182569947,0.4591623235819987,0.5919278112892943,3.2532686576850027,0.3529335917910895,0.19999803602695465,0.6506473422050476,"{""bagging_fraction"": 0.99196493334303, ""bagging_freq"": 1, ""bagging_seed"": 183, ""boosting_type"": ""gbdt"", ""data_random_seed"": 183, ""deterministic"": true, ""feature_fraction"": 0.8039767061616303, ""feature_fraction_seed"": 183, ""force_col_wise"": true, ""lambda_l1"": 0.0029167746340093945, ""lambda_l2"": 6.680584644821724e-05, ""learning_rate"": 0.013149525390412215, ""max_bin"": 63, ""max_depth"": 8, ""metric"": ""None"", ""min_data_in_leaf"": 296, ""min_gain_to_split"": 0.3699843678471978, ""num_leaves"": 149, ""objective"": ""binary"", ""scale_pos_weight"": 2.0, ""seed"": 183, ""verbosity"": -1}",1,0.2,128
142,128,133.668,0.5375604863343814,0.7751653124768828,0.5160044526227311,0.4806585407144066,0.5569614045412191,3.2478740863356426,0.3784722181175342,0.19999803602695465,0.6495684385299683,"{""bagging_fraction"": 0.943450415350666, ""bagging_freq"": 1, ""bagging_seed"": 184, ""boosting_type"": ""gbdt"", ""data_random_seed"": 184, ""deterministic"": true, ""feature_fraction"": 0.6867084782844749, ""feature_fraction_seed"": 184, ""force_col_wise"": true, ""lambda_l1"": 1.643361846113171e-08, ""lambda_l2"": 0.0004831889500174527, ""learning_rate"": 0.013779965390482702, ""max_bin"": 127, ""max_depth"": 6, ""metric"": ""None"", ""min_data_in_leaf"": 143, ""min_gain_to_split"": 0.46367571468150104, ""num_leaves"": 143, ""objective"": ""binary"", ""scale_pos_weight"": 2.0, ""seed"": 184, ""verbosity"": -1}",1,0.2,128
143,128,3.14,0.5398988742952542,0.7763704812742551,0.5171941272430669,0.4647045028142589,0.5830513461821392,3.2655282614100614,0.23951710578184485,0.19999803602695465,0.6530992388725281,"{""bagging_fraction"": 0.5680427544427492, ""bagging_freq"": 1, ""bagging_seed"": 185, ""boosting_type"": ""gbdt"", ""data_random_seed"": 185, ""deterministic"": true, ""feature_fraction"": 0.828421650176339, ""feature_fraction_seed"": 185, ""force_col_wise"": true, ""lambda_l1"": 0.0001430687473470037, ""lambda_l2"": 0.0005014851137899909, ""learning_rate"": 0.015565517008600847, ""max_bin"": 63, ""max_depth"": 12, ""metric"": ""None"", ""min_data_in_leaf"": 201, ""min_gain_to_split"": 0.2143264028549866, ""num_leaves"": 100, ""objective"": ""binary"", ""scale_pos_weight"": 1.0, ""seed"": 185, ""verbosity"": -1}",1,0.2,128
144,128,2.298,0.5357668691725652,0.7751820627988082,0.5163323653227078,0.4772367873491469,0.5624049825903585,3.2326720704271557,0.5384166340649357,0.19999803602695465,0.6465280652046204,"{""bagging_fraction"": 0.9140363211280371, ""bagging_freq"": 1, ""bagging_seed"": 186, ""boosting_type"": ""gbdt"", ""data_random_seed"": 186, ""deterministic"": true, ""feature_fraction"": 0.7322473276731178, ""feature_fraction_seed"": 186, ""force_col_wise"": true, ""lambda_l1"": 5.885103539203035, ""lambda_l2"": 5.328653981158508e-08, ""learning_rate"": 0.016659539031348078, ""max_bin"": 63, ""max_depth"": 6, ""metric"": ""None"", ""min_data_in_leaf"": 1647, ""min_gain_to_split"": 0.651669467934994, ""num_leaves"": 40, ""objective"": ""binary"", ""scale_pos_weight"": 4.0, ""seed"": 186, ""verbosity"": -1}",1,0.2,128
145,128,2.863,0.5416346991396503,0.7775301303698317,0.5181913591044254,0.46754783981061354,0.5811387376783875,3.262095596209137,0.5739641024606891,0.19999803602695465,0.6524127125740051,"{""bagging_fraction"": 0.7905703380801739, ""bagging_freq"": 1, ""bagging_seed"": 187, ""boosting_type"": ""gbdt"", ""data_random_seed"": 187, ""deterministic"": true, ""feature_fraction"": 0.5661544987033116, ""feature_fraction_seed"": 187, ""force_col_wise"": true, ""lambda_l1"": 8.747560827161315, ""lambda_l2"": 4.249792578324629, ""learning_rate"": 0.05570800090540794, ""max_bin"": 63, ""max_depth"": 16, ""metric"": ""None"", ""min_data_in_leaf"": 245, ""min_gain_to_split"": 0.04039922884216318, ""num_leaves"": 51, ""objective"": ""binary"", ""scale_pos_weight"": 4.0, ""seed"": 187, ""verbosity"": -1}",1,0.2,128
146,128,2.673,0.5375917108372331,0.7761058398362884,0.5177608165275197,0.47624145598287076,0.5672110244715806,3.2493454414404317,0.5646942537406674,0.19999803602695465,0.6498627066612244,"{""bagging_fraction"": 0.6028769720136707, ""bagging_freq"": 1, ""bagging_seed"": 188, ""boosting_type"": ""gbdt"", ""data_random_seed"": 188, ""deterministic"": true, ""feature_fraction"": 0.9268640847044995, ""feature_fraction_seed"": 188, ""force_col_wise"": true, ""lambda_l1"": 3.454769174068021e-08, ""lambda_l2"": 0.3253636106748252, ""learning_rate"": 0.022641386688203237, ""max_bin"": 63, ""max_depth"": 8, ""metric"": ""None"", ""min_data_in_leaf"": 1579, ""min_gain_to_split"": 0.15575767097457938, ""num_leaves"": 194, ""objective"": ""binary"", ""scale_pos_weight"": 4.0, ""seed"": 188, ""verbosity"": -1}",1,0.2,128
147,128,2.73,0.5404364748707019,0.776565486430951,0.5168019071196076,0.4851732300408866,0.5528419400716003,3.2503262455015745,0.2685738297000194,0.19999803602695465,0.6500588655471802,"{""bagging_fraction"": 0.578402726816742, ""bagging_freq"": 1, ""bagging_seed"": 189, ""boosting_type"": ""gbdt"", ""data_random_seed"": 189, ""deterministic"": true, ""feature_fraction"": 0.7502572246842965, ""feature_fraction_seed"": 189, ""force_col_wise"": true, ""lambda_l1"": 5.233242892154939, ""lambda_l2"": 6.250110070086902e-06, ""learning_rate"": 0.11939867927283697, ""max_bin"": 127, ""max_depth"": 10, ""metric"": ""None"", ""min_data_in_leaf"": 216, ""min_gain_to_split"": 0.18936349167285382, ""num_leaves"": 75, ""objective"": ""binary"", ""scale_pos_weight"": 1.0, ""seed"": 189, ""verbosity"": -1}",1,0.2,128
148,128,1.932,0.5414137636074053,0.777135931123138,0.518259358349912,0.4855184233076264,0.5557353734490706,3.2625858492266335,0.5981094174715507,0.19999803602695465,0.6525107622146606,"{""bagging_fraction"": 0.9891538931655534, ""bagging_freq"": 1, ""bagging_seed"": 190, ""boosting_type"": ""gbdt"", ""data_random_seed"": 190, ""deterministic"": true, ""feature_fraction"": 0.9235086306215627, ""feature_fraction_seed"": 190, ""force_col_wise"": true, ""lambda_l1"": 0.3796574265842266, ""lambda_l2"": 3.093436186310652, ""learning_rate"": 0.13620432082858766, ""max_bin"": 127, ""max_depth"": 12, ""metric"": ""None"", ""min_data_in_leaf"": 681, ""min_gain_to_split"": 0.12693525679091977, ""num_leaves"": 20, ""objective"": ""binary"", ""scale_pos_weight"": 4.0, ""seed"": 190, ""verbosity"": -1}",1,0.2,128
149,128,3.206,0.5413717150430816,0.7771339148194452,0.5181060957557279,0.4714515480498593,0.5750085822176451,3.266018812453708,0.4057252368644408,0.19999803602695465,0.6531973481178284,"{""bagging_fraction"": 0.8671772453694314, ""bagging_freq"": 1, ""bagging_seed"": 191, ""boosting_type"": ""gbdt"", ""data_random_seed"": 191, ""deterministic"": true, ""feature_fraction"": 0.98731171839102, ""feature_fraction_seed"": 191, ""force_col_wise"": true, ""lambda_l1"": 0.0002220473043658534, ""lambda_l2"": 0.00012812524861746232, ""learning_rate"": 0.04382928784087247, ""max_bin"": 63, ""max_depth"": 12, ""metric"": ""None"", ""min_data_in_leaf"": 1378, ""min_gain_to_split"": 0.3863414572231818, ""num_leaves"": 70, ""objective"": ""binary"", ""scale_pos_weight"": 2.0, ""seed"": 191, ""verbosity"": -1}",1,0.2,128
150,128,2.286,0.5361710071728694,0.7754972717625315,0.516825978787482,0.46561283472926746,0.5806973664852141,3.2302199112612238,0.5620685147158709,0.19999803602695465,0.6460376381874084,"{""bagging_fraction"": 0.9688080198450792, ""bagging_freq"": 1, ""bagging_seed"": 192, ""boosting_type"": ""gbdt"", ""data_random_seed"": 192, ""deterministic"": true, ""feature_fraction"": 0.7507328018141017, ""feature_fraction_seed"": 192, ""force_col_wise"": true, ""lambda_l1"": 0.0032358551854106852, ""lambda_l2"": 2.072926195112793e-08, ""learning_rate"": 0.02887006584318017, ""max_bin"": 63, ""max_depth"": 12, ""metric"": ""None"", ""min_data_in_leaf"": 888, ""min_gain_to_split"": 0.15752334131747947, ""num_leaves"": 19, ""objective"": ""binary"", ""scale_pos_weight"": 4.0, ""seed"": 192, ""verbosity"": -1}",1,0.2,128
151,128,26.864,0.5416785588770406,0.7773314695917097,0.5184100789637122,0.4732515287733366,0.5730959737138934,3.2684706735934896,0.2573040373755865,0.19999803602695465,0.6536877155303955,"{""bagging_fraction"": 0.9897367284614609, ""bagging_freq"": 1, ""bagging_seed"": 193, ""boosting_type"": ""gbdt"", ""data_random_seed"": 193, ""deterministic"": true, ""feature_fraction"": 0.9712796192380883, ""feature_fraction_seed"": 193, ""force_col_wise"": true, ""lambda_l1"": 1.3404293187832498e-06, ""lambda_l2"": 2.7673162527233148e-08, ""learning_rate"": 0.1404606291686996, ""max_bin"": 127, ""max_depth"": 6, ""metric"": ""None"", ""min_data_in_leaf"": 335, ""min_gain_to_split"": 0.1536018325377585, ""num_leaves"": 28, ""objective"": ""binary"", ""scale_pos_weight"": 1.0, ""seed"": 193, ""verbosity"": -1}",1,0.2,128
152,128,41.193,0.5391589825013977,0.7763412510335586,0.5178787119123043,0.48373637602179836,0.5572066107596488,3.267489869532347,0.3952827808568822,0.19999803602695465,0.6534915566444397,"{""bagging_fraction"": 0.6408402632242935, ""bagging_freq"": 1, ""bagging_seed"": 194, ""boosting_type"": ""gbdt"", ""data_random_seed"": 194, ""deterministic"": true, ""feature_fraction"": 0.8316953005145864, ""feature_fraction_seed"": 194, ""force_col_wise"": true, ""lambda_l1"": 0.1604178110872835, ""lambda_l2"": 0.003631618138407318, ""learning_rate"": 0.01696226775380612, ""max_bin"": 127, ""max_depth"": 8, ""metric"": ""None"", ""min_data_in_leaf"": 363, ""min_gain_to_split"": 0.8641368291927248, ""num_leaves"": 75, ""objective"": ""binary"", ""scale_pos_weight"": 2.0, ""seed"": 194, ""verbosity"": -1}",1,0.2,128
153,128,2.327,0.5371076735203358,0.775106126583113,0.5171163001586941,0.48083814663350055,0.5593153842381443,3.240027951872651,0.2596710780871629,0.19999803602695465,0.6479992270469666,"{""bagging_fraction"": 0.975562143321013, ""bagging_freq"": 1, ""bagging_seed"": 195, ""boosting_type"": ""gbdt"", ""data_random_seed"": 195, ""deterministic"": true, ""feature_fraction"": 0.7470287045541267, ""feature_fraction_seed"": 195, ""force_col_wise"": true, ""lambda_l1"": 2.53973498453598e-05, ""lambda_l2"": 0.08648861111116771, ""learning_rate"": 0.025654470854441464, ""max_bin"": 63, ""max_depth"": 16, ""metric"": ""None"", ""min_data_in_leaf"": 115, ""min_gain_to_split"": 0.540476692170755, ""num_leaves"": 19, ""objective"": ""binary"", ""scale_pos_weight"": 1.0, ""seed"": 195, ""verbosity"": -1}",1,0.2,128
154,128,25.529,0.5384749106706574,0.7763202206884225,0.5174302674703766,0.4857142857142857,0.5535775587268893,3.2478740863356426,0.575060337277227,0.19999803602695465,0.6495684385299683,"{""bagging_fraction"": 0.8748580507807044, ""bagging_freq"": 1, ""bagging_seed"": 196, ""boosting_type"": ""gbdt"", ""data_random_seed"": 196, ""deterministic"": true, ""feature_fraction"": 0.6528905211979517, ""feature_fraction_seed"": 196, ""force_col_wise"": true, ""lambda_l1"": 3.310223934539443e-07, ""lambda_l2"": 2.691703546894392, ""learning_rate"": 0.02383485936603723, ""max_bin"": 127, ""max_depth"": 6, ""metric"": ""None"", ""min_data_in_leaf"": 249, ""min_gain_to_split"": 0.1879035790364767, ""num_leaves"": 95, ""objective"": ""binary"", ""scale_pos_weight"": 4.0, ""seed"": 196, ""verbosity"": -1}",1,0.2,128
155,128,3.173,0.5420144704283161,0.7774546003008919,0.5190418368473342,0.4720125281079345,0.5764798195282232,3.2640572043314227,0.2534881904264291,0.19999803602695465,0.6528050303459167,"{""bagging_fraction"": 0.9976667017733237, ""bagging_freq"": 1, ""bagging_seed"": 197, ""boosting_type"": ""gbdt"", ""data_random_seed"": 197, ""deterministic"": true, ""feature_fraction"": 0.7465003702024777, ""feature_fraction_seed"": 197, ""force_col_wise"": true, ""lambda_l1"": 0.0002379718101093318, ""lambda_l2"": 0.0002002254261459788, ""learning_rate"": 0.038483903134494804, ""max_bin"": 127, ""max_depth"": -1, ""metric"": ""None"", ""min_data_in_leaf"": 326, ""min_gain_to_split"": 0.4217660627145613, ""num_leaves"": 65, ""objective"": ""binary"", ""scale_pos_weight"": 1.0, ""seed"": 197, ""verbosity"": -1}",1,0.2,128
156,128,2.119,0.5406689971539672,0.7773141540914716,0.5183047455023623,0.4932228915662651,0.5460742484429405,3.2596437350693557,0.6037650899177013,0.19999803602695465,0.651922345161438,"{""bagging_fraction"": 0.7610522855557025, ""bagging_freq"": 1, ""bagging_seed"": 198, ""boosting_type"": ""gbdt"", ""data_random_seed"": 198, ""deterministic"": true, ""feature_fraction"": 0.9916241955638507, ""feature_fraction_seed"": 198, ""force_col_wise"": true, ""lambda_l1"": 1.1770593034068746, ""lambda_l2"": 0.00019056825581755367, ""learning_rate"": 0.049816259026612256, ""max_bin"": 127, ""max_depth"": 12, ""metric"": ""None"", ""min_data_in_leaf"": 60, ""min_gain_to_split"": 0.060330818574221734, ""num_leaves"": 29, ""objective"": ""binary"", ""scale_pos_weight"": 4.0, ""seed"": 198, ""verbosity"": -1}",1,0.2,128
157,128,3.58,0.5414800859650908,0.7768904453218196,0.5185756757370129,0.48263771544440687,0.5602962091118631,3.2640572043314227,0.585642945284324,0.19999803602695465,0.6528050303459167,"{""bagging_fraction"": 0.9353030517084734, ""bagging_freq"": 1, ""bagging_seed"": 199, ""boosting_type"": ""gbdt"", ""data_random_seed"": 199, ""deterministic"": true, ""feature_fraction"": 0.8370715349109903, ""feature_fraction_seed"": 199, ""force_col_wise"": true, ""lambda_l1"": 0.004781773334450422, ""lambda_l2"": 1.3460547146622484e-05, ""learning_rate"": 0.05785264489481187, ""max_bin"": 127, ""max_depth"": 12, ""metric"": ""None"", ""min_data_in_leaf"": 243, ""min_gain_to_split"": 0.6625295943661998, ""num_leaves"": 137, ""objective"": ""binary"", ""scale_pos_weight"": 4.0, ""seed"": 199, ""verbosity"": -1}",1,0.2,128
158,128,2.491,0.5417485247150421,0.7769079814821009,0.5176265110079514,0.4870475284348917,0.5523024863910548,3.274355497960346,0.42546980812546287,0.19999803602695465,0.6548646688461304,"{""bagging_fraction"": 0.8814578919020799, ""bagging_freq"": 1, ""bagging_seed"": 200, ""boosting_type"": ""gbdt"", ""data_random_seed"": 200, ""deterministic"": true, ""feature_fraction"": 0.7775930416342336, ""feature_fraction_seed"": 200, ""force_col_wise"": true, ""lambda_l1"": 0.000137209815413004, ""lambda_l2"": 8.698738519258921e-07, ""learning_rate"": 0.13481491125595033, ""max_bin"": 63, ""max_depth"": 10, ""metric"": ""None"", ""min_data_in_leaf"": 1000, ""min_gain_to_split"": 0.7452038427810108, ""num_leaves"": 43, ""objective"": ""binary"", ""scale_pos_weight"": 2.0, ""seed"": 200, ""verbosity"": -1}",1,0.2,128
159,128,3.025,0.5392654356863557,0.7760761340040545,0.5177822911715138,0.4627862963964312,0.5876121818449316,3.2611147921479944,0.24065436296282774,0.19999803602695465,0.6522165536880493,"{""bagging_fraction"": 0.6726639238371512, ""bagging_freq"": 1, ""bagging_seed"": 201, ""boosting_type"": ""gbdt"", ""data_random_seed"": 201, ""deterministic"": true, ""feature_fraction"": 0.9526095490905168, ""feature_fraction_seed"": 201, ""force_col_wise"": true, ""lambda_l1"": 9.92015201803532e-08, ""lambda_l2"": 4.021795054193866, ""learning_rate"": 0.0171219218662483, ""max_bin"": 63, ""max_depth"": -1, ""metric"": ""None"", ""min_data_in_leaf"": 787, ""min_gain_to_split"": 0.15442308802214244, ""num_leaves"": 89, ""objective"": ""binary"", ""scale_pos_weight"": 1.0, ""seed"": 201, ""verbosity"": -1}",1,0.2,128
160,128,2.294,0.5390309616293059,0.7760838489886479,0.5173791988503682,0.47715883205632637,0.5650041685057133,3.2532686576850027,0.399635368076531,0.19999803602695465,0.6506473422050476,"{""bagging_fraction"": 0.6288312555352017, ""bagging_freq"": 1, ""bagging_seed"": 202, ""boosting_type"": ""gbdt"", ""data_random_seed"": 202, ""deterministic"": true, ""feature_fraction"": 0.8686708992291858, ""feature_fraction_seed"": 202, ""force_col_wise"": true, ""lambda_l1"": 1.656317855694635e-05, ""lambda_l2"": 0.00020213631064803164, ""learning_rate"": 0.022010505856177347, ""max_bin"": 127, ""max_depth"": 6, ""metric"": ""None"", ""min_data_in_leaf"": 827, ""min_gain_to_split"": 0.14742595348558585, ""num_leaves"": 67, ""objective"": ""binary"", ""scale_pos_weight"": 2.0, ""seed"": 202, ""verbosity"": -1}",1,0.2,128
161,128,2.076,0.535856030989622,0.7754717184877609,0.5168798822597079,0.4801043156389333,0.5597567554313178,3.2297296582437274,0.5688686168492513,0.19999803602695465,0.6459395885467529,"{""bagging_fraction"": 0.5814692341645876, ""bagging_freq"": 1, ""bagging_seed"": 203, ""boosting_type"": ""gbdt"", ""data_random_seed"": 203, ""deterministic"": true, ""feature_fraction"": 0.8672626884358868, ""feature_fraction_seed"": 203, ""force_col_wise"": true, ""lambda_l1"": 0.00021384934080260942, ""lambda_l2"": 0.10962276635939507, ""learning_rate"": 0.023047720894623303, ""max_bin"": 63, ""max_depth"": 6, ""metric"": ""None"", ""min_data_in_leaf"": 381, ""min_gain_to_split"": 0.7479901289524469, ""num_leaves"": 22, ""objective"": ""binary"", ""scale_pos_weight"": 4.0, ""seed"": 203, ""verbosity"": -1}",1,0.2,128
162,128,2.44,0.5407272270835282,0.7769774349823003,0.5184760156070691,0.487294533845291,0.5539208474326909,3.259153184025709,0.2688802630318247,0.19999803602695465,0.6518242359161377,"{""bagging_fraction"": 0.7603680427428574, ""bagging_freq"": 1, ""bagging_seed"": 204, ""boosting_type"": ""gbdt"", ""data_random_seed"": 204, ""deterministic"": true, ""feature_fraction"": 0.6293600093880106, ""feature_fraction_seed"": 204, ""force_col_wise"": true, ""lambda_l1"": 3.3770710804141956e-05, ""lambda_l2"": 1.4734793292961488e-06, ""learning_rate"": 0.03366447845901402, ""max_bin"": 63, ""max_depth"": 6, ""metric"": ""None"", ""min_data_in_leaf"": 189, ""min_gain_to_split"": 0.7517807092307816, ""num_leaves"": 153, ""objective"": ""binary"", ""scale_pos_weight"": 1.0, ""seed"": 204, ""verbosity"": -1}",1,0.2,128
163,128,2.168,0.5360552917988497,0.7750758561738199,0.5164490288598705,0.4673869865734488,0.5770192732087686,3.2248256379380136,0.3879228202691984,0.19999803602695465,0.6449587941169739,"{""bagging_fraction"": 0.7161727786034359, ""bagging_freq"": 1, ""bagging_seed"": 205, ""boosting_type"": ""gbdt"", ""data_random_seed"": 205, ""deterministic"": true, ""feature_fraction"": 0.6863340829767859, ""feature_fraction_seed"": 205, ""force_col_wise"": true, ""lambda_l1"": 1.3303789468429448e-06, ""lambda_l2"": 0.073858317197968, ""learning_rate"": 0.020933545374441236, ""max_bin"": 63, ""max_depth"": 6, ""metric"": ""None"", ""min_data_in_leaf"": 252, ""min_gain_to_split"": 0.9300033473547173, ""num_leaves"": 22, ""objective"": ""binary"", ""scale_pos_weight"": 2.0, ""seed"": 205, ""verbosity"": -1}",1,0.2,128
164,128,54.83,0.5414949189990121,0.7766352643074266,0.5193467506945856,0.4814070351758794,0.5637781374135649,3.2689612246371365,0.5843928645800578,0.19999803602695465,0.6537858247756958,"{""bagging_fraction"": 0.9588737109500389, ""bagging_freq"": 1, ""bagging_seed"": 206, ""boosting_type"": ""gbdt"", ""data_random_seed"": 206, ""deterministic"": true, ""feature_fraction"": 0.9504007599429409, ""feature_fraction_seed"": 206, ""force_col_wise"": true, ""lambda_l1"": 0.1327588220339914, ""lambda_l2"": 0.00014072864939322914, ""learning_rate"": 0.05704595109538354, ""max_bin"": 127, ""max_depth"": 10, ""metric"": ""None"", ""min_data_in_leaf"": 481, ""min_gain_to_split"": 0.08115400042389931, ""num_leaves"": 175, ""objective"": ""binary"", ""scale_pos_weight"": 4.0, ""seed"": 206, ""verbosity"": -1}",1,0.2,128
165,128,2.763,0.5406474403648289,0.7773496412769659,0.5181417877586966,0.4701346438131767,0.5770683144524545,3.2645474573489186,0.572064497709835,0.19999803602695465,0.6529030799865723,"{""bagging_fraction"": 0.7984732164869922, ""bagging_freq"": 1, ""bagging_seed"": 207, ""boosting_type"": ""gbdt"", ""data_random_seed"": 207, ""deterministic"": true, ""feature_fraction"": 0.8056753080811141, ""feature_fraction_seed"": 207, ""force_col_wise"": true, ""lambda_l1"": 0.33846780837123336, ""lambda_l2"": 9.504164167394325e-08, ""learning_rate"": 0.03641090668344682, ""max_bin"": 63, ""max_depth"": -1, ""metric"": ""None"", ""min_data_in_leaf"": 225, ""min_gain_to_split"": 0.22517766610554546, ""num_leaves"": 61, ""objective"": ""binary"", ""scale_pos_weight"": 4.0, ""seed"": 207, ""verbosity"": -1}",1,0.2,128
166,128,55.815,0.5419697550746754,0.7766293383526939,0.5188878408121098,0.47864097783302256,0.5665244470599774,3.2684706735934896,0.41471912290137547,0.19999803602695465,0.6536877155303955,"{""bagging_fraction"": 0.7307477353042194, ""bagging_freq"": 1, ""bagging_seed"": 208, ""boosting_type"": ""gbdt"", ""data_random_seed"": 208, ""deterministic"": true, ""feature_fraction"": 0.6914565741834572, ""feature_fraction_seed"": 208, ""force_col_wise"": true, ""lambda_l1"": 2.586818411727129e-06, ""lambda_l2"": 0.0028621644535955283, ""learning_rate"": 0.09934214398912138, ""max_bin"": 127, ""max_depth"": 12, ""metric"": ""None"", ""min_data_in_leaf"": 1332, ""min_gain_to_split"": 0.9388053542070384, ""num_leaves"": 251, ""objective"": ""binary"", ""scale_pos_weight"": 2.0, ""seed"": 208, ""verbosity"": -1}",1,0.2,128
167,128,13.011,0.5405760918893621,0.77718553814639,0.5181976127620208,0.4798980274155801,0.5631406012456476,3.261605343191641,0.58852406152563,0.19999803602695465,0.6523146629333496,"{""bagging_fraction"": 0.5760754050421585, ""bagging_freq"": 1, ""bagging_seed"": 209, ""boosting_type"": ""gbdt"", ""data_random_seed"": 209, ""deterministic"": true, ""feature_fraction"": 0.637833488418395, ""feature_fraction_seed"": 209, ""force_col_wise"": true, ""lambda_l1"": 3.4965658134839805, ""lambda_l2"": 4.225873345350016e-05, ""learning_rate"": 0.04519443141350814, ""max_bin"": 63, ""max_depth"": 8, ""metric"": ""None"", ""min_data_in_leaf"": 94, ""min_gain_to_split"": 0.8341208920021081, ""num_leaves"": 35, ""objective"": ""binary"", ""scale_pos_weight"": 4.0, ""seed"": 209, ""verbosity"": -1}",1,0.2,128
168,128,2.11,0.5346060579361336,0.7749153371155005,0.5161085685803616,0.47963953341474713,0.5585797655828552,3.223844833876871,0.5420997889305176,0.19999803602695465,0.6447626352310181,"{""bagging_fraction"": 0.6130249321102708, ""bagging_freq"": 1, ""bagging_seed"": 210, ""boosting_type"": ""gbdt"", ""data_random_seed"": 210, ""deterministic"": true, ""feature_fraction"": 0.9609783326658892, ""feature_fraction_seed"": 210, ""force_col_wise"": true, ""lambda_l1"": 0.012571222991726881, ""lambda_l2"": 0.2139266470069641, ""learning_rate"": 0.016815771616972487, ""max_bin"": 127, ""max_depth"": 6, ""metric"": ""None"", ""min_data_in_leaf"": 133, ""min_gain_to_split"": 0.235256388415645, ""num_leaves"": 25, ""objective"": ""binary"", ""scale_pos_weight"": 4.0, ""seed"": 210, ""verbosity"": -1}",1,0.2,128
169,128,1.934,0.5409995885875607,0.776734701418988,0.5174696497094001,0.47699817971206354,0.5654455396988868,3.258662931008213,0.5873677447361264,0.19999803602695465,0.6517261862754822,"{""bagging_fraction"": 0.6638656374683576, ""bagging_freq"": 1, ""bagging_seed"": 211, ""boosting_type"": ""gbdt"", ""data_random_seed"": 211, ""deterministic"": true, ""feature_fraction"": 0.7446320169590648, ""feature_fraction_seed"": 211, ""force_col_wise"": true, ""lambda_l1"": 0.09596652696320218, ""lambda_l2"": 0.0884390541260632, ""learning_rate"": 0.13625806937635065, ""max_bin"": 127, ""max_depth"": 6, ""metric"": ""None"", ""min_data_in_leaf"": 244, ""min_gain_to_split"": 0.37831801422378564, ""num_leaves"": 32, ""objective"": ""binary"", ""scale_pos_weight"": 4.0, ""seed"": 211, ""verbosity"": -1}",1,0.2,128
170,128,1.809,0.5338911814877619,0.7725870673198889,0.514436276680542,0.46893795664634885,0.5697121278995635,3.2120754831693086,0.2455577902673231,0.19999803602695465,0.6424087882041931,"{""bagging_fraction"": 0.6435991331688073, ""bagging_freq"": 1, ""bagging_seed"": 212, ""boosting_type"": ""gbdt"", ""data_random_seed"": 212, ""deterministic"": true, ""feature_fraction"": 0.5673899394220981, ""feature_fraction_seed"": 212, ""force_col_wise"": true, ""lambda_l1"": 0.00046798483753146287, ""lambda_l2"": 0.19474513984032948, ""learning_rate"": 0.017807197187332355, ""max_bin"": 127, ""max_depth"": 10, ""metric"": ""None"", ""min_data_in_leaf"": 1957, ""min_gain_to_split"": 0.08904200507505322, ""num_leaves"": 15, ""objective"": ""binary"", ""scale_pos_weight"": 1.0, ""seed"": 212, ""verbosity"": -1}",1,0.2,128
171,128,2.255,0.5411606827231922,0.7770692791637337,0.5183777792856982,0.48106633081444167,0.561963611397185,3.2655282614100614,0.5903772810132053,0.19999803602695465,0.6530992388725281,"{""bagging_fraction"": 0.7345219541117475, ""bagging_freq"": 1, ""bagging_seed"": 213, ""boosting_type"": ""gbdt"", ""data_random_seed"": 213, ""deterministic"": true, ""feature_fraction"": 0.6379731223284644, ""feature_fraction_seed"": 213, ""force_col_wise"": true, ""lambda_l1"": 0.00020642090285164283, ""lambda_l2"": 0.5705973631293083, ""learning_rate"": 0.07561871951209548, ""max_bin"": 127, ""max_depth"": 8, ""metric"": ""None"", ""min_data_in_leaf"": 100, ""min_gain_to_split"": 0.6422524185679935, ""num_leaves"": 43, ""objective"": ""binary"", ""scale_pos_weight"": 4.0, ""seed"": 213, ""verbosity"": -1}",1,0.2,128
172,128,2.421,0.5406957611953155,0.7766402114214221,0.5176202934819703,0.48277032761840094,0.557893188171252,3.2596437350693557,0.2681459644717751,0.19999803602695465,0.651922345161438,"{""bagging_fraction"": 0.87841686083629, ""bagging_freq"": 1, ""bagging_seed"": 214, ""boosting_type"": ""gbdt"", ""data_random_seed"": 214, ""deterministic"": true, ""feature_fraction"": 0.6606440141522765, ""feature_fraction_seed"": 214, ""force_col_wise"": true, ""lambda_l1"": 0.06182416279226734, ""lambda_l2"": 7.587382473106909e-08, ""learning_rate"": 0.1432460384699979, ""max_bin"": 63, ""max_depth"": 10, ""metric"": ""None"", ""min_data_in_leaf"": 1507, ""min_gain_to_split"": 0.468231405693584, ""num_leaves"": 48, ""objective"": ""binary"", ""scale_pos_weight"": 1.0, ""seed"": 214, ""verbosity"": -1}",1,0.2,128
173,128,2.317,0.5375923413742438,0.7750860113458403,0.5168209528110183,0.47889033013933635,0.5612770339855818,3.2493454414404317,0.2541677882563842,0.19999803602695465,0.6498627066612244,"{""bagging_fraction"": 0.9584222011257171, ""bagging_freq"": 1, ""bagging_seed"": 215, ""boosting_type"": ""gbdt"", ""data_random_seed"": 215, ""deterministic"": true, ""feature_fraction"": 0.9082272014316419, ""feature_fraction_seed"": 215, ""force_col_wise"": true, ""lambda_l1"": 0.16768161477999638, ""lambda_l2"": 2.4790075736849174e-06, ""learning_rate"": 0.01652031173027547, ""max_bin"": 63, ""max_depth"": 6, ""metric"": ""None"", ""min_data_in_leaf"": 145, ""min_gain_to_split"": 0.27413439368860837, ""num_leaves"": 56, ""objective"": ""binary"", ""scale_pos_weight"": 1.0, ""seed"": 215, ""verbosity"": -1}",1,0.2,128
174,128,70.381,0.539923072172988,0.7765661941063489,0.5176262960511803,0.47042784393921167,0.5753518709234466,3.258662931008213,0.3710250007997272,0.19999803602695465,0.6517261862754822,"{""bagging_fraction"": 0.7296378861960058, ""bagging_freq"": 1, ""bagging_seed"": 216, ""boosting_type"": ""gbdt"", ""data_random_seed"": 216, ""deterministic"": true, ""feature_fraction"": 0.9310019727287095, ""feature_fraction_seed"": 216, ""force_col_wise"": true, ""lambda_l1"": 2.070385893682021e-08, ""lambda_l2"": 2.867306585963905e-07, ""learning_rate"": 0.014415082239038183, ""max_bin"": 63, ""max_depth"": 10, ""metric"": ""None"", ""min_data_in_leaf"": 115, ""min_gain_to_split"": 0.63925034035617, ""num_leaves"": 217, ""objective"": ""binary"", ""scale_pos_weight"": 2.0, ""seed"": 216, ""verbosity"": -1}",1,0.2,128
175,128,69.381,0.538609089027057,0.7762143522685414,0.5174314423753034,0.4813470627954085,0.5593644254818302,3.2532686576850027,0.3985076981204264,0.19999803602695465,0.6506473422050476,"{""bagging_fraction"": 0.6524475160596463, ""bagging_freq"": 1, ""bagging_seed"": 217, ""boosting_type"": ""gbdt"", ""data_random_seed"": 217, ""deterministic"": true, ""feature_fraction"": 0.9317713393274865, ""feature_fraction_seed"": 217, ""force_col_wise"": true, ""lambda_l1"": 2.8498624419351423e-08, ""lambda_l2"": 0.6409318525230797, ""learning_rate"": 0.01770427270409798, ""max_bin"": 63, ""max_depth"": 12, ""metric"": ""None"", ""min_data_in_leaf"": 1154, ""min_gain_to_split"": 0.3058002287385674, ""num_leaves"": 202, ""objective"": ""binary"", ""scale_pos_weight"": 2.0, ""seed"": 217, ""verbosity"": -1}",1,0.2,128
176,128,2.031,0.5417269311917067,0.777413472756089,0.5178392868540306,0.45731249060574175,0.5968319356578883,3.266018812453708,0.24054986706906495,0.19999803602695465,0.6531973481178284,"{""bagging_fraction"": 0.7485502368162511, ""bagging_freq"": 1, ""bagging_seed"": 218, ""boosting_type"": ""gbdt"", ""data_random_seed"": 218, ""deterministic"": true, ""feature_fraction"": 0.877768734585884, ""feature_fraction_seed"": 218, ""force_col_wise"": true, ""lambda_l1"": 0.7764316828330966, ""lambda_l2"": 0.0005586228171646044, ""learning_rate"": 0.07830516501327373, ""max_bin"": 127, ""max_depth"": -1, ""metric"": ""None"", ""min_data_in_leaf"": 1594, ""min_gain_to_split"": 0.7447709278167541, ""num_leaves"": 22, ""objective"": ""binary"", ""scale_pos_weight"": 1.0, ""seed"": 218, ""verbosity"": -1}",1,0.2,128
177,128,2.104,0.5416257734691166,0.7773721317662852,0.5179088161533021,0.46001827735892165,0.5924672649698396,3.266018812453708,0.5639246542815952,0.19999803602695465,0.6531973481178284,"{""bagging_fraction"": 0.776293721641159, ""bagging_freq"": 1, ""bagging_seed"": 219, ""boosting_type"": ""gbdt"", ""data_random_seed"": 219, ""deterministic"": true, ""feature_fraction"": 0.6572523382129271, ""feature_fraction_seed"": 219, ""force_col_wise"": true, ""lambda_l1"": 0.0003527705324934577, ""lambda_l2"": 0.0017530695399626275, ""learning_rate"": 0.07608645509711982, ""max_bin"": 127, ""max_depth"": 12, ""metric"": ""None"", ""min_data_in_leaf"": 77, ""min_gain_to_split"": 0.39510183754789086, ""num_leaves"": 34, ""objective"": ""binary"", ""scale_pos_weight"": 4.0, ""seed"": 219, ""verbosity"": -1}",1,0.2,128
178,128,2.241,0.5413228679749176,0.7771522734945475,0.5186105360018404,0.48840937648944927,0.5527928988279143,3.2650380083925654,0.5979518479813744,0.19999803602695465,0.6530011892318726,"{""bagging_fraction"": 0.6348386052433721, ""bagging_freq"": 1, ""bagging_seed"": 220, ""boosting_type"": ""gbdt"", ""data_random_seed"": 220, ""deterministic"": true, ""feature_fraction"": 0.7853907246756917, ""feature_fraction_seed"": 220, ""force_col_wise"": true, ""lambda_l1"": 0.14357880263483574, ""lambda_l2"": 4.422181573953415, ""learning_rate"": 0.11856380924119994, ""max_bin"": 127, ""max_depth"": 12, ""metric"": ""None"", ""min_data_in_leaf"": 610, ""min_gain_to_split"": 0.7218363322336134, ""num_leaves"": 30, ""objective"": ""binary"", ""scale_pos_weight"": 4.0, ""seed"": 220, ""verbosity"": -1}",1,0.2,128
179,128,1.807,0.540875269334344,0.7772755581246318,0.5185567472961451,0.4779731127197518,0.5666715707910353,3.26307640027028,0.2617395373738981,0.19999803602695465,0.6526088714599609,"{""bagging_fraction"": 0.9939829360884536, ""bagging_freq"": 1, ""bagging_seed"": 221, ""boosting_type"": ""gbdt"", ""data_random_seed"": 221, ""deterministic"": true, ""feature_fraction"": 0.7632697319371351, ""feature_fraction_seed"": 221, ""force_col_wise"": true, ""lambda_l1"": 6.986672980609857e-08, ""lambda_l2"": 5.144867904856086e-05, ""learning_rate"": 0.1437115546017026, ""max_bin"": 63, ""max_depth"": 16, ""metric"": ""None"", ""min_data_in_leaf"": 527, ""min_gain_to_split"": 0.8755390445272362, ""num_leaves"": 41, ""objective"": ""binary"", ""scale_pos_weight"": 1.0, ""seed"": 221, ""verbosity"": -1}",1,0.2,128
180,128,2.758,0.5417784795385933,0.7772725518570116,0.5187922770236976,0.4774685631828489,0.5679466431268697,3.2689612246371365,0.5841802123031133,0.19999803602695465,0.6537858247756958,"{""bagging_fraction"": 0.8965869010920349, ""bagging_freq"": 1, ""bagging_seed"": 222, ""boosting_type"": ""gbdt"", ""data_random_seed"": 222, ""deterministic"": true, ""feature_fraction"": 0.6855941609481769, ""feature_fraction_seed"": 222, ""force_col_wise"": true, ""lambda_l1"": 1.0757439059506416e-05, ""lambda_l2"": 0.0028659298900605805, ""learning_rate"": 0.08443379030921674, ""max_bin"": 127, ""max_depth"": 10, ""metric"": ""None"", ""min_data_in_leaf"": 1301, ""min_gain_to_split"": 0.658480768393292, ""num_leaves"": 44, ""objective"": ""binary"", ""scale_pos_weight"": 4.0, ""seed"": 222, ""verbosity"": -1}",1,0.2,128
181,128,2.164,0.53429487139712,0.7730113671217552,0.5140085007899948,0.470504359162389,0.5663773233289197,3.23071046230487,0.23925440447921217,0.19999803602695465,0.6461357474327087,"{""bagging_fraction"": 0.7730222851905144, ""bagging_freq"": 1, ""bagging_seed"": 223, ""boosting_type"": ""gbdt"", ""data_random_seed"": 223, ""deterministic"": true, ""feature_fraction"": 0.8035854566362919, ""feature_fraction_seed"": 223, ""force_col_wise"": true, ""lambda_l1"": 3.139710536069921e-08, ""lambda_l2"": 1.3629595002460535e-05, ""learning_rate"": 0.010684554538713474, ""max_bin"": 127, ""max_depth"": 12, ""metric"": ""None"", ""min_data_in_leaf"": 691, ""min_gain_to_split"": 0.8651002319106483, ""num_leaves"": 28, ""objective"": ""binary"", ""scale_pos_weight"": 1.0, ""seed"": 223, ""verbosity"": -1}",1,0.2,128
182,128,4.44,0.5406775265647042,0.7765479508719233,0.5190432057901937,0.471817707706503,0.5767740669903388,3.2606245391304984,0.4005516655827821,0.19999803602695465,0.6521185040473938,"{""bagging_fraction"": 0.9399739744691527, ""bagging_freq"": 1, ""bagging_seed"": 224, ""boosting_type"": ""gbdt"", ""data_random_seed"": 224, ""deterministic"": true, ""feature_fraction"": 0.6659256772819164, ""feature_fraction_seed"": 224, ""force_col_wise"": true, ""lambda_l1"": 0.05183365223821647, ""lambda_l2"": 0.9361523626934622, ""learning_rate"": 0.029258037431013177, ""max_bin"": 63, ""max_depth"": 16, ""metric"": ""None"", ""min_data_in_leaf"": 794, ""min_gain_to_split"": 0.215924790431266, ""num_leaves"": 218, ""objective"": ""binary"", ""scale_pos_weight"": 2.0, ""seed"": 224, ""verbosity"": -1}",1,0.2,128
183,128,2.218,0.5415165993644574,0.7774118262233134,0.5177546587401395,0.4850068540095956,0.5552449610122113,3.2645474573489186,0.42665315512937196,0.19999803602695465,0.6529030799865723,"{""bagging_fraction"": 0.9813318822889536, ""bagging_freq"": 1, ""bagging_seed"": 225, ""boosting_type"": ""gbdt"", ""data_random_seed"": 225, ""deterministic"": true, ""feature_fraction"": 0.5622319600739133, ""feature_fraction_seed"": 225, ""force_col_wise"": true, ""lambda_l1"": 0.02455567747270575, ""lambda_l2"": 0.00524859649515202, ""learning_rate"": 0.08250733680900037, ""max_bin"": 127, ""max_depth"": 10, ""metric"": ""None"", ""min_data_in_leaf"": 117, ""min_gain_to_split"": 0.7439947226949909, ""num_leaves"": 30, ""objective"": ""binary"", ""scale_pos_weight"": 2.0, ""seed"": 225, ""verbosity"": -1}",1,0.2,128
184,128,2.784,0.541860748940345,0.7772631750076779,0.5186518037391381,0.4693221079385251,0.5795694178804375,3.266999616514851,0.2502941852718192,0.19999803602695465,0.6533935070037842,"{""bagging_fraction"": 0.9152885670486693, ""bagging_freq"": 1, ""bagging_seed"": 226, ""boosting_type"": ""gbdt"", ""data_random_seed"": 226, ""deterministic"": true, ""feature_fraction"": 0.9496264127566914, ""feature_fraction_seed"": 226, ""force_col_wise"": true, ""lambda_l1"": 1.39982099546104e-05, ""lambda_l2"": 0.0016124404013543657, ""learning_rate"": 0.03630586806718581, ""max_bin"": 127, ""max_depth"": -1, ""metric"": ""None"", ""min_data_in_leaf"": 105, ""min_gain_to_split"": 0.14102729995001462, ""num_leaves"": 54, ""objective"": ""binary"", ""scale_pos_weight"": 1.0, ""seed"": 226, ""verbosity"": -1}",1,0.2,128
185,128,4.274,0.5359306010697633,0.771095203405916,0.5123682606044769,0.46077625034269376,0.5769702319650827,3.2410087559337937,0.5591699809442846,0.19999803602695465,0.6481953859329224,"{""bagging_fraction"": 0.6452974735598397, ""bagging_freq"": 1, ""bagging_seed"": 227, ""boosting_type"": ""gbdt"", ""data_random_seed"": 227, ""deterministic"": true, ""feature_fraction"": 0.6261106183222851, ""feature_fraction_seed"": 227, ""force_col_wise"": true, ""lambda_l1"": 6.45672841575569e-08, ""lambda_l2"": 1.2050239285220188e-07, ""learning_rate"": 0.11531457369141694, ""max_bin"": 63, ""max_depth"": 16, ""metric"": ""None"", ""min_data_in_leaf"": 170, ""min_gain_to_split"": 0.07130453418484539, ""num_leaves"": 204, ""objective"": ""binary"", ""scale_pos_weight"": 4.0, ""seed"": 227, ""verbosity"": -1}",1,0.2,128
186,128,2.254,0.5306488375444769,0.7734850081928157,0.5142579676878255,0.46755227354817996,0.5713304889411995,3.199325328400603,0.49742796761299635,0.19999803602695465,0.6398587822914124,"{""bagging_fraction"": 0.8339104034976947, ""bagging_freq"": 1, ""bagging_seed"": 228, ""boosting_type"": ""gbdt"", ""data_random_seed"": 228, ""deterministic"": true, ""feature_fraction"": 0.8984877420561996, ""feature_fraction_seed"": 228, ""force_col_wise"": true, ""lambda_l1"": 0.870112951196836, ""lambda_l2"": 0.005574523490607664, ""learning_rate"": 0.012220770661386748, ""max_bin"": 127, ""max_depth"": 10, ""metric"": ""None"", ""min_data_in_leaf"": 425, ""min_gain_to_split"": 0.5221250929031509, ""num_leaves"": 22, ""objective"": ""binary"", ""scale_pos_weight"": 4.0, ""seed"": 228, ""verbosity"": -1}",1,0.2,128
187,128,2.77,0.5394860461753199,0.7770031752469166,0.5173835371719115,0.4853680546603068,0.5539208474326909,3.254739714763642,0.592440957920715,0.19999803602695465,0.6509415507316589,"{""bagging_fraction"": 0.9084572784112112, ""bagging_freq"": 1, ""bagging_seed"": 229, ""boosting_type"": ""gbdt"", ""data_random_seed"": 229, ""deterministic"": true, ""feature_fraction"": 0.6263713472943523, ""feature_fraction_seed"": 229, ""force_col_wise"": true, ""lambda_l1"": 2.219903173369858e-06, ""lambda_l2"": 2.408706679886998e-07, ""learning_rate"": 0.03358726994370136, ""max_bin"": 127, ""max_depth"": 12, ""metric"": ""None"", ""min_data_in_leaf"": 281, ""min_gain_to_split"": 0.2463522417832268, ""num_leaves"": 40, ""objective"": ""binary"", ""scale_pos_weight"": 4.0, ""seed"": 229, ""verbosity"": -1}",1,0.2,128
188,128,3.147,0.5415854708971508,0.7771157707918511,0.5187648245439028,0.47334142394822004,0.5738315923691825,3.2640572043314227,0.25089223220293966,0.19999803602695465,0.6528050303459167,"{""bagging_fraction"": 0.6884494598705635, ""bagging_freq"": 1, ""bagging_seed"": 230, ""boosting_type"": ""gbdt"", ""data_random_seed"": 230, ""deterministic"": true, ""feature_fraction"": 0.8942609823301193, ""feature_fraction_seed"": 230, ""force_col_wise"": true, ""lambda_l1"": 8.904330631660847e-07, ""lambda_l2"": 0.015853058859288137, ""learning_rate"": 0.02445382824107961, ""max_bin"": 127, ""max_depth"": 10, ""metric"": ""None"", ""min_data_in_leaf"": 67, ""min_gain_to_split"": 0.9097966227332338, ""num_leaves"": 105, ""objective"": ""binary"", ""scale_pos_weight"": 1.0, ""seed"": 230, ""verbosity"": -1}",1,0.2,128
189,128,2.126,0.5405767493301626,0.7773236544984046,0.5178980493787168,0.4902742486638044,0.5488205580893531,3.254739714763642,0.6017136038480333,0.19999803602695465,0.6509415507316589,"{""bagging_fraction"": 0.8246509249555809, ""bagging_freq"": 1, ""bagging_seed"": 231, ""boosting_type"": ""gbdt"", ""data_random_seed"": 231, ""deterministic"": true, ""feature_fraction"": 0.8298379137944533, ""feature_fraction_seed"": 231, ""force_col_wise"": true, ""lambda_l1"": 0.004091827594208809, ""lambda_l2"": 1.6433048232964838e-07, ""learning_rate"": 0.0466659881437538, ""max_bin"": 127, ""max_depth"": 6, ""metric"": ""None"", ""min_data_in_leaf"": 386, ""min_gain_to_split"": 0.6935404695867196, ""num_leaves"": 34, ""objective"": ""binary"", ""scale_pos_weight"": 4.0, ""seed"": 231, ""verbosity"": -1}",1,0.2,128
190,128,2.076,0.5397839189739718,0.7769719446357458,0.5179706407907534,0.480688497061293,0.5615222402040115,3.245422225195861,0.5930374095681346,0.19999803602695465,0.6490780711174011,"{""bagging_fraction"": 0.6500655675535648, ""bagging_freq"": 1, ""bagging_seed"": 232, ""boosting_type"": ""gbdt"", ""data_random_seed"": 232, ""deterministic"": true, ""feature_fraction"": 0.5890201676394397, ""feature_fraction_seed"": 232, ""force_col_wise"": true, ""lambda_l1"": 9.30387112850649e-05, ""lambda_l2"": 0.04854637303423413, ""learning_rate"": 0.0635017836597107, ""max_bin"": 63, ""max_depth"": 12, ""metric"": ""None"", ""min_data_in_leaf"": 226, ""min_gain_to_split"": 0.2370620769846632, ""num_leaves"": 19, ""objective"": ""binary"", ""scale_pos_weight"": 4.0, ""seed"": 232, ""verbosity"": -1}",1,0.2,128
191,128,30.895,0.5420744351293011,0.7772868096824532,0.5184713954650793,0.48300385217796216,0.559560590456574,3.2640572043314227,0.4184397217722965,0.19999803602695465,0.6528050303459167,"{""bagging_fraction"": 0.8288737252208381, ""bagging_freq"": 1, ""bagging_seed"": 233, ""boosting_type"": ""gbdt"", ""data_random_seed"": 233, ""deterministic"": true, ""feature_fraction"": 0.7746374014400006, ""feature_fraction_seed"": 233, ""force_col_wise"": true, ""lambda_l1"": 2.247685135497029, ""lambda_l2"": 0.0002668782816762627, ""learning_rate"": 0.04384384089473416, ""max_bin"": 127, ""max_depth"": 12, ""metric"": ""None"", ""min_data_in_leaf"": 286, ""min_gain_to_split"": 0.528657538108291, ""num_leaves"": 129, ""objective"": ""binary"", ""scale_pos_weight"": 2.0, ""seed"": 233, ""verbosity"": -1}",1,0.2,128
192,128,1.967,0.5410642918283075,0.7773036321548016,0.5180146132527085,0.48598934158500945,0.5545583836006082,3.2640572043314227,0.42739403355735056,0.19999803602695465,0.6528050303459167,"{""bagging_fraction"": 0.7720779611963535, ""bagging_freq"": 1, ""bagging_seed"": 234, ""boosting_type"": ""gbdt"", ""data_random_seed"": 234, ""deterministic"": true, ""feature_fraction"": 0.9647582429069067, ""feature_fraction_seed"": 234, ""force_col_wise"": true, ""lambda_l1"": 0.00016401546979328286, ""lambda_l2"": 4.568776326324026, ""learning_rate"": 0.0736860211488263, ""max_bin"": 127, ""max_depth"": 8, ""metric"": ""None"", ""min_data_in_leaf"": 295, ""min_gain_to_split"": 0.45057646360088155, ""num_leaves"": 18, ""objective"": ""binary"", ""scale_pos_weight"": 2.0, ""seed"": 234, ""verbosity"": -1}",1,0.2,128
193,128,41.857,0.5356596612841589,0.7739721507123848,0.515701155053079,0.4720886643305354,0.5681918493452994,3.2297296582437274,0.24867612094229807,0.19999803602695465,0.6459395885467529,"{""bagging_fraction"": 0.8961591615841997, ""bagging_freq"": 1, ""bagging_seed"": 235, ""boosting_type"": ""gbdt"", ""data_random_seed"": 235, ""deterministic"": true, ""feature_fraction"": 0.744375547450217, ""feature_fraction_seed"": 235, ""force_col_wise"": true, ""lambda_l1"": 0.039920685041339395, ""lambda_l2"": 1.946891684712591e-08, ""learning_rate"": 0.01799339674301017, ""max_bin"": 127, ""max_depth"": 6, ""metric"": ""None"", ""min_data_in_leaf"": 50, ""min_gain_to_split"": 0.5699829035940329, ""num_leaves"": 20, ""objective"": ""binary"", ""scale_pos_weight"": 1.0, ""seed"": 235, ""verbosity"": -1}",1,0.2,128
194,128,27.564,0.5411633265059157,0.7771617369243886,0.5180284636020552,0.48285653740199197,0.558726889313913,3.267489869532347,0.5936600459919963,0.19999803602695465,0.6534915566444397,"{""bagging_fraction"": 0.7355163684088338, ""bagging_freq"": 1, ""bagging_seed"": 236, ""boosting_type"": ""gbdt"", ""data_random_seed"": 236, ""deterministic"": true, ""feature_fraction"": 0.8387025966839585, ""feature_fraction_seed"": 236, ""force_col_wise"": true, ""lambda_l1"": 0.06867322938788484, ""lambda_l2"": 1.1915496075370335e-06, ""learning_rate"": 0.12787675073989038, ""max_bin"": 127, ""max_depth"": 8, ""metric"": ""None"", ""min_data_in_leaf"": 167, ""min_gain_to_split"": 0.9057918529142601, ""num_leaves"": 24, ""objective"": ""binary"", ""scale_pos_weight"": 4.0, ""seed"": 236, ""verbosity"": -1}",1,0.2,128
195,128,2.866,0.5407243986572497,0.7768880637566111,0.5179706407907534,0.480688497061293,0.5615222402040115,3.2562107718422806,0.5919685132266209,0.19999803602695465,0.6512357592582703,"{""bagging_fraction"": 0.6791015861035548, ""bagging_freq"": 1, ""bagging_seed"": 237, ""boosting_type"": ""gbdt"", ""data_random_seed"": 237, ""deterministic"": true, ""feature_fraction"": 0.6507755495172812, ""feature_fraction_seed"": 237, ""force_col_wise"": true, ""lambda_l1"": 1.7943112520679736e-06, ""lambda_l2"": 2.3218918623239504e-06, ""learning_rate"": 0.07748801612130002, ""max_bin"": 127, ""max_depth"": 10, ""metric"": ""None"", ""min_data_in_leaf"": 1991, ""min_gain_to_split"": 0.5824447415393774, ""num_leaves"": 167, ""objective"": ""binary"", ""scale_pos_weight"": 4.0, ""seed"": 237, ""verbosity"": -1}",1,0.2,128
196,128,2.603,0.5409092975952596,0.7760109451951009,0.5175488608634177,0.4837155767755137,0.5564709921043598,3.2719033387944143,0.5928168152847703,0.19999803602695465,0.6543742418289185,"{""bagging_fraction"": 0.6417372822982947, ""bagging_freq"": 1, ""bagging_seed"": 238, ""boosting_type"": ""gbdt"", ""data_random_seed"": 238, ""deterministic"": true, ""feature_fraction"": 0.9698200563040773, ""feature_fraction_seed"": 238, ""force_col_wise"": true, ""lambda_l1"": 0.0005713149128815055, ""lambda_l2"": 0.3129921835797765, ""learning_rate"": 0.14610241755657685, ""max_bin"": 127, ""max_depth"": 8, ""metric"": ""None"", ""min_data_in_leaf"": 1193, ""min_gain_to_split"": 0.30320207663459164, ""num_leaves"": 67, ""objective"": ""binary"", ""scale_pos_weight"": 4.0, ""seed"": 238, ""verbosity"": -1}",1,0.2,128
197,128,2.482,0.5408444040131872,0.7762527383979017,0.517902700800563,0.4695138971966344,0.5774116031582561,3.2625858492266335,0.40464143505674466,0.19999803602695465,0.6525107622146606,"{""bagging_fraction"": 0.6711087253252627, ""bagging_freq"": 1, ""bagging_seed"": 239, ""boosting_type"": ""gbdt"", ""data_random_seed"": 239, ""deterministic"": true, ""feature_fraction"": 0.9093017551726259, ""feature_fraction_seed"": 239, ""force_col_wise"": true, ""lambda_l1"": 7.72059314014417e-06, ""lambda_l2"": 0.0008424527859997824, ""learning_rate"": 0.1442714385516968, ""max_bin"": 63, ""max_depth"": 8, ""metric"": ""None"", ""min_data_in_leaf"": 1415, ""min_gain_to_split"": 0.5607773745620122, ""num_leaves"": 244, ""objective"": ""binary"", ""scale_pos_weight"": 2.0, ""seed"": 239, ""verbosity"": -1}",1,0.2,128
198,128,2.584,0.5422492161373679,0.7775241019013731,0.5197519929140832,0.47381807905042594,0.5755480358981904,3.2748457509778426,0.2555707384004946,0.19999803602695465,0.6549627184867859,"{""bagging_fraction"": 0.6072516828513226, ""bagging_freq"": 1, ""bagging_seed"": 240, ""boosting_type"": ""gbdt"", ""data_random_seed"": 240, ""deterministic"": true, ""feature_fraction"": 0.6988046486258587, ""feature_fraction_seed"": 240, ""force_col_wise"": true, ""lambda_l1"": 4.993555604988706e-07, ""lambda_l2"": 0.45153135141234696, ""learning_rate"": 0.0560766874427525, ""max_bin"": 127, ""max_depth"": 12, ""metric"": ""None"", ""min_data_in_leaf"": 171, ""min_gain_to_split"": 0.44628233858044153, ""num_leaves"": 48, ""objective"": ""binary"", ""scale_pos_weight"": 1.0, ""seed"": 240, ""verbosity"": -1}",1,0.2,128
199,128,2.179,0.5413728434838199,0.7771729758558861,0.5183206970691411,0.4812557787677566,0.5615712814476975,3.2802400243010523,0.26469254555869126,0.19999803602695465,0.6560415625572205,"{""bagging_fraction"": 0.6296506350046035, ""bagging_freq"": 1, ""bagging_seed"": 241, ""boosting_type"": ""gbdt"", ""data_random_seed"": 241, ""deterministic"": true, ""feature_fraction"": 0.6923626558015219, ""feature_fraction_seed"": 241, ""force_col_wise"": true, ""lambda_l1"": 0.007995686337286116, ""lambda_l2"": 2.987303623581175e-06, ""learning_rate"": 0.07817257725912341, ""max_bin"": 63, ""max_depth"": 6, ""metric"": ""None"", ""min_data_in_leaf"": 54, ""min_gain_to_split"": 0.06494677920994363, ""num_leaves"": 72, ""objective"": ""binary"", ""scale_pos_weight"": 1.0, ""seed"": 241, ""verbosity"": -1}",1,0.2,128
200,128,2.037,0.5401088443962025,0.7769254247487127,0.5182005023978077,0.4848925167742211,0.5564219508606738,3.2532686576850027,0.42392815724815675,0.19999803602695465,0.6506473422050476,"{""bagging_fraction"": 0.7501096126048356, ""bagging_freq"": 1, ""bagging_seed"": 242, ""boosting_type"": ""gbdt"", ""data_random_seed"": 242, ""deterministic"": true, ""feature_fraction"": 0.8229548508379434, ""feature_fraction_seed"": 242, ""force_col_wise"": true, ""lambda_l1"": 9.67528331607841e-05, ""lambda_l2"": 4.427660175614943e-08, ""learning_rate"": 0.04832416853316612, ""max_bin"": 127, ""max_depth"": -1, ""metric"": ""None"", ""min_data_in_leaf"": 89, ""min_gain_to_split"": 0.8027522502122156, ""num_leaves"": 16, ""objective"": ""binary"", ""scale_pos_weight"": 2.0, ""seed"": 242, ""verbosity"": -1}",1,0.2,128
201,128,2.068,0.5330315096028891,0.7731058219459899,0.5145080600333518,0.47063130491376504,0.5674071894463244,3.2125657361868045,0.3499569961329269,0.19999803602695465,0.6425068378448486,"{""bagging_fraction"": 0.6175178102116946, ""bagging_freq"": 1, ""bagging_seed"": 243, ""boosting_type"": ""gbdt"", ""data_random_seed"": 243, ""deterministic"": true, ""feature_fraction"": 0.7972721257600262, ""feature_fraction_seed"": 243, ""force_col_wise"": true, ""lambda_l1"": 6.685194904459616e-07, ""lambda_l2"": 0.008707153446875372, ""learning_rate"": 0.01030283171584487, ""max_bin"": 63, ""max_depth"": 16, ""metric"": ""None"", ""min_data_in_leaf"": 1403, ""min_gain_to_split"": 0.724816822246873, ""num_leaves"": 25, ""objective"": ""binary"", ""scale_pos_weight"": 2.0, ""seed"": 243, ""verbosity"": -1}",1,0.2,128
202,128,2.566,0.5405460871443294,0.7761437509753648,0.5169986983475633,0.4698829002245749,0.5746162522681575,3.262095596209137,0.4042737761008836,0.19999803602695465,0.6524127125740051,"{""bagging_fraction"": 0.6509871517036089, ""bagging_freq"": 1, ""bagging_seed"": 244, ""boosting_type"": ""gbdt"", ""data_random_seed"": 244, ""deterministic"": true, ""feature_fraction"": 0.711849832149975, ""feature_fraction_seed"": 244, ""force_col_wise"": true, ""lambda_l1"": 2.5922044036290455e-08, ""lambda_l2"": 1.4788102158538949e-05, ""learning_rate"": 0.13212636230905409, ""max_bin"": 63, ""max_depth"": 10, ""metric"": ""None"", ""min_data_in_leaf"": 291, ""min_gain_to_split"": 0.7114093477097423, ""num_leaves"": 61, ""objective"": ""binary"", ""scale_pos_weight"": 2.0, ""seed"": 244, ""verbosity"": -1}",1,0.2,128
203,128,3.5,0.541203281967495,0.7771538421649915,0.5179235785879984,0.4676520570683318,0.5803050365357265,3.2640572043314227,0.3973588016197133,0.19999803602695465,0.6528050303459167,"{""bagging_fraction"": 0.9147338720469089, ""bagging_freq"": 1, ""bagging_seed"": 245, ""boosting_type"": ""gbdt"", ""data_random_seed"": 245, ""deterministic"": true, ""feature_fraction"": 0.8994917961499221, ""feature_fraction_seed"": 245, ""force_col_wise"": true, ""lambda_l1"": 0.025430352976200023, ""lambda_l2"": 8.41742519047617e-08, ""learning_rate"": 0.03284838411771053, ""max_bin"": 127, ""max_depth"": -1, ""metric"": ""None"", ""min_data_in_leaf"": 475, ""min_gain_to_split"": 0.47502244400436067, ""num_leaves"": 93, ""objective"": ""binary"", ""scale_pos_weight"": 2.0, ""seed"": 245, ""verbosity"": -1}",1,0.2,128
204,128,1.982,0.5346782661856235,0.7742982246279138,0.5154881534064718,0.48628081923729183,0.5484282281398656,3.217960307536165,0.40664613213521544,0.19999803602695465,0.643585741519928,"{""bagging_fraction"": 0.6295001415972228, ""bagging_freq"": 1, ""bagging_seed"": 246, ""boosting_type"": ""gbdt"", ""data_random_seed"": 246, ""deterministic"": true, ""feature_fraction"": 0.7362686435745704, ""feature_fraction_seed"": 246, ""force_col_wise"": true, ""lambda_l1"": 0.2628693093823356, ""lambda_l2"": 2.1437790309963014, ""learning_rate"": 0.01944500556454035, ""max_bin"": 63, ""max_depth"": 16, ""metric"": ""None"", ""min_data_in_leaf"": 268, ""min_gain_to_split"": 0.20134831905271522, ""num_leaves"": 17, ""objective"": ""binary"", ""scale_pos_weight"": 2.0, ""seed"": 246, ""verbosity"": -1}",1,0.2,128
205,128,3.313,0.5354103449254987,0.7747799724002387,0.5158968206358728,0.4716061418474287,0.5693688391937619,3.2302199112612238,0.3497592247420893,0.19999803602695465,0.6460376381874084,"{""bagging_fraction"": 0.8933586835495366, ""bagging_freq"": 1, ""bagging_seed"": 247, ""boosting_type"": ""gbdt"", ""data_random_seed"": 247, ""deterministic"": true, ""feature_fraction"": 0.5554233383571664, ""feature_fraction_seed"": 247, ""force_col_wise"": true, ""lambda_l1"": 5.392798000775425, ""lambda_l2"": 1.4227217450161116, ""learning_rate"": 0.010495572138006136, ""max_bin"": 63, ""max_depth"": 16, ""metric"": ""None"", ""min_data_in_leaf"": 1675, ""min_gain_to_split"": 0.970710161196213, ""num_leaves"": 206, ""objective"": ""binary"", ""scale_pos_weight"": 2.0, ""seed"": 247, ""verbosity"": -1}",1,0.2,128
206,128,358.521,0.5382694616520308,0.7761816293461238,0.5170624167546962,0.4862016843014468,0.5521063214163111,3.258662931008213,0.5138643052754222,0.19999803602695465,0.6517261862754822,"{""bagging_fraction"": 0.8073288894344992, ""bagging_freq"": 1, ""bagging_seed"": 248, ""boosting_type"": ""gbdt"", ""data_random_seed"": 248, ""deterministic"": true, ""feature_fraction"": 0.7377641244364088, ""feature_fraction_seed"": 248, ""force_col_wise"": true, ""lambda_l1"": 2.411115482403611e-07, ""lambda_l2"": 0.04549149810967711, ""learning_rate"": 0.012357162362235084, ""max_bin"": 127, ""max_depth"": -1, ""metric"": ""None"", ""min_data_in_leaf"": 483, ""min_gain_to_split"": 0.07501730735154233, ""num_leaves"": 167, ""objective"": ""binary"", ""scale_pos_weight"": 4.0, ""seed"": 248, ""verbosity"": -1}",1,0.2,128
207,128,44.243,0.541604733083956,0.7771311216961994,0.5178941550366174,0.48821154096652336,0.551419744004708,3.2596437350693557,0.27160605841654134,0.19999803602695465,0.651922345161438,"{""bagging_fraction"": 0.9862563626765144, ""bagging_freq"": 1, ""bagging_seed"": 249, ""boosting_type"": ""gbdt"", ""data_random_seed"": 249, ""deterministic"": true, ""feature_fraction"": 0.6904964228149353, ""feature_fraction_seed"": 249, ""force_col_wise"": true, ""lambda_l1"": 0.03963877924304424, ""lambda_l2"": 2.0936157640663013e-05, ""learning_rate"": 0.09964972441391301, ""max_bin"": 63, ""max_depth"": 12, ""metric"": ""None"", ""min_data_in_leaf"": 328, ""min_gain_to_split"": 0.17480738623300507, ""num_leaves"": 57, ""objective"": ""binary"", ""scale_pos_weight"": 1.0, ""seed"": 249, ""verbosity"": -1}",1,0.2,128
208,128,82.306,0.5418627110286101,0.7771447635374056,0.5186477839676041,0.4768781370854933,0.5684370555637291,3.2650380083925654,0.4068834601488284,0.19999803602695465,0.6530011892318726,"{""bagging_fraction"": 0.7201902353543566, ""bagging_freq"": 1, ""bagging_seed"": 250, ""boosting_type"": ""gbdt"", ""data_random_seed"": 250, ""deterministic"": true, ""feature_fraction"": 0.9368025100385041, ""feature_fraction_seed"": 250, ""force_col_wise"": true, ""lambda_l1"": 0.46291328514162183, ""lambda_l2"": 1.4972571022155219e-06, ""learning_rate"": 0.035124887794640146, ""max_bin"": 127, ""max_depth"": 10, ""metric"": ""None"", ""min_data_in_leaf"": 111, ""min_gain_to_split"": 0.6186606119363176, ""num_leaves"": 217, ""objective"": ""binary"", ""scale_pos_weight"": 2.0, ""seed"": 250, ""verbosity"": -1}",1,0.2,128
209,128,3.156,0.5374912219137405,0.775811537660102,0.5171909125706438,0.4781034052118891,0.5632386837330194,3.2405182048901473,0.39888608337074394,0.19999803602695465,0.6480972766876221,"{""bagging_fraction"": 0.5897810308153035, ""bagging_freq"": 1, ""bagging_seed"": 251, ""boosting_type"": ""gbdt"", ""data_random_seed"": 251, ""deterministic"": true, ""feature_fraction"": 0.6177692292593516, ""feature_fraction_seed"": 251, ""force_col_wise"": true, ""lambda_l1"": 0.01168844484914662, ""lambda_l2"": 1.1418880544895577e-05, ""learning_rate"": 0.020105130200010504, ""max_bin"": 63, ""max_depth"": 16, ""metric"": ""None"", ""min_data_in_leaf"": 1909, ""min_gain_to_split"": 0.07124447736659112, ""num_leaves"": 107, ""objective"": ""binary"", ""scale_pos_weight"": 2.0, ""seed"": 251, ""verbosity"": -1}",1,0.2,128
210,128,18.73,0.541339055479781,0.7770145933519643,0.5183131086807019,0.4732236895406303,0.5728998087391496,3.26307640027028,0.25605665935138794,0.19999803602695465,0.6526088714599609,"{""bagging_fraction"": 0.9292293859629124, ""bagging_freq"": 1, ""bagging_seed"": 252, ""boosting_type"": ""gbdt"", ""data_random_seed"": 252, ""deterministic"": true, ""feature_fraction"": 0.7840323605176697, ""feature_fraction_seed"": 252, ""force_col_wise"": true, ""lambda_l1"": 0.00010411311231490325, ""lambda_l2"": 3.7737789184540427, ""learning_rate"": 0.07700219543490237, ""max_bin"": 63, ""max_depth"": 10, ""metric"": ""None"", ""min_data_in_leaf"": 1132, ""min_gain_to_split"": 0.6507945897177367, ""num_leaves"": 34, ""objective"": ""binary"", ""scale_pos_weight"": 1.0, ""seed"": 252, ""verbosity"": -1}",1,0.2,128
211,128,43.625,0.5413760758057894,0.7769709291185437,0.5181883725503048,0.46725768321513,0.581580108871561,3.2527781066413564,0.39777794454831855,0.19999803602695465,0.6505492329597473,"{""bagging_fraction"": 0.8593902707994423, ""bagging_freq"": 1, ""bagging_seed"": 253, ""boosting_type"": ""gbdt"", ""data_random_seed"": 253, ""deterministic"": true, ""feature_fraction"": 0.6187105602286394, ""feature_fraction_seed"": 253, ""force_col_wise"": true, ""lambda_l1"": 2.6690245012531808e-08, ""lambda_l2"": 3.7961545412837034e-06, ""learning_rate"": 0.10988796400957378, ""max_bin"": 63, ""max_depth"": -1, ""metric"": ""None"", ""min_data_in_leaf"": 84, ""min_gain_to_split"": 0.1397875904698681, ""num_leaves"": 60, ""objective"": ""binary"", ""scale_pos_weight"": 2.0, ""seed"": 253, ""verbosity"": -1}",1,0.2,128
212,128,7.39,0.5401007613354631,0.7769369065866341,0.5184453530573805,0.4876204467873655,0.5534304349958314,3.258662931008213,0.42077327939995773,0.19999803602695465,0.6517261862754822,"{""bagging_fraction"": 0.7181731012970581, ""bagging_freq"": 1, ""bagging_seed"": 254, ""boosting_type"": ""gbdt"", ""data_random_seed"": 254, ""deterministic"": true, ""feature_fraction"": 0.8264737479408336, ""feature_fraction_seed"": 254, ""force_col_wise"": true, ""lambda_l1"": 0.007278049225916125, ""lambda_l2"": 9.506107850751625e-08, ""learning_rate"": 0.030712689518931392, ""max_bin"": 63, ""max_depth"": 6, ""metric"": ""None"", ""min_data_in_leaf"": 56, ""min_gain_to_split"": 0.01377735529405033, ""num_leaves"": 66, ""objective"": ""binary"", ""scale_pos_weight"": 2.0, ""seed"": 254, ""verbosity"": -1}",1,0.2,128
213,128,2.455,0.5404108465598846,0.7768795623324083,0.5180493709740176,0.46318271423601715,0.5876612230886176,3.2562107718422806,0.3928565749505622,0.19999803602695465,0.6512357592582703,"{""bagging_fraction"": 0.7886985308213855, ""bagging_freq"": 1, ""bagging_seed"": 255, ""boosting_type"": ""gbdt"", ""data_random_seed"": 255, ""deterministic"": true, ""feature_fraction"": 0.7200269398867708, ""feature_fraction_seed"": 255, ""force_col_wise"": true, ""lambda_l1"": 0.0021960404329809985, ""lambda_l2"": 1.5721085325193643e-08, ""learning_rate"": 0.03443034035911444, ""max_bin"": 127, ""max_depth"": 6, ""metric"": ""None"", ""min_data_in_leaf"": 993, ""min_gain_to_split"": 0.515133376846189, ""num_leaves"": 46, ""objective"": ""binary"", ""scale_pos_weight"": 2.0, ""seed"": 255, ""verbosity"": -1}",1,0.2,128
214,128,2.299,0.5379590458905331,0.7760915829127271,0.5173471255950202,0.4850032181935207,0.5543131773821784,3.242970364056079,0.4206047923718549,0.19999803602695465,0.648587703704834,"{""bagging_fraction"": 0.8206177432651065, ""bagging_freq"": 1, ""bagging_seed"": 256, ""boosting_type"": ""gbdt"", ""data_random_seed"": 256, ""deterministic"": true, ""feature_fraction"": 0.56002096928332, ""feature_fraction_seed"": 256, ""force_col_wise"": true, ""lambda_l1"": 0.07491979935288942, ""lambda_l2"": 3.658207180408194e-06, ""learning_rate"": 0.031294201584304446, ""max_bin"": 127, ""max_depth"": -1, ""metric"": ""None"", ""min_data_in_leaf"": 1617, ""min_gain_to_split"": 0.7875555848632168, ""num_leaves"": 20, ""objective"": ""binary"", ""scale_pos_weight"": 2.0, ""seed"": 256, ""verbosity"": -1}",1,0.2,128
215,128,3.127,0.5381494286459829,0.775959414461199,0.5171905140133893,0.48132972881642305,0.5588249718012849,3.2473838333181466,0.2645291737480749,0.19999803602695465,0.6494703888893127,"{""bagging_fraction"": 0.7961445044101982, ""bagging_freq"": 1, ""bagging_seed"": 257, ""boosting_type"": ""gbdt"", ""data_random_seed"": 257, ""deterministic"": true, ""feature_fraction"": 0.7502219924621528, ""feature_fraction_seed"": 257, ""force_col_wise"": true, ""lambda_l1"": 2.0926138668196116e-07, ""lambda_l2"": 1.0630959749514904e-05, ""learning_rate"": 0.12381693525535462, ""max_bin"": 63, ""max_depth"": 10, ""metric"": ""None"", ""min_data_in_leaf"": 58, ""min_gain_to_split"": 0.9876474477564617, ""num_leaves"": 242, ""objective"": ""binary"", ""scale_pos_weight"": 1.0, ""seed"": 257, ""verbosity"": -1}",1,0.2,128
216,128,491.236,0.5410247754780084,0.7769747134082238,0.5189508376819555,0.48654564181794774,0.5559805796675004,3.262095596209137,0.5875995307757111,0.19999803602695465,0.6524127125740051,"{""bagging_fraction"": 0.7636945764140668, ""bagging_freq"": 1, ""bagging_seed"": 258, ""boosting_type"": ""gbdt"", ""data_random_seed"": 258, ""deterministic"": true, ""feature_fraction"": 0.9901205856045909, ""feature_fraction_seed"": 258, ""force_col_wise"": true, ""lambda_l1"": 1.5076197194296987e-07, ""lambda_l2"": 2.9207435412676918e-08, ""learning_rate"": 0.03405576363287556, ""max_bin"": 63, ""max_depth"": 10, ""metric"": ""None"", ""min_data_in_leaf"": 294, ""min_gain_to_split"": 0.9454165724399485, ""num_leaves"": 163, ""objective"": ""binary"", ""scale_pos_weight"": 4.0, ""seed"": 258, ""verbosity"": -1}",1,0.2,128
217,128,2.278,0.5389060109191663,0.7767012858525109,0.518106986552983,0.48186266239244135,0.5602471678681772,3.246403029257004,0.5899219192688512,0.19999803602695465,0.6492742300033569,"{""bagging_fraction"": 0.7760858471339223, ""bagging_freq"": 1, ""bagging_seed"": 259, ""boosting_type"": ""gbdt"", ""data_random_seed"": 259, ""deterministic"": true, ""feature_fraction"": 0.9685474836625558, ""feature_fraction_seed"": 259, ""force_col_wise"": true, ""lambda_l1"": 5.4981472423016164, ""lambda_l2"": 2.1356040467823264e-06, ""learning_rate"": 0.03915841949013247, ""max_bin"": 127, ""max_depth"": 6, ""metric"": ""None"", ""min_data_in_leaf"": 239, ""min_gain_to_split"": 0.5045452397039372, ""num_leaves"": 19, ""objective"": ""binary"", ""scale_pos_weight"": 4.0, ""seed"": 259, ""verbosity"": -1}",1,0.2,128
218,128,240.604,0.5402216591813733,0.7769587029287597,0.5181220028995205,0.4751677303223695,0.5696140454121916,3.2517973025802136,0.4075753245736008,0.19999803602695465,0.6503530740737915,"{""bagging_fraction"": 0.9894371798868156, ""bagging_freq"": 1, ""bagging_seed"": 260, ""boosting_type"": ""gbdt"", ""data_random_seed"": 260, ""deterministic"": true, ""feature_fraction"": 0.7888254809771054, ""feature_fraction_seed"": 260, ""force_col_wise"": true, ""lambda_l1"": 4.7681471838437525e-07, ""lambda_l2"": 5.1594775903568284e-06, ""learning_rate"": 0.03366554705701207, ""max_bin"": 127, ""max_depth"": 8, ""metric"": ""None"", ""min_data_in_leaf"": 211, ""min_gain_to_split"": 0.031069600069839942, ""num_leaves"": 33, ""objective"": ""binary"", ""scale_pos_weight"": 2.0, ""seed"": 260, ""verbosity"": -1}",1,0.2,128
219,128,3.068,0.5398654558109341,0.7768002007753867,0.5180089587713685,0.4850417290819602,0.5557844146927566,3.258172379964566,0.396368249149939,0.19999803602695465,0.6516280770301819,"{""bagging_fraction"": 0.668563942685193, ""bagging_freq"": 1, ""bagging_seed"": 261, ""boosting_type"": ""gbdt"", ""data_random_seed"": 261, ""deterministic"": true, ""feature_fraction"": 0.8536657385826414, ""feature_fraction_seed"": 261, ""force_col_wise"": true, ""lambda_l1"": 1.573839739608109e-05, ""lambda_l2"": 1.3795767557917549e-05, ""learning_rate"": 0.017196259211236326, ""max_bin"": 63, ""max_depth"": 8, ""metric"": ""None"", ""min_data_in_leaf"": 98, ""min_gain_to_split"": 0.7167517501636094, ""num_leaves"": 103, ""objective"": ""binary"", ""scale_pos_weight"": 2.0, ""seed"": 261, ""verbosity"": -1}",1,0.2,128
220,128,4.042,0.5403500404779293,0.7769267832810504,0.5187997438477724,0.48609265846654953,0.5562257858859301,3.2679804205759937,0.578779312937484,0.19999803602695465,0.65358966588974,"{""bagging_fraction"": 0.7041926332151383, ""bagging_freq"": 1, ""bagging_seed"": 262, ""boosting_type"": ""gbdt"", ""data_random_seed"": 262, ""deterministic"": true, ""feature_fraction"": 0.9550410751646572, ""feature_fraction_seed"": 262, ""force_col_wise"": true, ""lambda_l1"": 2.2429231725691566e-08, ""lambda_l2"": 0.00028274961078117997, ""learning_rate"": 0.026602379021583876, ""max_bin"": 127, ""max_depth"": -1, ""metric"": ""None"", ""min_data_in_leaf"": 110, ""min_gain_to_split"": 0.1239380544408778, ""num_leaves"": 168, ""objective"": ""binary"", ""scale_pos_weight"": 4.0, ""seed"": 262, ""verbosity"": -1}",1,0.2,128
221,128,27.503,0.5408398834007082,0.7771012324816405,0.5179898764193533,0.4840414198661951,0.5570594870285911,3.258172379964566,0.42282334307142244,0.19999803602695465,0.6516280770301819,"{""bagging_fraction"": 0.8229394451835752, ""bagging_freq"": 1, ""bagging_seed"": 263, ""boosting_type"": ""gbdt"", ""data_random_seed"": 263, ""deterministic"": true, ""feature_fraction"": 0.9716082796589292, ""feature_fraction_seed"": 263, ""force_col_wise"": true, ""lambda_l1"": 0.024730490388496007, ""lambda_l2"": 0.026441098204057604, ""learning_rate"": 0.07562590188415878, ""max_bin"": 63, ""max_depth"": 6, ""metric"": ""None"", ""min_data_in_leaf"": 981, ""min_gain_to_split"": 0.9928079572704449, ""num_leaves"": 22, ""objective"": ""binary"", ""scale_pos_weight"": 2.0, ""seed"": 263, ""verbosity"": -1}",1,0.2,128
222,128,2.734,0.536892364405114,0.776285412318157,0.5166928780049427,0.47676105974542893,0.5639252611446226,3.2434606170735756,0.5337594397854363,0.19999803602695465,0.6486857533454895,"{""bagging_fraction"": 0.5563561300645709, ""bagging_freq"": 1, ""bagging_seed"": 264, ""boosting_type"": ""gbdt"", ""data_random_seed"": 264, ""deterministic"": true, ""feature_fraction"": 0.8258992385473628, ""feature_fraction_seed"": 264, ""force_col_wise"": true, ""lambda_l1"": 2.2336525685195565, ""lambda_l2"": 2.405295841280699e-06, ""learning_rate"": 0.015542975641602987, ""max_bin"": 127, ""max_depth"": 12, ""metric"": ""None"", ""min_data_in_leaf"": 96, ""min_gain_to_split"": 0.03956020839019181, ""num_leaves"": 65, ""objective"": ""binary"", ""scale_pos_weight"": 4.0, ""seed"": 264, ""verbosity"": -1}",1,0.2,128
223,128,2.242,0.53774585767144,0.7753222931582132,0.5167546502934046,0.4802493051461299,0.5592663429944583,3.258172379964566,0.25727127688131507,0.19999803602695465,0.6516280770301819,"{""bagging_fraction"": 0.636823781422067, ""bagging_freq"": 1, ""bagging_seed"": 265, ""boosting_type"": ""gbdt"", ""data_random_seed"": 265, ""deterministic"": true, ""feature_fraction"": 0.6757096654871781, ""feature_fraction_seed"": 265, ""force_col_wise"": true, ""lambda_l1"": 2.556161838670534e-05, ""lambda_l2"": 2.9275858284473312e-05, ""learning_rate"": 0.01916702406243956, ""max_bin"": 63, ""max_depth"": -1, ""metric"": ""None"", ""min_data_in_leaf"": 56, ""min_gain_to_split"": 0.3390077406028791, ""num_leaves"": 33, ""objective"": ""binary"", ""scale_pos_weight"": 1.0, ""seed"": 265, ""verbosity"": -1}",1,0.2,128
224,128,2.062,0.5314721603199458,0.7717274133694908,0.5126537474559774,0.46697295772377384,0.5682408905889853,3.203248544645174,0.24156407590057916,0.19999803602695465,0.6406434178352356,"{""bagging_fraction"": 0.967836778775798, ""bagging_freq"": 1, ""bagging_seed"": 266, ""boosting_type"": ""gbdt"", ""data_random_seed"": 266, ""deterministic"": true, ""feature_fraction"": 0.995864394498005, ""feature_fraction_seed"": 266, ""force_col_wise"": true, ""lambda_l1"": 0.00034512323596867187, ""lambda_l2"": 0.0006115256839066701, ""learning_rate"": 0.012750645499394473, ""max_bin"": 63, ""max_depth"": 6, ""metric"": ""None"", ""min_data_in_leaf"": 815, ""min_gain_to_split"": 0.31458156903584256, ""num_leaves"": 16, ""objective"": ""binary"", ""scale_pos_weight"": 1.0, ""seed"": 266, ""verbosity"": -1}",1,0.2,128
225,128,2.946,0.5414759570880957,0.7771032124094952,0.519174443157823,0.48338406900050734,0.5606885390613506,3.263566653287776,0.2667346734194771,0.19999803602695465,0.6527069211006165,"{""bagging_fraction"": 0.8950940056482389, ""bagging_freq"": 1, ""bagging_seed"": 267, ""boosting_type"": ""gbdt"", ""data_random_seed"": 267, ""deterministic"": true, ""feature_fraction"": 0.7454571617013831, ""feature_fraction_seed"": 267, ""force_col_wise"": true, ""lambda_l1"": 0.18096248823060762, ""lambda_l2"": 5.972231069033047e-06, ""learning_rate"": 0.07932747958555714, ""max_bin"": 63, ""max_depth"": 12, ""metric"": ""None"", ""min_data_in_leaf"": 1360, ""min_gain_to_split"": 0.92924224400615, ""num_leaves"": 164, ""objective"": ""binary"", ""scale_pos_weight"": 1.0, ""seed"": 267, ""verbosity"": -1}",1,0.2,128
226,128,3.01,0.5389391638884607,0.7756175296823757,0.5167106123092872,0.47802518555583356,0.5622088176156147,3.2410087559337937,0.414341807525674,0.19999803602695465,0.6481953859329224,"{""bagging_fraction"": 0.8965841272498822, ""bagging_freq"": 1, ""bagging_seed"": 268, ""boosting_type"": ""gbdt"", ""data_random_seed"": 268, ""deterministic"": true, ""feature_fraction"": 0.5653807349177171, ""feature_fraction_seed"": 268, ""force_col_wise"": true, ""lambda_l1"": 0.15595751081045475, ""lambda_l2"": 0.0026405371245850277, ""learning_rate"": 0.147690068105588, ""max_bin"": 63, ""max_depth"": -1, ""metric"": ""None"", ""min_data_in_leaf"": 563, ""min_gain_to_split"": 0.8568603919165705, ""num_leaves"": 133, ""objective"": ""binary"", ""scale_pos_weight"": 2.0, ""seed"": 268, ""verbosity"": -1}",1,0.2,128
227,128,2.583,0.5394644409896897,0.7761065850900316,0.5183300776813701,0.4827586206896552,0.559560590456574,3.2557205188247846,0.26017979857000684,0.19999803602695465,0.6511377096176147,"{""bagging_fraction"": 0.6693460552506547, ""bagging_freq"": 1, ""bagging_seed"": 269, ""boosting_type"": ""gbdt"", ""data_random_seed"": 269, ""deterministic"": true, ""feature_fraction"": 0.7516972394070248, ""feature_fraction_seed"": 269, ""force_col_wise"": true, ""lambda_l1"": 3.424641450602838e-05, ""lambda_l2"": 6.697669109612384e-05, ""learning_rate"": 0.021111136742069627, ""max_bin"": 63, ""max_depth"": -1, ""metric"": ""None"", ""min_data_in_leaf"": 58, ""min_gain_to_split"": 0.8794117334876851, ""num_leaves"": 48, ""objective"": ""binary"", ""scale_pos_weight"": 1.0, ""seed"": 269, ""verbosity"": -1}",1,0.2,128
228,128,2.262,0.5410566365029879,0.7768580461744248,0.517375202359568,0.4722289693142256,0.5720661075964887,3.270432281715775,0.4089062645806976,0.19999803602695465,0.6540800333023071,"{""bagging_fraction"": 0.6658175408748157, ""bagging_freq"": 1, ""bagging_seed"": 270, ""boosting_type"": ""gbdt"", ""data_random_seed"": 270, ""deterministic"": true, ""feature_fraction"": 0.7379844788632779, ""feature_fraction_seed"": 270, ""force_col_wise"": true, ""lambda_l1"": 0.00033428271682637683, ""lambda_l2"": 2.3238901636580524e-07, ""learning_rate"": 0.11249247746689706, ""max_bin"": 63, ""max_depth"": 12, ""metric"": ""None"", ""min_data_in_leaf"": 319, ""min_gain_to_split"": 0.3519299430229661, ""num_leaves"": 50, ""objective"": ""binary"", ""scale_pos_weight"": 2.0, ""seed"": 270, ""verbosity"": -1}",1,0.2,128
229,128,3.859,0.5412081822570897,0.7770676987688461,0.5185502604930197,0.48004008685485217,0.5637781374135649,3.2723938898380607,0.41007816910164274,0.19999803602695465,0.6544723510742188,"{""bagging_fraction"": 0.9031249093831082, ""bagging_freq"": 1, ""bagging_seed"": 271, ""boosting_type"": ""gbdt"", ""data_random_seed"": 271, ""deterministic"": true, ""feature_fraction"": 0.9863972104739545, ""feature_fraction_seed"": 271, ""force_col_wise"": true, ""lambda_l1"": 5.10901566125474, ""lambda_l2"": 0.3493244576642993, ""learning_rate"": 0.030634149160646777, ""max_bin"": 127, ""max_depth"": 10, ""metric"": ""None"", ""min_data_in_leaf"": 129, ""min_gain_to_split"": 0.14210392585164267, ""num_leaves"": 155, ""objective"": ""binary"", ""scale_pos_weight"": 2.0, ""seed"": 271, ""verbosity"": -1}",1,0.2,128
230,128,2.32,0.5383568005547753,0.7755643614345011,0.5171140559519765,0.4805085459291067,0.5597567554313178,3.255229967781138,0.38700060429256394,0.19999803602695465,0.6510396003723145,"{""bagging_fraction"": 0.6018337239914173, ""bagging_freq"": 1, ""bagging_seed"": 272, ""boosting_type"": ""gbdt"", ""data_random_seed"": 272, ""deterministic"": true, ""feature_fraction"": 0.9683195374032272, ""feature_fraction_seed"": 272, ""force_col_wise"": true, ""lambda_l1"": 0.0011878500799220584, ""lambda_l2"": 0.03085780228067631, ""learning_rate"": 0.015845657079763802, ""max_bin"": 127, ""max_depth"": 6, ""metric"": ""None"", ""min_data_in_leaf"": 132, ""min_gain_to_split"": 0.05884853733243178, ""num_leaves"": 152, ""objective"": ""binary"", ""scale_pos_weight"": 2.0, ""seed"": 272, ""verbosity"": -1}",1,0.2,128
231,128,23.445,0.5408946396572456,0.7770435301809413,0.5174237350760917,0.48895775139664804,0.5494090530135844,3.2709225347332715,0.2738007523404748,0.19999803602695465,0.6541780829429626,"{""bagging_fraction"": 0.8483160031916144, ""bagging_freq"": 1, ""bagging_seed"": 273, ""boosting_type"": ""gbdt"", ""data_random_seed"": 273, ""deterministic"": true, ""feature_fraction"": 0.666350730166933, ""feature_fraction_seed"": 273, ""force_col_wise"": true, ""lambda_l1"": 1.1697587533252719e-07, ""lambda_l2"": 2.7130817250566324, ""learning_rate"": 0.09111172890907183, ""max_bin"": 63, ""max_depth"": 10, ""metric"": ""None"", ""min_data_in_leaf"": 331, ""min_gain_to_split"": 0.8947285817147318, ""num_leaves"": 18, ""objective"": ""binary"", ""scale_pos_weight"": 1.0, ""seed"": 273, ""verbosity"": -1}",1,0.2,128
232,128,35.053,0.5394654074384374,0.776437085734631,0.5184549743774973,0.4803396636827575,0.5631406012456476,3.2601339880868516,0.2589907040679104,0.19999803602695465,0.6520203948020935,"{""bagging_fraction"": 0.5968681722112923, ""bagging_freq"": 1, ""bagging_seed"": 274, ""boosting_type"": ""gbdt"", ""data_random_seed"": 274, ""deterministic"": true, ""feature_fraction"": 0.6203310948824388, ""feature_fraction_seed"": 274, ""force_col_wise"": true, ""lambda_l1"": 9.951488196639731, ""lambda_l2"": 0.00012536291817094372, ""learning_rate"": 0.023998836167671917, ""max_bin"": 127, ""max_depth"": 8, ""metric"": ""None"", ""min_data_in_leaf"": 256, ""min_gain_to_split"": 0.8725317491484982, ""num_leaves"": 79, ""objective"": ""binary"", ""scale_pos_weight"": 1.0, ""seed"": 274, ""verbosity"": -1}",1,0.2,128
233,128,1.922,0.5413234325510902,0.777322134529496,0.5176690529387625,0.4837032934259299,0.5567652395664754,3.278278416178767,0.42381208213623284,0.19999803602695465,0.6556492447853088,"{""bagging_fraction"": 0.9763718702701532, ""bagging_freq"": 1, ""bagging_seed"": 275, ""boosting_type"": ""gbdt"", ""data_random_seed"": 275, ""deterministic"": true, ""feature_fraction"": 0.968334484475901, ""feature_fraction_seed"": 275, ""force_col_wise"": true, ""lambda_l1"": 6.799187646949766e-06, ""lambda_l2"": 1.5721138108421503e-05, ""learning_rate"": 0.12155609962740611, ""max_bin"": 127, ""max_depth"": 8, ""metric"": ""None"", ""min_data_in_leaf"": 76, ""min_gain_to_split"": 0.452450234834758, ""num_leaves"": 19, ""objective"": ""binary"", ""scale_pos_weight"": 2.0, ""seed"": 275, ""verbosity"": -1}",1,0.2,128
234,128,3.969,0.538604498118626,0.7758718454929479,0.5174603174603175,0.4812518452908178,0.559560590456574,3.25228785362386,0.391003953880687,0.19999803602695465,0.6504511833190918,"{""bagging_fraction"": 0.5674380991877933, ""bagging_freq"": 1, ""bagging_seed"": 276, ""boosting_type"": ""gbdt"", ""data_random_seed"": 276, ""deterministic"": true, ""feature_fraction"": 0.5802200549807378, ""feature_fraction_seed"": 276, ""force_col_wise"": true, ""lambda_l1"": 0.007648464463413212, ""lambda_l2"": 1.1249746031782502e-05, ""learning_rate"": 0.016730561523318664, ""max_bin"": 63, ""max_depth"": 16, ""metric"": ""None"", ""min_data_in_leaf"": 674, ""min_gain_to_split"": 0.6554593927200013, ""num_leaves"": 191, ""objective"": ""binary"", ""scale_pos_weight"": 2.0, ""seed"": 276, ""verbosity"": -1}",1,0.2,128
235,128,77.234,0.539299393195273,0.7744332619606319,0.5173925078427755,0.4884369147685205,0.5499975479378157,3.2557205188247846,0.27440976925047006,0.19999803602695465,0.6511377096176147,"{""bagging_fraction"": 0.6940724360017912, ""bagging_freq"": 1, ""bagging_seed"": 277, ""boosting_type"": ""gbdt"", ""data_random_seed"": 277, ""deterministic"": true, ""feature_fraction"": 0.61141174932003, ""feature_fraction_seed"": 277, ""force_col_wise"": true, ""lambda_l1"": 2.0658437846061837e-05, ""lambda_l2"": 0.0006832094030492902, ""learning_rate"": 0.13095193053657686, ""max_bin"": 127, ""max_depth"": -1, ""metric"": ""None"", ""min_data_in_leaf"": 1267, ""min_gain_to_split"": 0.2968684855074143, ""num_leaves"": 125, ""objective"": ""binary"", ""scale_pos_weight"": 1.0, ""seed"": 277, ""verbosity"": -1}",1,0.2,128
236,128,2.345,0.5371700995232462,0.7762169617088356,0.5171315640880858,0.4793166973706247,0.5614241577166397,3.240027951872651,0.5776178522825793,0.19999803602695465,0.6479992270469666,"{""bagging_fraction"": 0.832128553194521, ""bagging_freq"": 1, ""bagging_seed"": 278, ""boosting_type"": ""gbdt"", ""data_random_seed"": 278, ""deterministic"": true, ""feature_fraction"": 0.667853368554131, ""feature_fraction_seed"": 278, ""force_col_wise"": true, ""lambda_l1"": 3.114472576627947e-05, ""lambda_l2"": 1.2836615668888497e-05, ""learning_rate"": 0.027154051618562706, ""max_bin"": 63, ""max_depth"": 10, ""metric"": ""None"", ""min_data_in_leaf"": 103, ""min_gain_to_split"": 0.5339056327223729, ""num_leaves"": 31, ""objective"": ""binary"", ""scale_pos_weight"": 4.0, ""seed"": 278, ""verbosity"": -1}",1,0.2,128
237,128,3.071,0.5388963293969539,0.7765983698880595,0.5179228447421181,0.4701976158092647,0.5764307782845373,3.2473838333181466,0.5671445828146794,0.19999803602695465,0.6494703888893127,"{""bagging_fraction"": 0.959408909432895, ""bagging_freq"": 1, ""bagging_seed"": 279, ""boosting_type"": ""gbdt"", ""data_random_seed"": 279, ""deterministic"": true, ""feature_fraction"": 0.7848910513531229, ""feature_fraction_seed"": 279, ""force_col_wise"": true, ""lambda_l1"": 0.13901242463545396, ""lambda_l2"": 3.376510735255483e-08, ""learning_rate"": 0.027898656634675344, ""max_bin"": 127, ""max_depth"": 12, ""metric"": ""None"", ""min_data_in_leaf"": 1766, ""min_gain_to_split"": 0.42909887146925685, ""num_leaves"": 79, ""objective"": ""binary"", ""scale_pos_weight"": 4.0, ""seed"": 279, ""verbosity"": -1}",1,0.2,128
238,128,2.39,0.5406623994089109,0.776398757325609,0.5185855114407163,0.48110080966564583,0.5624049825903585,3.2557205188247846,0.4185721275365517,0.19999803602695465,0.6511377096176147,"{""bagging_fraction"": 0.888183802125727, ""bagging_freq"": 1, ""bagging_seed"": 280, ""boosting_type"": ""gbdt"", ""data_random_seed"": 280, ""deterministic"": true, ""feature_fraction"": 0.6069537064557822, ""feature_fraction_seed"": 280, ""force_col_wise"": true, ""lambda_l1"": 0.000370760088503191, ""lambda_l2"": 0.03242517400908933, ""learning_rate"": 0.14469824223731456, ""max_bin"": 63, ""max_depth"": -1, ""metric"": ""None"", ""min_data_in_leaf"": 398, ""min_gain_to_split"": 0.8693618268785237, ""num_leaves"": 55, ""objective"": ""binary"", ""scale_pos_weight"": 2.0, ""seed"": 280, ""verbosity"": -1}",1,0.2,128
239,128,2.853,0.5414286961675321,0.7771417557666519,0.5181386943754236,0.4802964948280916,0.5624540238340444,3.26307640027028,0.41861761803343434,0.19999803602695465,0.6526088714599609,"{""bagging_fraction"": 0.5663935880572976, ""bagging_freq"": 1, ""bagging_seed"": 281, ""boosting_type"": ""gbdt"", ""data_random_seed"": 281, ""deterministic"": true, ""feature_fraction"": 0.9410742038246512, ""feature_fraction_seed"": 281, ""force_col_wise"": true, ""lambda_l1"": 0.0010132408047718341, ""lambda_l2"": 8.839420377232806e-07, ""learning_rate"": 0.052515141720651345, ""max_bin"": 127, ""max_depth"": 10, ""metric"": ""None"", ""min_data_in_leaf"": 1118, ""min_gain_to_split"": 0.8603458907817834, ""num_leaves"": 127, ""objective"": ""binary"", ""scale_pos_weight"": 2.0, ""seed"": 281, ""verbosity"": -1}",1,0.2,128
240,128,2.222,0.539248567292934,0.7761886943756577,0.517599267906167,0.4749713255775848,0.5686332205384729,3.259153184025709,0.2568717453855922,0.19999803602695465,0.6518242359161377,"{""bagging_fraction"": 0.5921123254022678, ""bagging_freq"": 1, ""bagging_seed"": 282, ""boosting_type"": ""gbdt"", ""data_random_seed"": 282, ""deterministic"": true, ""feature_fraction"": 0.6419617953452375, ""feature_fraction_seed"": 282, ""force_col_wise"": true, ""lambda_l1"": 0.9823332042185323, ""lambda_l2"": 0.07549064676883724, ""learning_rate"": 0.031204698045014728, ""max_bin"": 63, ""max_depth"": 16, ""metric"": ""None"", ""min_data_in_leaf"": 671, ""min_gain_to_split"": 0.19979493065813259, ""num_leaves"": 26, ""objective"": ""binary"", ""scale_pos_weight"": 1.0, ""seed"": 282, ""verbosity"": -1}",1,0.2,128
241,128,2.013,0.5408751854182112,0.7768051710376431,0.5178014983756547,0.4712768525223268,0.5745181697807856,3.2650380083925654,0.2554378762429591,0.19999803602695465,0.6530011892318726,"{""bagging_fraction"": 0.6846063148749351, ""bagging_freq"": 1, ""bagging_seed"": 283, ""boosting_type"": ""gbdt"", ""data_random_seed"": 283, ""deterministic"": true, ""feature_fraction"": 0.6884328184408587, ""feature_fraction_seed"": 283, ""force_col_wise"": true, ""lambda_l1"": 2.268363070290427e-08, ""lambda_l2"": 0.036002843456275545, ""learning_rate"": 0.1390731330276536, ""max_bin"": 127, ""max_depth"": 6, ""metric"": ""None"", ""min_data_in_leaf"": 475, ""min_gain_to_split"": 0.043175225056884536, ""num_leaves"": 112, ""objective"": ""binary"", ""scale_pos_weight"": 1.0, ""seed"": 283, ""verbosity"": -1}",1,0.2,128
242,128,2.353,0.5423780192722009,0.7778590503189164,0.5196071729669378,0.4852740892066735,0.5591682605070865,3.272884142855557,0.2673780459402568,0.19999803602695465,0.6545704007148743,"{""bagging_fraction"": 0.7462613901920975, ""bagging_freq"": 1, ""bagging_seed"": 284, ""boosting_type"": ""gbdt"", ""data_random_seed"": 284, ""deterministic"": true, ""feature_fraction"": 0.7687203623023928, ""feature_fraction_seed"": 284, ""force_col_wise"": true, ""lambda_l1"": 8.352048430717489e-06, ""lambda_l2"": 0.000495938618230198, ""learning_rate"": 0.07210291059790223, ""max_bin"": 127, ""max_depth"": 6, ""metric"": ""None"", ""min_data_in_leaf"": 285, ""min_gain_to_split"": 0.43115095714111507, ""num_leaves"": 221, ""objective"": ""binary"", ""scale_pos_weight"": 1.0, ""seed"": 284, ""verbosity"": -1}",1,0.2,128
243,128,57.442,0.5357420701972658,0.772257788723077,0.5136920324755745,0.48248675197104823,0.5492128880388407,3.254249163719995,0.5848061002170107,0.19999803602695465,0.6508434414863586,"{""bagging_fraction"": 0.6313177880950643, ""bagging_freq"": 1, ""bagging_seed"": 285, ""boosting_type"": ""gbdt"", ""data_random_seed"": 285, ""deterministic"": true, ""feature_fraction"": 0.7231075626976037, ""feature_fraction_seed"": 285, ""force_col_wise"": true, ""lambda_l1"": 1.4759928895789679e-05, ""lambda_l2"": 3.865958315289134e-06, ""learning_rate"": 0.11383378494136866, ""max_bin"": 63, ""max_depth"": 10, ""metric"": ""None"", ""min_data_in_leaf"": 67, ""min_gain_to_split"": 0.1745371316267883, ""num_leaves"": 251, ""objective"": ""binary"", ""scale_pos_weight"": 4.0, ""seed"": 285, ""verbosity"": -1}",1,0.2,128
244,128,4.096,0.5420944374433688,0.7773674666401923,0.5190066343912497,0.4779360165118679,0.5677995193958119,3.271413085776918,0.2587135610981851,0.19999803602695465,0.6542761921882629,"{""bagging_fraction"": 0.5861247941818167, ""bagging_freq"": 1, ""bagging_seed"": 286, ""boosting_type"": ""gbdt"", ""data_random_seed"": 286, ""deterministic"": true, ""feature_fraction"": 0.7314731123186549, ""feature_fraction_seed"": 286, ""force_col_wise"": true, ""lambda_l1"": 2.3150819436809013e-06, ""lambda_l2"": 7.48630794652383, ""learning_rate"": 0.03834253762454454, ""max_bin"": 63, ""max_depth"": 16, ""metric"": ""None"", ""min_data_in_leaf"": 64, ""min_gain_to_split"": 0.20895960748461406, ""num_leaves"": 203, ""objective"": ""binary"", ""scale_pos_weight"": 1.0, ""seed"": 286, ""verbosity"": -1}",1,0.2,128
245,128,2.382,0.5406713585819206,0.7771814766788354,0.5184439523074514,0.4766370516617308,0.5682899318326713,3.2611147921479944,0.583733155093068,0.19999803602695465,0.6522165536880493,"{""bagging_fraction"": 0.9220430619527262, ""bagging_freq"": 1, ""bagging_seed"": 287, ""boosting_type"": ""gbdt"", ""data_random_seed"": 287, ""deterministic"": true, ""feature_fraction"": 0.7195308751938461, ""feature_fraction_seed"": 287, ""force_col_wise"": true, ""lambda_l1"": 1.7669528589086022e-07, ""lambda_l2"": 7.170241982777535e-05, ""learning_rate"": 0.04727742087017234, ""max_bin"": 63, ""max_depth"": 6, ""metric"": ""None"", ""min_data_in_leaf"": 425, ""min_gain_to_split"": 0.6897618484440871, ""num_leaves"": 61, ""objective"": ""binary"", ""scale_pos_weight"": 4.0, ""seed"": 287, ""verbosity"": -1}",1,0.2,128
246,128,2.969,0.5390490181258579,0.7769700386620746,0.5173310613873817,0.47651893767295855,0.5657888284046884,3.2562107718422806,0.5727690585434747,0.19999803602695465,0.6512357592582703,"{""bagging_fraction"": 0.8775464013993348, ""bagging_freq"": 1, ""bagging_seed"": 288, ""boosting_type"": ""gbdt"", ""data_random_seed"": 288, ""deterministic"": true, ""feature_fraction"": 0.5811121731097516, ""feature_fraction_seed"": 288, ""force_col_wise"": true, ""lambda_l1"": 3.913269143811016e-06, ""lambda_l2"": 0.03263680312788128, ""learning_rate"": 0.02720507552042966, ""max_bin"": 63, ""max_depth"": 10, ""metric"": ""None"", ""min_data_in_leaf"": 94, ""min_gain_to_split"": 0.06639827904327456, ""num_leaves"": 75, ""objective"": ""binary"", ""scale_pos_weight"": 4.0, ""seed"": 288, ""verbosity"": -1}",1,0.2,128
247,128,2.001,0.5405758538805696,0.7771584534788938,0.5183247264372,0.48340830009335484,0.558677848070227,3.253758910702499,0.5939291192911664,0.19999803602695465,0.6507453918457031,"{""bagging_fraction"": 0.9341335779160302, ""bagging_freq"": 1, ""bagging_seed"": 289, ""boosting_type"": ""gbdt"", ""data_random_seed"": 289, ""deterministic"": true, ""feature_fraction"": 0.5753299658418961, ""feature_fraction_seed"": 289, ""force_col_wise"": true, ""lambda_l1"": 1.2951837934087244e-06, ""lambda_l2"": 0.0008599235855530924, ""learning_rate"": 0.09608592219283527, ""max_bin"": 63, ""max_depth"": 16, ""metric"": ""None"", ""min_data_in_leaf"": 55, ""min_gain_to_split"": 0.42624420318005674, ""num_leaves"": 19, ""objective"": ""binary"", ""scale_pos_weight"": 4.0, ""seed"": 289, ""verbosity"": -1}",1,0.2,128
248,128,2.797,0.5406067259205032,0.7772447075056879,0.5179843265087409,0.4754488072792852,0.5688784267569026,3.258662931008213,0.578997656661683,0.19999803602695465,0.6517261862754822,"{""bagging_fraction"": 0.5732873855217482, ""bagging_freq"": 1, ""bagging_seed"": 290, ""boosting_type"": ""gbdt"", ""data_random_seed"": 290, ""deterministic"": true, ""feature_fraction"": 0.9238167724356692, ""feature_fraction_seed"": 290, ""force_col_wise"": true, ""lambda_l1"": 0.00019899351625547902, ""lambda_l2"": 0.948447760488531, ""learning_rate"": 0.03758279014141636, ""max_bin"": 127, ""max_depth"": 16, ""metric"": ""None"", ""min_data_in_leaf"": 87, ""min_gain_to_split"": 0.6652139656041213, ""num_leaves"": 62, ""objective"": ""binary"", ""scale_pos_weight"": 4.0, ""seed"": 290, ""verbosity"": -1}",1,0.2,128
249,128,43.899,0.5387793384498499,0.7765161998758272,0.5174950161545335,0.4856774193548387,0.553773723701633,3.2562107718422806,0.4074251323345765,0.19999803602695465,0.6512357592582703,"{""bagging_fraction"": 0.7580025685646506, ""bagging_freq"": 1, ""bagging_seed"": 291, ""boosting_type"": ""gbdt"", ""data_random_seed"": 291, ""deterministic"": true, ""feature_fraction"": 0.7846494445710974, ""feature_fraction_seed"": 291, ""force_col_wise"": true, ""lambda_l1"": 8.751553798870888e-06, ""lambda_l2"": 5.614686489738648e-06, ""learning_rate"": 0.020402583034286898, ""max_bin"": 127, ""max_depth"": 12, ""metric"": ""None"", ""min_data_in_leaf"": 193, ""min_gain_to_split"": 0.25085289165512215, ""num_leaves"": 49, ""objective"": ""binary"", ""scale_pos_weight"": 2.0, ""seed"": 291, ""verbosity"": -1}",1,0.2,128
250,128,2.593,0.5377002949331039,0.7749599059348482,0.5169527465904779,0.47439573945104463,0.5678976018831837,3.250816498519071,0.24837278459507353,0.19999803602695465,0.6501569151878357,"{""bagging_fraction"": 0.9314499105990879, ""bagging_freq"": 1, ""bagging_seed"": 292, ""boosting_type"": ""gbdt"", ""data_random_seed"": 292, ""deterministic"": true, ""feature_fraction"": 0.8622367003940506, ""feature_fraction_seed"": 292, ""force_col_wise"": true, ""lambda_l1"": 1.3734759161020964e-06, ""lambda_l2"": 2.2667590015431868e-07, ""learning_rate"": 0.015008761678375218, ""max_bin"": 127, ""max_depth"": 6, ""metric"": ""None"", ""min_data_in_leaf"": 82, ""min_gain_to_split"": 0.008617257133752054, ""num_leaves"": 177, ""objective"": ""binary"", ""scale_pos_weight"": 1.0, ""seed"": 292, ""verbosity"": -1}",1,0.2,128
251,128,101.264,0.5360282152003929,0.7747555804466497,0.5156563761943641,0.46874749257803094,0.5729978912265214,3.2297296582437274,0.25204954073740665,0.19999803602695465,0.6459395885467529,"{""bagging_fraction"": 0.5823379746284321, ""bagging_freq"": 1, ""bagging_seed"": 293, ""boosting_type"": ""gbdt"", ""data_random_seed"": 293, ""deterministic"": true, ""feature_fraction"": 0.8866319315859517, ""feature_fraction_seed"": 293, ""force_col_wise"": true, ""lambda_l1"": 0.0021340049581647057, ""lambda_l2"": 0.06377897595351605, ""learning_rate"": 0.07879109714264683, ""max_bin"": 127, ""max_depth"": -1, ""metric"": ""None"", ""min_data_in_leaf"": 59, ""min_gain_to_split"": 0.3592043972677377, ""num_leaves"": 246, ""objective"": ""binary"", ""scale_pos_weight"": 1.0, ""seed"": 293, ""verbosity"": -1}",1,0.2,128
252,128,4.779,0.5416136279340493,0.7766437930886646,0.5174441919529474,0.4740967544396816,0.5695159629248198,3.2640572043314227,0.4052317819186731,0.19999803602695465,0.6528050303459167,"{""bagging_fraction"": 0.7998650289550253, ""bagging_freq"": 1, ""bagging_seed"": 294, ""boosting_type"": ""gbdt"", ""data_random_seed"": 294, ""deterministic"": true, ""feature_fraction"": 0.6057666517390817, ""feature_fraction_seed"": 294, ""force_col_wise"": true, ""lambda_l1"": 0.0023334897321766546, ""lambda_l2"": 0.13503225942176675, ""learning_rate"": 0.05011837652338282, ""max_bin"": 63, ""max_depth"": 16, ""metric"": ""None"", ""min_data_in_leaf"": 101, ""min_gain_to_split"": 0.7530732736205097, ""num_leaves"": 249, ""objective"": ""binary"", ""scale_pos_weight"": 2.0, ""seed"": 294, ""verbosity"": -1}",1,0.2,128
253,128,2.285,0.5414455853498613,0.7770352428029931,0.5177147918511957,0.4719609188905487,0.5732921386886372,3.266018812453708,0.40920246554625683,0.19999803602695465,0.6531973481178284,"{""bagging_fraction"": 0.6984034207981762, ""bagging_freq"": 1, ""bagging_seed"": 295, ""boosting_type"": ""gbdt"", ""data_random_seed"": 295, ""deterministic"": true, ""feature_fraction"": 0.683835381592111, ""feature_fraction_seed"": 295, ""force_col_wise"": true, ""lambda_l1"": 2.44061526387885, ""lambda_l2"": 0.013710811042955262, ""learning_rate"": 0.0886466294370367, ""max_bin"": 63, ""max_depth"": 16, ""metric"": ""None"", ""min_data_in_leaf"": 389, ""min_gain_to_split"": 0.9745904132511058, ""num_leaves"": 30, ""objective"": ""binary"", ""scale_pos_weight"": 2.0, ""seed"": 295, ""verbosity"": -1}",1,0.2,128
254,128,2.598,0.5412129060474071,0.7774114083521142,0.5185251839020989,0.4789709916050204,0.5652003334804571,3.266509065471204,0.5853181405632794,0.19999803602695465,0.6532953977584839,"{""bagging_fraction"": 0.5803184373098529, ""bagging_freq"": 1, ""bagging_seed"": 296, ""boosting_type"": ""gbdt"", ""data_random_seed"": 296, ""deterministic"": true, ""feature_fraction"": 0.787436362272017, ""feature_fraction_seed"": 296, ""force_col_wise"": true, ""lambda_l1"": 2.416336219548816, ""lambda_l2"": 1.301946497177813e-07, ""learning_rate"": 0.042862315854785685, ""max_bin"": 63, ""max_depth"": 8, ""metric"": ""None"", ""min_data_in_leaf"": 120, ""min_gain_to_split"": 0.1979807464169071, ""num_leaves"": 60, ""objective"": ""binary"", ""scale_pos_weight"": 4.0, ""seed"": 296, ""verbosity"": -1}",1,0.2,128
255,128,4.074,0.5376437060429078,0.7757473610614563,0.5168174643754307,0.4726740403383214,0.5700554166053651,3.2473838333181466,0.5042939049094542,0.19999803602695465,0.6494703888893127,"{""bagging_fraction"": 0.8613311775785438, ""bagging_freq"": 1, ""bagging_seed"": 297, ""boosting_type"": ""gbdt"", ""data_random_seed"": 297, ""deterministic"": true, ""feature_fraction"": 0.5808793856989866, ""feature_fraction_seed"": 297, ""force_col_wise"": true, ""lambda_l1"": 0.004837899914721933, ""lambda_l2"": 0.06548546182662184, ""learning_rate"": 0.013001811558153702, ""max_bin"": 127, ""max_depth"": 12, ""metric"": ""None"", ""min_data_in_leaf"": 727, ""min_gain_to_split"": 0.8281978524893359, ""num_leaves"": 192, ""objective"": ""binary"", ""scale_pos_weight"": 4.0, ""seed"": 297, ""verbosity"": -1}",1,0.2,128
256,128,2.707,0.5410177471941694,0.777415394061725,0.5181878161425115,0.46975557239124366,0.5777548918640577,3.2640572043314227,0.40449553238788355,0.19999803602695465,0.6528050303459167,"{""bagging_fraction"": 0.8489551907954143, ""bagging_freq"": 1, ""bagging_seed"": 298, ""boosting_type"": ""gbdt"", ""data_random_seed"": 298, ""deterministic"": true, ""feature_fraction"": 0.8143848012379935, ""feature_fraction_seed"": 298, ""force_col_wise"": true, ""lambda_l1"": 8.593149742726584e-05, ""lambda_l2"": 0.06383917819559527, ""learning_rate"": 0.0489099047592483, ""max_bin"": 127, ""max_depth"": 16, ""metric"": ""None"", ""min_data_in_leaf"": 1706, ""min_gain_to_split"": 0.9976673923386359, ""num_leaves"": 37, ""objective"": ""binary"", ""scale_pos_weight"": 2.0, ""seed"": 298, ""verbosity"": -1}",1,0.2,128
257,128,2.759,0.5388627298280592,0.7764777707568402,0.5173981544001801,0.4781396896709514,0.5636800549261929,3.250816498519071,0.39123477236737936,0.19999803602695465,0.6501569151878357,"{""bagging_fraction"": 0.5720833214759229, ""bagging_freq"": 1, ""bagging_seed"": 299, ""boosting_type"": ""gbdt"", ""data_random_seed"": 299, ""deterministic"": true, ""feature_fraction"": 0.8072064030280235, ""feature_fraction_seed"": 299, ""force_col_wise"": true, ""lambda_l1"": 4.3499884815276655e-05, ""lambda_l2"": 0.0017652424333799144, ""learning_rate"": 0.01730003891387879, ""max_bin"": 63, ""max_depth"": -1, ""metric"": ""None"", ""min_data_in_leaf"": 295, ""min_gain_to_split"": 0.5851913513049627, ""num_leaves"": 69, ""objective"": ""binary"", ""scale_pos_weight"": 2.0, ""seed"": 299, ""verbosity"": -1}",1,0.2,128
258,128,2.23,0.5415469873418173,0.7774650603084491,0.5192350956130484,0.479654183465647,0.5659359521357462,3.266018812453708,0.5867735718491713,0.19999803602695465,0.6531973481178284,"{""bagging_fraction"": 0.8227883929995149, ""bagging_freq"": 1, ""bagging_seed"": 300, ""boosting_type"": ""gbdt"", ""data_random_seed"": 300, ""deterministic"": true, ""feature_fraction"": 0.791878448141742, ""feature_fraction_seed"": 300, ""force_col_wise"": true, ""lambda_l1"": 8.142172531492966e-08, ""lambda_l2"": 2.8734845509615295e-06, ""learning_rate"": 0.07031367161098806, ""max_bin"": 127, ""max_depth"": 6, ""metric"": ""None"", ""min_data_in_leaf"": 501, ""min_gain_to_split"": 0.5273997806581312, ""num_leaves"": 92, ""objective"": ""binary"", ""scale_pos_weight"": 4.0, ""seed"": 300, ""verbosity"": -1}",1,0.2,128
259,128,2.092,0.5404898079002556,0.7770628959556962,0.5178806418099965,0.4892688885011342,0.5500465891815016,3.254249163719995,0.4306112814207827,0.19999803602695465,0.6508434414863586,"{""bagging_fraction"": 0.8803074519049253, ""bagging_freq"": 1, ""bagging_seed"": 301, ""boosting_type"": ""gbdt"", ""data_random_seed"": 301, ""deterministic"": true, ""feature_fraction"": 0.6497820944366945, ""feature_fraction_seed"": 301, ""force_col_wise"": true, ""lambda_l1"": 0.2798772980628327, ""lambda_l2"": 0.0021933424967613825, ""learning_rate"": 0.06289651750280717, ""max_bin"": 63, ""max_depth"": 16, ""metric"": ""None"", ""min_data_in_leaf"": 444, ""min_gain_to_split"": 0.5913626097517097, ""num_leaves"": 19, ""objective"": ""binary"", ""scale_pos_weight"": 2.0, ""seed"": 301, ""verbosity"": -1}",1,0.2,128
260,128,4.125,0.5408053733229115,0.7767277924147435,0.5184775881884891,0.4719349776686919,0.5752047471923888,3.2650380083925654,0.5703243235256478,0.19999803602695465,0.6530011892318726,"{""bagging_fraction"": 0.5726708822298495, ""bagging_freq"": 1, ""bagging_seed"": 302, ""boosting_type"": ""gbdt"", ""data_random_seed"": 302, ""deterministic"": true, ""feature_fraction"": 0.715704573811767, ""feature_fraction_seed"": 302, ""force_col_wise"": true, ""lambda_l1"": 1.9367189944565042e-07, ""lambda_l2"": 5.460428262615456e-07, ""learning_rate"": 0.03348349237783545, ""max_bin"": 127, ""max_depth"": -1, ""metric"": ""None"", ""min_data_in_leaf"": 340, ""min_gain_to_split"": 0.37338354325867473, ""num_leaves"": 174, ""objective"": ""binary"", ""scale_pos_weight"": 4.0, ""seed"": 302, ""verbosity"": -1}",1,0.2,128
261,128,2.49,0.5408593546067193,0.7769379999661674,0.5178010586194022,0.4688941925218775,0.5780981805698593,3.267489869532347,0.25175825424327863,0.19999803602695465,0.6534915566444397,"{""bagging_fraction"": 0.9170787859979757, ""bagging_freq"": 1, ""bagging_seed"": 303, ""boosting_type"": ""gbdt"", ""data_random_seed"": 303, ""deterministic"": true, ""feature_fraction"": 0.7022374860713338, ""feature_fraction_seed"": 303, ""force_col_wise"": true, ""lambda_l1"": 2.8189355116289372e-05, ""lambda_l2"": 0.089650404660005, ""learning_rate"": 0.039274122660776074, ""max_bin"": 127, ""max_depth"": 16, ""metric"": ""None"", ""min_data_in_leaf"": 74, ""min_gain_to_split"": 0.8027049761268789, ""num_leaves"": 29, ""objective"": ""binary"", ""scale_pos_weight"": 1.0, ""seed"": 303, ""verbosity"": -1}",1,0.2,128
262,128,2.456,0.540859577815083,0.7771721722805512,0.5178656828585092,0.48341836734693877,0.5575989407091364,3.2557205188247846,0.591436773574032,0.19999803602695465,0.6511377096176147,"{""bagging_fraction"": 0.9476498267076173, ""bagging_freq"": 1, ""bagging_seed"": 304, ""boosting_type"": ""gbdt"", ""data_random_seed"": 304, ""deterministic"": true, ""feature_fraction"": 0.9654862106160453, ""feature_fraction_seed"": 304, ""force_col_wise"": true, ""lambda_l1"": 0.0005003489870301958, ""lambda_l2"": 0.0009338520642070731, ""learning_rate"": 0.05198037577956584, ""max_bin"": 63, ""max_depth"": 6, ""metric"": ""None"", ""min_data_in_leaf"": 60, ""min_gain_to_split"": 0.2117411027761249, ""num_leaves"": 227, ""objective"": ""binary"", ""scale_pos_weight"": 4.0, ""seed"": 304, ""verbosity"": -1}",1,0.2,128
263,128,2.209,0.5383979038531674,0.7764192705927144,0.5179657644212288,0.4805723397113125,0.5616693639350694,3.246403029257004,0.5878451523247946,0.19999803602695465,0.6492742300033569,"{""bagging_fraction"": 0.9231177206555876, ""bagging_freq"": 1, ""bagging_seed"": 305, ""boosting_type"": ""gbdt"", ""data_random_seed"": 305, ""deterministic"": true, ""feature_fraction"": 0.9777233214112178, ""feature_fraction_seed"": 305, ""force_col_wise"": true, ""lambda_l1"": 3.1245196616500944e-06, ""lambda_l2"": 3.0194355527380755e-08, ""learning_rate"": 0.03858328020154177, ""max_bin"": 127, ""max_depth"": 12, ""metric"": ""None"", ""min_data_in_leaf"": 621, ""min_gain_to_split"": 0.9403514125381806, ""num_leaves"": 17, ""objective"": ""binary"", ""scale_pos_weight"": 4.0, ""seed"": 305, ""verbosity"": -1}",1,0.2,128
264,128,3.185,0.5420846323779296,0.7774762896198903,0.5181435708651065,0.4683303624480095,0.5798146240988672,3.2723938898380607,0.25044895242334286,0.19999803602695465,0.6544723510742188,"{""bagging_fraction"": 0.5935388042624933, ""bagging_freq"": 1, ""bagging_seed"": 306, ""boosting_type"": ""gbdt"", ""data_random_seed"": 306, ""deterministic"": true, ""feature_fraction"": 0.6037517961679152, ""feature_fraction_seed"": 306, ""force_col_wise"": true, ""lambda_l1"": 1.243338323335021e-06, ""lambda_l2"": 0.33866219404865283, ""learning_rate"": 0.04228331258216672, ""max_bin"": 63, ""max_depth"": 16, ""metric"": ""None"", ""min_data_in_leaf"": 235, ""min_gain_to_split"": 0.14583230073568, ""num_leaves"": 93, ""objective"": ""binary"", ""scale_pos_weight"": 1.0, ""seed"": 306, ""verbosity"": -1}",1,0.2,128
265,128,2.166,0.54034935223976,0.7772121739781305,0.5183433009015442,0.4755743008066828,0.5695650041685058,3.254739714763642,0.5819447558429784,0.19999803602695465,0.6509415507316589,"{""bagging_fraction"": 0.715641971948477, ""bagging_freq"": 1, ""bagging_seed"": 307, ""boosting_type"": ""gbdt"", ""data_random_seed"": 307, ""deterministic"": true, ""feature_fraction"": 0.8034923087640831, ""feature_fraction_seed"": 307, ""force_col_wise"": true, ""lambda_l1"": 0.004319500937148142, ""lambda_l2"": 1.62124281231805, ""learning_rate"": 0.044179439300911366, ""max_bin"": 127, ""max_depth"": 6, ""metric"": ""None"", ""min_data_in_leaf"": 91, ""min_gain_to_split"": 0.15099313143506765, ""num_leaves"": 28, ""objective"": ""binary"", ""scale_pos_weight"": 4.0, ""seed"": 307, ""verbosity"": -1}",1,0.2,128
266,128,27.999,0.5419508219556141,0.7775083039650298,0.5177954508567322,0.4910722139150321,0.5475945269972047,3.2689612246371365,0.2753268830129569,0.19999803602695465,0.6537858247756958,"{""bagging_fraction"": 0.860722998048016, ""bagging_freq"": 1, ""bagging_seed"": 308, ""boosting_type"": ""gbdt"", ""data_random_seed"": 308, ""deterministic"": true, ""feature_fraction"": 0.8376456969714257, ""feature_fraction_seed"": 308, ""force_col_wise"": true, ""lambda_l1"": 1.4071480894773018e-08, ""lambda_l2"": 4.195978096372184, ""learning_rate"": 0.1151888817210947, ""max_bin"": 127, ""max_depth"": 6, ""metric"": ""None"", ""min_data_in_leaf"": 493, ""min_gain_to_split"": 0.5856037614655798, ""num_leaves"": 157, ""objective"": ""binary"", ""scale_pos_weight"": 1.0, ""seed"": 308, ""verbosity"": -1}",1,0.2,128
267,128,27.861,0.5374066260685221,0.7755105663798276,0.5172836479529297,0.47409919111038484,0.5691236329753323,3.229239107200081,0.403315715910965,0.19999803602695465,0.6458414793014526,"{""bagging_fraction"": 0.7466451797401533, ""bagging_freq"": 1, ""bagging_seed"": 309, ""boosting_type"": ""gbdt"", ""data_random_seed"": 309, ""deterministic"": true, ""feature_fraction"": 0.778235553692168, ""feature_fraction_seed"": 309, ""force_col_wise"": true, ""lambda_l1"": 1.1414410507810546e-05, ""lambda_l2"": 1.7718819754658746e-06, ""learning_rate"": 0.027779080936410246, ""max_bin"": 127, ""max_depth"": 12, ""metric"": ""None"", ""min_data_in_leaf"": 328, ""min_gain_to_split"": 0.5275448744971828, ""num_leaves"": 16, ""objective"": ""binary"", ""scale_pos_weight"": 2.0, ""seed"": 309, ""verbosity"": -1}",1,0.2,128
268,128,27.392,0.5410984131809343,0.7770029025784435,0.5174479284839134,0.4814846092133598,0.5592173017507724,3.266509065471204,0.4199323432704206,0.19999803602695465,0.6532953977584839,"{""bagging_fraction"": 0.7746761156383666, ""bagging_freq"": 1, ""bagging_seed"": 310, ""boosting_type"": ""gbdt"", ""data_random_seed"": 310, ""deterministic"": true, ""feature_fraction"": 0.7944891293061807, ""feature_fraction_seed"": 310, ""force_col_wise"": true, ""lambda_l1"": 0.006218192875278352, ""lambda_l2"": 3.5482640831368295, ""learning_rate"": 0.13827014221657535, ""max_bin"": 63, ""max_depth"": 10, ""metric"": ""None"", ""min_data_in_leaf"": 148, ""min_gain_to_split"": 0.2852210854938674, ""num_leaves"": 24, ""objective"": ""binary"", ""scale_pos_weight"": 2.0, ""seed"": 310, ""verbosity"": -1}",1,0.2,128
269,128,2.409,0.534403981340076,0.7740511373878342,0.5147465229012821,0.4782993054093875,0.5572066107596488,3.218450560553661,0.35727848340808194,0.19999803602695465,0.6436837911605835,"{""bagging_fraction"": 0.8279512572491375, ""bagging_freq"": 1, ""bagging_seed"": 311, ""boosting_type"": ""gbdt"", ""data_random_seed"": 311, ""deterministic"": true, ""feature_fraction"": 0.5639476548165105, ""feature_fraction_seed"": 311, ""force_col_wise"": true, ""lambda_l1"": 0.012729034852952568, ""lambda_l2"": 0.05255153832783647, ""learning_rate"": 0.01070162094068272, ""max_bin"": 127, ""max_depth"": 12, ""metric"": ""None"", ""min_data_in_leaf"": 277, ""min_gain_to_split"": 0.5165745048430123, ""num_leaves"": 32, ""objective"": ""binary"", ""scale_pos_weight"": 2.0, ""seed"": 311, ""verbosity"": -1}",1,0.2,128
270,128,1.843,0.5374936650495531,0.7757178710792374,0.5175896276059744,0.4762630841506635,0.5667696532784071,3.239047147811508,0.40776346482619763,0.19999803602695465,0.6478030681610107,"{""bagging_fraction"": 0.5571114576234834, ""bagging_freq"": 1, ""bagging_seed"": 312, ""boosting_type"": ""gbdt"", ""data_random_seed"": 312, ""deterministic"": true, ""feature_fraction"": 0.9979998848135994, ""feature_fraction_seed"": 312, ""force_col_wise"": true, ""lambda_l1"": 0.0010429211417913547, ""lambda_l2"": 0.0574220609668629, ""learning_rate"": 0.02922865829327133, ""max_bin"": 63, ""max_depth"": 12, ""metric"": ""None"", ""min_data_in_leaf"": 560, ""min_gain_to_split"": 0.8267748280138787, ""num_leaves"": 17, ""objective"": ""binary"", ""scale_pos_weight"": 2.0, ""seed"": 312, ""verbosity"": -1}",1,0.2,128
271,128,3.226,0.5419244878698194,0.7773012358588816,0.5183442679558011,0.4628637502408942,0.5889362954244519,3.266018812453708,0.24585827709384728,0.19999803602695465,0.6531973481178284,"{""bagging_fraction"": 0.9667819883236886, ""bagging_freq"": 1, ""bagging_seed"": 313, ""boosting_type"": ""gbdt"", ""data_random_seed"": 313, ""deterministic"": true, ""feature_fraction"": 0.6050302917412684, ""feature_fraction_seed"": 313, ""force_col_wise"": true, ""lambda_l1"": 1.7145755721371237e-08, ""lambda_l2"": 0.33558130502435807, ""learning_rate"": 0.053589260693071815, ""max_bin"": 127, ""max_depth"": 10, ""metric"": ""None"", ""min_data_in_leaf"": 1189, ""min_gain_to_split"": 0.07674042655969726, ""num_leaves"": 108, ""objective"": ""binary"", ""scale_pos_weight"": 1.0, ""seed"": 313, ""verbosity"": -1}",1,0.2,128
272,128,2.697,0.5346692640053999,0.7752167175487983,0.5157747190882144,0.4852559667934971,0.5503898778873032,3.2312007153223665,0.4869877881597765,0.19999803602695465,0.6462337970733643,"{""bagging_fraction"": 0.7310668974274828, ""bagging_freq"": 1, ""bagging_seed"": 314, ""boosting_type"": ""gbdt"", ""data_random_seed"": 314, ""deterministic"": true, ""feature_fraction"": 0.7529905723617578, ""feature_fraction_seed"": 314, ""force_col_wise"": true, ""lambda_l1"": 0.08108663802592234, ""lambda_l2"": 1.091874578387887, ""learning_rate"": 0.010106013441139282, ""max_bin"": 63, ""max_depth"": 16, ""metric"": ""None"", ""min_data_in_leaf"": 92, ""min_gain_to_split"": 0.6525672517670819, ""num_leaves"": 53, ""objective"": ""binary"", ""scale_pos_weight"": 4.0, ""seed"": 314, ""verbosity"": -1}",1,0.2,128
273,128,4.324,0.5404196431207445,0.7769762123332593,0.5181780913543487,0.46262906457081215,0.588887254180766,3.2694514776546324,0.3799897451313209,0.19999803602695465,0.6538838744163513,"{""bagging_fraction"": 0.9741270786550666, ""bagging_freq"": 1, ""bagging_seed"": 315, ""boosting_type"": ""gbdt"", ""data_random_seed"": 315, ""deterministic"": true, ""feature_fraction"": 0.733085127725872, ""feature_fraction_seed"": 315, ""force_col_wise"": true, ""lambda_l1"": 3.597357282375384, ""lambda_l2"": 5.0214436497850754e-05, ""learning_rate"": 0.022253920470494667, ""max_bin"": 127, ""max_depth"": -1, ""metric"": ""None"", ""min_data_in_leaf"": 69, ""min_gain_to_split"": 0.6673968880987974, ""num_leaves"": 199, ""objective"": ""binary"", ""scale_pos_weight"": 2.0, ""seed"": 315, ""verbosity"": -1}",1,0.2,128
274,128,2.026,0.5407555547997793,0.777143588387393,0.5186773501862092,0.48047169022330016,0.5634838899514492,3.2719033387944143,0.4191828628160878,0.19999803602695465,0.6543742418289185,"{""bagging_fraction"": 0.8497235346711169, ""bagging_freq"": 1, ""bagging_seed"": 316, ""boosting_type"": ""gbdt"", ""data_random_seed"": 316, ""deterministic"": true, ""feature_fraction"": 0.6546485180993786, ""feature_fraction_seed"": 316, ""force_col_wise"": true, ""lambda_l1"": 1.4487930272927385e-05, ""lambda_l2"": 0.9545749274629518, ""learning_rate"": 0.07693755034734241, ""max_bin"": 63, ""max_depth"": -1, ""metric"": ""None"", ""min_data_in_leaf"": 482, ""min_gain_to_split"": 0.8192593855599865, ""num_leaves"": 16, ""objective"": ""binary"", ""scale_pos_weight"": 2.0, ""seed"": 316, ""verbosity"": -1}",1,0.2,128
275,128,2.396,0.541745981127508,0.7773524746841979,0.5184054669703873,0.4840273937640904,0.5580403119023098,3.2645474573489186,0.5934757687568321,0.19999803602695465,0.6529030799865723,"{""bagging_fraction"": 0.9373987758344473, ""bagging_freq"": 1, ""bagging_seed"": 317, ""boosting_type"": ""gbdt"", ""data_random_seed"": 317, ""deterministic"": true, ""feature_fraction"": 0.6388669233384752, ""feature_fraction_seed"": 317, ""force_col_wise"": true, ""lambda_l1"": 0.2556280747173636, ""lambda_l2"": 1.316276160379084, ""learning_rate"": 0.08109520128554376, ""max_bin"": 127, ""max_depth"": 8, ""metric"": ""None"", ""min_data_in_leaf"": 310, ""min_gain_to_split"": 0.8774769812242594, ""num_leaves"": 32, ""objective"": ""binary"", ""scale_pos_weight"": 4.0, ""seed"": 317, ""verbosity"": -1}",1,0.2,128
276,128,4.684,0.5403319122182355,0.7767948012181143,0.5178395088231506,0.46050169905692795,0.5914864400961208,3.263566653287776,0.3716864828554869,0.19999803602695465,0.6527069211006165,"{""bagging_fraction"": 0.704171060492625, ""bagging_freq"": 1, ""bagging_seed"": 318, ""boosting_type"": ""gbdt"", ""data_random_seed"": 318, ""deterministic"": true, ""feature_fraction"": 0.8021682531855429, ""feature_fraction_seed"": 318, ""force_col_wise"": true, ""lambda_l1"": 3.953457392510576e-06, ""lambda_l2"": 1.485350825063429e-06, ""learning_rate"": 0.018558558753655616, ""max_bin"": 127, ""max_depth"": 16, ""metric"": ""None"", ""min_data_in_leaf"": 238, ""min_gain_to_split"": 0.08242798945712682, ""num_leaves"": 210, ""objective"": ""binary"", ""scale_pos_weight"": 2.0, ""seed"": 318, ""verbosity"": -1}",1,0.2,128
277,128,2.571,0.5415395630262194,0.7766276238782703,0.5191563597325043,0.4772203947368421,0.5691726742190182,3.2684706735934896,0.5818106582424692,0.19999803602695465,0.6536877155303955,"{""bagging_fraction"": 0.7589807318427364, ""bagging_freq"": 1, ""bagging_seed"": 319, ""boosting_type"": ""gbdt"", ""data_random_seed"": 319, ""deterministic"": true, ""feature_fraction"": 0.7428668132129125, ""feature_fraction_seed"": 319, ""force_col_wise"": true, ""lambda_l1"": 7.647088708226074e-07, ""lambda_l2"": 0.2549311439227343, ""learning_rate"": 0.11068499427353833, ""max_bin"": 127, ""max_depth"": 8, ""metric"": ""None"", ""min_data_in_leaf"": 342, ""min_gain_to_split"": 0.19838296328152805, ""num_leaves"": 89, ""objective"": ""binary"", ""scale_pos_weight"": 4.0, ""seed"": 319, ""verbosity"": -1}",1,0.2,128
278,128,2.264,0.542049756429259,0.777439249095917,0.5183920952167078,0.47814739632959113,0.5660340346231181,3.2709225347332715,0.26076915015337154,0.19999803602695465,0.6541780829429626,"{""bagging_fraction"": 0.878234706819687, ""bagging_freq"": 1, ""bagging_seed"": 320, ""boosting_type"": ""gbdt"", ""data_random_seed"": 320, ""deterministic"": true, ""feature_fraction"": 0.9467277495592885, ""feature_fraction_seed"": 320, ""force_col_wise"": true, ""lambda_l1"": 0.15443596632016449, ""lambda_l2"": 0.009576733139324462, ""learning_rate"": 0.0783090091849227, ""max_bin"": 127, ""max_depth"": 6, ""metric"": ""None"", ""min_data_in_leaf"": 146, ""min_gain_to_split"": 0.8463430169899694, ""num_leaves"": 76, ""objective"": ""binary"", ""scale_pos_weight"": 1.0, ""seed"": 320, ""verbosity"": -1}",1,0.2,128
279,128,67.477,0.5413788758714851,0.7768763396135197,0.5185251920088291,0.4794651782739087,0.5645137560688539,3.258172379964566,0.2617709608887107,0.19999803602695465,0.6516280770301819,"{""bagging_fraction"": 0.9671270498796304, ""bagging_freq"": 1, ""bagging_seed"": 321, ""boosting_type"": ""gbdt"", ""data_random_seed"": 321, ""deterministic"": true, ""feature_fraction"": 0.7537915745704081, ""feature_fraction_seed"": 321, ""force_col_wise"": true, ""lambda_l1"": 3.546772774909297e-05, ""lambda_l2"": 0.0012279855220019096, ""learning_rate"": 0.031199659948988885, ""max_bin"": 127, ""max_depth"": 16, ""metric"": ""None"", ""min_data_in_leaf"": 780, ""min_gain_to_split"": 0.10594235699096155, ""num_leaves"": 151, ""objective"": ""binary"", ""scale_pos_weight"": 1.0, ""seed"": 321, ""verbosity"": -1}",1,0.2,128
280,128,29.941,0.541913546028611,0.777453337067238,0.5176416503850132,0.4871506446309596,0.552204403903683,3.2611147921479944,0.4266430881512738,0.19999803602695465,0.6522165536880493,"{""bagging_fraction"": 0.9126176326077802, ""bagging_freq"": 1, ""bagging_seed"": 322, ""boosting_type"": ""gbdt"", ""data_random_seed"": 322, ""deterministic"": true, ""feature_fraction"": 0.7712246504338545, ""feature_fraction_seed"": 322, ""force_col_wise"": true, ""lambda_l1"": 1.1388776231926703, ""lambda_l2"": 4.2759231228947444e-08, ""learning_rate"": 0.09743958322197467, ""max_bin"": 63, ""max_depth"": 16, ""metric"": ""None"", ""min_data_in_leaf"": 124, ""min_gain_to_split"": 0.5748207312401155, ""num_leaves"": 46, ""objective"": ""binary"", ""scale_pos_weight"": 2.0, ""seed"": 322, ""verbosity"": -1}",1,0.2,128
281,128,27.447,0.5415962937179105,0.7776843284498531,0.519119402325273,0.4725363164460183,0.575891324603992,3.2625858492266335,0.5768398606175662,0.19999803602695465,0.6525107622146606,"{""bagging_fraction"": 0.8118996079403864, ""bagging_freq"": 1, ""bagging_seed"": 323, ""boosting_type"": ""gbdt"", ""data_random_seed"": 323, ""deterministic"": true, ""feature_fraction"": 0.7623463205932702, ""feature_fraction_seed"": 323, ""force_col_wise"": true, ""lambda_l1"": 0.00032273710521502476, ""lambda_l2"": 0.0001775415712912943, ""learning_rate"": 0.05277782818050676, ""max_bin"": 127, ""max_depth"": 8, ""metric"": ""None"", ""min_data_in_leaf"": 218, ""min_gain_to_split"": 0.8178353099580807, ""num_leaves"": 53, ""objective"": ""binary"", ""scale_pos_weight"": 4.0, ""seed"": 323, ""verbosity"": -1}",1,0.2,128
282,128,3.596,0.541687739265886,0.7773586417415936,0.5188241591578197,0.4758028226631213,0.5703987053111667,3.2758265550389853,0.25411123470280433,0.19999803602695465,0.6551588773727417,"{""bagging_fraction"": 0.6783903971196462, ""bagging_freq"": 1, ""bagging_seed"": 324, ""boosting_type"": ""gbdt"", ""data_random_seed"": 324, ""deterministic"": true, ""feature_fraction"": 0.8122071077788415, ""feature_fraction_seed"": 324, ""force_col_wise"": true, ""lambda_l1"": 0.04493149792593564, ""lambda_l2"": 1.4095093601014986e-06, ""learning_rate"": 0.025205322759118676, ""max_bin"": 127, ""max_depth"": 10, ""metric"": ""None"", ""min_data_in_leaf"": 88, ""min_gain_to_split"": 0.6714035241730318, ""num_leaves"": 145, ""objective"": ""binary"", ""scale_pos_weight"": 1.0, ""seed"": 324, ""verbosity"": -1}",1,0.2,128
283,128,2.547,0.541090353218012,0.777254273148628,0.5180025251425835,0.4657298312913454,0.5834927173753126,3.261605343191641,0.24879201764318176,0.19999803602695465,0.6523146629333496,"{""bagging_fraction"": 0.9941250615417525, ""bagging_freq"": 1, ""bagging_seed"": 325, ""boosting_type"": ""gbdt"", ""data_random_seed"": 325, ""deterministic"": true, ""feature_fraction"": 0.9440823186834435, ""feature_fraction_seed"": 325, ""force_col_wise"": true, ""lambda_l1"": 0.7475799398555223, ""lambda_l2"": 3.11024261462428e-07, ""learning_rate"": 0.03991643182642001, ""max_bin"": 127, ""max_depth"": 6, ""metric"": ""None"", ""min_data_in_leaf"": 204, ""min_gain_to_split"": 0.819658219535163, ""num_leaves"": 220, ""objective"": ""binary"", ""scale_pos_weight"": 1.0, ""seed"": 325, ""verbosity"": -1}",1,0.2,128
284,128,4.488,0.5417635183320959,0.7773363292233175,0.5187438530683196,0.48606943849121304,0.5561277033985582,3.266999616514851,0.26618857830264026,0.19999803602695465,0.6533935070037842,"{""bagging_fraction"": 0.9155336259116287, ""bagging_freq"": 1, ""bagging_seed"": 326, ""boosting_type"": ""gbdt"", ""data_random_seed"": 326, ""deterministic"": true, ""feature_fraction"": 0.7245388112871792, ""feature_fraction_seed"": 326, ""force_col_wise"": true, ""lambda_l1"": 0.02432347581445556, ""lambda_l2"": 0.00016430390164624465, ""learning_rate"": 0.029010746730100612, ""max_bin"": 127, ""max_depth"": 16, ""metric"": ""None"", ""min_data_in_leaf"": 357, ""min_gain_to_split"": 0.8924843372096598, ""num_leaves"": 177, ""objective"": ""binary"", ""scale_pos_weight"": 1.0, ""seed"": 326, ""verbosity"": -1}",1,0.2,128
285,128,2.305,0.5364818847768321,0.7749373820759584,0.5169577464788733,0.4782354903268846,0.5625030650777304,3.2287488541825846,0.3853626905790728,0.19999803602695465,0.6457434296607971,"{""bagging_fraction"": 0.6623516705202219, ""bagging_freq"": 1, ""bagging_seed"": 327, ""boosting_type"": ""gbdt"", ""data_random_seed"": 327, ""deterministic"": true, ""feature_fraction"": 0.6612654579880467, ""feature_fraction_seed"": 327, ""force_col_wise"": true, ""lambda_l1"": 1.8009001392643497e-07, ""lambda_l2"": 0.5559964228756389, ""learning_rate"": 0.015863388651605737, ""max_bin"": 63, ""max_depth"": 6, ""metric"": ""None"", ""min_data_in_leaf"": 1804, ""min_gain_to_split"": 0.2263975404113341, ""num_leaves"": 93, ""objective"": ""binary"", ""scale_pos_weight"": 2.0, ""seed"": 327, ""verbosity"": -1}",1,0.2,128
286,128,1.716,0.5413920634665235,0.777135792233574,0.5171640269186323,0.4806671721000758,0.5596586729439459,3.2571915759034233,0.5934143746583757,0.19999803602695465,0.6514319181442261,"{""bagging_fraction"": 0.7098766927987497, ""bagging_freq"": 1, ""bagging_seed"": 328, ""boosting_type"": ""gbdt"", ""data_random_seed"": 328, ""deterministic"": true, ""feature_fraction"": 0.9133513193845697, ""feature_fraction_seed"": 328, ""force_col_wise"": true, ""lambda_l1"": 4.932558334368277e-05, ""lambda_l2"": 3.246697490957938e-07, ""learning_rate"": 0.14633777928666866, ""max_bin"": 127, ""max_depth"": 8, ""metric"": ""None"", ""min_data_in_leaf"": 331, ""min_gain_to_split"": 0.7408152316357867, ""num_leaves"": 16, ""objective"": ""binary"", ""scale_pos_weight"": 4.0, ""seed"": 328, ""verbosity"": -1}",1,0.2,128
287,128,2.709,0.5361594104599723,0.7749364444210878,0.5165343615332275,0.4804844086248365,0.5584326418517973,3.2365952866717267,0.38151168368684235,0.19999803602695465,0.6473127007484436,"{""bagging_fraction"": 0.6844415817801845, ""bagging_freq"": 1, ""bagging_seed"": 329, ""boosting_type"": ""gbdt"", ""data_random_seed"": 329, ""deterministic"": true, ""feature_fraction"": 0.5512182731541042, ""feature_fraction_seed"": 329, ""force_col_wise"": true, ""lambda_l1"": 0.0009894197279505623, ""lambda_l2"": 1.0158854423865056e-05, ""learning_rate"": 0.014478665575350371, ""max_bin"": 127, ""max_depth"": 12, ""metric"": ""None"", ""min_data_in_leaf"": 1347, ""min_gain_to_split"": 0.2720451891776694, ""num_leaves"": 46, ""objective"": ""binary"", ""scale_pos_weight"": 2.0, ""seed"": 329, ""verbosity"": -1}",1,0.2,128
288,128,2.567,0.5377461121513136,0.7754573175639806,0.5166567925990065,0.4825281974888274,0.5559805796675004,3.2493454414404317,0.39053678531722197,0.19999803602695465,0.6498627066612244,"{""bagging_fraction"": 0.929983876374508, ""bagging_freq"": 1, ""bagging_seed"": 330, ""boosting_type"": ""gbdt"", ""data_random_seed"": 330, ""deterministic"": true, ""feature_fraction"": 0.5918991988863389, ""feature_fraction_seed"": 330, ""force_col_wise"": true, ""lambda_l1"": 3.7566482945439343e-07, ""lambda_l2"": 0.07643776948345116, ""learning_rate"": 0.016348870009976233, ""max_bin"": 127, ""max_depth"": 6, ""metric"": ""None"", ""min_data_in_leaf"": 417, ""min_gain_to_split"": 0.3605651107758504, ""num_leaves"": 67, ""objective"": ""binary"", ""scale_pos_weight"": 2.0, ""seed"": 330, ""verbosity"": -1}",1,0.2,128
289,128,2.247,0.5348607866290523,0.7750155182782981,0.5164141975034428,0.47196622142828143,0.5701044578490511,3.218450560553661,0.537193027563539,0.19999803602695465,0.6436837911605835,"{""bagging_fraction"": 0.6513838024520501, ""bagging_freq"": 1, ""bagging_seed"": 331, ""boosting_type"": ""gbdt"", ""data_random_seed"": 331, ""deterministic"": true, ""feature_fraction"": 0.5648212066142623, ""feature_fraction_seed"": 331, ""force_col_wise"": true, ""lambda_l1"": 0.03281786088148967, ""lambda_l2"": 0.3439151477467143, ""learning_rate"": 0.01748218689030137, ""max_bin"": 127, ""max_depth"": 12, ""metric"": ""None"", ""min_data_in_leaf"": 313, ""min_gain_to_split"": 0.08078536393781044, ""num_leaves"": 25, ""objective"": ""binary"", ""scale_pos_weight"": 4.0, ""seed"": 331, ""verbosity"": -1}",1,0.2,128
290,128,3.141,0.542293882250088,0.7769877834573288,0.518572735590119,0.48591881349393456,0.5559315384238144,3.2709225347332715,0.2689463791441831,0.19999803602695465,0.6541780829429626,"{""bagging_fraction"": 0.8437542510210918, ""bagging_freq"": 1, ""bagging_seed"": 332, ""boosting_type"": ""gbdt"", ""data_random_seed"": 332, ""deterministic"": true, ""feature_fraction"": 0.7862919550051888, ""feature_fraction_seed"": 332, ""force_col_wise"": true, ""lambda_l1"": 1.8706260635314527, ""lambda_l2"": 8.029675834332649e-08, ""learning_rate"": 0.0866868082137704, ""max_bin"": 127, ""max_depth"": 10, ""metric"": ""None"", ""min_data_in_leaf"": 601, ""min_gain_to_split"": 0.3157644778460912, ""num_leaves"": 176, ""objective"": ""binary"", ""scale_pos_weight"": 1.0, ""seed"": 332, ""verbosity"": -1}",1,0.2,128
291,128,1.79,0.5410916866334078,0.7771524274154494,0.5184810349379565,0.4701727784206536,0.5778529743514296,3.261605343191641,0.25218619366497125,0.19999803602695465,0.6523146629333496,"{""bagging_fraction"": 0.9959501116344198, ""bagging_freq"": 1, ""bagging_seed"": 333, ""boosting_type"": ""gbdt"", ""data_random_seed"": 333, ""deterministic"": true, ""feature_fraction"": 0.9285040290269446, ""feature_fraction_seed"": 333, ""force_col_wise"": true, ""lambda_l1"": 2.857867700760467e-07, ""lambda_l2"": 0.15689657076507688, ""learning_rate"": 0.12917459370731996, ""max_bin"": 63, ""max_depth"": -1, ""metric"": ""None"", ""min_data_in_leaf"": 604, ""min_gain_to_split"": 0.8874228981367364, ""num_leaves"": 53, ""objective"": ""binary"", ""scale_pos_weight"": 1.0, ""seed"": 333, ""verbosity"": -1}",1,0.2,128
292,128,27.277,0.5422190739782498,0.7774033052583712,0.5189732901384201,0.4822736842105263,0.5617184051787554,3.266018812453708,0.263691868765258,0.19999803602695465,0.6531973481178284,"{""bagging_fraction"": 0.6108496129017937, ""bagging_freq"": 1, ""bagging_seed"": 334, ""boosting_type"": ""gbdt"", ""data_random_seed"": 334, ""deterministic"": true, ""feature_fraction"": 0.6668840134389866, ""feature_fraction_seed"": 334, ""force_col_wise"": true, ""lambda_l1"": 1.1285611549969309e-07, ""lambda_l2"": 8.509532854166192e-08, ""learning_rate"": 0.07706892768353063, ""max_bin"": 127, ""max_depth"": 10, ""metric"": ""None"", ""min_data_in_leaf"": 333, ""min_gain_to_split"": 0.6377900401345777, ""num_leaves"": 41, ""objective"": ""binary"", ""scale_pos_weight"": 1.0, ""seed"": 334, ""verbosity"": -1}",1,0.2,128
293,128,3.196,0.5387170223119644,0.7763766549454397,0.5179813993289346,0.4788890739506995,0.5640233436319945,3.25228785362386,0.5466573674263219,0.19999803602695465,0.6504511833190918,"{""bagging_fraction"": 0.9707310175896329, ""bagging_freq"": 1, ""bagging_seed"": 335, ""boosting_type"": ""gbdt"", ""data_random_seed"": 335, ""deterministic"": true, ""feature_fraction"": 0.792625731560649, ""feature_fraction_seed"": 335, ""force_col_wise"": true, ""lambda_l1"": 2.942578672816109e-05, ""lambda_l2"": 0.3332473782807137, ""learning_rate"": 0.01797962763534895, ""max_bin"": 63, ""max_depth"": 8, ""metric"": ""None"", ""min_data_in_leaf"": 630, ""min_gain_to_split"": 0.07513940793219631, ""num_leaves"": 107, ""objective"": ""binary"", ""scale_pos_weight"": 4.0, ""seed"": 335, ""verbosity"": -1}",1,0.2,128
294,128,46.069,0.5371152075233798,0.7729111613075632,0.5136863182324968,0.47915782324475764,0.5535775587268893,3.238556596767862,0.4173549706126927,0.19999803602695465,0.6477049589157104,"{""bagging_fraction"": 0.8557683482161468, ""bagging_freq"": 1, ""bagging_seed"": 336, ""boosting_type"": ""gbdt"", ""data_random_seed"": 336, ""deterministic"": true, ""feature_fraction"": 0.7089802972466261, ""feature_fraction_seed"": 336, ""force_col_wise"": true, ""lambda_l1"": 0.08581405980433998, ""lambda_l2"": 9.639540449420076, ""learning_rate"": 0.14537989921448843, ""max_bin"": 127, ""max_depth"": -1, ""metric"": ""None"", ""min_data_in_leaf"": 505, ""min_gain_to_split"": 0.492462917000433, ""num_leaves"": 165, ""objective"": ""binary"", ""scale_pos_weight"": 2.0, ""seed"": 336, ""verbosity"": -1}",1,0.2,128
295,128,36.299,0.5396614606145697,0.7769123898729391,0.5173376933033585,0.4817305252473991,0.5586288068265411,3.2483646373792894,0.5927945195915076,0.19999803602695465,0.6496665477752686,"{""bagging_fraction"": 0.8789634429167847, ""bagging_freq"": 1, ""bagging_seed"": 337, ""boosting_type"": ""gbdt"", ""data_random_seed"": 337, ""deterministic"": true, ""feature_fraction"": 0.6979509600875817, ""feature_fraction_seed"": 337, ""force_col_wise"": true, ""lambda_l1"": 4.5110029894598093e-07, ""lambda_l2"": 3.102962460787895e-07, ""learning_rate"": 0.05020920298548028, ""max_bin"": 63, ""max_depth"": -1, ""metric"": ""None"", ""min_data_in_leaf"": 123, ""min_gain_to_split"": 0.04496424249882747, ""num_leaves"": 21, ""objective"": ""binary"", ""scale_pos_weight"": 4.0, ""seed"": 337, ""verbosity"": -1}",1,0.2,128
296,128,2.043,0.5399300482965737,0.7768865485977305,0.5174380593818337,0.4788450304598181,0.562797312539846,3.259153184025709,0.5888861840508868,0.19999803602695465,0.6518242359161377,"{""bagging_fraction"": 0.818526857694368, ""bagging_freq"": 1, ""bagging_seed"": 338, ""boosting_type"": ""gbdt"", ""data_random_seed"": 338, ""deterministic"": true, ""feature_fraction"": 0.67714048057902, ""feature_fraction_seed"": 338, ""force_col_wise"": true, ""lambda_l1"": 8.1552556749072e-05, ""lambda_l2"": 2.040859281100461, ""learning_rate"": 0.06540721653103927, ""max_bin"": 63, ""max_depth"": 8, ""metric"": ""None"", ""min_data_in_leaf"": 393, ""min_gain_to_split"": 0.2878090149613679, ""num_leaves"": 17, ""objective"": ""binary"", ""scale_pos_weight"": 4.0, ""seed"": 338, ""verbosity"": -1}",1,0.2,128
297,128,3.094,0.5362039302096759,0.775010344491724,0.5162293844499851,0.48375203635428277,0.5533813937521456,3.2444414211347183,0.25436769510723045,0.19999803602695465,0.6488819122314453,"{""bagging_fraction"": 0.759345612203608, ""bagging_freq"": 1, ""bagging_seed"": 339, ""boosting_type"": ""gbdt"", ""data_random_seed"": 339, ""deterministic"": true, ""feature_fraction"": 0.8825835830573856, ""feature_fraction_seed"": 339, ""force_col_wise"": true, ""lambda_l1"": 9.548627554256223e-07, ""lambda_l2"": 0.2054220515630971, ""learning_rate"": 0.011576380776950711, ""max_bin"": 63, ""max_depth"": 12, ""metric"": ""None"", ""min_data_in_leaf"": 1863, ""min_gain_to_split"": 0.7363540971470223, ""num_leaves"": 225, ""objective"": ""binary"", ""scale_pos_weight"": 1.0, ""seed"": 339, ""verbosity"": -1}",1,0.2,128
298,128,2.34,0.5409720274333611,0.7769229731374686,0.518208214198639,0.4727816872927283,0.5732921386886372,3.263566653287776,0.2547782369462596,0.19999803602695465,0.6527069211006165,"{""bagging_fraction"": 0.8424223401534753, ""bagging_freq"": 1, ""bagging_seed"": 340, ""boosting_type"": ""gbdt"", ""data_random_seed"": 340, ""deterministic"": true, ""feature_fraction"": 0.8394253945930248, ""feature_fraction_seed"": 340, ""force_col_wise"": true, ""lambda_l1"": 2.717882732424982e-06, ""lambda_l2"": 2.2151408110387226e-05, ""learning_rate"": 0.033936758927897374, ""max_bin"": 127, ""max_depth"": 6, ""metric"": ""None"", ""min_data_in_leaf"": 623, ""min_gain_to_split"": 0.04566228543670614, ""num_leaves"": 56, ""objective"": ""binary"", ""scale_pos_weight"": 1.0, ""seed"": 340, ""verbosity"": -1}",1,0.2,128
299,128,2.707,0.5407740871488043,0.7771479838512803,0.5186444371799063,0.46673727151486627,0.5835417586189986,3.2567013228859274,0.3959636021452214,0.19999803602695465,0.6513338685035706,"{""bagging_fraction"": 0.8145198683060632, ""bagging_freq"": 1, ""bagging_seed"": 341, ""boosting_type"": ""gbdt"", ""data_random_seed"": 341, ""deterministic"": true, ""feature_fraction"": 0.644242276656743, ""feature_fraction_seed"": 341, ""force_col_wise"": true, ""lambda_l1"": 1.2387313725596395e-06, ""lambda_l2"": 3.783377389813583e-08, ""learning_rate"": 0.032303190313329545, ""max_bin"": 127, ""max_depth"": 12, ""metric"": ""None"", ""min_data_in_leaf"": 124, ""min_gain_to_split"": 0.7675074159808983, ""num_leaves"": 52, ""objective"": ""binary"", ""scale_pos_weight"": 2.0, ""seed"": 341, ""verbosity"": -1}",1,0.2,128
300,128,2.506,0.5402979234491646,0.7766023859609731,0.5179710665828017,0.4778860103626943,0.5653964984552008,3.2645474573489186,0.2588150046297044,0.19999803602695465,0.6529030799865723,"{""bagging_fraction"": 0.9727951783507944, ""bagging_freq"": 1, ""bagging_seed"": 342, ""boosting_type"": ""gbdt"", ""data_random_seed"": 342, ""deterministic"": true, ""feature_fraction"": 0.8911162950660263, ""feature_fraction_seed"": 342, ""force_col_wise"": true, ""lambda_l1"": 0.008867756582137112, ""lambda_l2"": 7.67590746548991e-05, ""learning_rate"": 0.028002173787756893, ""max_bin"": 127, ""max_depth"": 6, ""metric"": ""None"", ""min_data_in_leaf"": 163, ""min_gain_to_split"": 0.7477897231466647, ""num_leaves"": 51, ""objective"": ""binary"", ""scale_pos_weight"": 1.0, ""seed"": 342, ""verbosity"": -1}",1,0.2,128
301,128,2.771,0.5396425850937246,0.7771085554489363,0.5179527382685631,0.47670487342294054,0.5670148594968368,3.253758910702499,0.5773162116367389,0.19999803602695465,0.6507453918457031,"{""bagging_fraction"": 0.7366834024867743, ""bagging_freq"": 1, ""bagging_seed"": 343, ""boosting_type"": ""gbdt"", ""data_random_seed"": 343, ""deterministic"": true, ""feature_fraction"": 0.5969125973260005, ""feature_fraction_seed"": 343, ""force_col_wise"": true, ""lambda_l1"": 1.3023026676236685e-07, ""lambda_l2"": 4.942802549336241e-05, ""learning_rate"": 0.030718803159249804, ""max_bin"": 63, ""max_depth"": 8, ""metric"": ""None"", ""min_data_in_leaf"": 161, ""min_gain_to_split"": 0.5569337212134503, ""num_leaves"": 66, ""objective"": ""binary"", ""scale_pos_weight"": 4.0, ""seed"": 343, ""verbosity"": -1}",1,0.2,128
302,128,2.988,0.5381330972798332,0.7752128800481813,0.5166720323782367,0.48642563325395105,0.5509293315678485,3.255229967781138,0.2510838982832981,0.19999803602695465,0.6510396003723145,"{""bagging_fraction"": 0.6033183635596607, ""bagging_freq"": 1, ""bagging_seed"": 344, ""boosting_type"": ""gbdt"", ""data_random_seed"": 344, ""deterministic"": true, ""feature_fraction"": 0.6622966791724242, ""feature_fraction_seed"": 344, ""force_col_wise"": true, ""lambda_l1"": 8.9360854207536e-07, ""lambda_l2"": 2.958912967471852e-06, ""learning_rate"": 0.011030641419770166, ""max_bin"": 63, ""max_depth"": 16, ""metric"": ""None"", ""min_data_in_leaf"": 54, ""min_gain_to_split"": 0.4013063353821963, ""num_leaves"": 87, ""objective"": ""binary"", ""scale_pos_weight"": 1.0, ""seed"": 344, ""verbosity"": -1}",1,0.2,128
303,128,2.142,0.530740390021698,0.7734302394080601,0.5139575971731449,0.46751577001888384,0.5706439115295964,3.2012869365228886,0.47131798045546974,0.19999803602695465,0.640251100063324,"{""bagging_fraction"": 0.6980836916805715, ""bagging_freq"": 1, ""bagging_seed"": 345, ""boosting_type"": ""gbdt"", ""data_random_seed"": 345, ""deterministic"": true, ""feature_fraction"": 0.7973530296682347, ""feature_fraction_seed"": 345, ""force_col_wise"": true, ""lambda_l1"": 0.0008621436311428344, ""lambda_l2"": 9.91767150872537e-07, ""learning_rate"": 0.010026845502203258, ""max_bin"": 63, ""max_depth"": 10, ""metric"": ""None"", ""min_data_in_leaf"": 71, ""min_gain_to_split"": 0.024229354087584865, ""num_leaves"": 24, ""objective"": ""binary"", ""scale_pos_weight"": 4.0, ""seed"": 345, ""verbosity"": -1}",1,0.2,128
304,128,1.931,0.5328557362218743,0.7730773736355012,0.5146857470959764,0.4681611827568197,0.5714776126722574,3.2106044260906694,0.3664902704280149,0.19999803602695465,0.6421145796775818,"{""bagging_fraction"": 0.8246304782667329, ""bagging_freq"": 1, ""bagging_seed"": 346, ""boosting_type"": ""gbdt"", ""data_random_seed"": 346, ""deterministic"": true, ""feature_fraction"": 0.8279471080764982, ""feature_fraction_seed"": 346, ""force_col_wise"": true, ""lambda_l1"": 7.590734713748333, ""lambda_l2"": 6.250991717564022e-08, ""learning_rate"": 0.013408501181919422, ""max_bin"": 63, ""max_depth"": 6, ""metric"": ""None"", ""min_data_in_leaf"": 1867, ""min_gain_to_split"": 0.9745008925422891, ""num_leaves"": 21, ""objective"": ""binary"", ""scale_pos_weight"": 2.0, ""seed"": 346, ""verbosity"": -1}",1,0.2,128
305,128,2.017,0.5411387744339704,0.7773729548823594,0.5183590208522212,0.48189978507311726,0.5607866215487225,3.266509065471204,0.5915141205304459,0.19999803602695465,0.6532953977584839,"{""bagging_fraction"": 0.6171524777981154, ""bagging_freq"": 1, ""bagging_seed"": 347, ""boosting_type"": ""gbdt"", ""data_random_seed"": 347, ""deterministic"": true, ""feature_fraction"": 0.9690594978157582, ""feature_fraction_seed"": 347, ""force_col_wise"": true, ""lambda_l1"": 9.410682031070355, ""lambda_l2"": 2.5830068019594123e-05, ""learning_rate"": 0.05404916003877529, ""max_bin"": 63, ""max_depth"": 6, ""metric"": ""None"", ""min_data_in_leaf"": 206, ""min_gain_to_split"": 0.6487749038885544, ""num_leaves"": 49, ""objective"": ""binary"", ""scale_pos_weight"": 4.0, ""seed"": 347, ""verbosity"": -1}",1,0.2,128
306,128,36.481,0.5381981880404273,0.7758110683817268,0.5171309192200557,0.4909427475869364,0.5462704134176842,3.2567013228859274,0.5091633276697818,0.19999803602695465,0.6513338685035706,"{""bagging_fraction"": 0.7900243438739645, ""bagging_freq"": 1, ""bagging_seed"": 348, ""boosting_type"": ""gbdt"", ""data_random_seed"": 348, ""deterministic"": true, ""feature_fraction"": 0.6171328827488568, ""feature_fraction_seed"": 348, ""force_col_wise"": true, ""lambda_l1"": 0.011524535566005896, ""lambda_l2"": 0.00012771025336280142, ""learning_rate"": 0.011688104661928413, ""max_bin"": 127, ""max_depth"": 8, ""metric"": ""None"", ""min_data_in_leaf"": 672, ""min_gain_to_split"": 0.15498517810605672, ""num_leaves"": 205, ""objective"": ""binary"", ""scale_pos_weight"": 4.0, ""seed"": 348, ""verbosity"": -1}",1,0.2,128
307,128,1.838,0.5409699312742987,0.7770081755718492,0.5178054066385308,0.4840897457771711,0.5565690745917317,3.259153184025709,0.42538008608467004,0.19999803602695465,0.6518242359161377,"{""bagging_fraction"": 0.553367348248045, ""bagging_freq"": 1, ""bagging_seed"": 349, ""boosting_type"": ""gbdt"", ""data_random_seed"": 349, ""deterministic"": true, ""feature_fraction"": 0.9997255164315371, ""feature_fraction_seed"": 349, ""force_col_wise"": true, ""lambda_l1"": 2.814564109563626e-07, ""lambda_l2"": 0.011676124255587367, ""learning_rate"": 0.10112159083899924, ""max_bin"": 63, ""max_depth"": 6, ""metric"": ""None"", ""min_data_in_leaf"": 683, ""min_gain_to_split"": 0.05999083458534826, ""num_leaves"": 17, ""objective"": ""binary"", ""scale_pos_weight"": 2.0, ""seed"": 349, ""verbosity"": -1}",1,0.2,128
308,128,2.478,0.5415138127496404,0.777287668873739,0.5187910525246597,0.4805955168952827,0.563581972438821,3.267489869532347,0.5893581367174746,0.19999803602695465,0.6534915566444397,"{""bagging_fraction"": 0.6434367274422639, ""bagging_freq"": 1, ""bagging_seed"": 350, ""boosting_type"": ""gbdt"", ""data_random_seed"": 350, ""deterministic"": true, ""feature_fraction"": 0.8174324926062193, ""feature_fraction_seed"": 350, ""force_col_wise"": true, ""lambda_l1"": 0.0011700916826481546, ""lambda_l2"": 0.8652965143265551, ""learning_rate"": 0.06374506128488111, ""max_bin"": 63, ""max_depth"": 8, ""metric"": ""None"", ""min_data_in_leaf"": 655, ""min_gain_to_split"": 0.66683328569045, ""num_leaves"": 79, ""objective"": ""binary"", ""scale_pos_weight"": 4.0, ""seed"": 350, ""verbosity"": -1}",1,0.2,128
309,128,2.229,0.5369419562378462,0.774887160270978,0.5161750494685012,0.486194789996099,0.5500956304251876,3.2449319721783647,0.2649824876133014,0.19999803602695465,0.6489800214767456,"{""bagging_fraction"": 0.993981662886234, ""bagging_freq"": 1, ""bagging_seed"": 351, ""boosting_type"": ""gbdt"", ""data_random_seed"": 351, ""deterministic"": true, ""feature_fraction"": 0.5550340388890946, ""feature_fraction_seed"": 351, ""force_col_wise"": true, ""lambda_l1"": 1.0054032138687717e-06, ""lambda_l2"": 0.21571655906953274, ""learning_rate"": 0.023889785614567838, ""max_bin"": 127, ""max_depth"": 8, ""metric"": ""None"", ""min_data_in_leaf"": 123, ""min_gain_to_split"": 0.1686448818049786, ""num_leaves"": 19, ""objective"": ""binary"", ""scale_pos_weight"": 1.0, ""seed"": 351, ""verbosity"": -1}",1,0.2,128
310,128,2.441,0.5385073065216961,0.7766053465333252,0.5177413034960163,0.4654949700551924,0.583198469913197,3.245912478213357,0.5652927375553352,0.19999803602695465,0.6491761207580566,"{""bagging_fraction"": 0.6191100401264905, ""bagging_freq"": 1, ""bagging_seed"": 352, ""boosting_type"": ""gbdt"", ""data_random_seed"": 352, ""deterministic"": true, ""feature_fraction"": 0.9438825176428818, ""feature_fraction_seed"": 352, ""force_col_wise"": true, ""lambda_l1"": 0.09776830527386551, ""lambda_l2"": 2.145468881305186e-07, ""learning_rate"": 0.031040756644356165, ""max_bin"": 127, ""max_depth"": 10, ""metric"": ""None"", ""min_data_in_leaf"": 1711, ""min_gain_to_split"": 0.9133811065621014, ""num_leaves"": 38, ""objective"": ""binary"", ""scale_pos_weight"": 4.0, ""seed"": 352, ""verbosity"": -1}",1,0.2,128
311,128,2.278,0.5375683525873585,0.7757488308256959,0.5171161354762553,0.4813828663201048,0.5585797655828552,3.234633678549441,0.40970772807583117,0.19999803602695465,0.646920382976532,"{""bagging_fraction"": 0.9613090284765904, ""bagging_freq"": 1, ""bagging_seed"": 353, ""boosting_type"": ""gbdt"", ""data_random_seed"": 353, ""deterministic"": true, ""feature_fraction"": 0.6615761462473981, ""feature_fraction_seed"": 353, ""force_col_wise"": true, ""lambda_l1"": 0.1497475516431957, ""lambda_l2"": 5.347408594836933, ""learning_rate"": 0.024866511191089163, ""max_bin"": 127, ""max_depth"": 10, ""metric"": ""None"", ""min_data_in_leaf"": 52, ""min_gain_to_split"": 0.10076152112137304, ""num_leaves"": 23, ""objective"": ""binary"", ""scale_pos_weight"": 2.0, ""seed"": 353, ""verbosity"": -1}",1,0.2,128
312,128,24.374,0.539839569078728,0.7764420971827536,0.5177812620719431,0.48242716802168023,0.558726889313913,3.258172379964566,0.2595647433245461,0.19999803602695465,0.6516280770301819,"{""bagging_fraction"": 0.6324931728412931, ""bagging_freq"": 1, ""bagging_seed"": 354, ""boosting_type"": ""gbdt"", ""data_random_seed"": 354, ""deterministic"": true, ""feature_fraction"": 0.8082303859110689, ""feature_fraction_seed"": 354, ""force_col_wise"": true, ""lambda_l1"": 0.00016680187675421687, ""lambda_l2"": 0.007199633439047108, ""learning_rate"": 0.020064688637512824, ""max_bin"": 63, ""max_depth"": 8, ""metric"": ""None"", ""min_data_in_leaf"": 142, ""min_gain_to_split"": 0.12818207318280406, ""num_leaves"": 70, ""objective"": ""binary"", ""scale_pos_weight"": 1.0, ""seed"": 354, ""verbosity"": -1}",1,0.2,128
313,128,4.156,0.5419556449077441,0.7770710468490944,0.5189102349554856,0.4760501105379514,0.5702515815801089,3.2772979101437745,0.2582277829118585,0.19999803602695465,0.6554531455039978,"{""bagging_fraction"": 0.8722589234467771, ""bagging_freq"": 1, ""bagging_seed"": 355, ""boosting_type"": ""gbdt"", ""data_random_seed"": 355, ""deterministic"": true, ""feature_fraction"": 0.8695004235501456, ""feature_fraction_seed"": 355, ""force_col_wise"": true, ""lambda_l1"": 0.7514482433666996, ""lambda_l2"": 0.0033300358992917442, ""learning_rate"": 0.03933493152852126, ""max_bin"": 127, ""max_depth"": 16, ""metric"": ""None"", ""min_data_in_leaf"": 558, ""min_gain_to_split"": 0.2782171517213896, ""num_leaves"": 153, ""objective"": ""binary"", ""scale_pos_weight"": 1.0, ""seed"": 355, ""verbosity"": -1}",1,0.2,128
314,128,8.417,0.5406285630160519,0.7770564318790594,0.5177704497572593,0.4856725523048503,0.5544112598695503,3.258662931008213,0.2701984968941023,0.19999803602695465,0.6517261862754822,"{""bagging_fraction"": 0.6221521562242907, ""bagging_freq"": 1, ""bagging_seed"": 356, ""boosting_type"": ""gbdt"", ""data_random_seed"": 356, ""deterministic"": true, ""feature_fraction"": 0.7969994150529552, ""feature_fraction_seed"": 356, ""force_col_wise"": true, ""lambda_l1"": 0.003116490984604129, ""lambda_l2"": 0.13115540044428187, ""learning_rate"": 0.05164235684843144, ""max_bin"": 63, ""max_depth"": 12, ""metric"": ""None"", ""min_data_in_leaf"": 63, ""min_gain_to_split"": 0.8218807207718624, ""num_leaves"": 18, ""objective"": ""binary"", ""scale_pos_weight"": 1.0, ""seed"": 356, ""verbosity"": -1}",1,0.2,128
315,128,2.268,0.5412437530129439,0.7773984095515519,0.5183961421682444,0.47580017212409326,0.5693688391937619,3.259153184025709,0.4116866553490647,0.19999803602695465,0.6518242359161377,"{""bagging_fraction"": 0.6445392057205901, ""bagging_freq"": 1, ""bagging_seed"": 357, ""boosting_type"": ""gbdt"", ""data_random_seed"": 357, ""deterministic"": true, ""feature_fraction"": 0.8448012511411442, ""feature_fraction_seed"": 357, ""force_col_wise"": true, ""lambda_l1"": 6.5041291498565545, ""lambda_l2"": 7.63340743927656e-08, ""learning_rate"": 0.04422019236732571, ""max_bin"": 127, ""max_depth"": 6, ""metric"": ""None"", ""min_data_in_leaf"": 286, ""min_gain_to_split"": 0.8292211412031192, ""num_leaves"": 74, ""objective"": ""binary"", ""scale_pos_weight"": 2.0, ""seed"": 357, ""verbosity"": -1}",1,0.2,128
316,128,3.467,0.5398337817799638,0.7764804177754796,0.5177846795583868,0.4814502529510961,0.5600510028934333,3.2650380083925654,0.25961204285090295,0.19999803602695465,0.6530011892318726,"{""bagging_fraction"": 0.5998376432783807, ""bagging_freq"": 1, ""bagging_seed"": 358, ""boosting_type"": ""gbdt"", ""data_random_seed"": 358, ""deterministic"": true, ""feature_fraction"": 0.8154933500093562, ""feature_fraction_seed"": 358, ""force_col_wise"": true, ""lambda_l1"": 5.1945755594912385e-08, ""lambda_l2"": 0.05721725266194791, ""learning_rate"": 0.019407586384432664, ""max_bin"": 63, ""max_depth"": -1, ""metric"": ""None"", ""min_data_in_leaf"": 870, ""min_gain_to_split"": 0.29293590650383716, ""num_leaves"": 124, ""objective"": ""binary"", ""scale_pos_weight"": 1.0, ""seed"": 358, ""verbosity"": -1}",1,0.2,128
317,128,36.043,0.5404336980780562,0.7766399128990475,0.5167863632430562,0.4623214769516585,0.5857976558285518,3.2719033387944143,0.3928776274099265,0.19999803602695465,0.6543742418289185,"{""bagging_fraction"": 0.9766664580316753, ""bagging_freq"": 1, ""bagging_seed"": 359, ""boosting_type"": ""gbdt"", ""data_random_seed"": 359, ""deterministic"": true, ""feature_fraction"": 0.869025033559728, ""feature_fraction_seed"": 359, ""force_col_wise"": true, ""lambda_l1"": 6.668658982721273e-08, ""lambda_l2"": 8.619136885177674e-06, ""learning_rate"": 0.07875305659437933, ""max_bin"": 63, ""max_depth"": 16, ""metric"": ""None"", ""min_data_in_leaf"": 140, ""min_gain_to_split"": 0.23467226546159414, ""num_leaves"": 108, ""objective"": ""binary"", ""scale_pos_weight"": 2.0, ""seed"": 359, ""verbosity"": -1}",1,0.2,128
318,128,51.639,0.5415043543789441,0.7771886824016938,0.5183666814190212,0.4936557231588288,0.545681918493453,3.2625858492266335,0.4335453620620224,0.19999803602695465,0.6525107622146606,"{""bagging_fraction"": 0.6701201420219779, ""bagging_freq"": 1, ""bagging_seed"": 360, ""boosting_type"": ""gbdt"", ""data_random_seed"": 360, ""deterministic"": true, ""feature_fraction"": 0.6135801701891953, ""feature_fraction_seed"": 360, ""force_col_wise"": true, ""lambda_l1"": 0.5459120883610701, ""lambda_l2"": 0.002640904273686754, ""learning_rate"": 0.07465363287621114, ""max_bin"": 127, ""max_depth"": -1, ""metric"": ""None"", ""min_data_in_leaf"": 159, ""min_gain_to_split"": 0.3779886731972337, ""num_leaves"": 57, ""objective"": ""binary"", ""scale_pos_weight"": 2.0, ""seed"": 360, ""verbosity"": -1}",1,0.2,128
319,128,2.383,0.5340968014532415,0.7739390474971133,0.5151528460997892,0.4664545635315172,0.5752047471923888,3.234633678549441,0.35670852009176723,0.19999803602695465,0.646920382976532,"{""bagging_fraction"": 0.8677443620767421, ""bagging_freq"": 1, ""bagging_seed"": 361, ""boosting_type"": ""gbdt"", ""data_random_seed"": 361, ""deterministic"": true, ""feature_fraction"": 0.9934140529757, ""feature_fraction_seed"": 361, ""force_col_wise"": true, ""lambda_l1"": 0.003631394466775452, ""lambda_l2"": 1.1088292854932066e-08, ""learning_rate"": 0.011907149951118289, ""max_bin"": 127, ""max_depth"": 12, ""metric"": ""None"", ""min_data_in_leaf"": 117, ""min_gain_to_split"": 0.18431000208985737, ""num_leaves"": 31, ""objective"": ""binary"", ""scale_pos_weight"": 2.0, ""seed"": 361, ""verbosity"": -1}",1,0.2,128
320,128,4.51,0.540315470657923,0.7766453256838974,0.5182308716953017,0.48016902351267676,0.562846353783532,3.271413085776918,0.573790207704161,0.19999803602695465,0.6542761921882629,"{""bagging_fraction"": 0.9889319457217998, ""bagging_freq"": 1, ""bagging_seed"": 362, ""boosting_type"": ""gbdt"", ""data_random_seed"": 362, ""deterministic"": true, ""feature_fraction"": 0.8872817398922217, ""feature_fraction_seed"": 362, ""force_col_wise"": true, ""lambda_l1"": 0.00014087288938082398, ""lambda_l2"": 0.006063634160964266, ""learning_rate"": 0.027963052673616793, ""max_bin"": 127, ""max_depth"": 12, ""metric"": ""None"", ""min_data_in_leaf"": 260, ""min_gain_to_split"": 0.9186646150612952, ""num_leaves"": 206, ""objective"": ""binary"", ""scale_pos_weight"": 4.0, ""seed"": 362, ""verbosity"": -1}",1,0.2,128
321,128,1.913,0.5416492416141783,0.7773987636898776,0.5177582714382174,0.4784724822163984,0.5640723848756805,3.26307640027028,0.26370420376442005,0.19999803602695465,0.6526088714599609,"{""bagging_fraction"": 0.8265727986635918, ""bagging_freq"": 1, ""bagging_seed"": 363, ""boosting_type"": ""gbdt"", ""data_random_seed"": 363, ""deterministic"": true, ""feature_fraction"": 0.902277169775103, ""feature_fraction_seed"": 363, ""force_col_wise"": true, ""lambda_l1"": 0.0002882791529965496, ""lambda_l2"": 0.0035985198223629188, ""learning_rate"": 0.11032476547480152, ""max_bin"": 127, ""max_depth"": 6, ""metric"": ""None"", ""min_data_in_leaf"": 547, ""min_gain_to_split"": 0.15166370877944457, ""num_leaves"": 20, ""objective"": ""binary"", ""scale_pos_weight"": 1.0, ""seed"": 363, ""verbosity"": -1}",1,0.2,128
322,128,2.987,0.54027184243852,0.7766031330184766,0.5178103598841752,0.4872205163689833,0.5524986513657987,3.2719033387944143,0.26423234903250903,0.19999803602695465,0.6543742418289185,"{""bagging_fraction"": 0.7182648281319506, ""bagging_freq"": 1, ""bagging_seed"": 364, ""boosting_type"": ""gbdt"", ""data_random_seed"": 364, ""deterministic"": true, ""feature_fraction"": 0.947264199465061, ""feature_fraction_seed"": 364, ""force_col_wise"": true, ""lambda_l1"": 0.00010334404898848508, ""lambda_l2"": 4.8675417913739426e-05, ""learning_rate"": 0.020769510410851358, ""max_bin"": 63, ""max_depth"": 12, ""metric"": ""None"", ""min_data_in_leaf"": 123, ""min_gain_to_split"": 0.18194295527675264, ""num_leaves"": 82, ""objective"": ""binary"", ""scale_pos_weight"": 1.0, ""seed"": 364, ""verbosity"": -1}",1,0.2,128
323,128,2.05,0.5379938066204557,0.7759197891483256,0.5171232119564015,0.47081320450885666,0.5735373449070669,3.234633678549441,0.403902659753244,0.19999803602695465,0.646920382976532,"{""bagging_fraction"": 0.8756017093413115, ""bagging_freq"": 1, ""bagging_seed"": 365, ""boosting_type"": ""gbdt"", ""data_random_seed"": 365, ""deterministic"": true, ""feature_fraction"": 0.9170936252179361, ""feature_fraction_seed"": 365, ""force_col_wise"": true, ""lambda_l1"": 0.6634784702666285, ""lambda_l2"": 1.4496570850385657, ""learning_rate"": 0.03368432448456826, ""max_bin"": 63, ""max_depth"": 12, ""metric"": ""None"", ""min_data_in_leaf"": 1751, ""min_gain_to_split"": 0.33748970638443865, ""num_leaves"": 16, ""objective"": ""binary"", ""scale_pos_weight"": 2.0, ""seed"": 365, ""verbosity"": -1}",1,0.2,128
324,128,23.848,0.5409836413626624,0.7773044546696224,0.5178209714261087,0.4618489333077071,0.5892305428865676,3.2606245391304984,0.39317229724379654,0.19999803602695465,0.6521185040473938,"{""bagging_fraction"": 0.901413545963851, ""bagging_freq"": 1, ""bagging_seed"": 366, ""boosting_type"": ""gbdt"", ""data_random_seed"": 366, ""deterministic"": true, ""feature_fraction"": 0.8466913881624037, ""feature_fraction_seed"": 366, ""force_col_wise"": true, ""lambda_l1"": 0.07056296409583042, ""lambda_l2"": 7.0222840832167156e-06, ""learning_rate"": 0.05200122121168979, ""max_bin"": 63, ""max_depth"": 6, ""metric"": ""None"", ""min_data_in_leaf"": 76, ""min_gain_to_split"": 0.20525985046520223, ""num_leaves"": 32, ""objective"": ""binary"", ""scale_pos_weight"": 2.0, ""seed"": 366, ""verbosity"": -1}",1,0.2,128
325,128,2.959,0.5415677437081481,0.7772370499408061,0.5184362606232295,0.4819246650374989,0.5609337452797803,3.2640572043314227,0.2643291990419483,0.19999803602695465,0.6528050303459167,"{""bagging_fraction"": 0.9326180733111908, ""bagging_freq"": 1, ""bagging_seed"": 367, ""boosting_type"": ""gbdt"", ""data_random_seed"": 367, ""deterministic"": true, ""feature_fraction"": 0.9622262490858224, ""feature_fraction_seed"": 367, ""force_col_wise"": true, ""lambda_l1"": 4.799885084524828, ""lambda_l2"": 0.00015470344131890147, ""learning_rate"": 0.04396453973866234, ""max_bin"": 63, ""max_depth"": 8, ""metric"": ""None"", ""min_data_in_leaf"": 1260, ""min_gain_to_split"": 0.04747349743309437, ""num_leaves"": 203, ""objective"": ""binary"", ""scale_pos_weight"": 1.0, ""seed"": 367, ""verbosity"": -1}",1,0.2,128
326,128,21.127,0.5383327569091881,0.7762160138326551,0.5175245070166261,0.48256701730573465,0.557942229414938,3.262095596209137,0.4158059919315484,0.19999803602695465,0.6524127125740051,"{""bagging_fraction"": 0.9817206725418539, ""bagging_freq"": 1, ""bagging_seed"": 368, ""boosting_type"": ""gbdt"", ""data_random_seed"": 368, ""deterministic"": true, ""feature_fraction"": 0.6379388147847801, ""feature_fraction_seed"": 368, ""force_col_wise"": true, ""lambda_l1"": 0.07039625615125032, ""lambda_l2"": 0.005868282992533921, ""learning_rate"": 0.02877400792986208, ""max_bin"": 63, ""max_depth"": -1, ""metric"": ""None"", ""min_data_in_leaf"": 1683, ""min_gain_to_split"": 0.6760189600893783, ""num_leaves"": 31, ""objective"": ""binary"", ""scale_pos_weight"": 2.0, ""seed"": 368, ""verbosity"": -1}",1,0.2,128
327,128,2.008,0.5405580183727725,0.7771258682435334,0.5175231523515526,0.48172406507500526,0.5590701780197146,3.2694514776546324,0.42099619726384846,0.19999803602695465,0.6538838744163513,"{""bagging_fraction"": 0.664833930532094, ""bagging_freq"": 1, ""bagging_seed"": 369, ""boosting_type"": ""gbdt"", ""data_random_seed"": 369, ""deterministic"": true, ""feature_fraction"": 0.6858070029822672, ""feature_fraction_seed"": 369, ""force_col_wise"": true, ""lambda_l1"": 0.02514578417740946, ""lambda_l2"": 0.0080916755863477, ""learning_rate"": 0.05757808136396913, ""max_bin"": 63, ""max_depth"": 6, ""metric"": ""None"", ""min_data_in_leaf"": 1589, ""min_gain_to_split"": 0.45129891834330527, ""num_leaves"": 25, ""objective"": ""binary"", ""scale_pos_weight"": 2.0, ""seed"": 369, ""verbosity"": -1}",1,0.2,128
328,128,3.138,0.5378102639358873,0.7764825780793915,0.5179902309262274,0.4864748449345279,0.553871806189005,3.2473838333181466,0.5388455843671258,0.19999803602695465,0.6494703888893127,"{""bagging_fraction"": 0.6995697107662742, ""bagging_freq"": 1, ""bagging_seed"": 370, ""boosting_type"": ""gbdt"", ""data_random_seed"": 370, ""deterministic"": true, ""feature_fraction"": 0.6229809707247032, ""feature_fraction_seed"": 370, ""force_col_wise"": true, ""lambda_l1"": 9.577662799932261e-06, ""lambda_l2"": 0.0001223520091492089, ""learning_rate"": 0.015402045696775762, ""max_bin"": 63, ""max_depth"": 12, ""metric"": ""None"", ""min_data_in_leaf"": 137, ""min_gain_to_split"": 0.1904195046663495, ""num_leaves"": 101, ""objective"": ""binary"", ""scale_pos_weight"": 4.0, ""seed"": 370, ""verbosity"": -1}",1,0.2,128
329,128,2.043,0.5397526794845283,0.776907487552331,0.5175381726319555,0.4755546425636812,0.567652395664754,3.2517973025802136,0.5818176360238227,0.19999803602695465,0.6503530740737915,"{""bagging_fraction"": 0.7420580297489703, ""bagging_freq"": 1, ""bagging_seed"": 371, ""boosting_type"": ""gbdt"", ""data_random_seed"": 371, ""deterministic"": true, ""feature_fraction"": 0.9747762066381684, ""feature_fraction_seed"": 371, ""force_col_wise"": true, ""lambda_l1"": 1.2880947743615687, ""lambda_l2"": 7.670952970060087e-08, ""learning_rate"": 0.043364465607510345, ""max_bin"": 63, ""max_depth"": 6, ""metric"": ""None"", ""min_data_in_leaf"": 635, ""min_gain_to_split"": 0.04295762737564457, ""num_leaves"": 22, ""objective"": ""binary"", ""scale_pos_weight"": 4.0, ""seed"": 371, ""verbosity"": -1}",1,0.2,128
330,128,252.716,0.5420654495120465,0.7769652635065869,0.5180683094404439,0.4701438848920863,0.5768721494777107,3.25768212694707,0.25355397732555013,0.19999803602695465,0.6515300273895264,"{""bagging_fraction"": 0.6865019347069894, ""bagging_freq"": 1, ""bagging_seed"": 372, ""boosting_type"": ""gbdt"", ""data_random_seed"": 372, ""deterministic"": true, ""feature_fraction"": 0.7194424297584618, ""feature_fraction_seed"": 372, ""force_col_wise"": true, ""lambda_l1"": 3.607574363924811e-07, ""lambda_l2"": 9.207501450062887, ""learning_rate"": 0.07852913612472205, ""max_bin"": 63, ""max_depth"": 10, ""metric"": ""None"", ""min_data_in_leaf"": 878, ""min_gain_to_split"": 0.06366358931886362, ""num_leaves"": 163, ""objective"": ""binary"", ""scale_pos_weight"": 1.0, ""seed"": 372, ""verbosity"": -1}",1,0.2,128
331,128,3.277,0.5421781745962305,0.7771217737070348,0.5187392757157049,0.48064934521568137,0.5633858074640773,3.2772979101437745,0.2640621432257504,0.19999803602695465,0.6554531455039978,"{""bagging_fraction"": 0.6327064314352487, ""bagging_freq"": 1, ""bagging_seed"": 373, ""boosting_type"": ""gbdt"", ""data_random_seed"": 373, ""deterministic"": true, ""feature_fraction"": 0.9362955182829322, ""feature_fraction_seed"": 373, ""force_col_wise"": true, ""lambda_l1"": 1.0172356019241776e-08, ""lambda_l2"": 0.0024364438177787774, ""learning_rate"": 0.05650720361454955, ""max_bin"": 127, ""max_depth"": 12, ""metric"": ""None"", ""min_data_in_leaf"": 691, ""min_gain_to_split"": 0.35385863932333395, ""num_leaves"": 120, ""objective"": ""binary"", ""scale_pos_weight"": 1.0, ""seed"": 373, ""verbosity"": -1}",1,0.2,128
332,128,2.456,0.5370911278271032,0.7748059068697433,0.5168569936658569,0.4811887047683463,0.5582364768770536,3.245912478213357,0.25476314186995314,0.19999803602695465,0.6491761207580566,"{""bagging_fraction"": 0.6904462372091633, ""bagging_freq"": 1, ""bagging_seed"": 374, ""boosting_type"": ""gbdt"", ""data_random_seed"": 374, ""deterministic"": true, ""feature_fraction"": 0.9622118146745999, ""feature_fraction_seed"": 374, ""force_col_wise"": true, ""lambda_l1"": 6.919524912446457, ""lambda_l2"": 4.7786263659262325, ""learning_rate"": 0.016554503564045496, ""max_bin"": 63, ""max_depth"": -1, ""metric"": ""None"", ""min_data_in_leaf"": 62, ""min_gain_to_split"": 0.1425712823271138, ""num_leaves"": 38, ""objective"": ""binary"", ""scale_pos_weight"": 1.0, ""seed"": 374, ""verbosity"": -1}",1,0.2,128
333,128,3.08,0.5415601289939088,0.7770471205663599,0.5177511454172027,0.479595250041813,0.5625030650777304,3.2645474573489186,0.5862939791291032,0.19999803602695465,0.6529030799865723,"{""bagging_fraction"": 0.5844873976528967, ""bagging_freq"": 1, ""bagging_seed"": 375, ""boosting_type"": ""gbdt"", ""data_random_seed"": 375, ""deterministic"": true, ""feature_fraction"": 0.6348520353855511, ""feature_fraction_seed"": 375, ""force_col_wise"": true, ""lambda_l1"": 0.002736578099000945, ""lambda_l2"": 7.573902021458876, ""learning_rate"": 0.050886359114464326, ""max_bin"": 63, ""max_depth"": 12, ""metric"": ""None"", ""min_data_in_leaf"": 71, ""min_gain_to_split"": 0.6719845376579414, ""num_leaves"": 106, ""objective"": ""binary"", ""scale_pos_weight"": 4.0, ""seed"": 375, ""verbosity"": -1}",1,0.2,128
334,128,2.335,0.5399532045579423,0.7757340075213148,0.5177500112770085,0.4793084728776047,0.5628953950272179,3.2684706735934896,0.5868880306858131,0.19999803602695465,0.6536877155303955,"{""bagging_fraction"": 0.5519636296816219, ""bagging_freq"": 1, ""bagging_seed"": 376, ""boosting_type"": ""gbdt"", ""data_random_seed"": 376, ""deterministic"": true, ""feature_fraction"": 0.7141052306704584, ""feature_fraction_seed"": 376, ""force_col_wise"": true, ""lambda_l1"": 0.000367373307305435, ""lambda_l2"": 2.711034272398028, ""learning_rate"": 0.14386722314856812, ""max_bin"": 63, ""max_depth"": 8, ""metric"": ""None"", ""min_data_in_leaf"": 1225, ""min_gain_to_split"": 0.2573306871949832, ""num_leaves"": 102, ""objective"": ""binary"", ""scale_pos_weight"": 4.0, ""seed"": 376, ""verbosity"": -1}",1,0.2,128
335,128,16.586,0.5342918047260184,0.7732070616156164,0.5141546556337553,0.47475292749771614,0.5606885390613506,3.222864029815728,0.250858595572407,0.19999803602695465,0.6445664763450623,"{""bagging_fraction"": 0.938833511833967, ""bagging_freq"": 1, ""bagging_seed"": 377, ""boosting_type"": ""gbdt"", ""data_random_seed"": 377, ""deterministic"": true, ""feature_fraction"": 0.87715490768261, ""feature_fraction_seed"": 377, ""force_col_wise"": true, ""lambda_l1"": 1.9484512903779706e-07, ""lambda_l2"": 3.934296715471654e-06, ""learning_rate"": 0.016009489319426907, ""max_bin"": 127, ""max_depth"": 8, ""metric"": ""None"", ""min_data_in_leaf"": 67, ""min_gain_to_split"": 0.19502946764482731, ""num_leaves"": 18, ""objective"": ""binary"", ""scale_pos_weight"": 1.0, ""seed"": 377, ""verbosity"": -1}",1,0.2,128
336,128,31.484,0.5414097372245046,0.7775223203871816,0.5181717553731205,0.48905236582074607,0.5509783728115345,3.2596437350693557,0.27236314815663876,0.19999803602695465,0.651922345161438,"{""bagging_fraction"": 0.5923446879863011, ""bagging_freq"": 1, ""bagging_seed"": 378, ""boosting_type"": ""gbdt"", ""data_random_seed"": 378, ""deterministic"": true, ""feature_fraction"": 0.7997546106729574, ""feature_fraction_seed"": 378, ""force_col_wise"": true, ""lambda_l1"": 2.447560684808957e-07, ""lambda_l2"": 2.4330530367642402, ""learning_rate"": 0.044759558761185037, ""max_bin"": 127, ""max_depth"": 6, ""metric"": ""None"", ""min_data_in_leaf"": 209, ""min_gain_to_split"": 0.7615077478198968, ""num_leaves"": 109, ""objective"": ""binary"", ""scale_pos_weight"": 1.0, ""seed"": 378, ""verbosity"": -1}",1,0.2,128
337,128,3.315,0.5400427913466294,0.7747152516671535,0.5163765804498069,0.48837005946135015,0.5477906919719484,3.2606245391304984,0.4303321029545414,0.19999803602695465,0.6521185040473938,"{""bagging_fraction"": 0.5516273101532234, ""bagging_freq"": 1, ""bagging_seed"": 379, ""boosting_type"": ""gbdt"", ""data_random_seed"": 379, ""deterministic"": true, ""feature_fraction"": 0.7375168463871085, ""feature_fraction_seed"": 379, ""force_col_wise"": true, ""lambda_l1"": 3.6571270033317323e-08, ""lambda_l2"": 9.669097316779066e-08, ""learning_rate"": 0.11970152130271006, ""max_bin"": 127, ""max_depth"": 16, ""metric"": ""None"", ""min_data_in_leaf"": 1535, ""min_gain_to_split"": 0.09535345318286026, ""num_leaves"": 94, ""objective"": ""binary"", ""scale_pos_weight"": 2.0, ""seed"": 379, ""verbosity"": -1}",1,0.2,128
338,128,57.185,0.5410702732379213,0.7759530937835276,0.518265525119424,0.48945166070961554,0.5506841253494189,3.270432281715775,0.5942004237677614,0.19999803602695465,0.6540800333023071,"{""bagging_fraction"": 0.7096608636119195, ""bagging_freq"": 1, ""bagging_seed"": 380, ""boosting_type"": ""gbdt"", ""data_random_seed"": 380, ""deterministic"": true, ""feature_fraction"": 0.8865557209666789, ""feature_fraction_seed"": 380, ""force_col_wise"": true, ""lambda_l1"": 1.3090014814092307e-08, ""lambda_l2"": 3.351950409250826e-06, ""learning_rate"": 0.06679723204377497, ""max_bin"": 127, ""max_depth"": 16, ""metric"": ""None"", ""min_data_in_leaf"": 86, ""min_gain_to_split"": 0.3306005541409779, ""num_leaves"": 141, ""objective"": ""binary"", ""scale_pos_weight"": 4.0, ""seed"": 380, ""verbosity"": -1}",1,0.2,128
339,128,2.18,0.5416756590709695,0.7773137449384487,0.518271234288531,0.47710584935236366,0.5672110244715806,3.2611147921479944,0.41545089110179007,0.19999803602695465,0.6522165536880493,"{""bagging_fraction"": 0.9135252593678269, ""bagging_freq"": 1, ""bagging_seed"": 381, ""boosting_type"": ""gbdt"", ""data_random_seed"": 381, ""deterministic"": true, ""feature_fraction"": 0.6125522853305194, ""feature_fraction_seed"": 381, ""force_col_wise"": true, ""lambda_l1"": 0.012433221048245397, ""lambda_l2"": 5.66942713937481e-07, ""learning_rate"": 0.09012253322215494, ""max_bin"": 63, ""max_depth"": 6, ""metric"": ""None"", ""min_data_in_leaf"": 651, ""min_gain_to_split"": 0.6480939302815164, ""num_leaves"": 129, ""objective"": ""binary"", ""scale_pos_weight"": 2.0, ""seed"": 381, ""verbosity"": -1}",1,0.2,128
340,128,2.156,0.5376047011364371,0.7762508185953995,0.5172961959563844,0.4759393539881345,0.5665244470599774,3.2312007153223665,0.5793497936525621,0.19999803602695465,0.6462337970733643,"{""bagging_fraction"": 0.6096458414236433, ""bagging_freq"": 1, ""bagging_seed"": 382, ""boosting_type"": ""gbdt"", ""data_random_seed"": 382, ""deterministic"": true, ""feature_fraction"": 0.62391402426442, ""feature_fraction_seed"": 382, ""force_col_wise"": true, ""lambda_l1"": 3.8634430217360207, ""lambda_l2"": 3.6625386296786258e-06, ""learning_rate"": 0.03286364778564545, ""max_bin"": 127, ""max_depth"": -1, ""metric"": ""None"", ""min_data_in_leaf"": 72, ""min_gain_to_split"": 0.35520432359600773, ""num_leaves"": 21, ""objective"": ""binary"", ""scale_pos_weight"": 4.0, ""seed"": 382, ""verbosity"": -1}",1,0.2,128
341,128,1.954,0.5410880187326341,0.7771559715043468,0.5188297752174404,0.48098349669096085,0.5631406012456476,3.25768212694707,0.591533423716633,0.19999803602695465,0.6515300273895264,"{""bagging_fraction"": 0.6016756034943771, ""bagging_freq"": 1, ""bagging_seed"": 383, ""boosting_type"": ""gbdt"", ""data_random_seed"": 383, ""deterministic"": true, ""feature_fraction"": 0.684966207622553, ""feature_fraction_seed"": 383, ""force_col_wise"": true, ""lambda_l1"": 0.0010138321858138874, ""lambda_l2"": 1.2877540550250342e-05, ""learning_rate"": 0.1138739792425971, ""max_bin"": 127, ""max_depth"": 6, ""metric"": ""None"", ""min_data_in_leaf"": 1484, ""min_gain_to_split"": 0.8019068334907483, ""num_leaves"": 74, ""objective"": ""binary"", ""scale_pos_weight"": 4.0, ""seed"": 383, ""verbosity"": -1}",1,0.2,128
342,128,3.879,0.542019879883435,0.7771984629927688,0.5182843657306169,0.46398666459916266,0.5869746456770144,3.262095596209137,0.24500975347059814,0.19999803602695465,0.6524127125740051,"{""bagging_fraction"": 0.5667896315813175, ""bagging_freq"": 1, ""bagging_seed"": 384, ""boosting_type"": ""gbdt"", ""data_random_seed"": 384, ""deterministic"": true, ""feature_fraction"": 0.7700389819049236, ""feature_fraction_seed"": 384, ""force_col_wise"": true, ""lambda_l1"": 0.17219099768493695, ""lambda_l2"": 8.183054764870648e-08, ""learning_rate"": 0.035957507146396055, ""max_bin"": 127, ""max_depth"": 10, ""metric"": ""None"", ""min_data_in_leaf"": 136, ""min_gain_to_split"": 0.30874848850300496, ""num_leaves"": 235, ""objective"": ""binary"", ""scale_pos_weight"": 1.0, ""seed"": 384, ""verbosity"": -1}",1,0.2,128
343,128,2.072,0.5302474811872688,0.7729164285890604,0.5133499620431623,0.46021622462471806,0.5803540777794125,3.1988347773569568,0.47662958832156166,0.19999803602695465,0.6397606730461121,"{""bagging_fraction"": 0.7646872898113195, ""bagging_freq"": 1, ""bagging_seed"": 385, ""boosting_type"": ""gbdt"", ""data_random_seed"": 385, ""deterministic"": true, ""feature_fraction"": 0.582299691877346, ""feature_fraction_seed"": 385, ""force_col_wise"": true, ""lambda_l1"": 1.1175338861348484e-05, ""lambda_l2"": 1.1290538905544436e-06, ""learning_rate"": 0.01123421340909314, ""max_bin"": 127, ""max_depth"": 10, ""metric"": ""None"", ""min_data_in_leaf"": 652, ""min_gain_to_split"": 0.18877889786366542, ""num_leaves"": 19, ""objective"": ""binary"", ""scale_pos_weight"": 4.0, ""seed"": 385, ""verbosity"": -1}",1,0.2,128
344,128,43.156,0.5410022378451024,0.7771465636904565,0.517885215893184,0.4616802334510828,0.5896719140797411,3.2532686576850027,0.3945957728648103,0.19999803602695465,0.6506473422050476,"{""bagging_fraction"": 0.8694668701641619, ""bagging_freq"": 1, ""bagging_seed"": 386, ""boosting_type"": ""gbdt"", ""data_random_seed"": 386, ""deterministic"": true, ""feature_fraction"": 0.8387471824134657, ""feature_fraction_seed"": 386, ""force_col_wise"": true, ""lambda_l1"": 0.02173051471146212, ""lambda_l2"": 0.23894611494813536, ""learning_rate"": 0.13155290900068156, ""max_bin"": 127, ""max_depth"": 16, ""metric"": ""None"", ""min_data_in_leaf"": 449, ""min_gain_to_split"": 0.48346865134769745, ""num_leaves"": 22, ""objective"": ""binary"", ""scale_pos_weight"": 2.0, ""seed"": 386, ""verbosity"": -1}",1,0.2,128
345,128,1.967,0.5363162604311102,0.7752496136322309,0.516500366674815,0.4722447984395319,0.5699082928743073,3.231691266366013,0.3978646482290476,0.19999803602695465,0.6463319063186646,"{""bagging_fraction"": 0.6740357729875157, ""bagging_freq"": 1, ""bagging_seed"": 387, ""boosting_type"": ""gbdt"", ""data_random_seed"": 387, ""deterministic"": true, ""feature_fraction"": 0.5651244861338129, ""feature_fraction_seed"": 387, ""force_col_wise"": true, ""lambda_l1"": 7.048046813409021e-08, ""lambda_l2"": 5.206482535043332e-07, ""learning_rate"": 0.02403533098325268, ""max_bin"": 63, ""max_depth"": 10, ""metric"": ""None"", ""min_data_in_leaf"": 580, ""min_gain_to_split"": 0.6387309128973808, ""num_leaves"": 20, ""objective"": ""binary"", ""scale_pos_weight"": 2.0, ""seed"": 387, ""verbosity"": -1}",1,0.2,128
346,128,28.107,0.5380300680690332,0.7760340531717892,0.5174608243425104,0.4837100213219616,0.556274827129616,3.237575792706719,0.41806926076117773,0.19999803602695465,0.6475088000297546,"{""bagging_fraction"": 0.8105619736895733, ""bagging_freq"": 1, ""bagging_seed"": 388, ""boosting_type"": ""gbdt"", ""data_random_seed"": 388, ""deterministic"": true, ""feature_fraction"": 0.8742066187851774, ""feature_fraction_seed"": 388, ""force_col_wise"": true, ""lambda_l1"": 0.0002655167392929972, ""lambda_l2"": 0.00024145641085508127, ""learning_rate"": 0.0312751212988898, ""max_bin"": 63, ""max_depth"": -1, ""metric"": ""None"", ""min_data_in_leaf"": 184, ""min_gain_to_split"": 0.9662968872604188, ""num_leaves"": 19, ""objective"": ""binary"", ""scale_pos_weight"": 2.0, ""seed"": 388, ""verbosity"": -1}",1,0.2,128
347,128,2.613,0.54143701821358,0.7771859839758781,0.5184732291029784,0.46730958472741585,0.5822176450394781,3.2601339880868516,0.24869195683800951,0.19999803602695465,0.6520203948020935,"{""bagging_fraction"": 0.6936282872952984, ""bagging_freq"": 1, ""bagging_seed"": 389, ""boosting_type"": ""gbdt"", ""data_random_seed"": 389, ""deterministic"": true, ""feature_fraction"": 0.9741291684939131, ""feature_fraction_seed"": 389, ""force_col_wise"": true, ""lambda_l1"": 2.0111836832744168e-06, ""lambda_l2"": 9.878257172680547, ""learning_rate"": 0.0384143347855814, ""max_bin"": 63, ""max_depth"": 12, ""metric"": ""None"", ""min_data_in_leaf"": 55, ""min_gain_to_split"": 0.7186896715045245, ""num_leaves"": 58, ""objective"": ""binary"", ""scale_pos_weight"": 1.0, ""seed"": 389, ""verbosity"": -1}",1,0.2,128
348,128,1.993,0.5301359556677046,0.7722922474644185,0.5129247749056056,0.47106861457649374,0.5629444362709038,3.1900078388328224,0.3620855382337095,0.19999803602695465,0.6379953026771545,"{""bagging_fraction"": 0.9716079430102051, ""bagging_freq"": 1, ""bagging_seed"": 390, ""boosting_type"": ""gbdt"", ""data_random_seed"": 390, ""deterministic"": true, ""feature_fraction"": 0.9700247605802188, ""feature_fraction_seed"": 390, ""force_col_wise"": true, ""lambda_l1"": 0.0008212712138014225, ""lambda_l2"": 0.003546095133742148, ""learning_rate"": 0.011824504981811047, ""max_bin"": 127, ""max_depth"": 8, ""metric"": ""None"", ""min_data_in_leaf"": 65, ""min_gain_to_split"": 0.2918944015252498, ""num_leaves"": 16, ""objective"": ""binary"", ""scale_pos_weight"": 2.0, ""seed"": 390, ""verbosity"": -1}",1,0.2,128
349,128,1.785,0.5410481859087715,0.7772714774169642,0.5178168696436626,0.47935195624034405,0.5629934775145897,3.255229967781138,0.41794164607705475,0.19999803602695465,0.6510396003723145,"{""bagging_fraction"": 0.555609546927047, ""bagging_freq"": 1, ""bagging_seed"": 391, ""boosting_type"": ""gbdt"", ""data_random_seed"": 391, ""deterministic"": true, ""feature_fraction"": 0.6900503991419007, ""feature_fraction_seed"": 391, ""force_col_wise"": true, ""lambda_l1"": 8.059730901405001e-05, ""lambda_l2"": 0.023395276952425794, ""learning_rate"": 0.07367510839640601, ""max_bin"": 127, ""max_depth"": -1, ""metric"": ""None"", ""min_data_in_leaf"": 69, ""min_gain_to_split"": 0.801348931421939, ""num_leaves"": 20, ""objective"": ""binary"", ""scale_pos_weight"": 2.0, ""seed"": 391, ""verbosity"": -1}",1,0.2,128
350,128,2.314,0.5418247655497292,0.7772475541404974,0.5178743538070621,0.46795455445152606,0.5797165416114952,3.254249163719995,0.4016583593744799,0.19999803602695465,0.6508434414863586,"{""bagging_fraction"": 0.9748655409972097, ""bagging_freq"": 1, ""bagging_seed"": 392, ""boosting_type"": ""gbdt"", ""data_random_seed"": 392, ""deterministic"": true, ""feature_fraction"": 0.6503662575992329, ""feature_fraction_seed"": 392, ""force_col_wise"": true, ""lambda_l1"": 2.9835812178706263e-06, ""lambda_l2"": 1.7211287440770654e-08, ""learning_rate"": 0.09908350198739678, ""max_bin"": 127, ""max_depth"": -1, ""metric"": ""None"", ""min_data_in_leaf"": 324, ""min_gain_to_split"": 0.24267404295502693, ""num_leaves"": 47, ""objective"": ""binary"", ""scale_pos_weight"": 2.0, ""seed"": 392, ""verbosity"": -1}",1,0.2,128
351,128,2.678,0.539747827137271,0.7766106664245057,0.5181160217348263,0.46979972871618925,0.577509685645628,3.2640572043314227,0.25054393299721156,0.19999803602695465,0.6528050303459167,"{""bagging_fraction"": 0.784346773581626, ""bagging_freq"": 1, ""bagging_seed"": 393, ""boosting_type"": ""gbdt"", ""data_random_seed"": 393, ""deterministic"": true, ""feature_fraction"": 0.6815522021993646, ""feature_fraction_seed"": 393, ""force_col_wise"": true, ""lambda_l1"": 1.1514645798594468e-05, ""lambda_l2"": 0.2488613967838929, ""learning_rate"": 0.025895201298332574, ""max_bin"": 63, ""max_depth"": 8, ""metric"": ""None"", ""min_data_in_leaf"": 1300, ""min_gain_to_split"": 0.15760151328847838, ""num_leaves"": 66, ""objective"": ""binary"", ""scale_pos_weight"": 1.0, ""seed"": 393, ""verbosity"": -1}",1,0.2,128
352,128,3.554,0.5421817559325238,0.7773704383357347,0.5182886859240484,0.46738916256157637,0.581629150115247,3.2640572043314227,0.24896745051270305,0.19999803602695465,0.6528050303459167,"{""bagging_fraction"": 0.7267195263524158, ""bagging_freq"": 1, ""bagging_seed"": 394, ""boosting_type"": ""gbdt"", ""data_random_seed"": 394, ""deterministic"": true, ""feature_fraction"": 0.8982323925935503, ""feature_fraction_seed"": 394, ""force_col_wise"": true, ""lambda_l1"": 1.976100519794428e-08, ""lambda_l2"": 1.1089035431167768e-07, ""learning_rate"": 0.03904526014063706, ""max_bin"": 127, ""max_depth"": 12, ""metric"": ""None"", ""min_data_in_leaf"": 440, ""min_gain_to_split"": 0.03872260122899618, ""num_leaves"": 101, ""objective"": ""binary"", ""scale_pos_weight"": 1.0, ""seed"": 394, ""verbosity"": -1}",1,0.2,128
353,128,28.379,0.5407116547278457,0.7771079878656096,0.5181772337596846,0.4864643856251345,0.5543131773821784,3.2567013228859274,0.42350958188059257,0.19999803602695465,0.6513338685035706,"{""bagging_fraction"": 0.8550742608387731, ""bagging_freq"": 1, ""bagging_seed"": 395, ""boosting_type"": ""gbdt"", ""data_random_seed"": 395, ""deterministic"": true, ""feature_fraction"": 0.7662741168217545, ""feature_fraction_seed"": 395, ""force_col_wise"": true, ""lambda_l1"": 0.010061424486863346, ""lambda_l2"": 7.287479129140685e-06, ""learning_rate"": 0.038259829948030566, ""max_bin"": 63, ""max_depth"": 6, ""metric"": ""None"", ""min_data_in_leaf"": 395, ""min_gain_to_split"": 0.3462144553610915, ""num_leaves"": 41, ""objective"": ""binary"", ""scale_pos_weight"": 2.0, ""seed"": 395, ""verbosity"": -1}",1,0.2,128
354,128,2.421,0.5412251319273699,0.7773179759594971,0.5180904409615255,0.47840531561461797,0.5649551272620273,3.258172379964566,0.5861310384531773,0.19999803602695465,0.6516280770301819,"{""bagging_fraction"": 0.6107728621058987, ""bagging_freq"": 1, ""bagging_seed"": 396, ""boosting_type"": ""gbdt"", ""data_random_seed"": 396, ""deterministic"": true, ""feature_fraction"": 0.8413348702942314, ""feature_fraction_seed"": 396, ""force_col_wise"": true, ""lambda_l1"": 9.319163195328757e-05, ""lambda_l2"": 1.0823175692334845, ""learning_rate"": 0.05028738033267941, ""max_bin"": 63, ""max_depth"": 12, ""metric"": ""None"", ""min_data_in_leaf"": 647, ""min_gain_to_split"": 0.036305676104475215, ""num_leaves"": 37, ""objective"": ""binary"", ""scale_pos_weight"": 4.0, ""seed"": 396, ""verbosity"": -1}",1,0.2,128
355,128,3.097,0.5361626359137251,0.7758294700464559,0.5165999954799195,0.4790828303152247,0.5604923740866068,3.2331623234446516,0.533686762839423,0.19999803602695465,0.6466261148452759,"{""bagging_fraction"": 0.9619286216903344, ""bagging_freq"": 1, ""bagging_seed"": 397, ""boosting_type"": ""gbdt"", ""data_random_seed"": 397, ""deterministic"": true, ""feature_fraction"": 0.5545582018036566, ""feature_fraction_seed"": 397, ""force_col_wise"": true, ""lambda_l1"": 0.00012425876875830176, ""lambda_l2"": 3.876274202179262, ""learning_rate"": 0.015556518299609048, ""max_bin"": 63, ""max_depth"": 16, ""metric"": ""None"", ""min_data_in_leaf"": 239, ""min_gain_to_split"": 0.28674390097921787, ""num_leaves"": 63, ""objective"": ""binary"", ""scale_pos_weight"": 4.0, ""seed"": 397, ""verbosity"": -1}",1,0.2,128
356,128,2.708,0.5408412101883291,0.7764701104863175,0.5182226660009985,0.48228088701161564,0.5599529204060615,3.2650380083925654,0.4175760200551173,0.19999803602695465,0.6530011892318726,"{""bagging_fraction"": 0.9750383496336816, ""bagging_freq"": 1, ""bagging_seed"": 398, ""boosting_type"": ""gbdt"", ""data_random_seed"": 398, ""deterministic"": true, ""feature_fraction"": 0.797040129938257, ""feature_fraction_seed"": 398, ""force_col_wise"": true, ""lambda_l1"": 8.98356172826388e-05, ""lambda_l2"": 2.609893758368317e-06, ""learning_rate"": 0.12156661259394326, ""max_bin"": 63, ""max_depth"": 10, ""metric"": ""None"", ""min_data_in_leaf"": 626, ""min_gain_to_split"": 0.1382870014941071, ""num_leaves"": 73, ""objective"": ""binary"", ""scale_pos_weight"": 2.0, ""seed"": 398, ""verbosity"": -1}",1,0.2,128
357,128,1.72,0.5411560832842794,0.7772820991617194,0.5183670687657602,0.48285931945149824,0.559511549212888,3.2596437350693557,0.2669284027448526,0.19999803602695465,0.651922345161438,"{""bagging_fraction"": 0.5836516904023072, ""bagging_freq"": 1, ""bagging_seed"": 399, ""boosting_type"": ""gbdt"", ""data_random_seed"": 399, ""deterministic"": true, ""feature_fraction"": 0.96711866315185, ""feature_fraction_seed"": 399, ""force_col_wise"": true, ""lambda_l1"": 9.806869720681851e-08, ""lambda_l2"": 0.016889386957252898, ""learning_rate"": 0.1398433465039255, ""max_bin"": 127, ""max_depth"": 12, ""metric"": ""None"", ""min_data_in_leaf"": 768, ""min_gain_to_split"": 0.6479633758957883, ""num_leaves"": 16, ""objective"": ""binary"", ""scale_pos_weight"": 1.0, ""seed"": 399, ""verbosity"": -1}",1,0.2,128
358,128,2.418,0.5419175652002184,0.7771719392948108,0.5175630693763139,0.4675740909270763,0.5795203766367515,3.278278416178767,0.5744098763366502,0.19999803602695465,0.6556492447853088,"{""bagging_fraction"": 0.7821545033099896, ""bagging_freq"": 1, ""bagging_seed"": 400, ""boosting_type"": ""gbdt"", ""data_random_seed"": 400, ""deterministic"": true, ""feature_fraction"": 0.9156284960725746, ""feature_fraction_seed"": 400, ""force_col_wise"": true, ""lambda_l1"": 1.842450275082779e-06, ""lambda_l2"": 0.0003579146995316038, ""learning_rate"": 0.09579819033444091, ""max_bin"": 127, ""max_depth"": 8, ""metric"": ""None"", ""min_data_in_leaf"": 1275, ""min_gain_to_split"": 0.10081137780178007, ""num_leaves"": 66, ""objective"": ""binary"", ""scale_pos_weight"": 4.0, ""seed"": 400, ""verbosity"": -1}",1,0.2,128
359,128,43.566,0.5369165824354386,0.7761044431243522,0.5171685640837311,0.48608534322820035,0.5524986513657987,3.253758910702499,0.5322262426725163,0.19999803602695465,0.6507453918457031,"{""bagging_fraction"": 0.6544362073014045, ""bagging_freq"": 1, ""bagging_seed"": 401, ""boosting_type"": ""gbdt"", ""data_random_seed"": 401, ""deterministic"": true, ""feature_fraction"": 0.6847806206235907, ""feature_fraction_seed"": 401, ""force_col_wise"": true, ""lambda_l1"": 0.003804379952042735, ""lambda_l2"": 0.1205259069489191, ""learning_rate"": 0.014373728469425614, ""max_bin"": 63, ""max_depth"": 10, ""metric"": ""None"", ""min_data_in_leaf"": 61, ""min_gain_to_split"": 0.05730295454052614, ""num_leaves"": 64, ""objective"": ""binary"", ""scale_pos_weight"": 4.0, ""seed"": 401, ""verbosity"": -1}",1,0.2,128
360,128,2.285,0.541457333991231,0.7771989957033911,0.5191815856777494,0.47847661580449075,0.5674562306900103,3.2625858492266335,0.41522808780787007,0.19999803602695465,0.6525107622146606,"{""bagging_fraction"": 0.7878980883533997, ""bagging_freq"": 1, ""bagging_seed"": 402, ""boosting_type"": ""gbdt"", ""data_random_seed"": 402, ""deterministic"": true, ""feature_fraction"": 0.6193858969853342, ""feature_fraction_seed"": 402, ""force_col_wise"": true, ""lambda_l1"": 5.987383421825815e-08, ""lambda_l2"": 0.8058410717854017, ""learning_rate"": 0.10288246523277468, ""max_bin"": 127, ""max_depth"": 6, ""metric"": ""None"", ""min_data_in_leaf"": 221, ""min_gain_to_split"": 0.9242897594096086, ""num_leaves"": 40, ""objective"": ""binary"", ""scale_pos_weight"": 2.0, ""seed"": 402, ""verbosity"": -1}",1,0.2,128
361,128,3.063,0.5409783038592971,0.7769134375572045,0.518271846773316,0.46591531658448776,0.5838850473248002,3.2625858492266335,0.25038160774556345,0.19999803602695465,0.6525107622146606,"{""bagging_fraction"": 0.5841767646573434, ""bagging_freq"": 1, ""bagging_seed"": 403, ""boosting_type"": ""gbdt"", ""data_random_seed"": 403, ""deterministic"": true, ""feature_fraction"": 0.6615557604240323, ""feature_fraction_seed"": 403, ""force_col_wise"": true, ""lambda_l1"": 0.0011414800153505163, ""lambda_l2"": 9.100607420403302e-06, ""learning_rate"": 0.04587587976056748, ""max_bin"": 63, ""max_depth"": 12, ""metric"": ""None"", ""min_data_in_leaf"": 1890, ""min_gain_to_split"": 0.32233877280804424, ""num_leaves"": 73, ""objective"": ""binary"", ""scale_pos_weight"": 1.0, ""seed"": 403, ""verbosity"": -1}",1,0.2,128
362,128,2.451,0.5411824731361802,0.7772170471379425,0.5185281780443807,0.4656128024980484,0.5850129959295768,3.2562107718422806,0.24813111122917256,0.19999803602695465,0.6512357592582703,"{""bagging_fraction"": 0.9455359925739057, ""bagging_freq"": 1, ""bagging_seed"": 404, ""boosting_type"": ""gbdt"", ""data_random_seed"": 404, ""deterministic"": true, ""feature_fraction"": 0.7139627094140251, ""feature_fraction_seed"": 404, ""force_col_wise"": true, ""lambda_l1"": 1.071611260120478e-05, ""lambda_l2"": 0.012932065364821194, ""learning_rate"": 0.050261096374045716, ""max_bin"": 63, ""max_depth"": 12, ""metric"": ""None"", ""min_data_in_leaf"": 58, ""min_gain_to_split"": 0.7565469634019073, ""num_leaves"": 32, ""objective"": ""binary"", ""scale_pos_weight"": 1.0, ""seed"": 404, ""verbosity"": -1}",1,0.2,128
363,128,2.139,0.5409262961704207,0.777095632406318,0.5189881956155143,0.479197807673144,0.5659849933794321,3.263566653287776,0.5873440775231121,0.19999803602695465,0.6527069211006165,"{""bagging_fraction"": 0.5657908446652637, ""bagging_freq"": 1, ""bagging_seed"": 405, ""boosting_type"": ""gbdt"", ""data_random_seed"": 405, ""deterministic"": true, ""feature_fraction"": 0.5504466088227831, ""feature_fraction_seed"": 405, ""force_col_wise"": true, ""lambda_l1"": 8.275468634337372, ""lambda_l2"": 0.1097881106968902, ""learning_rate"": 0.09253893276068653, ""max_bin"": 63, ""max_depth"": 6, ""metric"": ""None"", ""min_data_in_leaf"": 393, ""min_gain_to_split"": 0.937565258772947, ""num_leaves"": 107, ""objective"": ""binary"", ""scale_pos_weight"": 4.0, ""seed"": 405, ""verbosity"": -1}",1,0.2,128
364,128,2.422,0.5358017724882459,0.774102451069214,0.5154459220469004,0.4847503024019354,0.5502917953999313,3.2321815193835093,0.3627171415565156,0.19999803602695465,0.6464299559593201,"{""bagging_fraction"": 0.6796896855402539, ""bagging_freq"": 1, ""bagging_seed"": 406, ""boosting_type"": ""gbdt"", ""data_random_seed"": 406, ""deterministic"": true, ""feature_fraction"": 0.5530221028735234, ""feature_fraction_seed"": 406, ""force_col_wise"": true, ""lambda_l1"": 0.057798155902669, ""lambda_l2"": 0.13714724798418487, ""learning_rate"": 0.010569216979333862, ""max_bin"": 63, ""max_depth"": 6, ""metric"": ""None"", ""min_data_in_leaf"": 920, ""min_gain_to_split"": 0.619714601214624, ""num_leaves"": 141, ""objective"": ""binary"", ""scale_pos_weight"": 2.0, ""seed"": 406, ""verbosity"": -1}",1,0.2,128
365,128,2.485,0.5387788762665264,0.7763198710594983,0.5171477236109193,0.4872695727607894,0.5509293315678485,3.2517973025802136,0.5754044109527053,0.19999803602695465,0.6503530740737915,"{""bagging_fraction"": 0.7985497376083148, ""bagging_freq"": 1, ""bagging_seed"": 407, ""boosting_type"": ""gbdt"", ""data_random_seed"": 407, ""deterministic"": true, ""feature_fraction"": 0.7512064976097267, ""feature_fraction_seed"": 407, ""force_col_wise"": true, ""lambda_l1"": 4.8475358744186077e-05, ""lambda_l2"": 0.000941985204224745, ""learning_rate"": 0.023174732545677763, ""max_bin"": 127, ""max_depth"": 6, ""metric"": ""None"", ""min_data_in_leaf"": 253, ""min_gain_to_split"": 0.4323354227675579, ""num_leaves"": 232, ""objective"": ""binary"", ""scale_pos_weight"": 4.0, ""seed"": 407, ""verbosity"": -1}",1,0.2,128
366,128,29.331,0.5416275816189497,0.7772865219826419,0.5183901319047405,0.47909298939047223,0.5647099210435976,3.259153184025709,0.2617688006137389,0.19999803602695465,0.6518242359161377,"{""bagging_fraction"": 0.9272456160831579, ""bagging_freq"": 1, ""bagging_seed"": 408, ""boosting_type"": ""gbdt"", ""data_random_seed"": 408, ""deterministic"": true, ""feature_fraction"": 0.8673580264563271, ""feature_fraction_seed"": 408, ""force_col_wise"": true, ""lambda_l1"": 0.0011663803073441751, ""lambda_l2"": 0.01994477752897676, ""learning_rate"": 0.11725380865193294, ""max_bin"": 127, ""max_depth"": 6, ""metric"": ""None"", ""min_data_in_leaf"": 255, ""min_gain_to_split"": 0.749729350721248, ""num_leaves"": 210, ""objective"": ""binary"", ""scale_pos_weight"": 1.0, ""seed"": 408, ""verbosity"": -1}",1,0.2,128
367,128,33.424,0.5410063162787285,0.7770969710972893,0.5176857818367252,0.49083556766735525,0.5476435682408906,3.2596437350693557,0.6042678502018242,0.19999803602695465,0.651922345161438,"{""bagging_fraction"": 0.5511150688856604, ""bagging_freq"": 1, ""bagging_seed"": 409, ""boosting_type"": ""gbdt"", ""data_random_seed"": 409, ""deterministic"": true, ""feature_fraction"": 0.8147208495722893, ""feature_fraction_seed"": 409, ""force_col_wise"": true, ""lambda_l1"": 0.5054318193082855, ""lambda_l2"": 0.003091865376821204, ""learning_rate"": 0.07542601323539061, ""max_bin"": 127, ""max_depth"": 12, ""metric"": ""None"", ""min_data_in_leaf"": 314, ""min_gain_to_split"": 0.12913633169820327, ""num_leaves"": 27, ""objective"": ""binary"", ""scale_pos_weight"": 4.0, ""seed"": 409, ""verbosity"": -1}",1,0.2,128
368,128,2.752,0.5419840969058086,0.7773416503170051,0.5187410391206391,0.48394904458598725,0.5589230542886567,3.266999616514851,0.26701572566665643,0.19999803602695465,0.6533935070037842,"{""bagging_fraction"": 0.8067291188255161, ""bagging_freq"": 1, ""bagging_seed"": 410, ""boosting_type"": ""gbdt"", ""data_random_seed"": 410, ""deterministic"": true, ""feature_fraction"": 0.736312411959563, ""feature_fraction_seed"": 410, ""force_col_wise"": true, ""lambda_l1"": 1.013399611118832e-08, ""lambda_l2"": 0.006365873908224217, ""learning_rate"": 0.06971471085890027, ""max_bin"": 63, ""max_depth"": 8, ""metric"": ""None"", ""min_data_in_leaf"": 1168, ""min_gain_to_split"": 0.7181757921279367, ""num_leaves"": 129, ""objective"": ""binary"", ""scale_pos_weight"": 1.0, ""seed"": 410, ""verbosity"": -1}",1,0.2,128
369,128,44.9,0.5409141044461412,0.777002568582111,0.5189912965855836,0.4761865760268643,0.5702515815801089,3.267489869532347,0.5784297483015198,0.19999803602695465,0.6534915566444397,"{""bagging_fraction"": 0.9815830021359937, ""bagging_freq"": 1, ""bagging_seed"": 411, ""boosting_type"": ""gbdt"", ""data_random_seed"": 411, ""deterministic"": true, ""feature_fraction"": 0.6751333178740104, ""feature_fraction_seed"": 411, ""force_col_wise"": true, ""lambda_l1"": 0.023195553900599745, ""lambda_l2"": 7.7884378774846805, ""learning_rate"": 0.038370590637379416, ""max_bin"": 63, ""max_depth"": 10, ""metric"": ""None"", ""min_data_in_leaf"": 617, ""min_gain_to_split"": 0.9712613162688684, ""num_leaves"": 149, ""objective"": ""binary"", ""scale_pos_weight"": 4.0, ""seed"": 411, ""verbosity"": -1}",1,0.2,128
370,128,2.976,0.5412249009025738,0.7765619594777792,0.5178308413300603,0.4751218313608256,0.5689765092442745,3.2655282614100614,0.5794660923449876,0.19999803602695465,0.6530992388725281,"{""bagging_fraction"": 0.7843857214175055, ""bagging_freq"": 1, ""bagging_seed"": 412, ""boosting_type"": ""gbdt"", ""data_random_seed"": 412, ""deterministic"": true, ""feature_fraction"": 0.8944194350774473, ""feature_fraction_seed"": 412, ""force_col_wise"": true, ""lambda_l1"": 0.6518567329348078, ""lambda_l2"": 9.702934344831827e-08, ""learning_rate"": 0.07733674103353107, ""max_bin"": 63, ""max_depth"": 16, ""metric"": ""None"", ""min_data_in_leaf"": 371, ""min_gain_to_split"": 0.3809403480486341, ""num_leaves"": 84, ""objective"": ""binary"", ""scale_pos_weight"": 4.0, ""seed"": 412, ""verbosity"": -1}",1,0.2,128
371,128,2.114,0.5389738688941603,0.7761023609833986,0.5172695502201243,0.4813938753959873,0.5589230542886567,3.2503262455015745,0.263597412411338,0.19999803602695465,0.6500588655471802,"{""bagging_fraction"": 0.767972916640653, ""bagging_freq"": 1, ""bagging_seed"": 413, ""boosting_type"": ""gbdt"", ""data_random_seed"": 413, ""deterministic"": true, ""feature_fraction"": 0.9269277817849693, ""feature_fraction_seed"": 413, ""force_col_wise"": true, ""lambda_l1"": 2.7447439771611127e-08, ""lambda_l2"": 1.40741226305256e-08, ""learning_rate"": 0.0322443778371672, ""max_bin"": 63, ""max_depth"": 10, ""metric"": ""None"", ""min_data_in_leaf"": 88, ""min_gain_to_split"": 0.4734754019943266, ""num_leaves"": 20, ""objective"": ""binary"", ""scale_pos_weight"": 1.0, ""seed"": 413, ""verbosity"": -1}",1,0.2,128
372,128,3.174,0.5416489199124711,0.7769831114168204,0.5174871909111161,0.47410098371362097,0.5696140454121916,3.270432281715775,0.4096759621495902,0.19999803602695465,0.6540800333023071,"{""bagging_fraction"": 0.6866121932174742, ""bagging_freq"": 1, ""bagging_seed"": 414, ""boosting_type"": ""gbdt"", ""data_random_seed"": 414, ""deterministic"": true, ""feature_fraction"": 0.6195000895684237, ""feature_fraction_seed"": 414, ""force_col_wise"": true, ""lambda_l1"": 0.9980664284123572, ""lambda_l2"": 0.0007886473045893968, ""learning_rate"": 0.06749824198412085, ""max_bin"": 63, ""max_depth"": 10, ""metric"": ""None"", ""min_data_in_leaf"": 444, ""min_gain_to_split"": 0.8858886951442001, ""num_leaves"": 143, ""objective"": ""binary"", ""scale_pos_weight"": 2.0, ""seed"": 414, ""verbosity"": -1}",1,0.2,128
373,128,2.271,0.5395988541459076,0.7764031079961089,0.5172979656063842,0.47754627708143105,0.5642685498504242,3.258662931008213,0.4044960955647708,0.19999803602695465,0.6517261862754822,"{""bagging_fraction"": 0.6015003935370086, ""bagging_freq"": 1, ""bagging_seed"": 415, ""boosting_type"": ""gbdt"", ""data_random_seed"": 415, ""deterministic"": true, ""feature_fraction"": 0.9989415852326652, ""feature_fraction_seed"": 415, ""force_col_wise"": true, ""lambda_l1"": 0.46524886295955586, ""lambda_l2"": 0.5931142450811162, ""learning_rate"": 0.02444211287540651, ""max_bin"": 63, ""max_depth"": 6, ""metric"": ""None"", ""min_data_in_leaf"": 294, ""min_gain_to_split"": 0.5531986315377874, ""num_leaves"": 57, ""objective"": ""binary"", ""scale_pos_weight"": 2.0, ""seed"": 415, ""verbosity"": -1}",1,0.2,128
374,128,2.532,0.5414543476077502,0.777157991114934,0.5182446989454587,0.4820283496456294,0.560345250355549,3.269941730672129,0.26411178014079817,0.19999803602695465,0.6539819240570068,"{""bagging_fraction"": 0.8302111049602197, ""bagging_freq"": 1, ""bagging_seed"": 416, ""boosting_type"": ""gbdt"", ""data_random_seed"": 416, ""deterministic"": true, ""feature_fraction"": 0.9666289804948527, ""feature_fraction_seed"": 416, ""force_col_wise"": true, ""lambda_l1"": 0.000425474952069285, ""lambda_l2"": 0.02509713725417005, ""learning_rate"": 0.04079972940384753, ""max_bin"": 127, ""max_depth"": -1, ""metric"": ""None"", ""min_data_in_leaf"": 314, ""min_gain_to_split"": 0.5039329644302343, ""num_leaves"": 34, ""objective"": ""binary"", ""scale_pos_weight"": 1.0, ""seed"": 416, ""verbosity"": -1}",1,0.2,128
375,128,4.207,0.5394162395052399,0.7761085247339,0.517795110441109,0.466903073286052,0.5811387376783875,3.2625858492266335,0.24516152032311014,0.19999803602695465,0.6525107622146606,"{""bagging_fraction"": 0.7673085245669821, ""bagging_freq"": 1, ""bagging_seed"": 417, ""boosting_type"": ""gbdt"", ""data_random_seed"": 417, ""deterministic"": true, ""feature_fraction"": 0.9373300128391913, ""feature_fraction_seed"": 417, ""force_col_wise"": true, ""lambda_l1"": 0.34262097295786204, ""lambda_l2"": 5.767223102063694e-06, ""learning_rate"": 0.016478788599475436, ""max_bin"": 127, ""max_depth"": 16, ""metric"": ""None"", ""min_data_in_leaf"": 1000, ""min_gain_to_split"": 0.7619481785641752, ""num_leaves"": 236, ""objective"": ""binary"", ""scale_pos_weight"": 1.0, ""seed"": 417, ""verbosity"": -1}",1,0.2,128
376,128,2.389,0.5393238091371149,0.7763670926093937,0.5175328178385182,0.4777358177366477,0.5645627973125399,3.263566653287776,0.4012833158083719,0.19999803602695465,0.6527069211006165,"{""bagging_fraction"": 0.6655041514639755, ""bagging_freq"": 1, ""bagging_seed"": 418, ""boosting_type"": ""gbdt"", ""data_random_seed"": 418, ""deterministic"": true, ""feature_fraction"": 0.9190471351526641, ""feature_fraction_seed"": 418, ""force_col_wise"": true, ""lambda_l1"": 0.050995346775211496, ""lambda_l2"": 4.606898267683112e-08, ""learning_rate"": 0.022967888673142117, ""max_bin"": 63, ""max_depth"": 6, ""metric"": ""None"", ""min_data_in_leaf"": 208, ""min_gain_to_split"": 0.7657391075150608, ""num_leaves"": 53, ""objective"": ""binary"", ""scale_pos_weight"": 2.0, ""seed"": 418, ""verbosity"": -1}",1,0.2,128
377,128,3.287,0.5390704547854178,0.7764258020097459,0.5178862524904908,0.48101106110947556,0.5608847040360944,3.253758910702499,0.5837102204548442,0.19999803602695465,0.6507453918457031,"{""bagging_fraction"": 0.725700929678632, ""bagging_freq"": 1, ""bagging_seed"": 419, ""boosting_type"": ""gbdt"", ""data_random_seed"": 419, ""deterministic"": true, ""feature_fraction"": 0.9103208380995371, ""feature_fraction_seed"": 419, ""force_col_wise"": true, ""lambda_l1"": 0.00022799306054377373, ""lambda_l2"": 0.10332797138641646, ""learning_rate"": 0.02967798552284125, ""max_bin"": 63, ""max_depth"": 12, ""metric"": ""None"", ""min_data_in_leaf"": 1462, ""min_gain_to_split"": 0.29259458984912357, ""num_leaves"": 116, ""objective"": ""binary"", ""scale_pos_weight"": 4.0, ""seed"": 419, ""verbosity"": -1}",1,0.2,128
378,128,3.244,0.5393770900858474,0.7766385660911537,0.5180773346982458,0.4928511354079058,0.5460252071992546,3.2655282614100614,0.5828272661649376,0.19999803602695465,0.6530992388725281,"{""bagging_fraction"": 0.9412557054556101, ""bagging_freq"": 1, ""bagging_seed"": 420, ""boosting_type"": ""gbdt"", ""data_random_seed"": 420, ""deterministic"": true, ""feature_fraction"": 0.9989539513164201, ""feature_fraction_seed"": 420, ""force_col_wise"": true, ""lambda_l1"": 0.8823228594683094, ""lambda_l2"": 3.643506330688132, ""learning_rate"": 0.02431317091763893, ""max_bin"": 63, ""max_depth"": 8, ""metric"": ""None"", ""min_data_in_leaf"": 59, ""min_gain_to_split"": 0.43831630941448785, ""num_leaves"": 147, ""objective"": ""binary"", ""scale_pos_weight"": 4.0, ""seed"": 420, ""verbosity"": -1}",1,0.2,128
379,128,12.263,0.5379839142765401,0.7751025924148989,0.5170916735216159,0.4841055919223035,0.5549016723064097,3.2532686576850027,0.25585138039680067,0.19999803602695465,0.6506473422050476,"{""bagging_fraction"": 0.5518014230992506, ""bagging_freq"": 1, ""bagging_seed"": 421, ""boosting_type"": ""gbdt"", ""data_random_seed"": 421, ""deterministic"": true, ""feature_fraction"": 0.970997885532694, ""feature_fraction_seed"": 421, ""force_col_wise"": true, ""lambda_l1"": 1.944332966120292e-07, ""lambda_l2"": 1.6530373929508449e-06, ""learning_rate"": 0.01422070934720444, ""max_bin"": 63, ""max_depth"": 6, ""metric"": ""None"", ""min_data_in_leaf"": 113, ""min_gain_to_split"": 0.19895671159319506, ""num_leaves"": 62, ""objective"": ""binary"", ""scale_pos_weight"": 1.0, ""seed"": 421, ""verbosity"": -1}",1,0.2,128
380,128,33.603,0.5419120148704092,0.7774417782688656,0.5181885339481991,0.4766886326194399,0.5676033544210681,3.269941730672129,0.2599360827724107,0.19999803602695465,0.6539819240570068,"{""bagging_fraction"": 0.8625397560788717, ""bagging_freq"": 1, ""bagging_seed"": 422, ""boosting_type"": ""gbdt"", ""data_random_seed"": 422, ""deterministic"": true, ""feature_fraction"": 0.8211505444865659, ""feature_fraction_seed"": 422, ""force_col_wise"": true, ""lambda_l1"": 1.94773417286385e-05, ""lambda_l2"": 2.7393416996665e-07, ""learning_rate"": 0.05909787346663131, ""max_bin"": 127, ""max_depth"": 10, ""metric"": ""None"", ""min_data_in_leaf"": 1334, ""min_gain_to_split"": 0.3205840624499061, ""num_leaves"": 38, ""objective"": ""binary"", ""scale_pos_weight"": 1.0, ""seed"": 422, ""verbosity"": -1}",1,0.2,128
381,128,2.423,0.5415600883064982,0.7774092179855263,0.5188792557489463,0.46771653543307085,0.5826099749889657,3.2611147921479944,0.40030578422371554,0.19999803602695465,0.6522165536880493,"{""bagging_fraction"": 0.850799606817598, ""bagging_freq"": 1, ""bagging_seed"": 423, ""boosting_type"": ""gbdt"", ""data_random_seed"": 423, ""deterministic"": true, ""feature_fraction"": 0.9259808668439475, ""feature_fraction_seed"": 423, ""force_col_wise"": true, ""lambda_l1"": 0.0011114132411160023, ""lambda_l2"": 0.9256906768000583, ""learning_rate"": 0.05386503346977426, ""max_bin"": 127, ""max_depth"": 16, ""metric"": ""None"", ""min_data_in_leaf"": 264, ""min_gain_to_split"": 0.6724395722167903, ""num_leaves"": 33, ""objective"": ""binary"", ""scale_pos_weight"": 2.0, ""seed"": 423, ""verbosity"": -1}",1,0.2,128
382,128,1.972,0.5349492654852605,0.773623589915058,0.515059066406698,0.4838389932770212,0.5505860428620469,3.226296993042803,0.25866195751090537,0.19999803602695465,0.64525306224823,"{""bagging_fraction"": 0.815059369409598, ""bagging_freq"": 1, ""bagging_seed"": 424, ""boosting_type"": ""gbdt"", ""data_random_seed"": 424, ""deterministic"": true, ""feature_fraction"": 0.7370575341158931, ""feature_fraction_seed"": 424, ""force_col_wise"": true, ""lambda_l1"": 3.6000426808812784e-08, ""lambda_l2"": 0.250694880453519, ""learning_rate"": 0.016718012569491437, ""max_bin"": 127, ""max_depth"": 12, ""metric"": ""None"", ""min_data_in_leaf"": 455, ""min_gain_to_split"": 0.21664553556433597, ""num_leaves"": 20, ""objective"": ""binary"", ""scale_pos_weight"": 1.0, ""seed"": 424, ""verbosity"": -1}",1,0.2,128
383,128,93.195,0.5409400511451383,0.7771588782645087,0.5178608018577966,0.483299337072922,0.5577460644401943,3.261605343191641,0.42107536808940393,0.19999803602695465,0.6523146629333496,"{""bagging_fraction"": 0.629407063661188, ""bagging_freq"": 1, ""bagging_seed"": 425, ""boosting_type"": ""gbdt"", ""data_random_seed"": 425, ""deterministic"": true, ""feature_fraction"": 0.9171250098969725, ""feature_fraction_seed"": 425, ""force_col_wise"": true, ""lambda_l1"": 2.925809466607977e-08, ""lambda_l2"": 0.06351840403072313, ""learning_rate"": 0.04250869927205632, ""max_bin"": 63, ""max_depth"": 12, ""metric"": ""None"", ""min_data_in_leaf"": 56, ""min_gain_to_split"": 0.3500432223729788, ""num_leaves"": 33, ""objective"": ""binary"", ""scale_pos_weight"": 2.0, ""seed"": 425, ""verbosity"": -1}",1,0.2,128
384,128,3.637,0.5391944434115026,0.776875051728471,0.517884086269637,0.47290999716335047,0.5723113138149184,3.2606245391304984,0.5449546059960994,0.19999803602695465,0.6521185040473938,"{""bagging_fraction"": 0.6414173088253287, ""bagging_freq"": 1, ""bagging_seed"": 426, ""boosting_type"": ""gbdt"", ""data_random_seed"": 426, ""deterministic"": true, ""feature_fraction"": 0.6891623768512702, ""feature_fraction_seed"": 426, ""force_col_wise"": true, ""lambda_l1"": 7.225983860939845e-06, ""lambda_l2"": 5.577325687358586e-08, ""learning_rate"": 0.01952423515609694, ""max_bin"": 63, ""max_depth"": 12, ""metric"": ""None"", ""min_data_in_leaf"": 109, ""min_gain_to_split"": 0.15853002911945835, ""num_leaves"": 171, ""objective"": ""binary"", ""scale_pos_weight"": 4.0, ""seed"": 426, ""verbosity"": -1}",1,0.2,128
385,128,19.71,0.5410450816296662,0.777193066742391,0.5171785471230049,0.4681637519872814,0.5776568093766858,3.2689612246371365,0.2524157849586291,0.19999803602695465,0.6537858247756958,"{""bagging_fraction"": 0.9505066033719647, ""bagging_freq"": 1, ""bagging_seed"": 427, ""boosting_type"": ""gbdt"", ""data_random_seed"": 427, ""deterministic"": true, ""feature_fraction"": 0.9587555539937183, ""feature_fraction_seed"": 427, ""force_col_wise"": true, ""lambda_l1"": 0.013033393263776017, ""lambda_l2"": 1.4596945511375563e-06, ""learning_rate"": 0.10822641719497153, ""max_bin"": 63, ""max_depth"": 8, ""metric"": ""None"", ""min_data_in_leaf"": 110, ""min_gain_to_split"": 0.41981056105578574, ""num_leaves"": 18, ""objective"": ""binary"", ""scale_pos_weight"": 1.0, ""seed"": 427, ""verbosity"": -1}",1,0.2,128
386,128,2.446,0.5370685596130965,0.7755050408599419,0.5163136277631639,0.48755828648625094,0.5486734343582953,3.2503262455015745,0.3889460723275269,0.19999803602695465,0.6500588655471802,"{""bagging_fraction"": 0.6833146309206874, ""bagging_freq"": 1, ""bagging_seed"": 428, ""boosting_type"": ""gbdt"", ""data_random_seed"": 428, ""deterministic"": true, ""feature_fraction"": 0.8248710477096863, ""feature_fraction_seed"": 428, ""force_col_wise"": true, ""lambda_l1"": 1.2961484649439628e-05, ""lambda_l2"": 0.13063583477617818, ""learning_rate"": 0.014165497167751501, ""max_bin"": 127, ""max_depth"": -1, ""metric"": ""None"", ""min_data_in_leaf"": 189, ""min_gain_to_split"": 0.878314730893858, ""num_leaves"": 44, ""objective"": ""binary"", ""scale_pos_weight"": 2.0, ""seed"": 428, ""verbosity"": -1}",1,0.2,128
387,128,2.141,0.5417154267561645,0.7775364513481297,0.5186513164999892,0.463444761831236,0.5887891716933942,3.261605343191641,0.2463860445050726,0.19999803602695465,0.6523146629333496,"{""bagging_fraction"": 0.6269515674562677, ""bagging_freq"": 1, ""bagging_seed"": 429, ""boosting_type"": ""gbdt"", ""data_random_seed"": 429, ""deterministic"": true, ""feature_fraction"": 0.8820357316121836, ""feature_fraction_seed"": 429, ""force_col_wise"": true, ""lambda_l1"": 6.782857821525679e-05, ""lambda_l2"": 0.00024177391356033573, ""learning_rate"": 0.04700615608948624, ""max_bin"": 127, ""max_depth"": 6, ""metric"": ""None"", ""min_data_in_leaf"": 61, ""min_gain_to_split"": 0.18447158417910592, ""num_leaves"": 33, ""objective"": ""binary"", ""scale_pos_weight"": 1.0, ""seed"": 429, ""verbosity"": -1}",1,0.2,128
388,128,83.555,0.5405913639834936,0.7770308602660565,0.5184139152265035,0.47741722401122944,0.5671129419842087,3.2596437350693557,0.5651234695359209,0.19999803602695465,0.651922345161438,"{""bagging_fraction"": 0.8201229766259868, ""bagging_freq"": 1, ""bagging_seed"": 430, ""boosting_type"": ""gbdt"", ""data_random_seed"": 430, ""deterministic"": true, ""feature_fraction"": 0.5675098693483968, ""feature_fraction_seed"": 430, ""force_col_wise"": true, ""lambda_l1"": 6.765793966493422e-08, ""lambda_l2"": 0.0007636540149557814, ""learning_rate"": 0.025662269680485437, ""max_bin"": 127, ""max_depth"": 10, ""metric"": ""None"", ""min_data_in_leaf"": 204, ""min_gain_to_split"": 0.7519505082717429, ""num_leaves"": 223, ""objective"": ""binary"", ""scale_pos_weight"": 4.0, ""seed"": 430, ""verbosity"": -1}",1,0.2,128
389,128,2.062,0.5363503395836999,0.7746281631004683,0.5166421873234662,0.4790479383171304,0.5606394978176646,3.227277797103946,0.25749537237969855,0.19999803602695465,0.6454492211341858,"{""bagging_fraction"": 0.9475053718163355, ""bagging_freq"": 1, ""bagging_seed"": 431, ""boosting_type"": ""gbdt"", ""data_random_seed"": 431, ""deterministic"": true, ""feature_fraction"": 0.7435119563404846, ""feature_fraction_seed"": 431, ""force_col_wise"": true, ""lambda_l1"": 1.572407147016829e-06, ""lambda_l2"": 0.0014672345734921778, ""learning_rate"": 0.02249755084031924, ""max_bin"": 127, ""max_depth"": 8, ""metric"": ""None"", ""min_data_in_leaf"": 55, ""min_gain_to_split"": 0.6843058196797618, ""num_leaves"": 17, ""objective"": ""binary"", ""scale_pos_weight"": 1.0, ""seed"": 431, ""verbosity"": -1}",1,0.2,128
390,128,2.26,0.5349773372038673,0.7750356425343734,0.5156356996119608,0.48230069601605535,0.5539208474326909,3.231691266366013,0.5343088575394681,0.19999803602695465,0.6463319063186646,"{""bagging_fraction"": 0.9404190395079366, ""bagging_freq"": 1, ""bagging_seed"": 432, ""boosting_type"": ""gbdt"", ""data_random_seed"": 432, ""deterministic"": true, ""feature_fraction"": 0.8803877806982103, ""feature_fraction_seed"": 432, ""force_col_wise"": true, ""lambda_l1"": 0.06688835099596001, ""lambda_l2"": 8.515788483381604, ""learning_rate"": 0.01513770416989153, ""max_bin"": 127, ""max_depth"": 6, ""metric"": ""None"", ""min_data_in_leaf"": 253, ""min_gain_to_split"": 0.7543610687316497, ""num_leaves"": 38, ""objective"": ""binary"", ""scale_pos_weight"": 4.0, ""seed"": 432, ""verbosity"": -1}",1,0.2,128
391,128,78.811,0.5409117648994101,0.7760281984655992,0.5172405965541507,0.4814893077508241,0.558726889313913,3.269941730672129,0.41971514884874994,0.19999803602695465,0.6539819240570068,"{""bagging_fraction"": 0.7638433203368317, ""bagging_freq"": 1, ""bagging_seed"": 433, ""boosting_type"": ""gbdt"", ""data_random_seed"": 433, ""deterministic"": true, ""feature_fraction"": 0.9706074525403345, ""feature_fraction_seed"": 433, ""force_col_wise"": true, ""lambda_l1"": 0.005553710216269792, ""lambda_l2"": 0.00043098037445837725, ""learning_rate"": 0.09526619039151703, ""max_bin"": 63, ""max_depth"": 16, ""metric"": ""None"", ""min_data_in_leaf"": 963, ""min_gain_to_split"": 0.851036987192073, ""num_leaves"": 119, ""objective"": ""binary"", ""scale_pos_weight"": 2.0, ""seed"": 433, ""verbosity"": -1}",1,0.2,128
392,128,3.322,0.5404916215951263,0.7759946292788467,0.51743372074935,0.47309817945383614,0.5709381589917121,3.2694514776546324,0.40467002750510683,0.19999803602695465,0.6538838744163513,"{""bagging_fraction"": 0.8906137739413689, ""bagging_freq"": 1, ""bagging_seed"": 434, ""boosting_type"": ""gbdt"", ""data_random_seed"": 434, ""deterministic"": true, ""feature_fraction"": 0.8693287794486606, ""feature_fraction_seed"": 434, ""force_col_wise"": true, ""lambda_l1"": 2.6699703296352193, ""lambda_l2"": 1.4525188010463523, ""learning_rate"": 0.09206053413848518, ""max_bin"": 127, ""max_depth"": 16, ""metric"": ""None"", ""min_data_in_leaf"": 125, ""min_gain_to_split"": 0.5735258617084483, ""num_leaves"": 144, ""objective"": ""binary"", ""scale_pos_weight"": 2.0, ""seed"": 434, ""verbosity"": -1}",1,0.2,128
393,128,4.136,0.5392996521767393,0.7765320898039598,0.5185719269682522,0.4931870465404353,0.5467117846108577,3.262095596209137,0.546830429875025,0.19999803602695465,0.6524127125740051,"{""bagging_fraction"": 0.9081077521623906, ""bagging_freq"": 1, ""bagging_seed"": 435, ""boosting_type"": ""gbdt"", ""data_random_seed"": 435, ""deterministic"": true, ""feature_fraction"": 0.8761312983030815, ""feature_fraction_seed"": 435, ""force_col_wise"": true, ""lambda_l1"": 9.35275464605854e-05, ""lambda_l2"": 7.956892309627359e-07, ""learning_rate"": 0.015730761675210776, ""max_bin"": 63, ""max_depth"": 10, ""metric"": ""None"", ""min_data_in_leaf"": 128, ""min_gain_to_split"": 0.18896038421968675, ""num_leaves"": 238, ""objective"": ""binary"", ""scale_pos_weight"": 4.0, ""seed"": 435, ""verbosity"": -1}",1,0.2,128
394,128,33.723,0.539136628244289,0.7767265920120829,0.5178266726537943,0.47753530166880614,0.5655436221862586,3.242479813012433,0.5849682954334239,0.19999803602695465,0.6484895944595337,"{""bagging_fraction"": 0.6893073037134889, ""bagging_freq"": 1, ""bagging_seed"": 436, ""boosting_type"": ""gbdt"", ""data_random_seed"": 436, ""deterministic"": true, ""feature_fraction"": 0.9443776378378956, ""feature_fraction_seed"": 436, ""force_col_wise"": true, ""lambda_l1"": 6.345085386404245e-07, ""lambda_l2"": 5.8039811328313244e-08, ""learning_rate"": 0.03987459082648598, ""max_bin"": 127, ""max_depth"": -1, ""metric"": ""None"", ""min_data_in_leaf"": 126, ""min_gain_to_split"": 0.5115311366376475, ""num_leaves"": 19, ""objective"": ""binary"", ""scale_pos_weight"": 4.0, ""seed"": 436, ""verbosity"": -1}",1,0.2,128
395,128,2.49,0.5422066139265472,0.7775457205730825,0.5189738582397585,0.47395727777552593,0.573439262419695,3.266999616514851,0.25747153963931163,0.19999803602695465,0.6533935070037842,"{""bagging_fraction"": 0.675166035461487, ""bagging_freq"": 1, ""bagging_seed"": 437, ""boosting_type"": ""gbdt"", ""data_random_seed"": 437, ""deterministic"": true, ""feature_fraction"": 0.6677447120348249, ""feature_fraction_seed"": 437, ""force_col_wise"": true, ""lambda_l1"": 2.2419768116260137, ""lambda_l2"": 3.0599013046542824e-07, ""learning_rate"": 0.07649123027072022, ""max_bin"": 63, ""max_depth"": 8, ""metric"": ""None"", ""min_data_in_leaf"": 178, ""min_gain_to_split"": 0.9881764245571502, ""num_leaves"": 56, ""objective"": ""binary"", ""scale_pos_weight"": 1.0, ""seed"": 437, ""verbosity"": -1}",1,0.2,128
396,128,2.246,0.5348190217574801,0.7742131487574,0.5154712931497049,0.4736820479105888,0.5653474572115149,3.2282586011650887,0.36788454365251155,0.19999803602695465,0.6456453800201416,"{""bagging_fraction"": 0.7016439784900604, ""bagging_freq"": 1, ""bagging_seed"": 438, ""boosting_type"": ""gbdt"", ""data_random_seed"": 438, ""deterministic"": true, ""feature_fraction"": 0.7806488106434974, ""feature_fraction_seed"": 438, ""force_col_wise"": true, ""lambda_l1"": 0.00908754222239761, ""lambda_l2"": 0.004740440867699399, ""learning_rate"": 0.012704424108358236, ""max_bin"": 63, ""max_depth"": 12, ""metric"": ""None"", ""min_data_in_leaf"": 922, ""min_gain_to_split"": 0.9398720892275902, ""num_leaves"": 30, ""objective"": ""binary"", ""scale_pos_weight"": 2.0, ""seed"": 438, ""verbosity"": -1}",1,0.2,128
397,128,3.636,0.5423128239490025,0.7770029494762184,0.5186010044769674,0.48322886667796033,0.559560590456574,3.270432281715775,0.26762288482423546,0.19999803602695465,0.6540800333023071,"{""bagging_fraction"": 0.8670062296150376, ""bagging_freq"": 1, ""bagging_seed"": 439, ""boosting_type"": ""gbdt"", ""data_random_seed"": 439, ""deterministic"": true, ""feature_fraction"": 0.7710865897149549, ""feature_fraction_seed"": 439, ""force_col_wise"": true, ""lambda_l1"": 5.06210406687716e-08, ""lambda_l2"": 0.06640331308948734, ""learning_rate"": 0.0631751437420831, ""max_bin"": 127, ""max_depth"": 16, ""metric"": ""None"", ""min_data_in_leaf"": 930, ""min_gain_to_split"": 0.9618330071923676, ""num_leaves"": 152, ""objective"": ""binary"", ""scale_pos_weight"": 1.0, ""seed"": 439, ""verbosity"": -1}",1,0.2,128
398,128,62.299,0.5413752644107976,0.7769442033994014,0.5188977632147814,0.48403803701816944,0.5591682605070865,3.2709225347332715,0.2664118338569583,0.19999803602695465,0.6541780829429626,"{""bagging_fraction"": 0.9821017020353355, ""bagging_freq"": 1, ""bagging_seed"": 440, ""boosting_type"": ""gbdt"", ""data_random_seed"": 440, ""deterministic"": true, ""feature_fraction"": 0.9675362014583448, ""feature_fraction_seed"": 440, ""force_col_wise"": true, ""lambda_l1"": 1.4156029505556927e-07, ""lambda_l2"": 1.3836875394610584e-05, ""learning_rate"": 0.09623841589650929, ""max_bin"": 63, ""max_depth"": 8, ""metric"": ""None"", ""min_data_in_leaf"": 347, ""min_gain_to_split"": 0.6981446411508566, ""num_leaves"": 211, ""objective"": ""binary"", ""scale_pos_weight"": 1.0, ""seed"": 440, ""verbosity"": -1}",1,0.2,128
399,128,2.142,0.5361967039702726,0.774728033114567,0.515933163919311,0.47644957634158497,0.5625521063214163,3.2253161889816604,0.2571491257332381,0.19999803602695465,0.6450569033622742,"{""bagging_fraction"": 0.8438905298368822, ""bagging_freq"": 1, ""bagging_seed"": 441, ""boosting_type"": ""gbdt"", ""data_random_seed"": 441, ""deterministic"": true, ""feature_fraction"": 0.8030482724879847, ""feature_fraction_seed"": 441, ""force_col_wise"": true, ""lambda_l1"": 0.006921599714773795, ""lambda_l2"": 0.101214850275188, ""learning_rate"": 0.024096829098883766, ""max_bin"": 63, ""max_depth"": 6, ""metric"": ""None"", ""min_data_in_leaf"": 88, ""min_gain_to_split"": 0.41528141373879146, ""num_leaves"": 16, ""objective"": ""binary"", ""scale_pos_weight"": 1.0, ""seed"": 441, ""verbosity"": -1}",1,0.2,128
400,128,2.249,0.5340450366148013,0.7727154391560399,0.5142591238449777,0.4690759155954402,0.5690745917316463,3.2248256379380136,0.23649459444189366,0.19999803602695465,0.6449587941169739,"{""bagging_fraction"": 0.6208514238993362, ""bagging_freq"": 1, ""bagging_seed"": 442, ""boosting_type"": ""gbdt"", ""data_random_seed"": 442, ""deterministic"": true, ""feature_fraction"": 0.559065012173471, ""feature_fraction_seed"": 442, ""force_col_wise"": true, ""lambda_l1"": 0.009883163546105439, ""lambda_l2"": 0.004637337967293572, ""learning_rate"": 0.010430961083927609, ""max_bin"": 63, ""max_depth"": -1, ""metric"": ""None"", ""min_data_in_leaf"": 96, ""min_gain_to_split"": 0.9356836393980424, ""num_leaves"": 27, ""objective"": ""binary"", ""scale_pos_weight"": 1.0, ""seed"": 442, ""verbosity"": -1}",1,0.2,128
401,128,2.148,0.539357645400114,0.7767344161241909,0.5181718564514656,0.4847307051637979,0.5565690745917317,3.2473838333181466,0.5955027737936912,0.19999803602695465,0.6494703888893127,"{""bagging_fraction"": 0.7438982038348838, ""bagging_freq"": 1, ""bagging_seed"": 443, ""boosting_type"": ""gbdt"", ""data_random_seed"": 443, ""deterministic"": true, ""feature_fraction"": 0.5777177774113814, ""feature_fraction_seed"": 443, ""force_col_wise"": true, ""lambda_l1"": 3.253326573225789e-05, ""lambda_l2"": 7.084745993276273e-05, ""learning_rate"": 0.04652999504577838, ""max_bin"": 63, ""max_depth"": 12, ""metric"": ""None"", ""min_data_in_leaf"": 401, ""min_gain_to_split"": 0.2798259183947872, ""num_leaves"": 22, ""objective"": ""binary"", ""scale_pos_weight"": 4.0, ""seed"": 443, ""verbosity"": -1}",1,0.2,128
402,128,2.677,0.5415681248646282,0.77700240804742,0.5187671788401749,0.4798082933944572,0.5646118385562258,3.269941730672129,0.5859879042531072,0.19999803602695465,0.6539819240570068,"{""bagging_fraction"": 0.8753202994113646, ""bagging_freq"": 1, ""bagging_seed"": 444, ""boosting_type"": ""gbdt"", ""data_random_seed"": 444, ""deterministic"": true, ""feature_fraction"": 0.5639878810036137, ""feature_fraction_seed"": 444, ""force_col_wise"": true, ""lambda_l1"": 0.0008032420876261682, ""lambda_l2"": 2.7331876896110848e-06, ""learning_rate"": 0.0975051236401326, ""max_bin"": 127, ""max_depth"": 8, ""metric"": ""None"", ""min_data_in_leaf"": 364, ""min_gain_to_split"": 0.32784203885344165, ""num_leaves"": 132, ""objective"": ""binary"", ""scale_pos_weight"": 4.0, ""seed"": 444, ""verbosity"": -1}",1,0.2,128
403,128,2.866,0.5421025424542292,0.7775146904799618,0.5190025046281171,0.46681554615264065,0.5843264185179736,3.276807359100128,0.24880185710822222,0.19999803602695465,0.6553550362586975,"{""bagging_fraction"": 0.7615820229413574, ""bagging_freq"": 1, ""bagging_seed"": 445, ""boosting_type"": ""gbdt"", ""data_random_seed"": 445, ""deterministic"": true, ""feature_fraction"": 0.7361840462435456, ""feature_fraction_seed"": 445, ""force_col_wise"": true, ""lambda_l1"": 4.0999948421254145e-06, ""lambda_l2"": 9.092424537634974e-05, ""learning_rate"": 0.05423841365573405, ""max_bin"": 127, ""max_depth"": 16, ""metric"": ""None"", ""min_data_in_leaf"": 494, ""min_gain_to_split"": 0.6855922324379105, ""num_leaves"": 58, ""objective"": ""binary"", ""scale_pos_weight"": 1.0, ""seed"": 445, ""verbosity"": -1}",1,0.2,128
404,128,2.45,0.5417378744541116,0.7773414275525744,0.5186555235877061,0.48527966500021363,0.5569614045412191,3.266018812453708,0.4246463198779733,0.19999803602695465,0.6531973481178284,"{""bagging_fraction"": 0.8236580123151114, ""bagging_freq"": 1, ""bagging_seed"": 446, ""boosting_type"": ""gbdt"", ""data_random_seed"": 446, ""deterministic"": true, ""feature_fraction"": 0.8436826221135874, ""feature_fraction_seed"": 446, ""force_col_wise"": true, ""lambda_l1"": 4.2846617512379845, ""lambda_l2"": 0.00037592175908937755, ""learning_rate"": 0.08610428890025643, ""max_bin"": 127, ""max_depth"": 8, ""metric"": ""None"", ""min_data_in_leaf"": 535, ""min_gain_to_split"": 0.7323191155153514, ""num_leaves"": 33, ""objective"": ""binary"", ""scale_pos_weight"": 2.0, ""seed"": 446, ""verbosity"": -1}",1,0.2,128
405,128,2.454,0.535999254181314,0.7756207890777295,0.5165619389587074,0.4761885059373578,0.564415673581482,3.23071046230487,0.5493880310872478,0.19999803602695465,0.6461357474327087,"{""bagging_fraction"": 0.7150343945184818, ""bagging_freq"": 1, ""bagging_seed"": 447, ""boosting_type"": ""gbdt"", ""data_random_seed"": 447, ""deterministic"": true, ""feature_fraction"": 0.6749640687084442, ""feature_fraction_seed"": 447, ""force_col_wise"": true, ""lambda_l1"": 3.301000007786612e-05, ""lambda_l2"": 0.0027213289916848864, ""learning_rate"": 0.01896148000577198, ""max_bin"": 63, ""max_depth"": 12, ""metric"": ""None"", ""min_data_in_leaf"": 239, ""min_gain_to_split"": 0.21989004273506163, ""num_leaves"": 33, ""objective"": ""binary"", ""scale_pos_weight"": 4.0, ""seed"": 447, ""verbosity"": -1}",1,0.2,128
406,128,3.261,0.541154631131553,0.7772023515999356,0.5182842367716317,0.48964013086150493,0.5504879603746751,3.255229967781138,0.27146251780059255,0.19999803602695465,0.6510396003723145,"{""bagging_fraction"": 0.8541594963170042, ""bagging_freq"": 1, ""bagging_seed"": 448, ""boosting_type"": ""gbdt"", ""data_random_seed"": 448, ""deterministic"": true, ""feature_fraction"": 0.5626987894797978, ""feature_fraction_seed"": 448, ""force_col_wise"": true, ""lambda_l1"": 1.2399115140894616e-05, ""lambda_l2"": 3.493617279538498, ""learning_rate"": 0.032702630298740216, ""max_bin"": 63, ""max_depth"": 8, ""metric"": ""None"", ""min_data_in_leaf"": 283, ""min_gain_to_split"": 0.3241242146014194, ""num_leaves"": 111, ""objective"": ""binary"", ""scale_pos_weight"": 1.0, ""seed"": 448, ""verbosity"": -1}",1,0.2,128
407,128,3.168,0.5399422711359618,0.7767432211814232,0.5179054734157962,0.47610626747820367,0.567750478152126,3.2684706735934896,0.39411611888619685,0.19999803602695465,0.6536877155303955,"{""bagging_fraction"": 0.641660207086081, ""bagging_freq"": 1, ""bagging_seed"": 449, ""boosting_type"": ""gbdt"", ""data_random_seed"": 449, ""deterministic"": true, ""feature_fraction"": 0.7167827176775348, ""feature_fraction_seed"": 449, ""force_col_wise"": true, ""lambda_l1"": 1.0085376038416479e-07, ""lambda_l2"": 1.1992568440109184e-07, ""learning_rate"": 0.02007757597409797, ""max_bin"": 127, ""max_depth"": 10, ""metric"": ""None"", ""min_data_in_leaf"": 280, ""min_gain_to_split"": 0.9990400175055532, ""num_leaves"": 87, ""objective"": ""binary"", ""scale_pos_weight"": 2.0, ""seed"": 449, ""verbosity"": -1}",1,0.2,128
408,128,4.216,0.5394077729700268,0.7758146344163777,0.5167713004484304,0.47602131438721135,0.5651512922367711,3.255229967781138,0.24204241435523033,0.19999803602695465,0.6510396003723145,"{""bagging_fraction"": 0.9615696599672927, ""bagging_freq"": 1, ""bagging_seed"": 450, ""boosting_type"": ""gbdt"", ""data_random_seed"": 450, ""deterministic"": true, ""feature_fraction"": 0.8728649136867952, ""feature_fraction_seed"": 450, ""force_col_wise"": true, ""lambda_l1"": 0.026060132702948827, ""lambda_l2"": 0.00014880988946662995, ""learning_rate"": 0.010052394238196016, ""max_bin"": 63, ""max_depth"": -1, ""metric"": ""None"", ""min_data_in_leaf"": 234, ""min_gain_to_split"": 0.9744420389841034, ""num_leaves"": 223, ""objective"": ""binary"", ""scale_pos_weight"": 1.0, ""seed"": 450, ""verbosity"": -1}",1,0.2,128
409,128,38.697,0.5388312135745343,0.7734460622964248,0.5159751370444277,0.4846604619096863,0.5516159089794517,3.2517973025802136,0.5953050674655591,0.19999803602695465,0.6503530740737915,"{""bagging_fraction"": 0.6141061325279215, ""bagging_freq"": 1, ""bagging_seed"": 451, ""boosting_type"": ""gbdt"", ""data_random_seed"": 451, ""deterministic"": true, ""feature_fraction"": 0.6646475908438916, ""feature_fraction_seed"": 451, ""force_col_wise"": true, ""lambda_l1"": 0.009329052011183801, ""lambda_l2"": 0.0004392734367337929, ""learning_rate"": 0.14476890617664112, ""max_bin"": 127, ""max_depth"": -1, ""metric"": ""None"", ""min_data_in_leaf"": 1539, ""min_gain_to_split"": 0.5231679607443794, ""num_leaves"": 166, ""objective"": ""binary"", ""scale_pos_weight"": 4.0, ""seed"": 451, ""verbosity"": -1}",1,0.2,128
410,128,2.244,0.5415261529298301,0.777291660595885,0.5187183964082447,0.48241248418388866,0.5609337452797803,3.258662931008213,0.2654580015986808,0.19999803602695465,0.6517261862754822,"{""bagging_fraction"": 0.6145075315942924, ""bagging_freq"": 1, ""bagging_seed"": 452, ""boosting_type"": ""gbdt"", ""data_random_seed"": 452, ""deterministic"": true, ""feature_fraction"": 0.6365413181240602, ""feature_fraction_seed"": 452, ""force_col_wise"": true, ""lambda_l1"": 0.19616524766025678, ""lambda_l2"": 0.02207299229800868, ""learning_rate"": 0.05361320056517582, ""max_bin"": 63, ""max_depth"": -1, ""metric"": ""None"", ""min_data_in_leaf"": 82, ""min_gain_to_split"": 0.5303450176108518, ""num_leaves"": 36, ""objective"": ""binary"", ""scale_pos_weight"": 1.0, ""seed"": 452, ""verbosity"": -1}",1,0.2,128
411,128,2.815,0.541441111887926,0.7770736451661984,0.5180831826401446,0.4805232923812319,0.562012652640871,3.266509065471204,0.41780627856272406,0.19999803602695465,0.6532953977584839,"{""bagging_fraction"": 0.9189483048188654, ""bagging_freq"": 1, ""bagging_seed"": 453, ""boosting_type"": ""gbdt"", ""data_random_seed"": 453, ""deterministic"": true, ""feature_fraction"": 0.7961573026928501, ""feature_fraction_seed"": 453, ""force_col_wise"": true, ""lambda_l1"": 0.0003997178849283611, ""lambda_l2"": 0.0001865394975708081, ""learning_rate"": 0.06112379233764897, ""max_bin"": 63, ""max_depth"": 8, ""metric"": ""None"", ""min_data_in_leaf"": 1291, ""min_gain_to_split"": 0.8654318556221002, ""num_leaves"": 150, ""objective"": ""binary"", ""scale_pos_weight"": 2.0, ""seed"": 453, ""verbosity"": -1}",1,0.2,128
412,128,2.743,0.540389793408284,0.7766450491072763,0.5180091237148499,0.48212927756653995,0.5596586729439459,3.2679804205759937,0.26282185809417236,0.19999803602695465,0.65358966588974,"{""bagging_fraction"": 0.7437260395493068, ""bagging_freq"": 1, ""bagging_seed"": 454, ""boosting_type"": ""gbdt"", ""data_random_seed"": 454, ""deterministic"": true, ""feature_fraction"": 0.8472075153897056, ""feature_fraction_seed"": 454, ""force_col_wise"": true, ""lambda_l1"": 9.131363405290184e-07, ""lambda_l2"": 0.6332549040321381, ""learning_rate"": 0.029216584287177327, ""max_bin"": 127, ""max_depth"": 8, ""metric"": ""None"", ""min_data_in_leaf"": 373, ""min_gain_to_split"": 0.3460008672380144, ""num_leaves"": 36, ""objective"": ""binary"", ""scale_pos_weight"": 1.0, ""seed"": 454, ""verbosity"": -1}",1,0.2,128
413,128,2.82,0.5387494798991668,0.7763665623037856,0.5179818089721849,0.4700991365526063,0.576725025746653,3.2562107718422806,0.3819092526396577,0.19999803602695465,0.6512357592582703,"{""bagging_fraction"": 0.6124831240378734, ""bagging_freq"": 1, ""bagging_seed"": 455, ""boosting_type"": ""gbdt"", ""data_random_seed"": 455, ""deterministic"": true, ""feature_fraction"": 0.9228915315671479, ""feature_fraction_seed"": 455, ""force_col_wise"": true, ""lambda_l1"": 1.5468013992121779, ""lambda_l2"": 0.0006065317637171711, ""learning_rate"": 0.017533412183014598, ""max_bin"": 63, ""max_depth"": 16, ""metric"": ""None"", ""min_data_in_leaf"": 362, ""min_gain_to_split"": 0.5861093839143664, ""num_leaves"": 73, ""objective"": ""binary"", ""scale_pos_weight"": 2.0, ""seed"": 455, ""verbosity"": -1}",1,0.2,128
414,128,2.684,0.5352721265119642,0.7755250520803547,0.516331773557207,0.4850247791424262,0.5519591976852533,3.24149900895129,0.4984923620022134,0.19999803602695465,0.6482934355735779,"{""bagging_fraction"": 0.7739637082633477, ""bagging_freq"": 1, ""bagging_seed"": 456, ""boosting_type"": ""gbdt"", ""data_random_seed"": 456, ""deterministic"": true, ""feature_fraction"": 0.8420957196342129, ""feature_fraction_seed"": 456, ""force_col_wise"": true, ""lambda_l1"": 6.901824534596094e-08, ""lambda_l2"": 4.5433006074442876e-08, ""learning_rate"": 0.011024745632632543, ""max_bin"": 63, ""max_depth"": -1, ""metric"": ""None"", ""min_data_in_leaf"": 177, ""min_gain_to_split"": 0.18565769561737033, ""num_leaves"": 61, ""objective"": ""binary"", ""scale_pos_weight"": 4.0, ""seed"": 456, ""verbosity"": -1}",1,0.2,128
415,128,2.116,0.5397971625121099,0.7769318238899687,0.5187007225528737,0.46969214859597486,0.579128046687264,3.2493454414404317,0.5768187759889747,0.19999803602695465,0.6498627066612244,"{""bagging_fraction"": 0.5910091504418722, ""bagging_freq"": 1, ""bagging_seed"": 457, ""boosting_type"": ""gbdt"", ""data_random_seed"": 457, ""deterministic"": true, ""feature_fraction"": 0.644392297276036, ""feature_fraction_seed"": 457, ""force_col_wise"": true, ""lambda_l1"": 0.7615775744244285, ""lambda_l2"": 4.54933779145402e-06, ""learning_rate"": 0.05192986614461256, ""max_bin"": 63, ""max_depth"": 6, ""metric"": ""None"", ""min_data_in_leaf"": 1293, ""min_gain_to_split"": 0.4254226298337358, ""num_leaves"": 25, ""objective"": ""binary"", ""scale_pos_weight"": 4.0, ""seed"": 457, ""verbosity"": -1}",1,0.2,128
416,128,3.287,0.5391022661590896,0.7751156308981937,0.515554731327368,0.48885567327559676,0.5453386297876515,3.2473838333181466,0.42819946332069364,0.19999803602695465,0.6494703888893127,"{""bagging_fraction"": 0.9761123027907912, ""bagging_freq"": 1, ""bagging_seed"": 458, ""boosting_type"": ""gbdt"", ""data_random_seed"": 458, ""deterministic"": true, ""feature_fraction"": 0.995085070769016, ""feature_fraction_seed"": 458, ""force_col_wise"": true, ""lambda_l1"": 8.99544044616548e-08, ""lambda_l2"": 3.661893655035363e-05, ""learning_rate"": 0.12902218248786573, ""max_bin"": 63, ""max_depth"": -1, ""metric"": ""None"", ""min_data_in_leaf"": 446, ""min_gain_to_split"": 0.3155367459028393, ""num_leaves"": 114, ""objective"": ""binary"", ""scale_pos_weight"": 2.0, ""seed"": 458, ""verbosity"": -1}",1,0.2,128
417,128,2.221,0.5414821453747222,0.7775020265776125,0.5183922483402117,0.4776588269334105,0.5667206120347212,3.270432281715775,0.585995577470604,0.19999803602695465,0.6540800333023071,"{""bagging_fraction"": 0.7740854014503995, ""bagging_freq"": 1, ""bagging_seed"": 459, ""boosting_type"": ""gbdt"", ""data_random_seed"": 459, ""deterministic"": true, ""feature_fraction"": 0.5906614945156381, ""feature_fraction_seed"": 459, ""force_col_wise"": true, ""lambda_l1"": 2.651616866733585e-07, ""lambda_l2"": 7.741298469544393e-05, ""learning_rate"": 0.06563662181109331, ""max_bin"": 127, ""max_depth"": -1, ""metric"": ""None"", ""min_data_in_leaf"": 178, ""min_gain_to_split"": 0.1433422221033015, ""num_leaves"": 33, ""objective"": ""binary"", ""scale_pos_weight"": 4.0, ""seed"": 459, ""verbosity"": -1}",1,0.2,128
418,128,2.681,0.5379337166859068,0.7759562705065217,0.5170948068748845,0.4887976590819758,0.5488695993330391,3.25768212694707,0.391985677632746,0.19999803602695465,0.6515300273895264,"{""bagging_fraction"": 0.5746483483256963, ""bagging_freq"": 1, ""bagging_seed"": 460, ""boosting_type"": ""gbdt"", ""data_random_seed"": 460, ""deterministic"": true, ""feature_fraction"": 0.6410388784789443, ""feature_fraction_seed"": 460, ""force_col_wise"": true, ""lambda_l1"": 1.7971173957265107e-07, ""lambda_l2"": 0.00027628507184004403, ""learning_rate"": 0.014808555249751413, ""max_bin"": 63, ""max_depth"": 12, ""metric"": ""None"", ""min_data_in_leaf"": 66, ""min_gain_to_split"": 0.6518155210575742, ""num_leaves"": 66, ""objective"": ""binary"", ""scale_pos_weight"": 2.0, ""seed"": 460, ""verbosity"": -1}",1,0.2,128
419,128,2.858,0.5403898349983721,0.7771283270698199,0.5184810571912312,0.46994579081632654,0.5781962630572312,3.266509065471204,0.5687744850002006,0.19999803602695465,0.6532953977584839,"{""bagging_fraction"": 0.5823256913801239, ""bagging_freq"": 1, ""bagging_seed"": 461, ""boosting_type"": ""gbdt"", ""data_random_seed"": 461, ""deterministic"": true, ""feature_fraction"": 0.7174352851822114, ""feature_fraction_seed"": 461, ""force_col_wise"": true, ""lambda_l1"": 9.575902645084307e-07, ""lambda_l2"": 0.00015877288391069613, ""learning_rate"": 0.033012479813673536, ""max_bin"": 63, ""max_depth"": -1, ""metric"": ""None"", ""min_data_in_leaf"": 119, ""min_gain_to_split"": 0.9904421789253223, ""num_leaves"": 78, ""objective"": ""binary"", ""scale_pos_weight"": 4.0, ""seed"": 461, ""verbosity"": -1}",1,0.2,128
420,128,2.244,0.5387378156403525,0.7762097785329842,0.5160500306131374,0.4656485537271615,0.5786866754940906,3.2567013228859274,0.251085679584813,0.19999803602695465,0.6513338685035706,"{""bagging_fraction"": 0.5563569587094346, ""bagging_freq"": 1, ""bagging_seed"": 462, ""boosting_type"": ""gbdt"", ""data_random_seed"": 462, ""deterministic"": true, ""feature_fraction"": 0.6569714689169398, ""feature_fraction_seed"": 462, ""force_col_wise"": true, ""lambda_l1"": 7.196187865041182e-08, ""lambda_l2"": 0.00011987466746604295, ""learning_rate"": 0.14194643719166442, ""max_bin"": 63, ""max_depth"": 12, ""metric"": ""None"", ""min_data_in_leaf"": 165, ""min_gain_to_split"": 0.339662463804297, ""num_leaves"": 50, ""objective"": ""binary"", ""scale_pos_weight"": 1.0, ""seed"": 462, ""verbosity"": -1}",1,0.2,128
421,128,2.106,0.5414141084606932,0.7774174656807419,0.5179868903455171,0.473551637279597,0.5716247364033152,3.266509065471204,0.257889691027564,0.19999803602695465,0.6532953977584839,"{""bagging_fraction"": 0.7922770705389812, ""bagging_freq"": 1, ""bagging_seed"": 463, ""boosting_type"": ""gbdt"", ""data_random_seed"": 463, ""deterministic"": true, ""feature_fraction"": 0.6584397221184028, ""feature_fraction_seed"": 463, ""force_col_wise"": true, ""lambda_l1"": 4.5420609145889195e-07, ""lambda_l2"": 0.00028688348467285847, ""learning_rate"": 0.06953427264094567, ""max_bin"": 63, ""max_depth"": 6, ""metric"": ""None"", ""min_data_in_leaf"": 1158, ""min_gain_to_split"": 0.1524665089783862, ""num_leaves"": 41, ""objective"": ""binary"", ""scale_pos_weight"": 1.0, ""seed"": 463, ""verbosity"": -1}",1,0.2,128
422,128,2.375,0.5403869981306711,0.7771394646900985,0.5181636726546907,0.47297461435685656,0.5728998087391496,3.2557205188247846,0.5810015063934151,0.19999803602695465,0.6511377096176147,"{""bagging_fraction"": 0.8043166507131492, ""bagging_freq"": 1, ""bagging_seed"": 464, ""boosting_type"": ""gbdt"", ""data_random_seed"": 464, ""deterministic"": true, ""feature_fraction"": 0.5693514628330231, ""feature_fraction_seed"": 464, ""force_col_wise"": true, ""lambda_l1"": 0.0008597547353405052, ""lambda_l2"": 1.8008596592484969e-06, ""learning_rate"": 0.052484439349007594, ""max_bin"": 63, ""max_depth"": 16, ""metric"": ""None"", ""min_data_in_leaf"": 1544, ""min_gain_to_split"": 0.4527717451128178, ""num_leaves"": 32, ""objective"": ""binary"", ""scale_pos_weight"": 4.0, ""seed"": 464, ""verbosity"": -1}",1,0.2,128
423,128,2.188,0.5410569234808498,0.7772983116623675,0.518788682581786,0.47225240452332085,0.5754989946545045,3.259153184025709,0.4071375223487048,0.19999803602695465,0.6518242359161377,"{""bagging_fraction"": 0.9560664641184139, ""bagging_freq"": 1, ""bagging_seed"": 465, ""boosting_type"": ""gbdt"", ""data_random_seed"": 465, ""deterministic"": true, ""feature_fraction"": 0.6916953152248764, ""feature_fraction_seed"": 465, ""force_col_wise"": true, ""lambda_l1"": 0.1472990122393754, ""lambda_l2"": 3.3268300849052657, ""learning_rate"": 0.0705146758833453, ""max_bin"": 127, ""max_depth"": -1, ""metric"": ""None"", ""min_data_in_leaf"": 102, ""min_gain_to_split"": 0.6519623460330854, ""num_leaves"": 28, ""objective"": ""binary"", ""scale_pos_weight"": 2.0, ""seed"": 465, ""verbosity"": -1}",1,0.2,128
424,128,57.361,0.5413181526657049,0.7772581560438863,0.5188109825277967,0.4827906583892901,0.5606394978176646,3.2650380083925654,0.583614184470173,0.19999803602695465,0.6530011892318726,"{""bagging_fraction"": 0.7957627720304336, ""bagging_freq"": 1, ""bagging_seed"": 466, ""boosting_type"": ""gbdt"", ""data_random_seed"": 466, ""deterministic"": true, ""feature_fraction"": 0.8381687544629494, ""feature_fraction_seed"": 466, ""force_col_wise"": true, ""lambda_l1"": 1.3067073615882216e-07, ""lambda_l2"": 3.4239603371973704e-05, ""learning_rate"": 0.03669106032543984, ""max_bin"": 127, ""max_depth"": 8, ""metric"": ""None"", ""min_data_in_leaf"": 185, ""min_gain_to_split"": 0.31332541109448, ""num_leaves"": 195, ""objective"": ""binary"", ""scale_pos_weight"": 4.0, ""seed"": 466, ""verbosity"": -1}",1,0.2,128
425,128,56.41,0.5413854649688964,0.7771122146778834,0.5186321593738883,0.4743949562741509,0.5719680251091168,3.26307640027028,0.2546641564496314,0.19999803602695465,0.6526088714599609,"{""bagging_fraction"": 0.6108768678300355, ""bagging_freq"": 1, ""bagging_seed"": 467, ""boosting_type"": ""gbdt"", ""data_random_seed"": 467, ""deterministic"": true, ""feature_fraction"": 0.8890752535505245, ""feature_fraction_seed"": 467, ""force_col_wise"": true, ""lambda_l1"": 2.0982246118322707, ""lambda_l2"": 0.0002113678925068357, ""learning_rate"": 0.027896737753447056, ""max_bin"": 127, ""max_depth"": 16, ""metric"": ""None"", ""min_data_in_leaf"": 256, ""min_gain_to_split"": 0.2597982456263064, ""num_leaves"": 154, ""objective"": ""binary"", ""scale_pos_weight"": 1.0, ""seed"": 467, ""verbosity"": -1}",1,0.2,128
426,128,56.283,0.5380640837117697,0.7756520214926611,0.5173947758640356,0.48370585224364443,0.5561277033985582,3.2478740863356426,0.262040323547,0.19999803602695465,0.6495684385299683,"{""bagging_fraction"": 0.7962248219248453, ""bagging_freq"": 1, ""bagging_seed"": 468, ""boosting_type"": ""gbdt"", ""data_random_seed"": 468, ""deterministic"": true, ""feature_fraction"": 0.8510668435556346, ""feature_fraction_seed"": 468, ""force_col_wise"": true, ""lambda_l1"": 0.0001089883987874899, ""lambda_l2"": 0.28428255062270336, ""learning_rate"": 0.020500057635477697, ""max_bin"": 127, ""max_depth"": -1, ""metric"": ""None"", ""min_data_in_leaf"": 1661, ""min_gain_to_split"": 0.8496572024460699, ""num_leaves"": 42, ""objective"": ""binary"", ""scale_pos_weight"": 1.0, ""seed"": 468, ""verbosity"": -1}",1,0.2,128
427,128,2.026,0.5410807419062947,0.7770593233072565,0.5180174023962462,0.4836459529581898,0.5576479819528223,3.270432281715775,0.5921664726883734,0.19999803602695465,0.6540800333023071,"{""bagging_fraction"": 0.866646145385025, ""bagging_freq"": 1, ""bagging_seed"": 469, ""boosting_type"": ""gbdt"", ""data_random_seed"": 469, ""deterministic"": true, ""feature_fraction"": 0.9850689451370049, ""feature_fraction_seed"": 469, ""force_col_wise"": true, ""lambda_l1"": 2.8441764627763515e-07, ""lambda_l2"": 0.001884658192007256, ""learning_rate"": 0.1322236740732355, ""max_bin"": 63, ""max_depth"": 6, ""metric"": ""None"", ""min_data_in_leaf"": 957, ""min_gain_to_split"": 0.11877712309557842, ""num_leaves"": 46, ""objective"": ""binary"", ""scale_pos_weight"": 4.0, ""seed"": 469, ""verbosity"": -1}",1,0.2,128
428,128,107.034,0.5390807246732849,0.7768962338901222,0.5180520570948782,0.4714279969437407,0.5749104997302732,3.2562107718422806,0.551511253884576,0.19999803602695465,0.6512357592582703,"{""bagging_fraction"": 0.8412034546331049, ""bagging_freq"": 1, ""bagging_seed"": 470, ""boosting_type"": ""gbdt"", ""data_random_seed"": 470, ""deterministic"": true, ""feature_fraction"": 0.7267860273705251, ""feature_fraction_seed"": 470, ""force_col_wise"": true, ""lambda_l1"": 5.9831147918971244e-05, ""lambda_l2"": 3.7442985922114714e-07, ""learning_rate"": 0.02142162029485655, ""max_bin"": 127, ""max_depth"": 12, ""metric"": ""None"", ""min_data_in_leaf"": 97, ""min_gain_to_split"": 0.029071614168797, ""num_leaves"": 108, ""objective"": ""binary"", ""scale_pos_weight"": 4.0, ""seed"": 470, ""verbosity"": -1}",1,0.2,128
429,128,55.144,0.5413887935128228,0.7773332814692044,0.5182436336162837,0.47381252285563363,0.5718699426217448,3.267489869532347,0.4081613840166875,0.19999803602695465,0.6534915566444397,"{""bagging_fraction"": 0.7162619707815638, ""bagging_freq"": 1, ""bagging_seed"": 471, ""boosting_type"": ""gbdt"", ""data_random_seed"": 471, ""deterministic"": true, ""feature_fraction"": 0.752812049740324, ""feature_fraction_seed"": 471, ""force_col_wise"": true, ""lambda_l1"": 2.9364433081461915e-06, ""lambda_l2"": 0.03659663838516367, ""learning_rate"": 0.058013499182216266, ""max_bin"": 63, ""max_depth"": 8, ""metric"": ""None"", ""min_data_in_leaf"": 89, ""min_gain_to_split"": 0.30965203002718433, ""num_leaves"": 76, ""objective"": ""binary"", ""scale_pos_weight"": 2.0, ""seed"": 471, ""verbosity"": -1}",1,0.2,128
430,128,2.39,0.5394076696593257,0.7761119780335152,0.5164909131702939,0.47603292112990614,0.5644647148251679,3.272884142855557,0.26052420400706255,0.19999803602695465,0.6545704007148743,"{""bagging_fraction"": 0.5954280396841511, ""bagging_freq"": 1, ""bagging_seed"": 472, ""boosting_type"": ""gbdt"", ""data_random_seed"": 472, ""deterministic"": true, ""feature_fraction"": 0.6301603646837813, ""feature_fraction_seed"": 472, ""force_col_wise"": true, ""lambda_l1"": 0.07643927076393243, ""lambda_l2"": 0.33364892372273197, ""learning_rate"": 0.12184146997877722, ""max_bin"": 127, ""max_depth"": -1, ""metric"": ""None"", ""min_data_in_leaf"": 66, ""min_gain_to_split"": 0.18645529319457765, ""num_leaves"": 69, ""objective"": ""binary"", ""scale_pos_weight"": 1.0, ""seed"": 472, ""verbosity"": -1}",1,0.2,128
431,128,2.549,0.5391748660834356,0.7761367430649158,0.5173183868283925,0.4672704979630582,0.5793732529056936,3.2606245391304984,0.2480184265348175,0.19999803602695465,0.6521185040473938,"{""bagging_fraction"": 0.9573367402960582, ""bagging_freq"": 1, ""bagging_seed"": 473, ""boosting_type"": ""gbdt"", ""data_random_seed"": 473, ""deterministic"": true, ""feature_fraction"": 0.8590392813436559, ""feature_fraction_seed"": 473, ""force_col_wise"": true, ""lambda_l1"": 4.522319735857982e-06, ""lambda_l2"": 0.00848849902018391, ""learning_rate"": 0.023995028385921057, ""max_bin"": 63, ""max_depth"": 6, ""metric"": ""None"", ""min_data_in_leaf"": 496, ""min_gain_to_split"": 0.5597228457776922, ""num_leaves"": 80, ""objective"": ""binary"", ""scale_pos_weight"": 1.0, ""seed"": 473, ""verbosity"": -1}",1,0.2,128
432,128,1.947,0.5422065390438844,0.7773876937106203,0.5189969945722873,0.4781979747881794,0.5674071894463244,3.267489869532347,0.41552927445885307,0.19999803602695465,0.6534915566444397,"{""bagging_fraction"": 0.7833612665581091, ""bagging_freq"": 1, ""bagging_seed"": 474, ""boosting_type"": ""gbdt"", ""data_random_seed"": 474, ""deterministic"": true, ""feature_fraction"": 0.9618969374604827, ""feature_fraction_seed"": 474, ""force_col_wise"": true, ""lambda_l1"": 7.845146246634301e-06, ""lambda_l2"": 0.2816216435678155, ""learning_rate"": 0.11673553265074454, ""max_bin"": 127, ""max_depth"": 16, ""metric"": ""None"", ""min_data_in_leaf"": 733, ""min_gain_to_split"": 0.7708102818323926, ""num_leaves"": 20, ""objective"": ""binary"", ""scale_pos_weight"": 2.0, ""seed"": 474, ""verbosity"": -1}",1,0.2,128
433,128,2.117,0.5414830457078235,0.7772934009242102,0.5190483664820503,0.4781459142361398,0.5676033544210681,3.2684706735934896,0.5854763347415088,0.19999803602695465,0.6536877155303955,"{""bagging_fraction"": 0.6930930270774307, ""bagging_freq"": 1, ""bagging_seed"": 475, ""boosting_type"": ""gbdt"", ""data_random_seed"": 475, ""deterministic"": true, ""feature_fraction"": 0.9393325546545439, ""feature_fraction_seed"": 475, ""force_col_wise"": true, ""lambda_l1"": 0.00022487948699908712, ""lambda_l2"": 3.625798688617001, ""learning_rate"": 0.07999638238764668, ""max_bin"": 127, ""max_depth"": 10, ""metric"": ""None"", ""min_data_in_leaf"": 440, ""min_gain_to_split"": 0.7982118419717367, ""num_leaves"": 32, ""objective"": ""binary"", ""scale_pos_weight"": 4.0, ""seed"": 475, ""verbosity"": -1}",1,0.2,128
434,128,4.036,0.5413683805440225,0.7770714842610331,0.5188155599356578,0.4821458649149402,0.5615222402040115,3.2684706735934896,0.26249243356560326,0.19999803602695465,0.6536877155303955,"{""bagging_fraction"": 0.9092944858600605, ""bagging_freq"": 1, ""bagging_seed"": 476, ""boosting_type"": ""gbdt"", ""data_random_seed"": 476, ""deterministic"": true, ""feature_fraction"": 0.7656730220333122, ""feature_fraction_seed"": 476, ""force_col_wise"": true, ""lambda_l1"": 1.5050812749779607, ""lambda_l2"": 0.03804121611554513, ""learning_rate"": 0.02838479100456238, ""max_bin"": 63, ""max_depth"": 10, ""metric"": ""None"", ""min_data_in_leaf"": 339, ""min_gain_to_split"": 0.6268162361303028, ""num_leaves"": 252, ""objective"": ""binary"", ""scale_pos_weight"": 1.0, ""seed"": 476, ""verbosity"": -1}",1,0.2,128
435,128,2.731,0.5413853777364862,0.7773083047965634,0.5179383527033855,0.4871041603663542,0.5529400225589721,3.259153184025709,0.42354672958381256,0.19999803602695465,0.6518242359161377,"{""bagging_fraction"": 0.9351868600783562, ""bagging_freq"": 1, ""bagging_seed"": 477, ""boosting_type"": ""gbdt"", ""data_random_seed"": 477, ""deterministic"": true, ""feature_fraction"": 0.776370612172455, ""feature_fraction_seed"": 477, ""force_col_wise"": true, ""lambda_l1"": 0.024180545845026977, ""lambda_l2"": 0.14500320419552404, ""learning_rate"": 0.039828123978098505, ""max_bin"": 63, ""max_depth"": 8, ""metric"": ""None"", ""min_data_in_leaf"": 54, ""min_gain_to_split"": 0.390484989768521, ""num_leaves"": 63, ""objective"": ""binary"", ""scale_pos_weight"": 2.0, ""seed"": 477, ""verbosity"": -1}",1,0.2,128
436,128,2.584,0.5355313834702962,0.7746569998207333,0.5152425152425153,0.4805431784426056,0.5553430434995832,3.242970364056079,0.361608197838236,0.19999803602695465,0.648587703704834,"{""bagging_fraction"": 0.8606836489505285, ""bagging_freq"": 1, ""bagging_seed"": 478, ""boosting_type"": ""gbdt"", ""data_random_seed"": 478, ""deterministic"": true, ""feature_fraction"": 0.5640584405457925, ""feature_fraction_seed"": 478, ""force_col_wise"": true, ""lambda_l1"": 8.237392455435265e-05, ""lambda_l2"": 5.509392811288001e-05, ""learning_rate"": 0.010949133040563204, ""max_bin"": 63, ""max_depth"": 10, ""metric"": ""None"", ""min_data_in_leaf"": 128, ""min_gain_to_split"": 0.2499867540285089, ""num_leaves"": 44, ""objective"": ""binary"", ""scale_pos_weight"": 2.0, ""seed"": 478, ""verbosity"": -1}",1,0.2,128
437,128,3.002,0.5407778150817176,0.7771806974542682,0.5177057576827976,0.4707889981931339,0.5750085822176451,3.266999616514851,0.4024386080274871,0.19999803602695465,0.6533935070037842,"{""bagging_fraction"": 0.9584631565922901, ""bagging_freq"": 1, ""bagging_seed"": 479, ""boosting_type"": ""gbdt"", ""data_random_seed"": 479, ""deterministic"": true, ""feature_fraction"": 0.552846091257881, ""feature_fraction_seed"": 479, ""force_col_wise"": true, ""lambda_l1"": 4.363013657991376e-08, ""lambda_l2"": 0.00011437279275575721, ""learning_rate"": 0.03274609132495894, ""max_bin"": 127, ""max_depth"": 10, ""metric"": ""None"", ""min_data_in_leaf"": 426, ""min_gain_to_split"": 0.20737287523938142, ""num_leaves"": 57, ""objective"": ""binary"", ""scale_pos_weight"": 2.0, ""seed"": 479, ""verbosity"": -1}",1,0.2,128
438,128,2.181,0.5383182668201961,0.7759733301733853,0.5173131761191327,0.48031098970371927,0.5604923740866068,3.2557205188247846,0.5620755255701311,0.19999803602695465,0.6511377096176147,"{""bagging_fraction"": 0.558732767722308, ""bagging_freq"": 1, ""bagging_seed"": 480, ""boosting_type"": ""gbdt"", ""data_random_seed"": 480, ""deterministic"": true, ""feature_fraction"": 0.6619958776665456, ""feature_fraction_seed"": 480, ""force_col_wise"": true, ""lambda_l1"": 4.3390116932874987e-05, ""lambda_l2"": 0.0006735632844996969, ""learning_rate"": 0.021358767165963435, ""max_bin"": 63, ""max_depth"": 6, ""metric"": ""None"", ""min_data_in_leaf"": 528, ""min_gain_to_split"": 0.4595471512617503, ""num_leaves"": 172, ""objective"": ""binary"", ""scale_pos_weight"": 4.0, ""seed"": 480, ""verbosity"": -1}",1,0.2,128
439,128,4.522,0.5411501245063222,0.7749555408342639,0.5179346882056627,0.46471848821352035,0.5849149134422049,3.267489869532347,0.5579093096456584,0.19999803602695465,0.6534915566444397,"{""bagging_fraction"": 0.8000013103959762, ""bagging_freq"": 1, ""bagging_seed"": 481, ""boosting_type"": ""gbdt"", ""data_random_seed"": 481, ""deterministic"": true, ""feature_fraction"": 0.905073975823216, ""feature_fraction_seed"": 481, ""force_col_wise"": true, ""lambda_l1"": 0.0032051118513171445, ""lambda_l2"": 7.458969030634798, ""learning_rate"": 0.06781212812675824, ""max_bin"": 127, ""max_depth"": 16, ""metric"": ""None"", ""min_data_in_leaf"": 148, ""min_gain_to_split"": 0.653987199751117, ""num_leaves"": 252, ""objective"": ""binary"", ""scale_pos_weight"": 4.0, ""seed"": 481, ""verbosity"": -1}",1,0.2,128
440,128,2.067,0.5408935163285683,0.7772082105149002,0.517663956262886,0.49056023884791006,0.5479378157030063,3.267489869532347,0.6032977780009902,0.19999803602695465,0.6534915566444397,"{""bagging_fraction"": 0.9130755012357048, ""bagging_freq"": 1, ""bagging_seed"": 482, ""boosting_type"": ""gbdt"", ""data_random_seed"": 482, ""deterministic"": true, ""feature_fraction"": 0.9634590968420541, ""feature_fraction_seed"": 482, ""force_col_wise"": true, ""lambda_l1"": 8.65390629784422e-08, ""lambda_l2"": 1.6041345503180638e-07, ""learning_rate"": 0.0713753921424151, ""max_bin"": 127, ""max_depth"": 16, ""metric"": ""None"", ""min_data_in_leaf"": 298, ""min_gain_to_split"": 0.06961100179860558, ""num_leaves"": 22, ""objective"": ""binary"", ""scale_pos_weight"": 4.0, ""seed"": 482, ""verbosity"": -1}",1,0.2,128
441,128,3.045,0.5395274345848163,0.7757207258309694,0.5173675851115255,0.4875065070275898,0.5511254965425924,3.2645474573489186,0.25642313127732275,0.19999803602695465,0.6529030799865723,"{""bagging_fraction"": 0.6759081049020923, ""bagging_freq"": 1, ""bagging_seed"": 483, ""boosting_type"": ""gbdt"", ""data_random_seed"": 483, ""deterministic"": true, ""feature_fraction"": 0.9261482578989141, ""feature_fraction_seed"": 483, ""force_col_wise"": true, ""lambda_l1"": 0.0004701831459257417, ""lambda_l2"": 1.1410828369725009e-07, ""learning_rate"": 0.012445001691765233, ""max_bin"": 127, ""max_depth"": 8, ""metric"": ""None"", ""min_data_in_leaf"": 384, ""min_gain_to_split"": 0.8846100026502804, ""num_leaves"": 117, ""objective"": ""binary"", ""scale_pos_weight"": 1.0, ""seed"": 483, ""verbosity"": -1}",1,0.2,128
442,128,2.402,0.534501696851709,0.7741062431751901,0.5156147383200852,0.47900361861482793,0.5582855181207396,3.2336528744882984,0.37444891766746885,0.19999803602695465,0.6467242240905762,"{""bagging_fraction"": 0.8857815852768065, ""bagging_freq"": 1, ""bagging_seed"": 484, ""boosting_type"": ""gbdt"", ""data_random_seed"": 484, ""deterministic"": true, ""feature_fraction"": 0.8264923726771747, ""feature_fraction_seed"": 484, ""force_col_wise"": true, ""lambda_l1"": 0.05750828870688193, ""lambda_l2"": 5.135089052001024e-07, ""learning_rate"": 0.013194330217601963, ""max_bin"": 127, ""max_depth"": -1, ""metric"": ""None"", ""min_data_in_leaf"": 74, ""min_gain_to_split"": 0.06162399837761201, ""num_leaves"": 27, ""objective"": ""binary"", ""scale_pos_weight"": 2.0, ""seed"": 484, ""verbosity"": -1}",1,0.2,128
443,128,2.921,0.5399559337347849,0.7764760755225293,0.5178497587870434,0.48709970180215223,0.5527438575842283,3.258172379964566,0.2621843198369253,0.19999803602695465,0.6516280770301819,"{""bagging_fraction"": 0.6010682198957703, ""bagging_freq"": 1, ""bagging_seed"": 485, ""boosting_type"": ""gbdt"", ""data_random_seed"": 485, ""deterministic"": true, ""feature_fraction"": 0.7522092734649095, ""feature_fraction_seed"": 485, ""force_col_wise"": true, ""lambda_l1"": 0.0012821905712898291, ""lambda_l2"": 4.6743121018846747e-07, ""learning_rate"": 0.0173037903503845, ""max_bin"": 63, ""max_depth"": 8, ""metric"": ""None"", ""min_data_in_leaf"": 186, ""min_gain_to_split"": 0.6789856609149371, ""num_leaves"": 109, ""objective"": ""binary"", ""scale_pos_weight"": 1.0, ""seed"": 485, ""verbosity"": -1}",1,0.2,128
444,128,2.573,0.5375946533397824,0.7742222839028171,0.5147848533038327,0.48560744412557616,0.5476926094845765,3.2395374008290045,0.5933018398085753,0.19999803602695465,0.6479011178016663,"{""bagging_fraction"": 0.6187659688234933, ""bagging_freq"": 1, ""bagging_seed"": 486, ""boosting_type"": ""gbdt"", ""data_random_seed"": 486, ""deterministic"": true, ""feature_fraction"": 0.7005083014923484, ""feature_fraction_seed"": 486, ""force_col_wise"": true, ""lambda_l1"": 9.240638870054162e-07, ""lambda_l2"": 0.7157351167945669, ""learning_rate"": 0.14052095729272787, ""max_bin"": 63, ""max_depth"": 8, ""metric"": ""None"", ""min_data_in_leaf"": 53, ""min_gain_to_split"": 0.6032046600508495, ""num_leaves"": 104, ""objective"": ""binary"", ""scale_pos_weight"": 4.0, ""seed"": 486, ""verbosity"": -1}",1,0.2,128
445,128,2.484,0.53982422857327,0.7768068040422142,0.5180376762648303,0.4685417327832434,0.5792261291746359,3.2562107718422806,0.40231669625453415,0.19999803602695465,0.6512357592582703,"{""bagging_fraction"": 0.8795432899755168, ""bagging_freq"": 1, ""bagging_seed"": 487, ""boosting_type"": ""gbdt"", ""data_random_seed"": 487, ""deterministic"": true, ""feature_fraction"": 0.5647407536186629, ""feature_fraction_seed"": 487, ""force_col_wise"": true, ""lambda_l1"": 0.09056767850119181, ""lambda_l2"": 4.022211242954177e-08, ""learning_rate"": 0.0451525472139822, ""max_bin"": 63, ""max_depth"": 6, ""metric"": ""None"", ""min_data_in_leaf"": 1832, ""min_gain_to_split"": 0.17186936423135157, ""num_leaves"": 31, ""objective"": ""binary"", ""scale_pos_weight"": 2.0, ""seed"": 487, ""verbosity"": -1}",1,0.2,128
446,128,2.602,0.5417505857530625,0.7766904825291914,0.5191963486665473,0.4773914832339025,0.5690255504879603,3.266018812453708,0.410859979290408,0.19999803602695465,0.6531973481178284,"{""bagging_fraction"": 0.7643280443876566, ""bagging_freq"": 1, ""bagging_seed"": 488, ""boosting_type"": ""gbdt"", ""data_random_seed"": 488, ""deterministic"": true, ""feature_fraction"": 0.922655254751884, ""feature_fraction_seed"": 488, ""force_col_wise"": true, ""lambda_l1"": 0.0003794357515326835, ""lambda_l2"": 0.028976952827774762, ""learning_rate"": 0.10496132464220112, ""max_bin"": 127, ""max_depth"": 10, ""metric"": ""None"", ""min_data_in_leaf"": 898, ""min_gain_to_split"": 0.2633423587356264, ""num_leaves"": 69, ""objective"": ""binary"", ""scale_pos_weight"": 2.0, ""seed"": 488, ""verbosity"": -1}",1,0.2,128
447,128,1.995,0.5344034510120145,0.7729727765661968,0.5137122549786549,0.4719507186858316,0.563581972438821,3.2297296582437274,0.24035009200655433,0.19999803602695465,0.6459395885467529,"{""bagging_fraction"": 0.6174247747115378, ""bagging_freq"": 1, ""bagging_seed"": 489, ""boosting_type"": ""gbdt"", ""data_random_seed"": 489, ""deterministic"": true, ""feature_fraction"": 0.7031161953517026, ""feature_fraction_seed"": 489, ""force_col_wise"": true, ""lambda_l1"": 4.795046260426543e-07, ""lambda_l2"": 0.000598146571041586, ""learning_rate"": 0.010579062979000213, ""max_bin"": 127, ""max_depth"": 16, ""metric"": ""None"", ""min_data_in_leaf"": 957, ""min_gain_to_split"": 0.8461815293449878, ""num_leaves"": 26, ""objective"": ""binary"", ""scale_pos_weight"": 1.0, ""seed"": 489, ""verbosity"": -1}",1,0.2,128
448,128,2.903,0.5341285146114172,0.7750255724397266,0.5151711979214995,0.48879693621516923,0.5445539698886763,3.2297296582437274,0.5021339798810568,0.19999803602695465,0.6459395885467529,"{""bagging_fraction"": 0.9494565294655006, ""bagging_freq"": 1, ""bagging_seed"": 490, ""boosting_type"": ""gbdt"", ""data_random_seed"": 490, ""deterministic"": true, ""feature_fraction"": 0.9816267425801717, ""feature_fraction_seed"": 490, ""force_col_wise"": true, ""lambda_l1"": 3.5335861781889705e-06, ""lambda_l2"": 0.22518143287301878, ""learning_rate"": 0.010860462760682416, ""max_bin"": 127, ""max_depth"": 10, ""metric"": ""None"", ""min_data_in_leaf"": 140, ""min_gain_to_split"": 0.6858673025688188, ""num_leaves"": 56, ""objective"": ""binary"", ""scale_pos_weight"": 4.0, ""seed"": 490, ""verbosity"": -1}",1,0.2,128
449,128,84.273,0.5408665078385726,0.776697871333748,0.5191817022052123,0.48479047011274196,0.5588249718012849,3.266018812453708,0.2660550508152821,0.19999803602695465,0.6531973481178284,"{""bagging_fraction"": 0.9992151780468832, ""bagging_freq"": 1, ""bagging_seed"": 491, ""boosting_type"": ""gbdt"", ""data_random_seed"": 491, ""deterministic"": true, ""feature_fraction"": 0.8906213511741516, ""feature_fraction_seed"": 491, ""force_col_wise"": true, ""lambda_l1"": 0.00020258726832256765, ""lambda_l2"": 0.18293921045170475, ""learning_rate"": 0.03143315536582805, ""max_bin"": 63, ""max_depth"": 10, ""metric"": ""None"", ""min_data_in_leaf"": 932, ""min_gain_to_split"": 0.8624783669834785, ""num_leaves"": 151, ""objective"": ""binary"", ""scale_pos_weight"": 1.0, ""seed"": 491, ""verbosity"": -1}",1,0.2,128
450,128,2.516,0.5370442763248136,0.7746484238410936,0.5166730375733591,0.47707831575450543,0.5634348487077633,3.2532686576850027,0.24498388497287665,0.19999803602695465,0.6506473422050476,"{""bagging_fraction"": 0.5533066625789183, ""bagging_freq"": 1, ""bagging_seed"": 492, ""boosting_type"": ""gbdt"", ""data_random_seed"": 492, ""deterministic"": true, ""feature_fraction"": 0.8650045693303409, ""feature_fraction_seed"": 492, ""force_col_wise"": true, ""lambda_l1"": 1.578628324590122e-05, ""lambda_l2"": 0.003464577278253585, ""learning_rate"": 0.011206602682869363, ""max_bin"": 127, ""max_depth"": 16, ""metric"": ""None"", ""min_data_in_leaf"": 145, ""min_gain_to_split"": 0.12975719007233688, ""num_leaves"": 47, ""objective"": ""binary"", ""scale_pos_weight"": 1.0, ""seed"": 492, ""verbosity"": -1}",1,0.2,128
451,128,40.092,0.5397250210848821,0.7764946172793294,0.5175364917936028,0.48178360101437023,0.5590211367760286,3.269941730672129,0.38622343996331104,0.19999803602695465,0.6539819240570068,"{""bagging_fraction"": 0.8221369209830159, ""bagging_freq"": 1, ""bagging_seed"": 493, ""boosting_type"": ""gbdt"", ""data_random_seed"": 493, ""deterministic"": true, ""feature_fraction"": 0.9974254032621284, ""feature_fraction_seed"": 493, ""force_col_wise"": true, ""lambda_l1"": 5.7425402771931805e-08, ""lambda_l2"": 3.86807699566929e-08, ""learning_rate"": 0.015268362363866557, ""max_bin"": 127, ""max_depth"": 16, ""metric"": ""None"", ""min_data_in_leaf"": 111, ""min_gain_to_split"": 0.07492169625946876, ""num_leaves"": 197, ""objective"": ""binary"", ""scale_pos_weight"": 2.0, ""seed"": 493, ""verbosity"": -1}",1,0.2,128
452,128,25.761,0.5415053887597231,0.7773600742281146,0.5181493366104549,0.48339702760084924,0.5582855181207396,3.262095596209137,0.2671556681145771,0.19999803602695465,0.6524127125740051,"{""bagging_fraction"": 0.8596277798955716, ""bagging_freq"": 1, ""bagging_seed"": 494, ""boosting_type"": ""gbdt"", ""data_random_seed"": 494, ""deterministic"": true, ""feature_fraction"": 0.7898682721538601, ""feature_fraction_seed"": 494, ""force_col_wise"": true, ""lambda_l1"": 0.00017622660777243302, ""lambda_l2"": 0.026591703859417795, ""learning_rate"": 0.08956514294565907, ""max_bin"": 63, ""max_depth"": 6, ""metric"": ""None"", ""min_data_in_leaf"": 440, ""min_gain_to_split"": 0.9973107425466341, ""num_leaves"": 47, ""objective"": ""binary"", ""scale_pos_weight"": 1.0, ""seed"": 494, ""verbosity"": -1}",1,0.2,128
453,128,2.127,0.5324944269183212,0.7719198965682802,0.5127336020520337,0.48098655093885617,0.548967681820411,3.2081522669247375,0.24666654469941993,0.19999803602695465,0.6416241526603699,"{""bagging_fraction"": 0.9729921671672466, ""bagging_freq"": 1, ""bagging_seed"": 495, ""boosting_type"": ""gbdt"", ""data_random_seed"": 495, ""deterministic"": true, ""feature_fraction"": 0.7049160042150935, ""feature_fraction_seed"": 495, ""force_col_wise"": true, ""lambda_l1"": 0.004436237728014747, ""lambda_l2"": 0.000482166100921517, ""learning_rate"": 0.010336333163158856, ""max_bin"": 63, ""max_depth"": 8, ""metric"": ""None"", ""min_data_in_leaf"": 385, ""min_gain_to_split"": 0.7980395012720187, ""num_leaves"": 21, ""objective"": ""binary"", ""scale_pos_weight"": 1.0, ""seed"": 495, ""verbosity"": -1}",1,0.2,128
454,128,21.487,0.5413150641624709,0.7772900041424263,0.5175474346782593,0.48071503680336486,0.5604923740866068,3.2684706735934896,0.2653357552778679,0.19999803602695465,0.6536877155303955,"{""bagging_fraction"": 0.9341353864663118, ""bagging_freq"": 1, ""bagging_seed"": 496, ""boosting_type"": ""gbdt"", ""data_random_seed"": 496, ""deterministic"": true, ""feature_fraction"": 0.9045369784152415, ""feature_fraction_seed"": 496, ""force_col_wise"": true, ""lambda_l1"": 3.73759514138172e-05, ""lambda_l2"": 0.26190905579784196, ""learning_rate"": 0.09206346828477886, ""max_bin"": 127, ""max_depth"": 8, ""metric"": ""None"", ""min_data_in_leaf"": 1572, ""min_gain_to_split"": 0.5508316650302666, ""num_leaves"": 15, ""objective"": ""binary"", ""scale_pos_weight"": 1.0, ""seed"": 496, ""verbosity"": -1}",1,0.2,128
455,128,23.981,0.5324771889733713,0.7739429622588082,0.5145450974401501,0.46354985844605223,0.5781472218135452,3.2042290506801665,0.484597863175758,0.19999803602695465,0.6408395171165466,"{""bagging_fraction"": 0.8836510629644709, ""bagging_freq"": 1, ""bagging_seed"": 497, ""boosting_type"": ""gbdt"", ""data_random_seed"": 497, ""deterministic"": true, ""feature_fraction"": 0.5764604760205739, ""feature_fraction_seed"": 497, ""force_col_wise"": true, ""lambda_l1"": 0.36350724966013964, ""lambda_l2"": 1.9198232710587402, ""learning_rate"": 0.011729778620215403, ""max_bin"": 127, ""max_depth"": 10, ""metric"": ""None"", ""min_data_in_leaf"": 382, ""min_gain_to_split"": 0.10176845917980593, ""num_leaves"": 27, ""objective"": ""binary"", ""scale_pos_weight"": 4.0, ""seed"": 497, ""verbosity"": -1}",1,0.2,128
456,128,54.634,0.5374565712065515,0.774891749639127,0.5159867194251149,0.4810668702031124,0.5563729096169879,3.2517973025802136,0.24832396419062303,0.19999803602695465,0.6503530740737915,"{""bagging_fraction"": 0.5612264734179928, ""bagging_freq"": 1, ""bagging_seed"": 498, ""boosting_type"": ""gbdt"", ""data_random_seed"": 498, ""deterministic"": true, ""feature_fraction"": 0.5582039828450427, ""feature_fraction_seed"": 498, ""force_col_wise"": true, ""lambda_l1"": 0.0003994221590799948, ""lambda_l2"": 0.2015443841179716, ""learning_rate"": 0.012009565632111127, ""max_bin"": 127, ""max_depth"": -1, ""metric"": ""None"", ""min_data_in_leaf"": 65, ""min_gain_to_split"": 0.12742667107259964, ""num_leaves"": 57, ""objective"": ""binary"", ""scale_pos_weight"": 1.0, ""seed"": 498, ""verbosity"": -1}",1,0.2,128
457,128,2.453,0.5414683623498927,0.7772888437231249,0.5188004064952756,0.4639569959006884,0.5883478005002207,3.2689612246371365,0.24543556108275694,0.19999803602695465,0.6537858247756958,"{""bagging_fraction"": 0.8947150329701858, ""bagging_freq"": 1, ""bagging_seed"": 499, ""boosting_type"": ""gbdt"", ""data_random_seed"": 499, ""deterministic"": true, ""feature_fraction"": 0.9773359246795374, ""feature_fraction_seed"": 499, ""force_col_wise"": true, ""lambda_l1"": 0.7844735360824473, ""lambda_l2"": 0.000474541849039788, ""learning_rate"": 0.04662973921440748, ""max_bin"": 127, ""max_depth"": -1, ""metric"": ""None"", ""min_data_in_leaf"": 739, ""min_gain_to_split"": 0.8323193042175333, ""num_leaves"": 29, ""objective"": ""binary"", ""scale_pos_weight"": 1.0, ""seed"": 499, ""verbosity"": -1}",1,0.2,128
458,128,3.027,0.5363219842057603,0.7754197798033429,0.5167481359673822,0.47787684359636695,0.5625030650777304,3.2410087559337937,0.5040507956014384,0.19999803602695465,0.6481953859329224,"{""bagging_fraction"": 0.9784903264340103, ""bagging_freq"": 1, ""bagging_seed"": 500, ""boosting_type"": ""gbdt"", ""data_random_seed"": 500, ""deterministic"": true, ""feature_fraction"": 0.8611993661983384, ""feature_fraction_seed"": 500, ""force_col_wise"": true, ""lambda_l1"": 6.683129965112874e-06, ""lambda_l2"": 0.00023736942775968675, ""learning_rate"": 0.012033261550551906, ""max_bin"": 63, ""max_depth"": 10, ""metric"": ""None"", ""min_data_in_leaf"": 1345, ""min_gain_to_split"": 0.741690365045119, ""num_leaves"": 96, ""objective"": ""binary"", ""scale_pos_weight"": 4.0, ""seed"": 500, ""verbosity"": -1}",1,0.2,128
459,128,2.001,0.5399146058708909,0.7766742477821629,0.5174701459531181,0.47122316645857665,0.5737825511254966,3.2571915759034233,0.40696470352669484,0.19999803602695465,0.6514319181442261,"{""bagging_fraction"": 0.6031588826255834, ""bagging_freq"": 1, ""bagging_seed"": 501, ""boosting_type"": ""gbdt"", ""data_random_seed"": 501, ""deterministic"": true, ""feature_fraction"": 0.8851164824090731, ""feature_fraction_seed"": 501, ""force_col_wise"": true, ""lambda_l1"": 0.0001896710561282252, ""lambda_l2"": 0.0019903848021339816, ""learning_rate"": 0.04337741436295529, ""max_bin"": 127, ""max_depth"": 6, ""metric"": ""None"", ""min_data_in_leaf"": 1850, ""min_gain_to_split"": 0.14662314286435274, ""num_leaves"": 97, ""objective"": ""binary"", ""scale_pos_weight"": 2.0, ""seed"": 501, ""verbosity"": -1}",1,0.2,128
460,128,1.903,0.5371326779708262,0.7748846193735857,0.5161405865233938,0.4748136249433667,0.5653474572115149,3.2370855396892226,0.2540295386919981,0.19999803602695465,0.6474107503890991,"{""bagging_fraction"": 0.6263636195088395, ""bagging_freq"": 1, ""bagging_seed"": 502, ""boosting_type"": ""gbdt"", ""data_random_seed"": 502, ""deterministic"": true, ""feature_fraction"": 0.8157418338635756, ""feature_fraction_seed"": 502, ""force_col_wise"": true, ""lambda_l1"": 0.03253526230372629, ""lambda_l2"": 5.717084447601861e-07, ""learning_rate"": 0.02157827671604645, ""max_bin"": 127, ""max_depth"": 8, ""metric"": ""None"", ""min_data_in_leaf"": 92, ""min_gain_to_split"": 0.8962851007761495, ""num_leaves"": 21, ""objective"": ""binary"", ""scale_pos_weight"": 1.0, ""seed"": 502, ""verbosity"": -1}",1,0.2,128
461,128,2.474,0.5404217452389991,0.7772743219473863,0.5180111281062268,0.4726537216828479,0.5729978912265214,3.2567013228859274,0.577265557827325,0.19999803602695465,0.6513338685035706,"{""bagging_fraction"": 0.9289087913459173, ""bagging_freq"": 1, ""bagging_seed"": 503, ""boosting_type"": ""gbdt"", ""data_random_seed"": 503, ""deterministic"": true, ""feature_fraction"": 0.7622212506243167, ""feature_fraction_seed"": 503, ""force_col_wise"": true, ""lambda_l1"": 1.7278054904926339, ""lambda_l2"": 5.360898237021566e-06, ""learning_rate"": 0.04110707393743356, ""max_bin"": 127, ""max_depth"": -1, ""metric"": ""None"", ""min_data_in_leaf"": 115, ""min_gain_to_split"": 0.15424362209507125, ""num_leaves"": 37, ""objective"": ""binary"", ""scale_pos_weight"": 4.0, ""seed"": 503, ""verbosity"": -1}",1,0.2,128
462,128,2.268,0.5414157281915049,0.7774624914527678,0.5181275610190629,0.47456451678701095,0.5704967877985385,3.2562107718422806,0.4099952873366603,0.19999803602695465,0.6512357592582703,"{""bagging_fraction"": 0.7117025652835249, ""bagging_freq"": 1, ""bagging_seed"": 504, ""boosting_type"": ""gbdt"", ""data_random_seed"": 504, ""deterministic"": true, ""feature_fraction"": 0.8440278397783334, ""feature_fraction_seed"": 504, ""force_col_wise"": true, ""lambda_l1"": 8.951133857415214e-05, ""lambda_l2"": 4.1983523605848356e-07, ""learning_rate"": 0.0483597017531823, ""max_bin"": 127, ""max_depth"": -1, ""metric"": ""None"", ""min_data_in_leaf"": 339, ""min_gain_to_split"": 0.756515867645341, ""num_leaves"": 27, ""objective"": ""binary"", ""scale_pos_weight"": 2.0, ""seed"": 504, ""verbosity"": -1}",1,0.2,128
463,128,3.855,0.540821517626332,0.7756481957164878,0.517619122292166,0.4764516661167931,0.5665734883036634,3.2709225347332715,0.41360577148154043,0.19999803602695465,0.6541780829429626,"{""bagging_fraction"": 0.6729099456730031, ""bagging_freq"": 1, ""bagging_seed"": 505, ""boosting_type"": ""gbdt"", ""data_random_seed"": 505, ""deterministic"": true, ""feature_fraction"": 0.5587402546264333, ""feature_fraction_seed"": 505, ""force_col_wise"": true, ""lambda_l1"": 0.00016407396944854047, ""lambda_l2"": 0.0022903371020712117, ""learning_rate"": 0.08229148103668796, ""max_bin"": 63, ""max_depth"": -1, ""metric"": ""None"", ""min_data_in_leaf"": 785, ""min_gain_to_split"": 0.9192220993690502, ""num_leaves"": 144, ""objective"": ""binary"", ""scale_pos_weight"": 2.0, ""seed"": 505, ""verbosity"": -1}",1,0.2,128
464,128,1.7,0.5405820863945674,0.7769448332124678,0.5175128250486467,0.47122780171545925,0.5738806336128685,3.2611147921479944,0.5794569140395145,0.19999803602695465,0.6522165536880493,"{""bagging_fraction"": 0.6177937408448109, ""bagging_freq"": 1, ""bagging_seed"": 506, ""boosting_type"": ""gbdt"", ""data_random_seed"": 506, ""deterministic"": true, ""feature_fraction"": 0.8841201809750301, ""feature_fraction_seed"": 506, ""force_col_wise"": true, ""lambda_l1"": 2.0567435349129595e-06, ""lambda_l2"": 0.09486352747460655, ""learning_rate"": 0.10693189830241169, ""max_bin"": 63, ""max_depth"": 8, ""metric"": ""None"", ""min_data_in_leaf"": 61, ""min_gain_to_split"": 0.53471671742271, ""num_leaves"": 24, ""objective"": ""binary"", ""scale_pos_weight"": 4.0, ""seed"": 506, ""verbosity"": -1}",1,0.2,128
465,128,17.875,0.5373653695856211,0.7747251964004407,0.5160627776661532,0.4736497008441931,0.5668186945220931,3.2527781066413564,0.23901036352139574,0.19999803602695465,0.6505492329597473,"{""bagging_fraction"": 0.8261172719722499, ""bagging_freq"": 1, ""bagging_seed"": 507, ""boosting_type"": ""gbdt"", ""data_random_seed"": 507, ""deterministic"": true, ""feature_fraction"": 0.6311401506978297, ""feature_fraction_seed"": 507, ""force_col_wise"": true, ""lambda_l1"": 1.1374393414988706e-06, ""lambda_l2"": 0.002137294396630054, ""learning_rate"": 0.010060714033719718, ""max_bin"": 127, ""max_depth"": -1, ""metric"": ""None"", ""min_data_in_leaf"": 154, ""min_gain_to_split"": 0.3792659505862729, ""num_leaves"": 64, ""objective"": ""binary"", ""scale_pos_weight"": 1.0, ""seed"": 507, ""verbosity"": -1}",1,0.2,128
466,128,2.261,0.5333701983749498,0.7743841963661782,0.5153109402401187,0.4757753144849919,0.562012652640871,3.2204121686759466,0.5239126825109635,0.19999803602695465,0.6440761089324951,"{""bagging_fraction"": 0.9241129566473627, ""bagging_freq"": 1, ""bagging_seed"": 508, ""boosting_type"": ""gbdt"", ""data_random_seed"": 508, ""deterministic"": true, ""feature_fraction"": 0.9558796105818074, ""feature_fraction_seed"": 508, ""force_col_wise"": true, ""lambda_l1"": 2.2286086430429846e-05, ""lambda_l2"": 0.0015223081316432581, ""learning_rate"": 0.014535292478274281, ""max_bin"": 63, ""max_depth"": 6, ""metric"": ""None"", ""min_data_in_leaf"": 156, ""min_gain_to_split"": 0.5673605590140585, ""num_leaves"": 29, ""objective"": ""binary"", ""scale_pos_weight"": 4.0, ""seed"": 508, ""verbosity"": -1}",1,0.2,128
467,128,2.483,0.5375505220125215,0.7758073210691383,0.5173549305802777,0.47350629251008025,0.5701534990927369,3.2444414211347183,0.3891232664899144,0.19999803602695465,0.6488819122314453,"{""bagging_fraction"": 0.6916095384801365, ""bagging_freq"": 1, ""bagging_seed"": 509, ""boosting_type"": ""gbdt"", ""data_random_seed"": 509, ""deterministic"": true, ""feature_fraction"": 0.5683914953972535, ""feature_fraction_seed"": 509, ""force_col_wise"": true, ""lambda_l1"": 0.7965700790177334, ""lambda_l2"": 1.6139453619166524, ""learning_rate"": 0.01896263663006196, ""max_bin"": 127, ""max_depth"": 12, ""metric"": ""None"", ""min_data_in_leaf"": 152, ""min_gain_to_split"": 0.10963534576855039, ""num_leaves"": 35, ""objective"": ""binary"", ""scale_pos_weight"": 2.0, ""seed"": 509, ""verbosity"": -1}",1,0.2,128
468,128,27.074,0.5401786125887369,0.7767353781298294,0.51797970584882,0.48406068871462665,0.5570104457849051,3.254249163719995,0.26434082908802764,0.19999803602695465,0.6508434414863586,"{""bagging_fraction"": 0.9881488329280024, ""bagging_freq"": 1, ""bagging_seed"": 510, ""boosting_type"": ""gbdt"", ""data_random_seed"": 510, ""deterministic"": true, ""feature_fraction"": 0.9290090115645224, ""feature_fraction_seed"": 510, ""force_col_wise"": true, ""lambda_l1"": 0.007597020669946932, ""lambda_l2"": 0.008791645063863261, ""learning_rate"": 0.02808672550115528, ""max_bin"": 127, ""max_depth"": 6, ""metric"": ""None"", ""min_data_in_leaf"": 54, ""min_gain_to_split"": 0.5279798578307084, ""num_leaves"": 60, ""objective"": ""binary"", ""scale_pos_weight"": 1.0, ""seed"": 510, ""verbosity"": -1}",1,0.2,128
469,128,18.466,0.5392520759527439,0.7758113780272916,0.5179806521289552,0.487331373227257,0.5527438575842283,3.2596437350693557,0.2589459941523058,0.19999803602695465,0.651922345161438,"{""bagging_fraction"": 0.739410264761777, ""bagging_freq"": 1, ""bagging_seed"": 511, ""boosting_type"": ""gbdt"", ""data_random_seed"": 511, ""deterministic"": true, ""feature_fraction"": 0.9210261554613433, ""feature_fraction_seed"": 511, ""force_col_wise"": true, ""lambda_l1"": 5.404904409267953e-05, ""lambda_l2"": 8.801115618778278e-06, ""learning_rate"": 0.014969645533932383, ""max_bin"": 127, ""max_depth"": 8, ""metric"": ""None"", ""min_data_in_leaf"": 59, ""min_gain_to_split"": 0.9693538886985864, ""num_leaves"": 78, ""objective"": ""binary"", ""scale_pos_weight"": 1.0, ""seed"": 511, ""verbosity"": -1}",1,0.2,128
470,128,2.506,0.5330374890240109,0.7741489592318034,0.5148541291140931,0.4712784160351992,0.5673091069589524,3.214037091291594,0.523813701005751,0.19999803602695465,0.6428011059761047,"{""bagging_fraction"": 0.9575278286803695, ""bagging_freq"": 1, ""bagging_seed"": 512, ""boosting_type"": ""gbdt"", ""data_random_seed"": 512, ""deterministic"": true, ""feature_fraction"": 0.6559638266807897, ""feature_fraction_seed"": 512, ""force_col_wise"": true, ""lambda_l1"": 3.217725801036981e-06, ""lambda_l2"": 0.0067779643636596545, ""learning_rate"": 0.015064398870075648, ""max_bin"": 127, ""max_depth"": 8, ""metric"": ""None"", ""min_data_in_leaf"": 1941, ""min_gain_to_split"": 0.04049895193336772, ""num_leaves"": 24, ""objective"": ""binary"", ""scale_pos_weight"": 4.0, ""seed"": 512, ""verbosity"": -1}",1,0.2,128
471,128,2.907,0.5422745483226671,0.7773682783324497,0.5184107886560455,0.4707082833133253,0.5768721494777107,3.2694514776546324,0.2526210487902003,0.19999803602695465,0.6538838744163513,"{""bagging_fraction"": 0.9865614300572081, ""bagging_freq"": 1, ""bagging_seed"": 513, ""boosting_type"": ""gbdt"", ""data_random_seed"": 513, ""deterministic"": true, ""feature_fraction"": 0.9228236267205621, ""feature_fraction_seed"": 513, ""force_col_wise"": true, ""lambda_l1"": 0.00013575782180264465, ""lambda_l2"": 0.005287780107496493, ""learning_rate"": 0.0588618646558272, ""max_bin"": 127, ""max_depth"": 8, ""metric"": ""None"", ""min_data_in_leaf"": 120, ""min_gain_to_split"": 0.7904132683455726, ""num_leaves"": 69, ""objective"": ""binary"", ""scale_pos_weight"": 1.0, ""seed"": 513, ""verbosity"": -1}",1,0.2,128
472,128,2.16,0.5410027304941509,0.7772276270955778,0.5185316860723491,0.47405842440986473,0.5722132313275464,3.258172379964566,0.5812410029635743,0.19999803602695465,0.6516280770301819,"{""bagging_fraction"": 0.7901289702729405, ""bagging_freq"": 1, ""bagging_seed"": 514, ""boosting_type"": ""gbdt"", ""data_random_seed"": 514, ""deterministic"": true, ""feature_fraction"": 0.6797740165363764, ""feature_fraction_seed"": 514, ""force_col_wise"": true, ""lambda_l1"": 0.000530028059172369, ""lambda_l2"": 0.4506928418020858, ""learning_rate"": 0.10391363522552913, ""max_bin"": 127, ""max_depth"": 6, ""metric"": ""None"", ""min_data_in_leaf"": 76, ""min_gain_to_split"": 0.9961272576386072, ""num_leaves"": 33, ""objective"": ""binary"", ""scale_pos_weight"": 4.0, ""seed"": 514, ""verbosity"": -1}",1,0.2,128
473,128,2.679,0.5380868277552169,0.776167441266091,0.5179264776004178,0.4822410147991543,0.5593153842381443,3.254739714763642,0.403332760869796,0.19999803602695465,0.6509415507316589,"{""bagging_fraction"": 0.9352877784167875, ""bagging_freq"": 1, ""bagging_seed"": 515, ""boosting_type"": ""gbdt"", ""data_random_seed"": 515, ""deterministic"": true, ""feature_fraction"": 0.7722593844194796, ""feature_fraction_seed"": 515, ""force_col_wise"": true, ""lambda_l1"": 0.08610606151075803, ""lambda_l2"": 1.4779652102458871e-08, ""learning_rate"": 0.020853416185849374, ""max_bin"": 127, ""max_depth"": -1, ""metric"": ""None"", ""min_data_in_leaf"": 293, ""min_gain_to_split"": 0.4550217605831879, ""num_leaves"": 41, ""objective"": ""binary"", ""scale_pos_weight"": 2.0, ""seed"": 515, ""verbosity"": -1}",1,0.2,128
474,128,2.511,0.5376208543561876,0.7763682836926248,0.5173884370191251,0.4688633013267461,0.5771173556961404,3.2326720704271557,0.5711485688644113,0.19999803602695465,0.6465280652046204,"{""bagging_fraction"": 0.890338201511929, ""bagging_freq"": 1, ""bagging_seed"": 516, ""boosting_type"": ""gbdt"", ""data_random_seed"": 516, ""deterministic"": true, ""feature_fraction"": 0.6344721651023915, ""feature_fraction_seed"": 516, ""force_col_wise"": true, ""lambda_l1"": 7.809192370050856e-06, ""lambda_l2"": 0.0019993352135218734, ""learning_rate"": 0.03479102513877502, ""max_bin"": 63, ""max_depth"": 8, ""metric"": ""None"", ""min_data_in_leaf"": 228, ""min_gain_to_split"": 0.5157301809587675, ""num_leaves"": 22, ""objective"": ""binary"", ""scale_pos_weight"": 4.0, ""seed"": 516, ""verbosity"": -1}",1,0.2,128
475,128,2.165,0.5335888120551846,0.7736600541375287,0.5147932916454913,0.4684710045845733,0.5712814476975137,3.21452734430909,0.3683642172348479,0.19999803602695465,0.6428991556167603,"{""bagging_fraction"": 0.6843440119384628, ""bagging_freq"": 1, ""bagging_seed"": 517, ""boosting_type"": ""gbdt"", ""data_random_seed"": 517, ""deterministic"": true, ""feature_fraction"": 0.7440467356566258, ""feature_fraction_seed"": 517, ""force_col_wise"": true, ""lambda_l1"": 0.07390668816955126, ""lambda_l2"": 1.6121022643393548e-06, ""learning_rate"": 0.013915560212267471, ""max_bin"": 127, ""max_depth"": 16, ""metric"": ""None"", ""min_data_in_leaf"": 151, ""min_gain_to_split"": 0.08477474277224473, ""num_leaves"": 21, ""objective"": ""binary"", ""scale_pos_weight"": 2.0, ""seed"": 517, ""verbosity"": -1}",1,0.2,128
476,128,38.116,0.5419448274890053,0.7770774874768436,0.5184912772657273,0.4879304377920055,0.5531361875337159,3.262095596209137,0.4256345275412414,0.19999803602695465,0.6524127125740051,"{""bagging_fraction"": 0.8566252908867376, ""bagging_freq"": 1, ""bagging_seed"": 518, ""boosting_type"": ""gbdt"", ""data_random_seed"": 518, ""deterministic"": true, ""feature_fraction"": 0.8758862657871296, ""feature_fraction_seed"": 518, ""force_col_wise"": true, ""lambda_l1"": 1.2861739004350497e-06, ""lambda_l2"": 0.0009053781929783466, ""learning_rate"": 0.08120160636285624, ""max_bin"": 127, ""max_depth"": 8, ""metric"": ""None"", ""min_data_in_leaf"": 392, ""min_gain_to_split"": 0.770609332638432, ""num_leaves"": 167, ""objective"": ""binary"", ""scale_pos_weight"": 2.0, ""seed"": 518, ""verbosity"": -1}",1,0.2,128
477,128,10.628,0.5417143465714099,0.7775366542711939,0.5181864583564502,0.4732468585326307,0.572556520033348,3.2684706735934896,0.2570126166607464,0.19999803602695465,0.6536877155303955,"{""bagging_fraction"": 0.8497977243874208, ""bagging_freq"": 1, ""bagging_seed"": 519, ""boosting_type"": ""gbdt"", ""data_random_seed"": 519, ""deterministic"": true, ""feature_fraction"": 0.5905247670019719, ""feature_fraction_seed"": 519, ""force_col_wise"": true, ""lambda_l1"": 0.6182773234688288, ""lambda_l2"": 1.8744833718225383e-07, ""learning_rate"": 0.058766807926656825, ""max_bin"": 127, ""max_depth"": 6, ""metric"": ""None"", ""min_data_in_leaf"": 320, ""min_gain_to_split"": 0.36610566221644936, ""num_leaves"": 59, ""objective"": ""binary"", ""scale_pos_weight"": 1.0, ""seed"": 519, ""verbosity"": -1}",1,0.2,128
478,128,4.846,0.5396655387905346,0.7760014432850343,0.517307512395921,0.4944779789850212,0.5423471139228091,3.258172379964566,0.2556687204699579,0.19999803602695465,0.6516280770301819,"{""bagging_fraction"": 0.9910056902252316, ""bagging_freq"": 1, ""bagging_seed"": 520, ""boosting_type"": ""gbdt"", ""data_random_seed"": 520, ""deterministic"": true, ""feature_fraction"": 0.6736946844812586, ""feature_fraction_seed"": 520, ""force_col_wise"": true, ""lambda_l1"": 1.8631896785868365e-06, ""lambda_l2"": 0.03399190948603331, ""learning_rate"": 0.010835521097835607, ""max_bin"": 63, ""max_depth"": 12, ""metric"": ""None"", ""min_data_in_leaf"": 186, ""min_gain_to_split"": 0.2837580958059338, ""num_leaves"": 248, ""objective"": ""binary"", ""scale_pos_weight"": 1.0, ""seed"": 520, ""verbosity"": -1}",1,0.2,128
479,128,9.609,0.5396889754028366,0.776862404961847,0.5176332111005478,0.4806827258586623,0.5607375803050365,3.2473838333181466,0.593361407920912,0.19999803602695465,0.6494703888893127,"{""bagging_fraction"": 0.8857469044321755, ""bagging_freq"": 1, ""bagging_seed"": 521, ""boosting_type"": ""gbdt"", ""data_random_seed"": 521, ""deterministic"": true, ""feature_fraction"": 0.6626694695454205, ""feature_fraction_seed"": 521, ""force_col_wise"": true, ""lambda_l1"": 0.08467427877253386, ""lambda_l2"": 0.032882524271965065, ""learning_rate"": 0.06362029138197205, ""max_bin"": 63, ""max_depth"": -1, ""metric"": ""None"", ""min_data_in_leaf"": 605, ""min_gain_to_split"": 0.02448344146761039, ""num_leaves"": 15, ""objective"": ""binary"", ""scale_pos_weight"": 4.0, ""seed"": 521, ""verbosity"": -1}",1,0.2,128
480,128,2.289,0.5416454613135111,0.7768370410819367,0.5184277374214538,0.4750684036427492,0.5704967877985385,3.2557205188247846,0.58209461331652,0.19999803602695465,0.6511377096176147,"{""bagging_fraction"": 0.8472626539770483, ""bagging_freq"": 1, ""bagging_seed"": 522, ""boosting_type"": ""gbdt"", ""data_random_seed"": 522, ""deterministic"": true, ""feature_fraction"": 0.6221785622752363, ""feature_fraction_seed"": 522, ""force_col_wise"": true, ""lambda_l1"": 0.06240758795846283, ""lambda_l2"": 2.1599612323726947e-08, ""learning_rate"": 0.14605001364464543, ""max_bin"": 63, ""max_depth"": -1, ""metric"": ""None"", ""min_data_in_leaf"": 1005, ""min_gain_to_split"": 0.5537620942652262, ""num_leaves"": 30, ""objective"": ""binary"", ""scale_pos_weight"": 4.0, ""seed"": 522, ""verbosity"": -1}",1,0.2,128
481,128,4.324,0.5410904803077595,0.7771332008308856,0.5178613827192471,0.4624874701210579,0.5882987592565347,3.266999616514851,0.38118384896068974,0.19999803602695465,0.6533935070037842,"{""bagging_fraction"": 0.9319009092162982, ""bagging_freq"": 1, ""bagging_seed"": 523, ""boosting_type"": ""gbdt"", ""data_random_seed"": 523, ""deterministic"": true, ""feature_fraction"": 0.7138876192776373, ""feature_fraction_seed"": 523, ""force_col_wise"": true, ""lambda_l1"": 5.19738405177403e-07, ""lambda_l2"": 0.24681254311656195, ""learning_rate"": 0.022744507605124434, ""max_bin"": 127, ""max_depth"": 10, ""metric"": ""None"", ""min_data_in_leaf"": 91, ""min_gain_to_split"": 0.07906917736795571, ""num_leaves"": 180, ""objective"": ""binary"", ""scale_pos_weight"": 2.0, ""seed"": 523, ""verbosity"": -1}",1,0.2,128
482,128,27.443,0.5378927406398327,0.775156192062177,0.5167983510821024,0.48478989430265534,0.5533323525084596,3.2611147921479944,0.255036826068366,0.19999803602695465,0.6522165536880493,"{""bagging_fraction"": 0.852407075034814, ""bagging_freq"": 1, ""bagging_seed"": 524, ""boosting_type"": ""gbdt"", ""data_random_seed"": 524, ""deterministic"": true, ""feature_fraction"": 0.991568012834795, ""feature_fraction_seed"": 524, ""force_col_wise"": true, ""lambda_l1"": 0.08347515315819826, ""lambda_l2"": 0.0003563071233239036, ""learning_rate"": 0.012262971915302286, ""max_bin"": 127, ""max_depth"": 10, ""metric"": ""None"", ""min_data_in_leaf"": 1149, ""min_gain_to_split"": 0.9127369011811262, ""num_leaves"": 102, ""objective"": ""binary"", ""scale_pos_weight"": 1.0, ""seed"": 524, ""verbosity"": -1}",1,0.2,128
483,128,35.429,0.5417612693997407,0.7772655162889003,0.5185450475657527,0.47698072805139186,0.5680447256142416,3.2709225347332715,0.2599260334472311,0.19999803602695465,0.6541780829429626,"{""bagging_fraction"": 0.6412247895532075, ""bagging_freq"": 1, ""bagging_seed"": 525, ""boosting_type"": ""gbdt"", ""data_random_seed"": 525, ""deterministic"": true, ""feature_fraction"": 0.8784185144787118, ""feature_fraction_seed"": 525, ""force_col_wise"": true, ""lambda_l1"": 7.981015226209057e-07, ""lambda_l2"": 6.344313915463069, ""learning_rate"": 0.10943017300314345, ""max_bin"": 63, ""max_depth"": 10, ""metric"": ""None"", ""min_data_in_leaf"": 312, ""min_gain_to_split"": 0.43461036073720605, ""num_leaves"": 29, ""objective"": ""binary"", ""scale_pos_weight"": 1.0, ""seed"": 525, ""verbosity"": -1}",1,0.2,128
484,128,26.254,0.5378073233997561,0.776176149521506,0.5165652467883706,0.47791817840610534,0.562012652640871,3.24149900895129,0.5711364003561209,0.19999803602695465,0.6482934355735779,"{""bagging_fraction"": 0.8432644415100006, ""bagging_freq"": 1, ""bagging_seed"": 526, ""boosting_type"": ""gbdt"", ""data_random_seed"": 526, ""deterministic"": true, ""feature_fraction"": 0.9939655341649409, ""feature_fraction_seed"": 526, ""force_col_wise"": true, ""lambda_l1"": 0.019920546431175686, ""lambda_l2"": 7.878844465777258e-06, ""learning_rate"": 0.024537582584766113, ""max_bin"": 127, ""max_depth"": 8, ""metric"": ""None"", ""min_data_in_leaf"": 1506, ""min_gain_to_split"": 0.8571585954487491, ""num_leaves"": 46, ""objective"": ""binary"", ""scale_pos_weight"": 4.0, ""seed"": 526, ""verbosity"": -1}",1,0.2,128
485,128,2.618,0.5369297648034291,0.7743536707247641,0.5162072232872789,0.46870748299319726,0.5744200872934138,3.2488548903967853,0.24177743592084788,0.19999803602695465,0.6497645974159241,"{""bagging_fraction"": 0.8538268223714722, ""bagging_freq"": 1, ""bagging_seed"": 527, ""boosting_type"": ""gbdt"", ""data_random_seed"": 527, ""deterministic"": true, ""feature_fraction"": 0.68664031054216, ""feature_fraction_seed"": 527, ""force_col_wise"": true, ""lambda_l1"": 0.00015964863759404714, ""lambda_l2"": 8.09382584268036e-06, ""learning_rate"": 0.01333869529530215, ""max_bin"": 127, ""max_depth"": 6, ""metric"": ""None"", ""min_data_in_leaf"": 1212, ""min_gain_to_split"": 0.28677421076029486, ""num_leaves"": 236, ""objective"": ""binary"", ""scale_pos_weight"": 1.0, ""seed"": 527, ""verbosity"": -1}",1,0.2,128
486,128,31.891,0.5423494407101156,0.7775223014476955,0.5185086254869227,0.4747289475829461,0.5711833652101417,3.2719033387944143,0.25590093393309254,0.19999803602695465,0.6543742418289185,"{""bagging_fraction"": 0.8373660383487437, ""bagging_freq"": 1, ""bagging_seed"": 528, ""boosting_type"": ""gbdt"", ""data_random_seed"": 528, ""deterministic"": true, ""feature_fraction"": 0.9723748018479614, ""feature_fraction_seed"": 528, ""force_col_wise"": true, ""lambda_l1"": 1.2485499352012739, ""lambda_l2"": 9.625881130501511e-08, ""learning_rate"": 0.04426374904925681, ""max_bin"": 127, ""max_depth"": 10, ""metric"": ""None"", ""min_data_in_leaf"": 111, ""min_gain_to_split"": 0.6228509658561748, ""num_leaves"": 53, ""objective"": ""binary"", ""scale_pos_weight"": 1.0, ""seed"": 528, ""verbosity"": -1}",1,0.2,128
487,128,2.328,0.5385888314131813,0.77575054710388,0.51719841587683,0.47334555080431684,0.5700063753616792,3.2473838333181466,0.2529749143486858,0.19999803602695465,0.6494703888893127,"{""bagging_fraction"": 0.7512395342155909, ""bagging_freq"": 1, ""bagging_seed"": 529, ""boosting_type"": ""gbdt"", ""data_random_seed"": 529, ""deterministic"": true, ""feature_fraction"": 0.6728201770374096, ""feature_fraction_seed"": 529, ""force_col_wise"": true, ""lambda_l1"": 8.583658382898138e-06, ""lambda_l2"": 2.7635457228161492e-06, ""learning_rate"": 0.024501520511517178, ""max_bin"": 127, ""max_depth"": 16, ""metric"": ""None"", ""min_data_in_leaf"": 133, ""min_gain_to_split"": 0.6485122984051379, ""num_leaves"": 26, ""objective"": ""binary"", ""scale_pos_weight"": 1.0, ""seed"": 529, ""verbosity"": -1}",1,0.2,128
488,128,31.183,0.5395823926271884,0.7765599594079317,0.5180847709562633,0.4790304443796593,0.5640723848756805,3.258172379964566,0.4064557301304233,0.19999803602695465,0.6516280770301819,"{""bagging_fraction"": 0.5504167480291322, ""bagging_freq"": 1, ""bagging_seed"": 530, ""boosting_type"": ""gbdt"", ""data_random_seed"": 530, ""deterministic"": true, ""feature_fraction"": 0.6402999814358129, ""feature_fraction_seed"": 530, ""force_col_wise"": true, ""lambda_l1"": 0.0001836156804774335, ""lambda_l2"": 2.2419664265389544e-08, ""learning_rate"": 0.025136156077951697, ""max_bin"": 63, ""max_depth"": 6, ""metric"": ""None"", ""min_data_in_leaf"": 113, ""min_gain_to_split"": 0.2729398117749001, ""num_leaves"": 106, ""objective"": ""binary"", ""scale_pos_weight"": 2.0, ""seed"": 530, ""verbosity"": -1}",1,0.2,128
489,128,1.92,0.5415688438935208,0.7770839362215154,0.5188107589694407,0.46694393220072977,0.5836398411063705,3.2719033387944143,0.3984021132413851,0.19999803602695465,0.6543742418289185,"{""bagging_fraction"": 0.9299860959966596, ""bagging_freq"": 1, ""bagging_seed"": 531, ""boosting_type"": ""gbdt"", ""data_random_seed"": 531, ""deterministic"": true, ""feature_fraction"": 0.7586670620208482, ""feature_fraction_seed"": 531, ""force_col_wise"": true, ""lambda_l1"": 0.16742236503063293, ""lambda_l2"": 1.3682735417170194e-07, ""learning_rate"": 0.12025904662214063, ""max_bin"": 127, ""max_depth"": 16, ""metric"": ""None"", ""min_data_in_leaf"": 157, ""min_gain_to_split"": 0.12444884834835213, ""num_leaves"": 28, ""objective"": ""binary"", ""scale_pos_weight"": 2.0, ""seed"": 531, ""verbosity"": -1}",1,0.2,128
490,128,4.491,0.5390981132703057,0.7742442774560986,0.5153824704898224,0.48973283285493485,0.5438673924770732,3.2434606170735756,0.42952203342045614,0.19999803602695465,0.6486857533454895,"{""bagging_fraction"": 0.8587581895012523, ""bagging_freq"": 1, ""bagging_seed"": 532, ""boosting_type"": ""gbdt"", ""data_random_seed"": 532, ""deterministic"": true, ""feature_fraction"": 0.6200538387063008, ""feature_fraction_seed"": 532, ""force_col_wise"": true, ""lambda_l1"": 1.7696982904698848, ""lambda_l2"": 0.00012385787717592343, ""learning_rate"": 0.10551436320955329, ""max_bin"": 63, ""max_depth"": -1, ""metric"": ""None"", ""min_data_in_leaf"": 416, ""min_gain_to_split"": 0.0830827746920515, ""num_leaves"": 183, ""objective"": ""binary"", ""scale_pos_weight"": 2.0, ""seed"": 532, ""verbosity"": -1}",1,0.2,128
491,128,3.571,0.5420920275093688,0.7772852304900724,0.5185496351978776,0.47212045573493294,0.5751066647050169,3.2709225347332715,0.252062700602343,0.19999803602695465,0.6541780829429626,"{""bagging_fraction"": 0.6731651834356532, ""bagging_freq"": 1, ""bagging_seed"": 533, ""boosting_type"": ""gbdt"", ""data_random_seed"": 533, ""deterministic"": true, ""feature_fraction"": 0.9437037402126651, ""feature_fraction_seed"": 533, ""force_col_wise"": true, ""lambda_l1"": 2.616126397551399e-07, ""lambda_l2"": 5.732227203939025e-06, ""learning_rate"": 0.030231025869967947, ""max_bin"": 127, ""max_depth"": 10, ""metric"": ""None"", ""min_data_in_leaf"": 175, ""min_gain_to_split"": 0.03491579182274651, ""num_leaves"": 149, ""objective"": ""binary"", ""scale_pos_weight"": 1.0, ""seed"": 533, ""verbosity"": -1}",1,0.2,128
492,128,2.195,0.5409675131485504,0.777273668084179,0.5186852978041874,0.4923978669957252,0.5479378157030063,3.259153184025709,0.4339559018145735,0.19999803602695465,0.6518242359161377,"{""bagging_fraction"": 0.9435859353293228, ""bagging_freq"": 1, ""bagging_seed"": 534, ""boosting_type"": ""gbdt"", ""data_random_seed"": 534, ""deterministic"": true, ""feature_fraction"": 0.5848982534176599, ""feature_fraction_seed"": 534, ""force_col_wise"": true, ""lambda_l1"": 3.1407693164858617, ""lambda_l2"": 2.6245228942427576e-08, ""learning_rate"": 0.05975284377139631, ""max_bin"": 63, ""max_depth"": -1, ""metric"": ""None"", ""min_data_in_leaf"": 81, ""min_gain_to_split"": 0.7600717815435403, ""num_leaves"": 22, ""objective"": ""binary"", ""scale_pos_weight"": 2.0, ""seed"": 534, ""verbosity"": -1}",1,0.2,128
493,128,1.953,0.5402309934508752,0.7764684005212952,0.5182623440951383,0.4754380219420337,0.5695650041685058,3.258662931008213,0.5816815447645137,0.19999803602695465,0.6517261862754822,"{""bagging_fraction"": 0.9354588297171358, ""bagging_freq"": 1, ""bagging_seed"": 535, ""boosting_type"": ""gbdt"", ""data_random_seed"": 535, ""deterministic"": true, ""feature_fraction"": 0.7538869543644222, ""feature_fraction_seed"": 535, ""force_col_wise"": true, ""lambda_l1"": 0.03608633552794831, ""lambda_l2"": 0.00017563631865957354, ""learning_rate"": 0.14874982393428118, ""max_bin"": 63, ""max_depth"": 12, ""metric"": ""None"", ""min_data_in_leaf"": 143, ""min_gain_to_split"": 0.2445628432858732, ""num_leaves"": 40, ""objective"": ""binary"", ""scale_pos_weight"": 4.0, ""seed"": 535, ""verbosity"": -1}",1,0.2,128
494,128,2.492,0.5416657589317614,0.7772345237741249,0.518725189973914,0.48256942685912046,0.5607375803050365,3.2679804205759937,0.5903557763948387,0.19999803602695465,0.65358966588974,"{""bagging_fraction"": 0.7862096709797112, ""bagging_freq"": 1, ""bagging_seed"": 536, ""boosting_type"": ""gbdt"", ""data_random_seed"": 536, ""deterministic"": true, ""feature_fraction"": 0.7653220471636681, ""feature_fraction_seed"": 536, ""force_col_wise"": true, ""lambda_l1"": 0.09583680486534799, ""lambda_l2"": 6.274134971434582, ""learning_rate"": 0.10115831347870588, ""max_bin"": 127, ""max_depth"": 8, ""metric"": ""None"", ""min_data_in_leaf"": 219, ""min_gain_to_split"": 0.44436616263823236, ""num_leaves"": 47, ""objective"": ""binary"", ""scale_pos_weight"": 4.0, ""seed"": 536, ""verbosity"": -1}",1,0.2,128
495,128,2.114,0.538390080295324,0.7756848836052693,0.5174301224819418,0.47682639434406915,0.5655926634299446,3.2483646373792894,0.25838163364519656,0.19999803602695465,0.6496665477752686,"{""bagging_fraction"": 0.7425524184306612, ""bagging_freq"": 1, ""bagging_seed"": 537, ""boosting_type"": ""gbdt"", ""data_random_seed"": 537, ""deterministic"": true, ""feature_fraction"": 0.5889013359709628, ""feature_fraction_seed"": 537, ""force_col_wise"": true, ""lambda_l1"": 3.2078601300146695e-07, ""lambda_l2"": 1.311175162317379e-05, ""learning_rate"": 0.02750281307841943, ""max_bin"": 63, ""max_depth"": 8, ""metric"": ""None"", ""min_data_in_leaf"": 150, ""min_gain_to_split"": 0.7935777493916063, ""num_leaves"": 22, ""objective"": ""binary"", ""scale_pos_weight"": 1.0, ""seed"": 537, ""verbosity"": -1}",1,0.2,128
496,128,3.081,0.5421342942311305,0.7773739740070825,0.5187881429816914,0.4669072933422261,0.5836398411063705,3.2733746938992034,0.24898510133106774,0.19999803602695465,0.6546685099601746,"{""bagging_fraction"": 0.8156661432328298, ""bagging_freq"": 1, ""bagging_seed"": 538, ""boosting_type"": ""gbdt"", ""data_random_seed"": 538, ""deterministic"": true, ""feature_fraction"": 0.7051447872846794, ""feature_fraction_seed"": 538, ""force_col_wise"": true, ""lambda_l1"": 0.00036266050155473297, ""lambda_l2"": 2.1755973767697372e-07, ""learning_rate"": 0.052437733931832216, ""max_bin"": 127, ""max_depth"": 8, ""metric"": ""None"", ""min_data_in_leaf"": 102, ""min_gain_to_split"": 0.44679634469056895, ""num_leaves"": 193, ""objective"": ""binary"", ""scale_pos_weight"": 1.0, ""seed"": 538, ""verbosity"": -1}",1,0.2,128
497,128,9.621,0.5401441053390019,0.7764479960810776,0.5174564710105906,0.4769408942383257,0.5654945809425727,3.262095596209137,0.2543196918678853,0.19999803602695465,0.6524127125740051,"{""bagging_fraction"": 0.9119245747499085, ""bagging_freq"": 1, ""bagging_seed"": 539, ""boosting_type"": ""gbdt"", ""data_random_seed"": 539, ""deterministic"": true, ""feature_fraction"": 0.7014731651044825, ""feature_fraction_seed"": 539, ""force_col_wise"": true, ""lambda_l1"": 2.1555753479107004e-06, ""lambda_l2"": 0.0027963507847822066, ""learning_rate"": 0.020625651181156904, ""max_bin"": 63, ""max_depth"": 10, ""metric"": ""None"", ""min_data_in_leaf"": 65, ""min_gain_to_split"": 0.41002971371031194, ""num_leaves"": 85, ""objective"": ""binary"", ""scale_pos_weight"": 1.0, ""seed"": 539, ""verbosity"": -1}",1,0.2,128
498,128,9.299,0.5414949736550189,0.7770972951729386,0.5176412644398675,0.47621205256003624,0.566965818253151,3.2709225347332715,0.41454944709560804,0.19999803602695465,0.6541780829429626,"{""bagging_fraction"": 0.8568098711641888, ""bagging_freq"": 1, ""bagging_seed"": 540, ""boosting_type"": ""gbdt"", ""data_random_seed"": 540, ""deterministic"": true, ""feature_fraction"": 0.8856749601711167, ""feature_fraction_seed"": 540, ""force_col_wise"": true, ""lambda_l1"": 2.791351180452108e-08, ""lambda_l2"": 1.5165077931597307e-07, ""learning_rate"": 0.11952382150876063, ""max_bin"": 63, ""max_depth"": 10, ""metric"": ""None"", ""min_data_in_leaf"": 1431, ""min_gain_to_split"": 0.6383399638096628, ""num_leaves"": 40, ""objective"": ""binary"", ""scale_pos_weight"": 2.0, ""seed"": 540, ""verbosity"": -1}",1,0.2,128
499,128,7.551,0.538246460695779,0.7754875170253577,0.5166570297558155,0.47267548321464903,0.5696630866558776,3.2444414211347183,0.24981680416760288,0.19999803602695465,0.6488819122314453,"{""bagging_fraction"": 0.5663943762894376, ""bagging_freq"": 1, ""bagging_seed"": 541, ""boosting_type"": ""gbdt"", ""data_random_seed"": 541, ""deterministic"": true, ""feature_fraction"": 0.5822142859683622, ""feature_fraction_seed"": 541, ""force_col_wise"": true, ""lambda_l1"": 9.740962808893916e-05, ""lambda_l2"": 0.0035822607874274708, ""learning_rate"": 0.018423445866705402, ""max_bin"": 127, ""max_depth"": 6, ""metric"": ""None"", ""min_data_in_leaf"": 144, ""min_gain_to_split"": 0.8688852333918029, ""num_leaves"": 136, ""objective"": ""binary"", ""scale_pos_weight"": 1.0, ""seed"": 541, ""verbosity"": -1}",1,0.2,128
