round,target_epoch,steps_per_epoch,updates_accumulated,candidate_id,lr,dropout,activation,hidden_dims,batch_size,weight_decay,pos_weight,pr_auc,roc_auc,f1,precision,recall,lift_at_10,threshold_f1,base_rate,top10_positive_rate,val_loss,duration_seconds
1,5,125,625,817,0.004057439498603711,0.13723698674466572,leaky_relu,"[128, 256, 32]",16384,6.27658680656254e-06,1.0,0.534635632688466,0.773683858728758,0.5116308176437984,0.47002299605781866,0.5613205696574993,3.2287457104214177,0.2512854039669037,0.20000000298023224,0.6457491517066956,0.4102403013678801,3.370098352432251
1,5,125,625,824,0.004715381599833196,0.16584763033094269,leaky_relu,"[256, 128, 64]",16384,1.7115256105042944e-06,2.0,0.5344609842727569,0.7734677329212004,0.5115339178014052,0.46742041783679367,0.5648416964180627,3.229334306279804,0.42509526014328003,0.20000000298023224,0.645866870880127,0.6218346636060258,3.3631064891815186
1,5,125,625,161,0.004751585460750109,0.05911102627406577,leaky_relu,"[64, 64, 32]",16384,4.936237158074946e-06,2.0,0.5343018310557482,0.7733564566836882,0.5118061958116277,0.47659124550644955,0.5526403546627957,3.2308053488909403,0.41306954622268677,0.20000000298023224,0.6461610794067383,0.6223161853670705,3.4416801929473877
1,5,63,315,138,0.008719796893450125,0.058454101121652516,relu,"[64, 128, 64, 64]",32768,1.3475886236935304e-06,1.0,0.53428138688165,0.7735559963613928,0.5116324718835459,0.46925147912046544,0.5624288908941112,3.2277649160062536,0.2514150142669678,0.20000000298023224,0.6455529928207397,0.41042270202322245,2.4395885467529297
1,5,125,625,330,0.004512971190089239,0.2059764737479408,relu,"[256, 256, 32]",16384,1.209876356320391e-07,1.0,0.5338775272609818,0.7734561497490429,0.5116434883384036,0.47511350260635615,0.5542586998312998,3.22590137681512,0.2554514706134796,0.20000000298023224,0.6451802849769592,0.41051055725224417,3.3590569496154785
1,5,125,625,98,0.00790222061659122,0.11459560922858276,relu,"[256, 256]",16384,1.608718759331238e-07,1.0,0.5338436249204671,0.7731071067406523,0.5109168114791858,0.4775135771103135,0.5493448154105692,3.2241358872631807,0.2545166611671448,0.20000000298023224,0.6448271870613098,0.4116493418625092,2.8446478843688965
1,5,63,315,660,0.005102995266548861,0.1434023498185529,leaky_relu,"[256, 256, 128, 32]",32768,5.966817221958591e-06,2.0,0.5337845130728166,0.7732834840543105,0.5114024703491099,0.46956906947554944,0.5614186511828632,3.2273724194262563,0.40031641721725464,0.20000000298023224,0.6454744935035706,0.6226066361731155,2.3916518688201904
1,5,125,625,646,0.0033426795778267147,0.206893100749433,relu,"[64, 128, 256, 128]",16384,2.9351318132922096e-06,1.0,0.5337635461707271,0.7731905525521721,0.5113037366756472,0.4728513574321284,0.556563615677351,3.2306092496125514,0.2651132643222809,0.20000000298023224,0.6461218595504761,0.4105156270981284,3.8806495666503906
1,5,63,315,822,0.009196797323710187,0.0751392951043598,relu,"[32, 128]",32768,1.4657624630625362e-07,4.0,0.5336899509033495,0.7734483717140963,0.5112911432037885,0.45927048584798796,0.5766016713091922,3.2265880223127006,0.5756643414497375,0.20000000298023224,0.6453176140785217,0.9051113717777404,1.8557798862457275
1,5,125,625,621,0.0056161490476446824,0.06593556871143376,leaky_relu,"[32, 64, 32, 32]",16384,4.8445484280362104e-05,1.0,0.5336718417645895,0.7728781190123238,0.5113569865948846,0.4725536198605634,0.5571030640668524,3.2267841215910895,0.24610568583011627,0.20000000298023224,0.6453568339347839,0.41068510597836927,3.874156951904297
1,5,125,625,294,0.003842689301703065,0.14130774806484434,relu,"[32, 128, 64]",16384,2.443581694929557e-07,2.0,0.5333666400807676,0.7733692966227921,0.5113109431505222,0.4636047420739393,0.5699615520420573,3.2143276450883205,0.39010003209114075,0.20000000298023224,0.6428655385971069,0.6229083471030886,3.540978193283081
1,5,125,625,534,0.00798908078634138,0.22831647603675687,relu,"[64, 64, 128]",16384,2.92968522094972e-07,2.0,0.5333455786518553,0.773152595936919,0.5120807627593943,0.47192748864942646,0.5597022244889952,3.2262935753718978,0.4248691201210022,0.20000000298023224,0.6452587246894836,0.6225009964443964,3.3942201137542725
1,5,125,625,346,0.0024358508109955305,0.11773789589214874,leaky_relu,"[64, 256, 32]",16384,6.755828781708721e-05,4.0,0.5332492279441505,0.7732790141279932,0.5111069378118795,0.4696683321280652,0.5605653419121974,3.220801007437691,0.5634540915489197,0.20000000298023224,0.6441602110862732,0.9065731221643004,3.3685123920440674
1,5,63,315,491,0.0040764999123570605,0.1256144670895113,leaky_relu,"[64, 256, 256, 32]",32768,1.3173418129273819e-05,1.0,0.5332050520845143,0.7728377605271615,0.5107154327750133,0.4630863379955798,0.5692651732119738,3.2237433906831834,0.23503369092941284,0.20000000298023224,0.6447486877441406,0.4113464338676371,2.4019393920898438
1,5,125,625,172,0.0033595136557025692,0.26334245367618786,relu,"[64, 256, 128]",16384,6.109641560343175e-07,2.0,0.5329909657542873,0.7730038956585821,0.5118197908857413,0.4672271221582396,0.5658225116717015,3.2202127096025244,0.39747071266174316,0.20000000298023224,0.6440425515174866,0.622755131873402,3.3676435947418213
1,5,63,315,135,0.006977367434384002,0.0948984877420562,relu,"[128, 32]",32768,4.747840046507737e-05,1.0,0.5329704889999841,0.7729142597230167,0.5108250704994087,0.47627731035418647,0.5507768056808819,3.2255088802351226,0.27724745869636536,0.20000000298023224,0.64510178565979,0.4109383875554632,1.920097827911377
1,5,63,315,118,0.005521362740364479,0.15042965063500463,relu,"[256, 32, 128, 128]",32768,0.0001904036160246266,4.0,0.5329585651628732,0.7725103028424999,0.5110200755946858,0.47449961751527836,0.5536309780689709,3.2243319865415696,0.5649130940437317,0.20000000298023224,0.644866406917572,0.9137777088875347,2.5070199966430664
1,5,63,315,892,0.004350572139787535,0.18424049642281493,relu,"[128, 64, 64]",32768,0.0002516182263863066,2.0,0.5329270045933314,0.7730213663701627,0.5111705354935844,0.47175007673228314,0.5577798265918632,3.2205068585201078,0.4078361988067627,0.20000000298023224,0.6441013813018799,0.6234263825942248,2.144868850708008
1,5,125,625,827,0.003061980820985245,0.16822026761941372,relu,"[128, 32, 256, 64]",16384,5.1061452453543256e-06,4.0,0.5329054342952171,0.7731469936781694,0.5110750851762911,0.4579080641903963,0.5782102083251599,3.2223703977112415,0.5483219623565674,0.20000000298023224,0.6444740891456604,0.9082965260620391,3.879208564758301
1,5,125,625,520,0.001885499911654258,0.22375891459046593,relu,"[256, 64, 128, 256]",16384,5.823340043523053e-05,2.0,0.5328457868847344,0.7728305715720343,0.5114034425654527,0.46716903384894914,0.5648907371807447,3.213444900312351,0.3857978582382202,0.20000000298023224,0.6426889896392822,0.6229600433959251,3.877955675125122
1,5,125,625,620,0.0031250908984603648,0.13668756224461912,relu,"[32, 128]",16384,1.0420010807312668e-05,1.0,0.5327642722948754,0.7725983599700756,0.5102370132642925,0.4709386745878312,0.5566911216603241,3.2243319865415696,0.2674057185649872,0.20000000298023224,0.644866406917572,0.41105890908257736,2.8320822715759277
1,5,125,625,788,0.001265614220539916,0.14555009746691527,relu,"[256, 128, 128, 32]",16384,6.455525951233068e-07,2.0,0.5326997535905993,0.7728816700857147,0.5110222116599112,0.46347401949436007,0.5694417199576288,3.219820213022527,0.41201892495155334,0.20000000298023224,0.6439640522003174,0.6227937593134197,3.8993306159973145
1,5,125,625,895,0.006519606501172061,0.286480509336998,leaky_relu,"[64, 64, 32]",16384,1.2226115917954452e-06,4.0,0.5325864444890667,0.7729165255182293,0.5112207905656256,0.46082492086240295,0.573992702734513,3.2218798514920497,0.5622817873954773,0.20000000298023224,0.6443759799003601,0.9062226367808673,3.372117519378662
1,5,125,625,486,0.002327590413549663,0.09618731038749415,relu,"[256, 32, 128, 32]",16384,0.00037655181881069295,1.0,0.5325458832244743,0.7725451898886921,0.5107553664633626,0.47080578837195836,0.5581133037781003,3.218839418607363,0.24798990786075592,0.20000000298023224,0.6437678933143616,0.41122185373120135,3.879284143447876
1,5,125,625,279,0.0037809281728008164,0.16157891677096065,leaky_relu,"[64, 32]",16384,1.1794772221760208e-07,4.0,0.5325075367251397,0.7729085632244834,0.5106948868511971,0.4711714624420735,0.5574561575581624,3.2219781991544636,0.5853917598724365,0.20000000298023224,0.644395649433136,0.9059969645520425,2.8485822677612305
1,5,125,625,590,0.004603700705879768,0.0927454203811422,leaky_relu,"[64, 256, 256, 64]",16384,0.0002707766762689628,4.0,0.5324379910778659,0.7714229819984164,0.5098751968980977,0.4562294777275262,0.5778178822237043,3.2258033271759254,0.6010339260101318,0.20000000298023224,0.6451606750488281,0.9106709365449248,4.2427990436553955
1,5,125,625,433,0.007547310964368315,0.3426814731123186,leaky_relu,"[256, 64, 128, 32]",16384,5.7996078471691816e-05,4.0,0.5322410234975803,0.7728032599759163,0.5105604229473703,0.4647288880305152,0.5664208089764212,3.2147201416683178,0.5587523579597473,0.20000000298023224,0.6429440379142761,0.9071711759259709,3.8837902545928955
1,5,125,625,156,0.005797003325555912,0.2972536026056756,relu,"[128, 32]",16384,2.3573496861240193e-05,4.0,0.5322151245611862,0.7727163054429921,0.5109741060419235,0.47064070901717203,0.5588685315234022,3.2148181913075122,0.5768778324127197,0.20000000298023224,0.6429636478424072,0.9066000274310954,3.151644468307495
1,5,125,625,678,0.006827718182221201,0.28231855219146057,relu,"[64, 32, 256]",16384,5.0934729285250534e-05,2.0,0.5321830137328499,0.7725069606911464,0.5105696015210899,0.47031608863039276,0.5583585075915101,3.2181527731097823,0.37965625524520874,0.20000000298023224,0.6436305642127991,0.626593119288357,3.364612102508545
1,5,63,315,432,0.0061910180770485025,0.14468374536018486,relu,"[32, 64, 256]",32768,6.875262413466666e-07,2.0,0.5321000616121636,0.772765537511113,0.5106937557593576,0.4620753728143313,0.5707462042449685,3.216387283557843,0.40225011110305786,0.20000000298023224,0.6432774662971497,0.6235490967355708,2.1213254928588867
1,5,125,625,344,0.00047364333594264343,0.05595725233821293,leaky_relu,"[256, 256]",16384,0.00020427227905510828,2.0,0.5320711008973041,0.7722200607455991,0.5102116698398477,0.46958414763872053,0.5585350543371651,3.219035517885752,0.4149297773838043,0.20000000298023224,0.6438071131706238,0.6231685072299362,2.8424417972564697
1,5,63,315,123,0.004969340415564749,0.15705187361813897,leaky_relu,"[32, 256, 64]",32768,1.8893124805112303e-07,2.0,0.5320404683845753,0.7726575885741013,0.5095891853470403,0.46103829084528847,0.5695692259406018,3.222468447350436,0.3985041379928589,0.20000000298023224,0.6444936990737915,0.6241029509379709,2.128690242767334
1,5,125,625,702,0.007290251405205209,0.16734949179614994,leaky_relu,"[32, 128, 64]",16384,2.6534774398316648e-05,4.0,0.531992762588452,0.7723271594322072,0.5100566313481915,0.47725718778845166,0.547697045784456,3.2167797801378404,0.6096818447113037,0.20000000298023224,0.6433559656143188,0.9074131319468512,3.3744001388549805
1,5,125,625,96,0.005514259508431941,0.05782779582689655,tanh,"[256, 32, 32, 32]",16384,2.5623158995401248e-05,4.0,0.5318861778661663,0.7721089195005353,0.5113552911801424,0.4805635115083336,0.5463631370395072,3.220801007437691,0.5950616002082825,0.20000000298023224,0.6441602110862732,0.9081476230175911,3.9835619926452637
1,5,125,625,59,0.0007626239252959497,0.15305977555506683,relu,"[256, 256, 64, 64]",16384,1.8966550977696662e-05,2.0,0.5318733321455471,0.7723835368408455,0.5110749929480033,0.4701734151666186,0.5597708815567499,3.2126602051755757,0.42000114917755127,0.20000000298023224,0.6425320506095886,0.6231136396566459,3.920332670211792
1,5,125,625,865,0.000552765678808222,0.07445672414755766,leaky_relu,"[64, 256, 64]",16384,5.215790000200418e-07,2.0,0.5318152645326081,0.7723613735964805,0.5098806478353493,0.46726078645995,0.5610557495390168,3.2157989857226763,0.4083861708641052,0.20000000298023224,0.643159806728363,0.6233645318717991,3.3967087268829346
1,5,63,315,187,0.0063692800719115684,0.21110982412624063,relu,"[128, 32, 32]",32768,1.041751579291682e-07,1.0,0.5317680056397729,0.7726297812120245,0.5108911237888414,0.46142469610332093,0.5722370434304994,3.2158970353618708,0.2499430924654007,0.20000000298023224,0.6431794166564941,0.4111013732903459,2.1174440383911133
1,5,125,625,224,0.0009891269273199538,0.18597866332380486,leaky_relu,"[256, 256, 64, 64]",16384,1.5342570245214055e-05,2.0,0.531757751571373,0.7725079266820023,0.5108095011580814,0.46713826889458065,0.5634881713680411,3.212856602477184,0.41690686345100403,0.20000000298023224,0.6425713300704956,0.6231149985742642,3.891986131668091
1,5,125,625,199,0.003181595625734682,0.32344177895834153,leaky_relu,"[128, 128]",16384,1.1238018903539476e-06,2.0,0.5316687709762808,0.7727661779616555,0.5112226060162331,0.47157240522063393,0.5581525363882459,3.21275825481477,0.4163844585418701,0.20000000298023224,0.6425516605377197,0.6228913161448646,2.833822727203369
1,5,63,315,516,0.006323198758217038,0.2809264903345381,relu,"[128, 32, 256]",32768,0.00016743569819390388,2.0,0.5316614133703954,0.7724766288885188,0.5109669916808302,0.4696523712425179,0.560251481031033,3.209227573734111,0.3827044665813446,0.20000000298023224,0.6418455243110657,0.6291262626414105,2.143484354019165
1,5,125,625,210,0.0028049139930515017,0.07934716615569407,relu,"[128, 128]",16384,0.0006953506383164321,4.0,0.5316497239709423,0.7722790067384975,0.5102270113417202,0.46468512311460614,0.5656655812311193,3.2108947156236365,0.5881696343421936,0.20000000298023224,0.6421789526939392,0.9082824491342364,2.8342087268829346
1,5,63,315,931,0.004583756515258595,0.3381731075626976,leaky_relu,"[256, 256, 128]",32768,4.384955740024873e-06,1.0,0.5316317880431929,0.7725491031545417,0.5111225839175407,0.47478461331358957,0.5534838557809251,3.2171719786946182,0.26896932721138,0.20000000298023224,0.6434344053268433,0.41104007084763733,2.29618239402771
1,5,125,625,18,0.0003887649918076629,0.1329007755495173,leaky_relu,"[256, 256, 128]",16384,5.2230266232289456e-05,1.0,0.531617211815923,0.7724654616604892,0.5104469332169279,0.4758106217946001,0.5505217937149358,3.2143276450883205,0.27266258001327515,0.20000000298023224,0.6428655385971069,0.4111769148365158,3.4553260803222656
1,5,63,315,583,0.0004292980622284985,0.0674545067827875,leaky_relu,"[128, 256, 128, 64]",32768,1.8039036552078905e-06,2.0,0.5315535102052221,0.7723904567249749,0.5097025502063519,0.4671045107745593,0.5608497783357527,3.210011970847667,0.40824148058891296,0.20000000298023224,0.6420024037361145,0.6231081854567961,2.420097589492798
1,5,125,625,993,0.005266031260026031,0.18644881081649095,leaky_relu,"[32, 32]",16384,1.381259600628658e-07,1.0,0.5315274450459467,0.7722528763323135,0.5100277511660437,0.47100359703265576,0.5561026325081407,3.2159950850010652,0.26393890380859375,0.20000000298023224,0.6431990265846252,0.41136556675914054,2.8333218097686768
1,5,125,625,83,0.007705966840351215,0.07152331793408857,leaky_relu,"[128, 256, 256, 32]",16384,0.0002845945883588978,1.0,0.5315198972985166,0.7716901995495897,0.5094587814106128,0.4724861026101101,0.5527090117305504,3.2153084395034845,0.27198320627212524,0.20000000298023224,0.6430616974830627,0.41159433964431635,3.9466514587402344
1,5,63,315,630,0.008937504190259873,0.14758273439551461,leaky_relu,"[32, 128, 256, 256]",32768,2.3191300707947566e-06,2.0,0.5314522407293861,0.772748621644228,0.5115636681176015,0.468672702188625,0.5630958452665856,3.2141315458099315,0.40796661376953125,0.20000000298023224,0.6428263187408447,0.6232818384075872,2.408297538757324
1,5,125,625,826,0.0016358128026987642,0.0569773746150319,relu,"[64, 32]",16384,7.406393718437421e-07,1.0,0.5313603286045193,0.772275629185597,0.5103028261651275,0.4760958374737772,0.5498057985797795,3.21275825481477,0.27561214566230774,0.20000000298023224,0.6425516605377197,0.41121672866245207,2.84773325920105
1,5,125,625,201,0.006921400114139423,0.11701758677367462,relu,"[128, 64, 256, 256]",16384,0.00036654046260855205,4.0,0.5313477801236781,0.7721463304942542,0.5102259433729701,0.4698026462407039,0.5582604260661462,3.2205068585201078,0.5732914209365845,0.20000000298023224,0.6441013813018799,0.9074754858883128,3.8972787857055664
1,5,63,315,988,0.008025823283651303,0.46991487071701465,leaky_relu,"[256, 256, 256]",32768,2.1218579040756967e-07,4.0,0.5313323874273171,0.772431096955466,0.5105317556490128,0.4677082312991805,0.5619875240299738,3.2123660562579923,0.5781821012496948,0.20000000298023224,0.6424732208251953,0.9076507241898312,2.3347833156585693
1,5,125,625,933,0.0045472389575747585,0.19126700171963662,relu,"[128, 32]",16384,0.00023067701590908705,1.0,0.5313123045175226,0.7722986677284035,0.5098582737376283,0.4576618878991623,0.5754933500725803,3.205500495351844,0.24645990133285522,0.20000000298023224,0.6411001086235046,0.41121569049377543,2.845257520675659
1,5,32,160,876,0.0018274664110148788,0.06534221352080348,relu,"[128, 64, 256]",65536,7.950671405332101e-05,4.0,0.5313071894986191,0.7722146374426323,0.5098360367024181,0.4625623162469641,0.5678724155518067,3.205990743547816,0.5694946050643921,0.20000000298023224,0.6411981582641602,0.9072003042423373,1.5154650211334229
1,5,63,315,254,0.004337540911445376,0.10833059586633924,leaky_relu,"[256, 64, 32]",32768,0.0004965661540283358,1.0,0.5312880687028869,0.7719966235084725,0.5107779666534051,0.47376631218759435,0.554062536780572,3.2021656155263543,0.24598629772663116,0.20000000298023224,0.640433132648468,0.4139523088141643,2.1915624141693115
1,5,63,315,964,0.006904079705092259,0.23223943717988682,relu,"[32, 128, 64]",32768,4.7060605957991015e-07,2.0,0.5312632456312542,0.7724498727984703,0.5102682435674915,0.47008999033161725,0.5579563733375181,3.205206048411041,0.414655476808548,0.20000000298023224,0.6410412192344666,0.6242393463738946,2.124357223510742
1,5,125,625,175,0.0027177142297339753,0.2288770453578668,relu,"[64, 32]",16384,1.6843924969282981e-06,4.0,0.5312601931111223,0.7723768870498372,0.5103401004698815,0.47232934341663746,0.5550041194240652,3.211091112925245,0.5771398544311523,0.20000000298023224,0.6422182321548462,0.9071219544898225,3.0107598304748535
1,5,32,160,241,0.005439966119278077,0.0605853907246757,leaky_relu,"[128, 32, 256]",65536,6.54094291170834e-05,4.0,0.5311715929452879,0.7722365957692787,0.5102727728282609,0.46569210720154114,0.564292439876025,3.208638977875725,0.5677891373634338,0.20000000298023224,0.6417278051376343,0.9080708027045,1.5010097026824951
1,5,125,625,864,0.0014410570737410262,0.26253880683012404,relu,"[128, 256, 128]",16384,2.1652247566559845e-05,4.0,0.5310610659959896,0.7723361273391247,0.5104689238026741,0.4687153908627776,0.5603887951665424,3.2063832401278134,0.5942045450210571,0.20000000298023224,0.6412766575813293,0.9071701813751543,3.391671657562256
1,5,125,625,235,0.0014250139127569583,0.30374432025486164,relu,"[256, 256, 64]",16384,2.5084688755463935e-06,1.0,0.5310551567779048,0.7723793318489321,0.5101839699143124,0.4642768094843603,0.5661657970104751,3.2156028864442874,0.2608988285064697,0.20000000298023224,0.6431205868721008,0.41120550710908277,3.3673171997070312
1,5,63,315,976,0.0019831454816419147,0.17016914831794105,relu,"[128, 256, 32, 32]",32768,1.356856699548968e-05,2.0,0.530914568656246,0.7722662028262398,0.5101797052510575,0.4704907985622236,0.5571815292871435,3.208246779318947,0.4173968434333801,0.20000000298023224,0.6416493654251099,0.6236419314190238,2.386979818344116
1,5,125,625,807,0.003826732036344683,0.4323034923087641,leaky_relu,"[256, 32, 128]",16384,1.334750747935463e-06,4.0,0.5308045606788043,0.7724516728300542,0.5104419491638439,0.4667728980016585,0.5631252697241947,3.2105025170668586,0.5766545534133911,0.20000000298023224,0.6421005129814148,0.9164465783436407,3.3863275051116943
1,5,63,315,914,0.0029676593032878606,0.10001908919585167,leaky_relu,"[64, 32]",32768,1.3759157863913354e-07,2.0,0.5307672551839658,0.7721066454441602,0.5101426007269841,0.47218279875106445,0.5547392993055829,3.207658183460561,0.4197523593902588,0.20000000298023224,0.6415316462516785,0.6237198077269976,1.856445550918579
1,5,32,160,384,0.0036283651177265942,0.24890635613006457,leaky_relu,"[256, 256, 64]",65536,0.00020754830127733796,2.0,0.5307011039776752,0.7719974130206924,0.509361211936795,0.45740071356634837,0.5746400408019146,3.203048360302324,0.39422929286956787,0.20000000298023224,0.6406096816062927,0.6263783429298392,1.5539917945861816
1,5,63,315,860,0.0020634687080419447,0.23954622386957508,relu,"[128, 256, 256, 32]",32768,6.443462475395991e-06,1.0,0.5306913466422288,0.7720585501937896,0.509415374466737,0.45685595298330284,0.5756404723606261,3.211287212203634,0.24608975648880005,0.20000000298023224,0.6422574520111084,0.41144511614229706,2.3978569507598877
1,5,63,315,488,0.0008689938551716721,0.06677782308973693,relu,"[128, 128]",32768,1.7251601326921936e-05,4.0,0.530669945795904,0.7716995978546637,0.5096874915398013,0.4719645692320548,0.5539644552552081,3.2077562330997553,0.58124178647995,0.20000000298023224,0.6415512561798096,0.9078308086054973,1.8605701923370361
1,5,32,160,904,0.0064759731342329445,0.20052016933587385,relu,"[256, 128, 64, 128]",65536,1.3342716405070946e-05,4.0,0.5306373560014692,0.7722221787177077,0.5102835649691894,0.4666899793438837,0.5628604496057122,3.206677389045397,0.578964352607727,0.20000000298023224,0.6413354873657227,0.9081851533617351,1.6475465297698975
1,5,63,315,563,0.00276073972281858,0.31171438377165017,relu,"[256, 128, 256, 32]",32768,1.1319303402696327e-07,1.0,0.5305794609549473,0.7720331811373173,0.5096913645866553,0.4647045520628049,0.5643218643336341,3.206186842826205,0.24371041357517242,0.20000000298023224,0.6412373781204224,0.411578419559387,2.3999149799346924
1,5,32,160,215,0.006630245464222379,0.26717108461389116,relu,"[256, 128, 256, 64]",65536,1.4562972555768048e-07,1.0,0.5305453163629663,0.7722592963740154,0.5097573011529317,0.4697240273161698,0.5572501863548982,3.208442878597336,0.2519341707229614,0.20000000298023224,0.6416885852813721,0.4114668947359351,1.6972811222076416
1,5,32,160,51,0.008338215899586315,0.06995158544472498,relu,"[64, 32]",65536,1.2963009537614925e-06,2.0,0.5305374942749892,0.7719399344363502,0.5098646962437333,0.4658352334044677,0.5630860371140491,3.205500495351844,0.41289058327674866,0.20000000298023224,0.6411001086235046,0.6238802660030234,1.4413049221038818
1,5,32,160,859,0.006411549250776858,0.27781552479269084,leaky_relu,"[32, 256, 32, 32]",65536,0.00035379119405919526,4.0,0.5304996692943007,0.7716403205975608,0.5101616473271179,0.4688154899366366,0.5595060614382675,3.205206048411041,0.5245799422264099,0.20000000298023224,0.6410412192344666,0.9274964557880465,1.6657531261444092
1,5,125,625,998,0.0012517299980608235,0.3111704905803565,leaky_relu,"[128, 256]",16384,7.207800768719791e-05,1.0,0.5304911940361612,0.7718011746094021,0.5096657929226737,0.4754134546812918,0.549236925732669,3.208638977875725,0.27563145756721497,0.20000000298023224,0.6417278051376343,0.41161777688258816,2.8428778648376465
1,5,125,625,921,0.009477303908363198,0.15840675688495798,leaky_relu,"[32, 32, 32]",16384,0.0009686511430315607,2.0,0.5304616628861838,0.7708542894899614,0.5095186106850659,0.46374864223357604,0.5653124877398094,3.20785428273895,0.37848183512687683,0.20000000298023224,0.6415708661079407,0.6249483959696068,3.3383712768554688
1,5,32,160,228,0.009768942798695477,0.301252557135908,leaky_relu,"[128, 32, 128, 32]",65536,0.00031851658542849694,2.0,0.5304542850093277,0.7714357348646254,0.5071770763777164,0.46693897759623715,0.5550041194240652,3.211091112925245,0.33956411480903625,0.20000000298023224,0.6422182321548462,0.6505637452757566,1.637683629989624
1,5,63,315,300,0.005315766798171986,0.2417557721244984,relu,"[64, 32, 256, 128]",32768,1.0780842779459193e-07,2.0,0.5304150698557774,0.772171932630953,0.5097497750737134,0.4668983861229419,0.561261720742281,3.2034405588591017,0.3713599443435669,0.20000000298023224,0.6406881213188171,0.6274975227843813,2.393200159072876
1,5,63,315,627,0.007087719322900146,0.34809277669062866,leaky_relu,"[32, 64, 256, 64]",32768,4.409956912281964e-07,4.0,0.5304146543868391,0.7719158994915085,0.5101392772402114,0.463473466574776,0.5672545019420142,3.21364099959074,0.5481180548667908,0.20000000298023224,0.6427282094955444,0.9138548688930829,2.399071216583252
1,5,125,625,834,0.0023937661053580563,0.4489086738775984,leaky_relu,"[64, 128, 64, 64]",16384,0.00023347828576681954,1.0,0.5304009815666437,0.7717346439673184,0.5093784140717893,0.46084105397702463,0.5693436384322649,3.212071907340409,0.24694490432739258,0.20000000298023224,0.642414391040802,0.41271697590109685,3.873323440551758
1,5,63,315,181,0.00039953790930096026,0.06659399257003726,leaky_relu,"[256, 64, 128, 32]",32768,0.00011654865471113563,2.0,0.5303899002625253,0.7718252952442657,0.509693762156783,0.4729838641973236,0.5525815057475774,3.202557814083132,0.4277433454990387,0.20000000298023224,0.6405115723609924,0.6238338958127824,2.387357711791992
1,5,125,625,759,0.009421069624680386,0.4882467277495593,relu,"[64, 32]",16384,2.1963507186480036e-05,2.0,0.5303878590813832,0.7716518728655146,0.509520132954709,0.458808279979575,0.5728353407352191,3.2024597644439377,0.4031631648540497,0.20000000298023224,0.6404919624328613,0.623912114192348,2.8483076095581055
1,5,63,315,742,0.000478933059022882,0.13618704795411304,leaky_relu,"[256, 128, 64]",32768,4.3212508669534464e-05,4.0,0.5303553676275612,0.7718376477988231,0.509687766653711,0.46802261184906835,0.559496253285731,3.2012828707503846,0.5820248126983643,0.20000000298023224,0.6402565836906433,0.907845223399431,2.138061761856079
1,5,63,315,47,0.003407035383710923,0.1964007710948773,relu,"[128, 64, 32, 32]",32768,2.645776459778152e-06,4.0,0.5303469720546415,0.7723425123400289,0.5099890568051297,0.47312603829308814,0.5530817215269331,3.204225253995877,0.5933933854103088,0.20000000298023224,0.6408450603485107,0.9076478982641472,2.4354612827301025
1,5,32,160,753,0.0053482195868889484,0.05309450516243827,relu,"[128, 256, 256]",65536,0.000386857236127619,4.0,0.5303077528891654,0.7718160410225263,0.5090074748597343,0.46861178955706645,0.5570245988465613,3.1987326860616703,0.5609095096588135,0.20000000298023224,0.6397465467453003,0.9138145559850551,1.5936648845672607
1,5,125,625,198,0.0018630244930924985,0.34545813830095806,leaky_relu,"[256, 64, 256]",16384,0.0007383639424488547,2.0,0.5302950441411336,0.7716000986801194,0.5090623412222313,0.4507504442176099,0.5847032053042489,3.204813849854263,0.39920574426651,0.20000000298023224,0.6409627795219421,0.6243617342987788,3.3683419227600098
1,5,63,315,504,0.0007016221899259331,0.13549708513541564,leaky_relu,"[256, 128, 32, 128]",32768,8.153492655320327e-05,2.0,0.530236878840894,0.7719196530174968,0.5098130309034182,0.47590540735890613,0.5489230648515045,3.196967196509731,0.4266754388809204,0.20000000298023224,0.6393934488296509,0.6245701727400746,2.381120204925537
1,5,32,160,35,0.0037215432640260626,0.09059529747355985,relu,"[32, 256, 64, 128]",65536,0.000747990745957254,2.0,0.530224243383448,0.7709459417264123,0.5077164241715055,0.461733689934061,0.5638706893169603,3.213248801033962,0.4073947072029114,0.20000000298023224,0.64264976978302,0.6333486462678609,1.6419646739959717
1,5,32,160,16,0.006501162373021521,0.1408932710135244,relu,"[64, 64, 64, 32]",65536,0.00013308372980812483,1.0,0.5302157213452646,0.7717438070396943,0.5101619925613862,0.4631905767876576,0.5677351014162972,3.205990743547816,0.23876211047172546,0.20000000298023224,0.6411981582641602,0.4131707904015102,1.6638453006744385
1,5,125,625,455,0.0033221796687325053,0.4850703211447369,leaky_relu,"[128, 128, 32]",16384,4.1545365693987244e-06,2.0,0.5301802552789786,0.7722491961587156,0.5103809643440343,0.47030226866856273,0.557926948879909,3.200204026696026,0.4202781021595001,0.20000000298023224,0.6400408148765564,0.6237787887686124,3.359231948852539
1,5,63,315,872,0.004463468666248188,0.24733362525571145,leaky_relu,"[64, 32, 256, 128]",32768,1.4128423206241466e-07,2.0,0.5301639991518095,0.7721396909244806,0.5096964382499262,0.4627429330388933,0.5672545019420142,3.2037350057999046,0.38381075859069824,0.20000000298023224,0.6407470107078552,0.6281851402213534,2.3897294998168945
1,5,125,625,935,0.001325828452788451,0.3501811129752533,relu,"[256, 256]",16384,4.913458984562372e-05,4.0,0.5301512929869848,0.7718315924507763,0.5101029184209579,0.47111070490877066,0.55613205696575,3.204029154717488,0.588736355304718,0.20000000298023224,0.6408058404922485,0.90790654429084,2.853017568588257
1,5,63,315,261,0.004917895688362801,0.16520829701129386,relu,"[32, 256]",32768,0.00016373666709448495,1.0,0.5301168660989416,0.7702453666225273,0.5088512307299957,0.46117000079700327,0.5675291302130331,3.211091112925245,0.2783549129962921,0.20000000298023224,0.6422182321548462,0.41548220516373613,1.8698809146881104
1,5,63,315,452,0.004499781517570854,0.4949783132767402,relu,"[256, 128]",32768,5.487921115961351e-07,2.0,0.5301076856461732,0.771969901016224,0.5100680721225477,0.46778706900783845,0.5607516968103888,3.204029154717488,0.4207763671875,0.20000000298023224,0.6408058404922485,0.6238377682420654,1.8559739589691162
1,5,125,625,259,0.0021676915603638185,0.4190229248400514,leaky_relu,"[64, 256, 128, 32]",16384,3.681130402894731e-05,2.0,0.5300791591160683,0.7719868366040795,0.5104748477125246,0.47330227257491453,0.553984071560281,3.199223232280862,0.4237917363643646,0.20000000298023224,0.6398446559906006,0.6251879079105518,3.8688011169433594
1,5,63,315,276,0.002780172130577256,0.4437364693473724,leaky_relu,"[128, 256, 128]",32768,0.0001831905223223279,4.0,0.5300100755799696,0.7720120246484974,0.5097536954515142,0.46365016750889765,0.566038291027502,3.2053040980502354,0.5709077715873718,0.20000000298023224,0.6410608291625977,0.9086857620551712,2.1278514862060547
1,5,63,315,24,0.002145039422706095,0.21549372983027976,relu,"[128, 128, 32]",32768,4.072031106841297e-05,4.0,0.5299211904705502,0.7719731938771759,0.5101372052750766,0.46606195336459666,0.5634195143002864,3.201577019667968,0.5818105340003967,0.20000000298023224,0.6403154134750366,0.9076819231625307,2.127190589904785
1,5,32,160,82,0.0061122041161582865,0.27762076056247287,relu,"[256, 128, 32, 128]",65536,3.515977802314336e-06,2.0,0.5299147161258448,0.7720116831269829,0.5099278099667953,0.469436079369663,0.5580642630154184,3.2003020763352206,0.39744409918785095,0.20000000298023224,0.6400604248046875,0.625092496662517,1.6502368450164795
1,5,125,625,126,0.003279901256775766,0.4795521682531856,relu,"[64, 128, 32]",16384,1.3822079936768565e-05,1.0,0.5299034244074536,0.7720625145417626,0.510548599225295,0.47204824093816633,0.5558868531523402,3.1917690755163273,0.2581697702407837,0.20000000298023224,0.6383538246154785,0.41209106557020053,3.365220069885254
1,5,32,160,93,0.0062287969856592955,0.47379780278919265,relu,"[256, 128, 256, 128]",65536,6.557284691036152e-05,4.0,0.5298976690338347,0.771751879205701,0.5099058249040809,0.45898087972120183,0.5735415277178391,3.201577019667968,0.5221274495124817,0.20000000298023224,0.6403154134750366,0.917886582800675,1.8134548664093018
1,5,125,625,837,0.0006726576207197207,0.2677355871763625,relu,"[256, 128, 32]",16384,0.0006241355988500707,4.0,0.529873138421155,0.7717217048581879,0.5091976358552971,0.46935212992148784,0.556436109694378,3.2039311050782935,0.5760719776153564,0.20000000298023224,0.6407862305641174,0.908624423623548,3.3808038234710693
1,5,32,160,623,0.0027724641875063664,0.3103402575347251,relu,"[256, 128, 128, 128]",65536,9.128132461372003e-05,4.0,0.5298715895149906,0.7717934802202306,0.509559256436353,0.47651321798362795,0.5475303071913374,3.201577019667968,0.5761192440986633,0.20000000298023224,0.6403154134750366,0.9119299676630729,1.6839098930358887
1,5,16,80,50,0.004302895120069144,0.09940845727841122,relu,"[256, 64, 128, 32]",131072,9.086893922015441e-06,2.0,0.5298463972891005,0.7717274098583835,0.5090507990525946,0.45119973322419776,0.5839185531013378,3.2004981756136095,0.39264869689941406,0.20000000298023224,0.6400996446609497,0.6239960218458974,1.38631010055542
1,5,125,625,429,0.00201996212159986,0.25172325777587273,relu,"[32, 64, 32]",16384,0.00018386943623935938,4.0,0.5298313292126808,0.7718011143882921,0.5101850559130972,0.47167423075321646,0.5555435678135666,3.201577019667968,0.5860711932182312,0.20000000298023224,0.6403154134750366,0.9105323569519924,3.384117603302002
1,5,32,160,280,0.008509508950695967,0.3741616419787705,relu,"[256, 256, 32, 256]",65536,2.1127058878641992e-05,1.0,0.5298122578433944,0.7718802350302285,0.5098741706305382,0.45794217341726673,0.5750912158185885,3.205794644269427,0.23545150458812714,0.20000000298023224,0.641158938407898,0.4152405997107227,1.7677152156829834
1,5,125,625,602,0.0014951257156625881,0.45662896219108284,relu,"[256, 256, 256, 32]",16384,3.1460445050899837e-06,4.0,0.5298120392554923,0.771872907054284,0.509699263095001,0.46441216559533505,0.564773039350308,3.2003020763352206,0.5720681548118591,0.20000000298023224,0.6400604248046875,0.9081198626368252,3.8840346336364746
1,5,63,315,671,0.0032393397907833354,0.1273734843281441,relu,"[32, 256, 256]",32768,0.000642301636593936,1.0,0.5298053370861073,0.7705752941903964,0.5061933729072097,0.4761357350297331,0.5403016987720193,3.219428014465749,0.27226048707962036,0.20000000298023224,0.643885612487793,0.4141487149110215,2.2957968711853027
1,5,125,625,393,0.0037552322174583827,0.4827335683861735,leaky_relu,"[32, 64]",16384,6.630884013417107e-05,4.0,0.5297820984379102,0.7713253666335057,0.5098288565089217,0.4663136575486201,0.5623013849111381,3.204225253995877,0.5739356875419617,0.20000000298023224,0.6408450603485107,0.9132635719868101,2.829091787338257
1,5,32,160,508,0.009577351294074794,0.35207962698592493,leaky_relu,"[256, 64]",65536,7.616569568303977e-06,2.0,0.5297813092958523,0.7721411733642644,0.5097996446407554,0.47494983192636936,0.5501687002236259,3.2016750693071625,0.42012760043144226,0.20000000298023224,0.6403350234031677,0.6237870002327008,1.4524707794189453
1,5,32,160,960,0.0029384686177744957,0.06844099034295056,leaky_relu,"[128, 32, 32]",65536,9.265055050118343e-05,2.0,0.5297614308041306,0.7717894588016928,0.509426652892562,0.4807792750443957,0.5417042645847229,3.2041272043566824,0.4312257170677185,0.20000000298023224,0.6408254504203796,0.6242070396041256,1.5785043239593506
1,5,125,625,278,0.0006549570768273144,0.058960919187656245,leaky_relu,"[128, 32]",16384,9.112334648761203e-05,1.0,0.5296983053799839,0.7713301018910511,0.5093346360884473,0.4764621968616263,0.5470791321746635,3.204617750575874,0.2728555500507355,0.20000000298023224,0.6409235596656799,0.41192770336705914,2.825831890106201
1,5,63,315,386,0.009966938827573057,0.12131074424061246,tanh,"[128, 32, 128]",32768,6.0145108444708164e-05,2.0,0.5296851874394494,0.7710498975276439,0.5090586897299585,0.4623052410767186,0.5663325356035938,3.2079523323781443,0.39742904901504517,0.20000000298023224,0.6415904760360718,0.6247308353340599,2.121478319168091
1,5,63,315,2,0.0024744839195957693,0.33126942885127564,leaky_relu,"[128, 128, 128, 128]",32768,2.4658632538627263e-06,2.0,0.5296705362907925,0.7720396691562426,0.5103633988559914,0.46784041587994407,0.561389226725254,3.1966730475921477,0.4117244780063629,0.20000000298023224,0.6393346190452576,0.6239897276187936,2.4475739002227783
1,5,63,315,217,0.001998953589810879,0.29275490845464963,leaky_relu,"[256, 32, 32]",32768,0.0003319352457937662,2.0,0.5296677983252016,0.7716116605440089,0.5091817353502477,0.4733701378060601,0.550855270901173,3.198634636422476,0.43274328112602234,0.20000000298023224,0.6397269368171692,0.6252635385992107,2.11747407913208
1,5,63,315,800,0.007420166100165496,0.05177233015653248,relu,"[256, 32, 256, 256]",32768,0.0008696195151852167,4.0,0.5296367619438592,0.7719066357099084,0.5091629821619149,0.4579849383664162,0.5732178586841382,3.2114833114820227,0.5113402605056763,0.20000000298023224,0.6422966718673706,0.9313508589689867,2.4348692893981934
1,5,63,315,500,0.003957768308836299,0.08786346228497752,tanh,"[256, 32, 128, 128]",32768,1.2029490896932364e-06,2.0,0.5296064757316767,0.7711148629499677,0.5086367447813231,0.462361795336746,0.565204598061909,3.205206048411041,0.39134907722473145,0.20000000298023224,0.6410412192344666,0.6247111587878175,2.3860414028167725
1,5,32,160,271,0.009627237308371612,0.3090321285531945,relu,"[32, 256, 32, 64]",65536,3.636943521238537e-05,2.0,0.5296013378851028,0.7717815423111033,0.5097759458888185,0.4625675286897037,0.5677154851112245,3.2033425092199073,0.36318352818489075,0.20000000298023224,0.640668511390686,0.6330978190914329,1.644779920578003
1,5,125,625,222,0.0021818047549359543,0.3638846494445711,relu,"[32, 32, 64, 128]",16384,0.0007952610397900322,2.0,0.5295723194618753,0.7712800476508594,0.5097472603196479,0.4661771521967165,0.5623013849111381,3.2004981756136095,0.3478725254535675,0.20000000298023224,0.6400996446609497,0.6323396926985244,3.862942934036255
1,5,63,315,286,0.0029607134692965424,0.38573031843730987,relu,"[128, 64, 32]",32768,3.5596514183076145e-05,2.0,0.5295683608691979,0.7718772798427965,0.5100666335512685,0.4690341961236163,0.5589666130487662,3.1975557923681173,0.40585973858833313,0.20000000298023224,0.6395111680030823,0.6246293815028144,2.118784189224243
1,5,63,315,55,0.005078295469207668,0.3751678352084564,relu,"[128, 64, 128]",32768,5.394989352108009e-07,1.0,0.5295585115525346,0.7719258298419122,0.510227580010642,0.45939556728397973,0.5737082663109576,3.2062848924653995,0.24823513627052307,0.20000000298023224,0.6412569880485535,0.4118549534390012,2.2052881717681885
1,5,125,625,140,0.003929442838771964,0.42237437001727646,leaky_relu,"[64, 64, 32, 64]",16384,6.536553290476305e-07,1.0,0.5294983064575205,0.7717582205919953,0.5101986708144797,0.46426158844533083,0.5662246459256934,3.196182501372956,0.24937251210212708,0.20000000298023224,0.6392365097999573,0.4123586902154835,3.8731014728546143
1,5,125,625,828,0.0013031079522442823,0.3841192019389624,relu,"[256, 64]",16384,2.3645915890518385e-06,2.0,0.5294539616649097,0.7715549863828642,0.5098728555946181,0.4628249220187155,0.5675683628231786,3.1987326860616703,0.419247031211853,0.20000000298023224,0.6397465467453003,0.6244061199417438,2.867238759994507
1,5,125,625,371,0.0022915763596702745,0.4172498693463644,leaky_relu,"[32, 64]",16384,3.311742079422442e-05,4.0,0.52942692855673,0.7711419873291406,0.5095589544879954,0.45732843653262845,0.575257954411707,3.197261643450534,0.5698156356811523,0.20000000298023224,0.639452338218689,0.9109076128294452,2.8378913402557373
1,5,32,160,836,0.004671448219292056,0.20750619980988233,relu,"[128, 32, 32, 256]",65536,8.064378465718588e-06,2.0,0.5294224040485956,0.7716834319618574,0.5095094270943923,0.4563909482591313,0.576621287614265,3.201773118946357,0.37959742546081543,0.20000000298023224,0.6403546333312988,0.6280510765007065,1.653486967086792
1,5,63,315,983,0.005236414767571219,0.4634454474647144,leaky_relu,"[128, 64, 64, 128]",32768,1.0588020107649902e-05,1.0,0.5294040483227694,0.7718475229064594,0.5103231738769651,0.4701832397986594,0.5579563733375181,3.1918671251555217,0.2522770166397095,0.20000000298023224,0.6383734345436096,0.4120151461842735,2.388080596923828
1,5,63,315,554,0.0011866632767327295,0.14382747626871067,relu,"[256, 32, 64]",32768,2.3855244339175047e-05,2.0,0.5293774168196348,0.7715795422018273,0.5095308610857305,0.47083191229193877,0.5551610498646475,3.195986402094567,0.42578834295272827,0.20000000298023224,0.6391972899436951,0.6242747396012053,2.130816698074341
1,5,32,160,404,0.006295699993814639,0.27858639721047396,relu,"[64, 128, 256]",65536,0.0001985971352328186,2.0,0.52933924239276,0.7712792709452457,0.5086530549847802,0.46960174676839544,0.5547883400682647,3.2010867714719957,0.3958452045917511,0.20000000298023224,0.6402173638343811,0.6284879723518995,1.5077342987060547
1,5,32,160,823,0.001144516144039038,0.1900587648190915,leaky_relu,"[128, 256, 256]",65536,0.0003714160547624499,4.0,0.5293225906915796,0.7710676894024442,0.5087344652546824,0.4592775196738409,0.570128290635176,3.200400125974415,0.5711133480072021,0.20000000298023224,0.6400800347328186,0.9104010320850005,1.5868136882781982
1,5,63,315,507,0.0015821247169760752,0.27179573528006945,relu,"[128, 128, 256, 32]",32768,7.182817767851002e-07,1.0,0.5293198431539763,0.7715677315290346,0.5089776899787422,0.4527078128939106,0.581221311153831,3.2051079987718465,0.22579756379127502,0.20000000298023224,0.6410216093063354,0.41208875581503446,2.55778169631958
1,5,63,315,648,0.0015774790923820804,0.15944125570367412,relu,"[128, 64, 32, 128]",32768,1.4039049037706255e-07,4.0,0.5292959782322498,0.7717574403871117,0.5099137856263118,0.4570402388208222,0.576621287614265,3.1942209125426277,0.5735732316970825,0.20000000298023224,0.6388441920280457,0.9091407608796954,2.3857486248016357
1,5,63,315,31,0.0009062943201635176,0.21263957605745748,leaky_relu,"[128, 256, 128, 256]",32768,8.652332954053757e-06,4.0,0.5292567998363865,0.7716603596529016,0.5093214808543662,0.46265380671622663,0.5664600415865667,3.193142068488269,0.579441249370575,0.20000000298023224,0.6386284232139587,0.9086172639245615,2.6105992794036865
1,5,125,625,577,0.001612283434760601,0.48949906086928724,leaky_relu,"[256, 64, 64]",16384,1.6958365975753408e-05,4.0,0.5292375722105267,0.7717645826853086,0.5100417061950704,0.46899894660609653,0.5589568048962298,3.1981443882265035,0.5946251153945923,0.20000000298023224,0.6396288871765137,0.9085456200268771,3.3676741123199463
1,5,63,315,25,0.0003313540983201674,0.16981050471746426,relu,"[256, 128, 256]",32768,7.219339223284897e-06,4.0,0.529214102199449,0.771240992938298,0.5089752150516517,0.45850992726557893,0.571923182549335,3.1958883524553725,0.5752268433570862,0.20000000298023224,0.639177680015564,0.9087272165512775,2.133601188659668
1,5,32,160,673,0.008399694862988718,0.49425159883732983,leaky_relu,"[128, 128, 64]",65536,2.1063322520175448e-05,2.0,0.5292047738129029,0.7715906007480692,0.5100417301153081,0.47050097377035593,0.5568382439483699,3.1944170118210167,0.412734717130661,0.20000000298023224,0.6388834118843079,0.6260788894264615,1.4987506866455078
1,5,125,625,218,0.0011376035245919424,0.4145475875618577,relu,"[256, 256]",16384,1.1863895964315382e-07,1.0,0.5292041708635427,0.7712894798904328,0.5093915549152167,0.4647586536050283,0.5635077876731139,3.2073640345429775,0.26356813311576843,0.20000000298023224,0.6414728164672852,0.4119720077244792,2.8465452194213867
1,5,125,625,438,0.003975723588003979,0.29978022005498073,tanh,"[64, 256, 64, 32]",16384,1.5657333544000498e-06,4.0,0.529185152133397,0.7718444822935553,0.5103951367781155,0.4718071246014369,0.5558574286947311,3.209031176432503,0.5747248530387878,0.20000000298023224,0.6418062448501587,0.9097070387474313,3.867391347885132
1,5,63,315,849,0.004742057701166042,0.07993908173966838,tanh,"[256, 128, 128, 128]",32768,3.7645354537529143e-06,4.0,0.5291830658096152,0.7718221756753296,0.5098186842874478,0.4647765629289879,0.5645278355368982,3.209227573734111,0.5798844695091248,0.20000000298023224,0.6418455243110657,0.9083440550704951,2.5875208377838135
1,5,125,625,62,0.003805683886234842,0.464505984674927,leaky_relu,"[32, 128, 64, 256]",16384,7.428772950412332e-05,2.0,0.5291200822828148,0.7706604189299062,0.5098432999497926,0.4626784543812249,0.5677154851112245,3.2006942748919984,0.3663049638271332,0.20000000298023224,0.6401388645172119,0.6390420997127358,3.9141647815704346
1,5,125,625,883,0.007173050135509736,0.07919856732688627,tanh,"[64, 256]",16384,6.944266710656212e-05,4.0,0.529075137432584,0.7707625544374591,0.5089305363603552,0.4616183069577298,0.5670485307387501,3.204813849854263,0.5844375491142273,0.20000000298023224,0.6409627795219421,0.9094746554004023,2.851776599884033
1,5,32,160,930,0.00791915136924636,0.3633649614785746,relu,"[128, 128]",65536,1.589350362777164e-05,2.0,0.5290545357430674,0.77130982233607,0.5094347338146494,0.474550302619884,0.5498548393424615,3.1956922531769836,0.42783522605895996,0.20000000298023224,0.6391384601593018,0.624555304569674,1.4863557815551758
1,5,16,80,879,0.009953750189371446,0.17326655900093152,relu,"[256, 64, 128]",131072,1.1021548380007448e-06,2.0,0.5290323864707259,0.7715783007547081,0.5092619107277088,0.46823268059897977,0.5581721526933187,3.198242437865698,0.41940000653266907,0.20000000298023224,0.6396484971046448,0.6243076101262917,1.356327772140503
1,5,16,80,830,0.0019863657331189097,0.10144859058301899,relu,"[128, 128, 256]",131072,7.1736870559873556e-06,2.0,0.5290176840299664,0.7711103545918079,0.5089282957958289,0.46235826755879644,0.5659304013496018,3.196771097231342,0.40563851594924927,0.20000000298023224,0.6393542289733887,0.6246484978664169,1.4665617942810059
1,5,125,625,448,0.0014556696326083686,0.16839625896326516,tanh,"[128, 128, 256]",16384,2.3554927504152892e-07,2.0,0.5289569220861148,0.7706301732862748,0.5088750657087787,0.45979386339887907,0.5696869237710385,3.210600566706053,0.40452542901039124,0.20000000298023224,0.6421201229095459,0.6249925670554936,3.355126142501831
1,5,125,625,576,0.0026645831479400915,0.4088023661494449,leaky_relu,"[64, 64, 64, 64]",16384,2.0614375197895305e-06,4.0,0.5289568389468783,0.7714672583910713,0.5101780381244406,0.46529427929457023,0.5646455333673349,3.19382871398585,0.5686890482902527,0.20000000298023224,0.6387657523155212,0.909299194043426,3.866870164871216
1,5,125,625,170,0.0017780985752075488,0.40180560941992527,leaky_relu,"[256, 32]",16384,1.3841696361503445e-06,2.0,0.5289375751533637,0.7716210676994698,0.5096718279531464,0.46799573385839693,0.559496253285731,3.197751891646506,0.4186490476131439,0.20000000298023224,0.6395503878593445,0.6244138989603258,2.8569812774658203
1,5,63,315,90,0.0012896317140519377,0.1378417372822983,leaky_relu,"[64, 32, 128, 256]",32768,8.00231293966884e-07,4.0,0.5289023797674223,0.7715494834384412,0.5098473392381364,0.47109018929438773,0.555553375966103,3.1956922531769836,0.5806176066398621,0.20000000298023224,0.6391384601593018,0.9095876296573306,2.3777389526367188
1,5,125,625,237,0.007595022759502332,0.4683503285996444,leaky_relu,"[256, 32, 128]",16384,0.00033027220309169564,2.0,0.5288531779712783,0.7707823002155134,0.5089785131147838,0.472499495866102,0.551561457883793,3.1953981042594,0.381286084651947,0.20000000298023224,0.6390796303749084,0.6317694171010323,3.351139545440674
1,5,125,625,624,0.0007856390959374246,0.20212131762802826,leaky_relu,"[128, 64, 128]",16384,2.2497816130342866e-07,1.0,0.5288193851394705,0.7710000040494368,0.5090315906739874,0.46336418511066396,0.5646847659774805,3.201577019667968,0.2633889317512512,0.20000000298023224,0.6403154134750366,0.4121666027893104,3.3549089431762695
1,5,125,625,239,0.0005436788803762573,0.2706767307554458,relu,"[256, 32, 128]",16384,1.1007719282686816e-07,4.0,0.5288088000613598,0.7708842156658954,0.5087337021291735,0.4653514480963228,0.5610361332339441,3.1963788986745643,0.5629748702049255,0.20000000298023224,0.6392757892608643,0.9133170844302966,3.359151601791382
1,5,32,160,171,0.0016824401746534238,0.09145404978354563,leaky_relu,"[64, 64, 64, 256]",65536,3.3448830244326965e-05,4.0,0.5287654024319756,0.771385178773834,0.5090343006069511,0.45928287355596237,0.5708737102279414,3.1920632244339107,0.5611915588378906,0.20000000298023224,0.6384126543998718,0.9089747521150406,1.6536715030670166
1,5,63,315,101,0.0007119952653185405,0.28744831600319165,leaky_relu,"[256, 256, 64]",32768,6.676699044449235e-07,4.0,0.5287587624044807,0.7712321470729229,0.5090650456786415,0.4631293807472188,0.5651163246890816,3.194318962181822,0.5738908648490906,0.20000000298023224,0.6388638019561768,0.9090040948028127,2.221991777420044
1,5,32,160,186,0.008438229397227862,0.4553379539387971,leaky_relu,"[128, 64]",65536,1.6650977374999276e-06,2.0,0.5287316096895401,0.7714673401849991,0.509569205214314,0.4720038799879587,0.5536309780689709,3.1947114587618195,0.42757099866867065,0.20000000298023224,0.638942301273346,0.6248402093932751,1.365358829498291
1,5,16,80,359,0.002834602287255849,0.08398922581341295,leaky_relu,"[32, 128, 256, 256]",131072,1.2409580146250894e-07,1.0,0.5287194312733792,0.7706823322109698,0.5083242029876273,0.4655788529003835,0.5597120326415317,3.198438537144087,0.2573091685771942,0.20000000298023224,0.639687716960907,0.4123949548517569,1.5168681144714355
1,5,125,625,810,0.0015200396651195824,0.41602250425703474,relu,"[128, 256]",16384,5.625856691218632e-05,1.0,0.5287005225840737,0.771232780428726,0.5093360171623805,0.46307771338673687,0.5658617442818471,3.2009887218328013,0.2660263776779175,0.20000000298023224,0.64019775390625,0.41215565756166184,2.8499536514282227
1,5,16,80,578,0.009540890555905988,0.09402226456801582,relu,"[64, 64]",131072,1.0571709550111711e-07,4.0,0.5286975240342774,0.7709837974400413,0.5089645111617395,0.47044330875131096,0.5543567813566637,3.1966730475921477,0.5795421004295349,0.20000000298023224,0.6393346190452576,0.9091597802623387,1.1133904457092285
1,5,63,315,588,0.00468957920806593,0.3871390913358876,relu,"[64, 64, 256]",32768,6.527446512448728e-06,1.0,0.528690060528808,0.7711953377371544,0.5096322630818798,0.46591749343864014,0.5623994664365021,3.2010867714719957,0.26639091968536377,0.20000000298023224,0.6402173638343811,0.4129476714991958,2.1352312564849854
1,5,63,315,173,0.0008635686701972185,0.23083496391353803,leaky_relu,"[128, 256]",32768,9.788218151337105e-06,4.0,0.5286750606108718,0.7707269284440965,0.5085635638496683,0.4609241118754035,0.5671858448742595,3.196574997952953,0.566429078578949,0.20000000298023224,0.6393150091171265,0.9094417903781465,1.8580050468444824
1,5,32,160,29,0.0048773974168380245,0.3725366319315859,relu,"[128, 128, 256]",65536,0.0001147187671448951,4.0,0.5286551868850576,0.7715049021523672,0.5093561438387221,0.458473299218284,0.5729432304131193,3.195201706957792,0.5653536915779114,0.20000000298023224,0.6390403509140015,0.9113406267619422,1.52284574508667
1,5,125,625,686,0.0039946355326170154,0.17778681957253833,tanh,"[64, 128]",16384,6.188964981982386e-07,1.0,0.5286425658269548,0.770222501263512,0.5088279623914448,0.4688357636477863,0.5562791792537958,3.203833055439099,0.25067704916000366,0.20000000298023224,0.6407666206359863,0.4125717590715181,2.8962013721466064
1,5,63,315,605,0.005110039942677204,0.3370541540362255,leaky_relu,"[256, 256]",32768,0.0007574622683234178,2.0,0.5286233757964468,0.7708174377420813,0.5087488224416454,0.4580545346024566,0.5720604966848445,3.1945153594834306,0.3921567499637604,0.20000000298023224,0.6389030814170837,0.6250192642628157,1.866086483001709
1,5,16,80,188,0.00901157916999016,0.11138406580942058,relu,"[256, 64]",131072,5.083658777229658e-07,4.0,0.5286186485228255,0.7709049262082572,0.5081374239604708,0.4739075455525286,0.547697045784456,3.198634636422476,0.585338294506073,0.20000000298023224,0.6397269368171692,0.9092919231808065,1.249943733215332
1,5,32,160,768,0.0015508008994186613,0.05050773196633001,relu,"[64, 32, 256]",65536,4.067690924347882e-06,2.0,0.5285955969519056,0.7709199372578651,0.5091976815817044,0.4701296113320657,0.5553474047628388,3.192357373351494,0.42026400566101074,0.20000000298023224,0.6384714841842651,0.6249005633387524,1.5373992919921875
1,5,32,160,643,0.0007681910485506462,0.10787465092495559,leaky_relu,"[256, 256]",65536,1.3067942668073116e-06,1.0,0.5285711104957446,0.770533333797254,0.5079333986287953,0.4488387494919999,0.5849484091176586,3.2014789700287736,0.24401292204856873,0.20000000298023224,0.6402958035469055,0.41244537047254054,1.466071605682373
1,5,125,625,978,0.0006056808509764419,0.18023776412443637,relu,"[128, 32, 128, 128]",16384,8.520933673131186e-05,4.0,0.5285699823077159,0.7709467822245556,0.5085447315928295,0.46143212165282915,0.5663717682137392,3.196182501372956,0.5737552046775818,0.20000000298023224,0.6392365097999573,0.9122603352037397,3.8892416954040527
1,5,32,160,977,0.007254242438741272,0.22516961423597376,leaky_relu,"[64, 64, 32, 128]",65536,2.1841706299097548e-07,1.0,0.5285120929560381,0.7714256189326741,0.509417808219178,0.45923510695271397,0.5719133743967986,3.200400125974415,0.25651034712791443,0.20000000298023224,0.6400800347328186,0.4122471210282072,1.6711909770965576
1,5,125,625,869,0.0012825942782881267,0.2438631249009593,leaky_relu,"[64, 32, 32]",16384,0.00011119239439247044,4.0,0.5285008376598449,0.7713058974661129,0.5099331880128307,0.46502682784924687,0.5644395621640708,3.195201706957792,0.5838419198989868,0.20000000298023224,0.6390403509140015,0.9091604567943491,3.53397536277771
1,5,125,625,739,0.0015236892891229389,0.3546606904279057,leaky_relu,"[128, 32]",16384,3.589262723499032e-06,2.0,0.5284601858286317,0.7714081530310863,0.5090588261243576,0.4625868883739948,0.565910785044529,3.193632614707461,0.408825546503067,0.20000000298023224,0.638726532459259,0.6248044295245311,2.8374040126800537
1,5,125,625,939,0.0006137967794268719,0.3415636605119977,leaky_relu,"[256, 256]",16384,0.00010802915728211885,1.0,0.5284580716139899,0.7707362686564826,0.508195461184035,0.4714310881437548,0.5511789399348739,3.2024597644439377,0.2848239243030548,0.20000000298023224,0.6404919624328613,0.41275615415243305,2.8798556327819824
1,5,125,625,841,0.001359958970459773,0.2909491952068221,leaky_relu,"[64, 32, 64]",16384,0.00030587024195927377,1.0,0.5284382824486087,0.7709663427457368,0.5081345631537904,0.46785401845402175,0.5560045509827769,3.2001059770568316,0.27208754420280457,0.20000000298023224,0.6400212049484253,0.4130302400202491,3.370208740234375
1,5,125,625,951,0.0025037949928468587,0.3948967076189899,relu,"[32, 128, 64]",16384,0.00021918973035628435,4.0,0.5284311225935289,0.7709935821919627,0.5082999074359765,0.46158957362665515,0.5655282670956099,3.1968691468705366,0.5526522994041443,0.20000000298023224,0.6393738389015198,0.9180977627530357,3.361347198486328
1,5,32,160,696,0.007052297467398699,0.4541071114576235,leaky_relu,"[64, 64]",65536,0.0002776457314855246,4.0,0.528413157315635,0.7710023672470036,0.50931514837654,0.4577684599197378,0.573943661971831,3.1922593237122996,0.5690858960151672,0.20000000298023224,0.638451874256134,0.9113171413070228,1.3600053787231445
1,5,32,160,521,0.006664282852831058,0.25303682378142206,leaky_relu,"[32, 64, 256]",65536,1.3441281611019824e-07,2.0,0.5283637114310764,0.7712458414591492,0.5091648417592556,0.46849014776295295,0.557573855388599,3.1874534012756737,0.40989556908607483,0.20000000298023224,0.6374906897544861,0.627507014202386,1.5025684833526611
1,5,125,625,996,0.00043950297671350785,0.12339283439225164,relu,"[32, 128, 128, 256]",16384,1.602672865245961e-06,1.0,0.5283352326215545,0.7699179861502752,0.507939604039401,0.463428839526945,0.5619090588096826,3.199811530116029,0.25891751050949097,0.20000000298023224,0.6399623155593872,0.41290804807091896,3.893514633178711
1,5,63,315,640,0.002753662427463499,0.1880303658555924,relu,"[32, 128]",32768,5.2269617013768e-06,1.0,0.528288312648517,0.7704738629860404,0.5087989876220983,0.4608643046478862,0.5678626073992703,3.1952997565969863,0.2718474268913269,0.20000000298023224,0.6390599608421326,0.41324550743414323,1.8561639785766602
1,5,63,315,775,0.0005453399016918657,0.10409748006388284,leaky_relu,"[128, 64]",32768,1.650904720164372e-05,4.0,0.5282867661125912,0.77066465032868,0.5080615618009973,0.4531525090143076,0.578112126799796,3.1947114587618195,0.5624284744262695,0.20000000298023224,0.638942301273346,0.909721570076408,1.8735532760620117
1,5,32,160,681,0.005571324432383138,0.48313443903474007,leaky_relu,"[128, 128, 128, 64]",65536,1.8464792752976072e-05,4.0,0.5282550505119148,0.7711308189948127,0.5097430756826254,0.4586983975088047,0.5735709521754482,3.1932401181274637,0.5738908052444458,0.20000000298023224,0.6386480331420898,0.9102914338104582,1.6526823043823242
1,5,63,315,255,0.0009350542318651814,0.33247827278953745,relu,"[256, 128, 128, 128]",32768,2.9968786991360487e-06,4.0,0.5282432656614153,0.7711421646014256,0.508782780243146,0.47133166606723154,0.552699203578014,3.193338167766658,0.5951297283172607,0.20000000298023224,0.638667643070221,0.9093053134506609,2.527064323425293
1,5,32,160,613,0.002075776736757285,0.403295537015039,leaky_relu,"[256, 256, 128, 64]",65536,3.05408081109432e-05,2.0,0.5281812740328754,0.7709727081218704,0.5088135738463516,0.4517552535873518,0.5823688650005885,3.190199685242777,0.38936907052993774,0.20000000298023224,0.6380399465560913,0.6254462182332406,1.7095177173614502
1,5,63,315,598,0.0034373302411156415,0.11888233265096881,tanh,"[64, 128, 128, 256]",32768,1.7836703430382234e-05,2.0,0.5281513481421082,0.7704662303451515,0.5084227189485679,0.46396633350867966,0.5623013849111381,3.2055985449910382,0.4181152582168579,0.20000000298023224,0.6411197185516357,0.6253894106268607,2.3910226821899414
1,5,16,80,570,0.003281686863442781,0.13337910158610355,relu,"[128, 32, 256]",131072,0.0005967053481763812,4.0,0.5281493267861617,0.7703780103872943,0.5077768054633323,0.4602274991829479,0.5662834948409118,3.1983404875048924,0.5652332305908203,0.20000000298023224,0.6396681070327759,0.9134475134981025,1.2934441566467285
1,5,125,625,284,0.0022181716996023232,0.22182919457977318,tanh,"[64, 256, 64, 256]",16384,1.9466566382890882e-07,1.0,0.5281339078557223,0.7697447763251064,0.5072647040616903,0.46182954124599457,0.5626152457923026,3.206677389045397,0.2513965666294098,0.20000000298023224,0.6413354873657227,0.4129834460107944,3.867971181869507
1,5,125,625,618,0.0019464524355151096,0.49522844872527294,relu,"[64, 256, 32]",16384,1.8394331708419139e-06,4.0,0.5280831545750192,0.7713985276823266,0.5088919654025756,0.4659004768309084,0.5606241908274158,3.1935345650682665,0.5723341107368469,0.20000000298023224,0.6387069225311279,0.9103487297792602,3.3577475547790527
1,5,63,315,937,0.0037150896563907577,0.49975127405910874,leaky_relu,"[256, 64, 256]",32768,2.8558042859203507e-07,1.0,0.5280668046826293,0.7713589946881302,0.5093843662645526,0.4609086505245269,0.5692553650594374,3.195005607679403,0.2625727951526642,0.20000000298023224,0.6390011310577393,0.4127822273695818,2.129300355911255
1,5,125,625,718,0.0019588852687125926,0.10694942851357689,tanh,"[32, 256]",16384,5.717022096995158e-07,4.0,0.5280639367955979,0.770568915274133,0.5072988510822435,0.4613389228866509,0.5634293224528227,3.204813849854263,0.5800203084945679,0.20000000298023224,0.6409627795219421,0.9098020077359705,2.8264381885528564
1,5,16,80,719,0.006158954690392628,0.06088483860524337,relu,"[256, 256]",131072,1.410058071499496e-06,2.0,0.5280571010608214,0.7702963489989314,0.5079877070845541,0.4675496033382263,0.556083016203068,3.1945153594834306,0.4118320941925049,0.20000000298023224,0.6389030814170837,0.6253982401894085,1.393381118774414
1,5,125,625,829,0.00011586039891358393,0.05212776873458588,leaky_relu,"[64, 256, 64]",16384,7.579848992702227e-07,2.0,0.528053719130308,0.7705328946569354,0.5081794987242984,0.4620262308766635,0.5645768762995802,3.1901016356035825,0.4095696806907654,0.20000000298023224,0.6380203366279602,0.625297024602294,3.53991961479187
1,5,32,160,465,0.004283458902166759,0.3925951084933618,leaky_relu,"[256, 64, 64, 256]",65536,1.6950597791613183e-06,2.0,0.5279721349327673,0.7713964428149936,0.5095359344401681,0.47276236834375396,0.5525128486798226,3.18892444388681,0.413029283285141,0.20000000298023224,0.6377848982810974,0.626799912597962,1.7016849517822266
1,5,32,160,94,0.0035089759429690476,0.418531593228517,relu,"[128, 256, 64, 256]",65536,0.00010980200296578054,4.0,0.5279478144265177,0.7709882373399786,0.5090379337406076,0.45617525236433715,0.5757581701910628,3.1904938341603604,0.5495281219482422,0.20000000298023224,0.6380987763404846,0.9137354210067634,1.8039765357971191
1,5,32,160,159,0.002514680094913143,0.17416830781200526,relu,"[64, 64, 256, 128]",65536,2.2941002989532083e-06,2.0,0.5279378319787974,0.7710637064758739,0.5084106937248128,0.46950490114636984,0.5543469732041273,3.1895130397451963,0.4190842807292938,0.20000000298023224,0.6379026174545288,0.6251155162803272,1.6554975509643555
1,5,32,160,164,0.0006264942598017235,0.0732035854566363,leaky_relu,"[128, 256]",65536,0.0001734427748818565,2.0,0.5279069217967348,0.7703700788534521,0.5073272573975187,0.46529249551989654,0.5577111695241085,3.19628084903537,0.4138026833534241,0.20000000298023224,0.6392561793327332,0.6254571253673733,1.3916435241699219
1,5,16,80,842,0.008530295217009447,0.31982559769816393,leaky_relu,"[256, 64, 256, 32]",131072,1.3295593283981078e-07,2.0,0.527896532189984,0.7708068229297008,0.5088110081585849,0.46082589907446464,0.5679508807720978,3.194318962181822,0.3942846953868866,0.20000000298023224,0.6388638019561768,0.6255883112020708,1.4825377464294434
1,5,32,160,57,0.0025272312591813188,0.20992002693988676,relu,"[32, 128, 256, 128]",65536,1.4260060894176919e-05,4.0,0.5278718888205981,0.7707227961431996,0.5083539193029989,0.463292610106031,0.5631252697241947,3.191965174794716,0.560143232345581,0.20000000298023224,0.6383930444717407,0.9134934285412054,1.7156240940093994
1,5,63,315,726,0.00011230246200996541,0.11095107747908639,relu,"[256, 256, 64, 128]",32768,4.258528066852506e-05,4.0,0.5278318572615417,0.7707879013799894,0.5087856147675881,0.4708454688843082,0.5533759661030249,3.189709139023585,0.5929409861564636,0.20000000298023224,0.637941837310791,0.909732209230733,2.397982597351074
1,5,32,160,886,0.0010630684343984102,0.1478508270523612,relu,"[128, 128]",65536,1.6531158367509146e-06,2.0,0.5278258445898263,0.7699518954572043,0.5079325709325089,0.4630841046017671,0.5623994664365021,3.194809508401014,0.4090416431427002,0.20000000298023224,0.638961911201477,0.6257483796372018,1.3999583721160889
1,5,16,80,832,0.009372195338137353,0.13594562513919173,leaky_relu,"[128, 32]",131072,0.00036256403885202745,2.0,0.5278198169444309,0.770269853766818,0.5067521112509242,0.4531611306600673,0.5747185060222056,3.2014789700287736,0.39463216066360474,0.20000000298023224,0.6402958035469055,0.6306513394350312,1.13936185836792
1,5,32,160,8,0.005717648884989453,0.4491639476548165,relu,"[256, 32, 128, 128]",65536,0.00032159737199287245,1.0,0.5277584244239377,0.7704145874124348,0.5080333099985828,0.4518859779810065,0.5801129899172192,3.1964769483137587,0.1755819320678711,0.20000000298023224,0.6392953991889954,0.4215161112946935,1.692906141281128
1,5,125,625,697,0.00042117747815903673,0.1941528811764871,leaky_relu,"[128, 128, 64, 128]",16384,1.235316148363168e-07,1.0,0.5277011248322204,0.7708126723379057,0.5084197714763211,0.47341001353179973,0.5490211463768685,3.196182501372956,0.28113797307014465,0.20000000298023224,0.6392365097999573,0.4124998808706853,3.8582959175109863
1,5,125,625,839,0.003531908816028591,0.4359340786627877,relu,"[32, 64, 64, 128]",16384,4.5492262561202746e-07,1.0,0.5276856219431577,0.770415871680515,0.5100606749757922,0.46612219714559416,0.5631448860292675,3.186374557221315,0.2554211914539337,0.20000000298023224,0.6372749209403992,0.4132376305464601,3.889214038848877
1,5,125,625,119,0.0033871750868272395,0.40499284424693077,tanh,"[256, 32, 128, 256]",16384,1.3151090954812037e-07,1.0,0.5276772794348171,0.7694293087139441,0.50768706670383,0.4624374360255656,0.562752559927812,3.2101103185100808,0.24024836719036102,0.20000000298023224,0.6420220732688904,0.41361193864762447,3.877936840057373
1,5,32,160,20,0.000958084919605882,0.06772225242325111,relu,"[64, 64, 32]",65536,3.1105313394096266e-07,4.0,0.5275968524794166,0.7704484408272476,0.5084769752701441,0.46306605331636147,0.56376279963906,3.194024813264239,0.5785837769508362,0.20000000298023224,0.6388049721717834,0.9100395462854289,1.5366389751434326
1,5,32,160,700,0.0021075268444599835,0.1817328965119548,leaky_relu,"[128, 32]",65536,0.000802598679784926,4.0,0.5275944877085641,0.7700424285285785,0.508319802501471,0.4630171434098218,0.5634489387578956,3.192847919570686,0.5749292969703674,0.20000000298023224,0.6385695934295654,0.91171535357305,1.3646552562713623
1,5,16,80,765,0.00796272469859302,0.29011443573859386,relu,"[128, 128, 256, 32]",131072,2.749659437552786e-06,2.0,0.5275670628658895,0.77082453865029,0.508785935485003,0.4602053609687197,0.5688336145003727,3.1910824300187466,0.3885784447193146,0.20000000298023224,0.638216495513916,0.6255860197323816,1.4402689933776855
1,5,16,80,870,0.0031445692429853925,0.16218512236046415,leaky_relu,"[256, 256, 256]",131072,0.0002910079164210485,1.0,0.5275127853188544,0.7701610817558618,0.5067842993817232,0.46012883607410077,0.5639687708423241,3.1993212819200565,0.2626465857028961,0.20000000298023224,0.6398642659187317,0.41427992323034296,1.6166861057281494
1,5,125,625,868,0.0009696889089781857,0.4443438495054322,relu,"[64, 128]",16384,0.0007728581497070122,4.0,0.527499547372715,0.7704486329143104,0.5091424191213058,0.4688544891640867,0.5570049825414884,3.1934362174058526,0.5804265141487122,0.20000000298023224,0.638687252998352,0.9105011508601285,3.0662195682525635
1,5,63,315,444,0.0007172966750006855,0.23503159465644463,relu,"[128, 256, 32, 256]",32768,1.168059868863212e-07,4.0,0.5274959970218184,0.770749026573184,0.5089562720573202,0.46537317315039095,0.5615461571658362,3.1893169404668074,0.5735473036766052,0.20000000298023224,0.6378633975982666,0.9125681019553329,2.453869342803955
1,5,32,160,608,0.0009020320633120867,0.11355667793464311,leaky_relu,"[128, 32, 64, 256]",65536,2.5312175060474595e-06,1.0,0.5274695144480815,0.7701913095664449,0.5084378713851843,0.46118466231215166,0.5664796578916396,3.1966730475921477,0.26546186208724976,0.20000000298023224,0.6393346190452576,0.41302218938627755,1.6567625999450684
1,5,125,625,299,0.0002992510435586766,0.10268498510011627,relu,"[64, 128]",16384,0.000131189073268435,2.0,0.5274025497856024,0.769744664240249,0.5074914113287731,0.4563258082955515,0.5715798972105615,3.1929459692098803,0.39954665303230286,0.20000000298023224,0.6385892033576965,0.626008724242167,2.854015588760376
1,5,16,80,263,0.0016376768432392614,0.12938551636840884,leaky_relu,"[128, 256, 64, 64]",131072,3.127398186691392e-06,2.0,0.5273277193089996,0.7707527282714998,0.5081238102970761,0.4703936928961566,0.5524343834595316,3.1891208411884184,0.4266605079174042,0.20000000298023224,0.6378241777420044,0.6253966931559862,1.3992607593536377
1,5,125,625,312,0.000737353863977319,0.2548975657475888,relu,"[128, 32, 128]",16384,2.7002510768766175e-06,4.0,0.5273120413130191,0.7705691548117748,0.5084300125266136,0.46329953292514703,0.5633018164698498,3.188728344608421,0.5835044980049133,0.20000000298023224,0.6377456784248352,0.9112348788777668,3.419851303100586
1,5,63,315,587,0.0017618587203677572,0.45953453319195187,relu,"[128, 256, 128, 128]",32768,1.6260996144697793e-07,4.0,0.5272924364658351,0.7707884951856266,0.5089117833097938,0.4557821545529326,0.5760622229196909,3.189414990106002,0.5677126049995422,0.20000000298023224,0.6378830075263977,0.9101326173179366,2.3938872814178467
1,5,63,315,847,0.0041401357887289325,0.3258921123254023,relu,"[32, 32]",32768,1.169123980037637e-06,2.0,0.5272800759363571,0.7705524586292866,0.5086054423254128,0.45841435285411763,0.5711385303464239,3.1904938341603604,0.4099631607532501,0.20000000298023224,0.6380987763404846,0.6257705070430016,1.8499135971069336
1,5,125,625,606,0.0001909735919531883,0.27522620569615824,relu,"[256, 128]",16384,3.089349276794835e-05,2.0,0.5272450802114445,0.7698231971371389,0.5076193163780027,0.46110096446537857,0.5645768762995802,3.187355351636479,0.4080856144428253,0.20000000298023224,0.637471079826355,0.6259577618607207,2.843848705291748
1,5,63,315,213,0.0005805936478157468,0.1154626501925016,leaky_relu,"[64, 128, 32]",32768,6.763217888741915e-06,2.0,0.5272402591282578,0.7703132865588841,0.5084794135090903,0.46620002780208186,0.5591922005571031,3.1852957131669566,0.4151837229728699,0.20000000298023224,0.6370591521263123,0.6255708362305168,2.1295769214630127
1,5,125,625,266,0.00042338456732270017,0.3303677856284106,relu,"[256, 128, 128, 64]",16384,1.4609458534357591e-06,4.0,0.5272387294260243,0.7705689411999942,0.5080149285010411,0.46573953708927096,0.5587312173878928,3.1902977348819714,0.5845854878425598,0.20000000298023224,0.6380595564842224,0.9101867564714429,3.880762815475464
1,5,32,160,899,0.0010295060458396907,0.18341261090490402,relu,"[256, 32]",65536,7.694087198347417e-05,4.0,0.5272309353103891,0.7703163871884735,0.5078326315469285,0.45589876024997855,0.5731197771587744,3.193338167766658,0.563766360282898,0.20000000298023224,0.638667643070221,0.9103864111580056,1.38175368309021
1,5,32,160,354,0.0014294673751901236,0.17804764557756397,relu,"[64, 128, 128, 128]",65536,5.003641903786301e-05,4.0,0.5272239860274718,0.7704855333272927,0.5081378849845589,0.46017361138737933,0.5672643100945506,3.19137657893633,0.5651823282241821,0.20000000298023224,0.6382753252983093,0.9106529541671138,1.6476860046386719
1,5,125,625,815,0.0016062260154830594,0.43941977682757755,leaky_relu,"[64, 64, 64]",16384,7.353323742803726e-06,4.0,0.5272100886178109,0.7707492020537465,0.5091781828740461,0.4737122017930406,0.5503844795794264,3.1858840110021234,0.6029092669487,0.20000000298023224,0.6371768116950989,0.9104192527789666,3.3632969856262207
1,5,63,315,323,0.0009797116869548548,0.22054444135149037,leaky_relu,"[128, 64]",32768,0.000583732745829055,1.0,0.5272096907417303,0.7704472244041161,0.5082642785146598,0.4660565016112938,0.5588783396759387,3.1924554229906885,0.26745784282684326,0.20000000298023224,0.6384910941123962,0.4128408138887333,1.8702709674835205
1,5,125,625,522,0.0008135178123529421,0.1404435294956804,tanh,"[64, 256, 32, 256]",16384,8.66469470515258e-07,1.0,0.5272078379718113,0.7688636476794068,0.50774435716641,0.4705980859240901,0.551257405155165,3.2045194029134603,0.24700163304805756,0.20000000298023224,0.640903890132904,0.41352958678918605,3.9635674953460693
1,5,32,160,912,0.00309726955795573,0.37591592784027733,leaky_relu,"[256, 32, 32, 256]",65536,6.653463714064621e-07,4.0,0.5272000580449959,0.7704668304158043,0.5086931337165264,0.4660825971226546,0.5598787712346502,3.1944170118210167,0.5584561824798584,0.20000000298023224,0.6388834118843079,0.9466176599676881,1.6546170711517334
1,5,63,315,760,0.002845319635045348,0.062132281828532976,tanh,"[256, 64]",32768,2.6095965460822718e-05,4.0,0.5271899258532731,0.7702795380740645,0.5079507299104921,0.47151978492816937,0.5504825611047903,3.2021656155263543,0.5784860849380493,0.20000000298023224,0.640433132648468,0.9105363473787824,1.865377426147461
1,5,125,625,139,0.003896663982739379,0.22346369457641407,tanh,"[64, 64, 64]",16384,0.00010267405960318269,2.0,0.5271590638634396,0.769611657369125,0.5078892527537958,0.4586891883342823,0.5689120797206638,3.198634636422476,0.38179072737693787,0.20000000298023224,0.6397269368171692,0.6263439542698437,3.414771318435669
1,5,63,315,548,0.0058986742327729776,0.40382292044332646,tanh,"[64, 128, 256]",32768,1.915348313835737e-07,2.0,0.5271496318433856,0.7690751425701878,0.5088302350052614,0.4600789699026355,0.5691376672290007,3.1991251826416676,0.39622095227241516,0.20000000298023224,0.6398250460624695,0.6274576338847475,2.1285853385925293
1,5,32,160,984,0.0005514740285020011,0.1348621001336927,relu,"[128, 64, 128, 256]",65536,1.0595221600690496e-06,1.0,0.5271400432369571,0.7698959625400015,0.5079537899307027,0.4659642573536033,0.5582604260661462,3.1876495005540626,0.27161768078804016,0.20000000298023224,0.6375299096107483,0.4129596148328,1.6726162433624268
1,5,125,625,629,0.0008271193135724893,0.18262840134516972,relu,"[64, 32, 128, 32]",16384,2.0580572250087012e-07,1.0,0.5270781602856698,0.7701863775681685,0.5078363980065304,0.4518363352802667,0.5796814312056181,3.1918671251555217,0.24575692415237427,0.20000000298023224,0.6383734345436096,0.412815550810929,4.219257354736328
1,5,125,625,230,0.00018038765212020607,0.12999183937353787,relu,"[128, 128, 32]",16384,2.247902533948839e-05,4.0,0.527070130458215,0.7701335207255418,0.5077559416798899,0.4600508176220858,0.5664992741967123,3.1927498699314913,0.5694100260734558,0.20000000298023224,0.6385499835014343,0.9105136008572993,3.6114578247070312
1,5,32,160,67,0.0020919420517447,0.11514218975833308,relu,"[64, 32]",65536,1.2938872653099763e-07,2.0,0.5270457141045731,0.7699630013939005,0.5077743322384392,0.45822183279260503,0.5693436384322649,3.190788281101163,0.39489173889160156,0.20000000298023224,0.6381576657295227,0.6258529594625598,1.3618814945220947
1,5,125,625,169,0.0005915252163896938,0.15505010961260485,relu,"[32, 128, 64, 32]",16384,7.553714527668168e-05,1.0,0.5270347012143051,0.769958970403477,0.5082608279117568,0.4570573769207876,0.5723841657185452,3.1904938341603604,0.2501556873321533,0.20000000298023224,0.6380987763404846,0.41329196337519136,3.889631986618042
1,5,63,315,127,0.0001883495586472737,0.08363479762521275,leaky_relu,"[256, 128, 128]",32768,1.033904559392205e-05,1.0,0.5270266332905144,0.7700040638936603,0.5075315980839152,0.4636116630844722,0.5606438071324885,3.190395784521166,0.26598936319351196,0.20000000298023224,0.6380791664123535,0.41340955406996793,2.124626636505127
1,5,32,160,734,0.009058656092331294,0.21736812318452198,tanh,"[64, 64, 64, 128]",65536,1.4928765699073177e-07,4.0,0.5269937596698187,0.7703368173323044,0.5084575594211755,0.4581173453735969,0.5712268037192515,3.1956922531769836,0.5498666763305664,0.20000000298023224,0.6391384601593018,0.9114890039563436,1.7166941165924072
1,5,32,160,58,0.0007451605376039638,0.13095760633381143,relu,"[128, 64, 256]",65536,2.0626863899624463e-05,4.0,0.5269884446643283,0.770619227534364,0.5083807902947787,0.45793599006281493,0.571315077092079,3.185393762806151,0.5714156627655029,0.20000000298023224,0.6370787620544434,0.9099857436412875,1.5845260620117188
1,5,16,80,427,0.006790566369425742,0.10638042535123228,leaky_relu,"[64, 32]",131072,1.8622615013953134e-05,4.0,0.5269442203429182,0.7697855309733015,0.5072840222995421,0.4570952032539514,0.5698536623641571,3.1935345650682665,0.5563268065452576,0.20000000298023224,0.6387069225311279,0.9111563266336186,1.24485445022583
1,5,16,80,917,0.0023850853577531564,0.10258538433379508,leaky_relu,"[64, 128, 64, 64]",131072,3.8431688787787465e-05,4.0,0.5269213388834918,0.7707932945724013,0.5086090957352681,0.4632587601947068,0.5638020322492056,3.187551450914868,0.5780891180038452,0.20000000298023224,0.6375102996826172,0.9099981887889893,1.2689919471740723
1,5,32,160,454,0.008651847047209536,0.2117818100195808,tanh,"[256, 64, 32, 32]",65536,1.7519159190343512e-06,4.0,0.5268889729432857,0.7706746884950725,0.5087905910840144,0.4549700728459409,0.5770528463258661,3.1997134804768343,0.5383504033088684,0.20000000298023224,0.6399427056312561,0.9127096209648036,1.6346352100372314
1,5,16,80,390,0.006035023360433958,0.08238133188228897,relu,"[64, 64, 64]",131072,0.00037767308797961814,2.0,0.5268732610322944,0.770192435922461,0.506185689253106,0.4583011920761529,0.5652438306720546,3.195005607679403,0.403023898601532,0.20000000298023224,0.6390011310577393,0.6308790817692512,1.2064628601074219
1,5,125,625,524,0.00045041078768600046,0.2755183107798855,leaky_relu,"[128, 128]",16384,2.143019820807792e-07,2.0,0.5268292132023156,0.7699299751655762,0.5076397008537581,0.4613638733168122,0.5642335909608066,3.1908863307403577,0.42382919788360596,0.20000000298023224,0.6381772756576538,0.6262921787238055,2.934431791305542
1,5,32,160,345,0.009692234411546083,0.4103254941489352,relu,"[64, 32]",65536,0.0001865510487272824,1.0,0.5267841013413793,0.7708426968661678,0.5086505932141617,0.45186454881346894,0.5817607595433324,3.1871592523580903,0.23559026420116425,0.20000000298023224,0.6374318599700928,0.41420296201957923,1.3638088703155518
1,5,32,160,46,0.0007303721704262894,0.21422408191286385,leaky_relu,"[256, 128, 64]",65536,0.00017107251508286894,1.0,0.5267780670764276,0.7703163174075027,0.5080021108366629,0.4636130379531676,0.561791360979246,3.1904938341603604,0.259008526802063,0.20000000298023224,0.6380987763404846,0.4129978074591673,1.5293903350830078
1,5,125,625,945,0.000673066536735159,0.26680965031474657,relu,"[32, 256, 128, 64]",16384,5.702700689140066e-06,2.0,0.5267666100031518,0.7700218125987752,0.5065229896413783,0.4585576059215914,0.5656950056887284,3.187551450914868,0.3985593914985657,0.20000000298023224,0.6375102996826172,0.6293749881452958,3.8937864303588867
1,5,63,315,370,0.0029977005773016104,0.47865704593610836,relu,"[64, 64, 128]",32768,8.451412052738922e-06,2.0,0.5267412207822735,0.77083797306843,0.5091556102275723,0.46112649605296663,0.5683530150260897,3.1752913717137075,0.3999575078487396,0.20000000298023224,0.6350582838058472,0.6257775166465066,2.1769354343414307
1,5,125,625,741,0.008161612618798601,0.1492492915066176,tanh,"[64, 256]",16384,0.00022306080136677401,4.0,0.5266770371771308,0.7696153794978853,0.5075309422555584,0.45439600490082044,0.5747381223272784,3.1966730475921477,0.5586549043655396,0.20000000298023224,0.6393346190452576,0.9112883953153187,2.846402883529663
1,5,63,315,752,0.0036350344152740557,0.12813198764796388,tanh,"[128, 64, 32]",32768,1.0064173871626376e-06,1.0,0.526662905127547,0.7682928755465108,0.5075991762555209,0.4643976202684116,0.5596629918788497,3.19716329578812,0.24481290578842163,0.20000000298023224,0.6394326686859131,0.4135698629186061,2.1223442554473877
1,5,16,80,667,0.0035746887881504836,0.06884758842639067,leaky_relu,"[128, 256, 256, 64]",131072,0.0007374946615958496,1.0,0.5266289690599156,0.7679025438724985,0.5013574192658732,0.44712610105916895,0.5705598493467771,3.209031176432503,0.24136801064014435,0.20000000298023224,0.6418062448501587,0.4220076490182352,1.548621416091919
1,5,125,625,974,0.0028189161527167566,0.3345962613901921,tanh,"[256, 64]",16384,7.704462912815122e-06,2.0,0.5266049335478656,0.7696080496700937,0.5075907060856633,0.4458746242066585,0.5891364902506964,3.195594203537789,0.3750375807285309,0.20000000298023224,0.6391188502311707,0.6265809474226548,2.845228672027588
1,5,125,625,165,0.0005038979396528965,0.27698603370997543,leaky_relu,"[128, 64]",16384,2.640929748772925e-07,2.0,0.5265963609554378,0.7699970571410607,0.5080288918125343,0.45699506230895837,0.5718937580917258,3.1895130397451963,0.40750113129615784,0.20000000298023224,0.6379026174545288,0.6260918827825579,2.930663585662842
1,5,32,160,603,0.005646445519886724,0.3904842328439771,relu,"[64, 256, 256]",65536,1.0210089529239047e-05,2.0,0.526566098135399,0.7701707883935001,0.50767987065481,0.45780170069903614,0.5697555808387932,3.1874534012756737,0.4038465917110443,0.20000000298023224,0.6374906897544861,0.6262166775780281,1.5490868091583252
1,5,32,160,104,0.004826052667360735,0.4639519086377315,relu,"[128, 32, 32, 128]",65536,1.828629462236832e-05,4.0,0.5265579154189158,0.7698686834113351,0.5086871048297115,0.4636469296829599,0.5634195143002864,3.1883361460516433,0.5615339279174805,0.20000000298023224,0.6376672387123108,0.9510248037078446,1.631397008895874
1,5,16,80,1,0.009846412531625012,0.21980132862369228,leaky_relu,"[256, 128]",131072,0.0005061288681518553,2.0,0.5265542760976354,0.7699546514147341,0.5053140268911159,0.46318938180391644,0.5558672368472675,3.198438537144087,0.3959941267967224,0.20000000298023224,0.639687716960907,0.6378755197172761,1.3029866218566895
1,5,125,625,269,0.00030315089672998716,0.4347110451469159,leaky_relu,"[256, 256, 128]",16384,6.384476028723376e-05,4.0,0.5265484141020416,0.7698503935459541,0.5075405720433964,0.4674164354604307,0.555200282474793,3.188728344608421,0.5905622839927673,0.20000000298023224,0.6377456784248352,0.9111300994782203,3.3612618446350098
1,5,125,625,592,0.00010190332497156489,0.2497674507811044,relu,"[256, 256]",16384,6.856717969864255e-05,2.0,0.5265376729803233,0.7692335912128502,0.5066290305070025,0.4545858368597012,0.5721291537525992,3.1874534012756737,0.40274661779403687,0.20000000298023224,0.6374906897544861,0.6267502449194771,2.8590171337127686
1,5,63,315,527,0.001132183596470704,0.3277815401945435,leaky_relu,"[128, 64, 32]",32768,8.843721058491327e-05,4.0,0.526495509520824,0.7702167279974933,0.5083937052682265,0.45909130438219925,0.5695594177880654,3.189414990106002,0.5799457430839539,0.20000000298023224,0.6378830075263977,0.9107471645512106,2.297420024871826
1,5,63,315,54,0.002110450582631815,0.47563739877583444,leaky_relu,"[256, 64]",32768,2.290674933191843e-07,1.0,0.5264834104242689,0.7706788920079131,0.5087195739249086,0.46144018397559766,0.5667935187728039,3.1883361460516433,0.2630250155925751,0.20000000298023224,0.6376672387123108,0.41283361915468425,1.9206125736236572
1,5,32,160,337,0.004248678020019164,0.34671953087519386,relu,"[64, 256]",65536,1.0676922377834784e-05,2.0,0.5264806200391321,0.7700157046414319,0.5077643362688185,0.45940688395728296,0.5674997057554239,3.1896110893843908,0.41664189100265503,0.20000000298023224,0.6379222273826599,0.6265137950493582,1.5457854270935059
1,5,16,80,295,0.008059767392858186,0.2149706177432651,relu,"[256, 32, 128, 128]",131072,0.00016513464175064443,1.0,0.526454122364301,0.7696049811351813,0.5073312612784372,0.462936440506534,0.5611440229118443,3.1899055363251936,0.20766502618789673,0.20000000298023224,0.637981116771698,0.4208452455208663,1.4387977123260498
1,5,125,625,6,0.0001017172794788542,0.0863996264127567,leaky_relu,"[256, 32]",16384,3.269189519978774e-07,4.0,0.5264315232636249,0.769295887906864,0.5065583335134084,0.4527965139188281,0.5748067793950331,3.1939267636250444,0.5545015335083008,0.20000000298023224,0.6387853622436523,0.9116978030692292,2.911444902420044
1,5,125,625,986,0.000723772249682561,0.2121551740667295,leaky_relu,"[64, 64]",16384,0.0006152255447448094,1.0,0.5264035245394402,0.7697036402685316,0.5072159413198699,0.45406268654402243,0.5744634940562595,3.1898071886627797,0.2627283036708832,0.20000000298023224,0.6379614472389221,0.41346728350500794,2.8548707962036133
1,5,63,315,4,0.0004627959995947912,0.33905845421326647,leaky_relu,"[256, 128, 256]",32768,0.0006473683156978916,2.0,0.5263790351310618,0.7697633793210192,0.5084818234175117,0.45796133291417795,0.5715308564478795,3.1854918124453455,0.4153108596801758,0.20000000298023224,0.6370983719825745,0.6265095991447397,2.185011625289917
1,5,16,80,226,0.006864500374512432,0.42986562453533106,leaky_relu,"[256, 128, 256]",131072,1.493440982484375e-05,4.0,0.5263578024040139,0.7697965014004753,0.507962272428164,0.4595060082226138,0.5678429910941974,3.1895130397451963,0.5776706337928772,0.20000000298023224,0.6379026174545288,0.9117498651150981,1.5730037689208984
1,5,63,315,290,0.0010682385834196498,0.17506623311271813,tanh,"[256, 256, 64, 128]",32768,1.2709276838986248e-06,2.0,0.5263450926685911,0.7686069456383126,0.506137332903272,0.4658359996041825,0.5540723449331084,3.2027542113847405,0.3979128897190094,0.20000000298023224,0.6405508518218994,0.6278703239270043,2.388185977935791
1,5,32,160,61,0.003388586057349837,0.41233686133529274,leaky_relu,"[256, 32, 32]",65536,1.5540383337622902e-05,2.0,0.5262567751531827,0.7701395778653112,0.5085723089112397,0.46131487115604214,0.566616972027149,3.184609067669376,0.42699939012527466,0.20000000298023224,0.6369218230247498,0.6265816030143508,1.5040526390075684
1,5,63,315,17,0.00032819587461123097,0.053935146917517544,relu,"[64, 128]",32768,0.00013606309670959784,2.0,0.5262396012483861,0.7688923598612558,0.5064214638779166,0.45227428694800637,0.5752971870218526,3.187747550193257,0.39768823981285095,0.20000000298023224,0.6375495195388794,0.6268023404850956,1.8799347877502441
1,5,32,160,482,0.0009171392016227182,0.28432446824960006,leaky_relu,"[128, 256, 64, 128]",65536,5.613704541261328e-06,4.0,0.526236395730096,0.7699901940388962,0.5077393216406669,0.45440529316970374,0.575257954411707,3.181372237483081,0.5646945238113403,0.20000000298023224,0.6362744569778442,0.9111859523023282,1.64591646194458
1,5,125,625,756,0.0019213290232762902,0.3359440179307135,tanh,"[256, 256, 256, 64]",16384,9.2729339734271e-06,1.0,0.5262004517761825,0.7674535533501337,0.5050436163830127,0.4509917285292508,0.5738161559888579,3.2033425092199073,0.2450806349515915,0.20000000298023224,0.640668511390686,0.4141427593072374,4.051249980926514
1,5,32,160,136,0.001114812117925446,0.05483720878776455,tanh,"[256, 64, 32, 128]",65536,2.6672256493103235e-06,2.0,0.5261808836084011,0.7683317536842363,0.5070061716415014,0.4524559121244544,0.5765133979363647,3.1975557923681173,0.3879376947879791,0.20000000298023224,0.6395111680030823,0.6274830906246814,1.831146478652954
1,5,125,625,785,0.0010780224041744273,0.07362302228519052,tanh,"[256, 256]",16384,8.258041993511724e-05,2.0,0.5261789992334324,0.7678523659914416,0.5073072848936848,0.45216383426211637,0.5777688414610224,3.19961543083764,0.39145585894584656,0.20000000298023224,0.639923095703125,0.6273758549165313,2.844797372817993
1,5,32,160,543,0.001795434799613266,0.12548005989925992,leaky_relu,"[32, 128]",65536,0.0009417695257957573,4.0,0.5261455295759977,0.7693337902293234,0.506879382350178,0.44886630061563126,0.5821138530346424,3.1895130397451963,0.5444095730781555,0.20000000298023224,0.6379026174545288,0.912709106137255,1.3599627017974854
1,5,16,80,106,0.005866694646442219,0.3009441787126596,leaky_relu,"[32, 256, 256, 32]",131072,5.998701854771203e-07,4.0,0.5261118234937795,0.7699240957670661,0.5079066506495894,0.4501633058252059,0.5826434932716074,3.183922422171795,0.5493312478065491,0.20000000298023224,0.6367844939231873,0.9153794329894791,1.4230809211730957
1,5,32,160,365,0.0008361616797787476,0.23826258450448373,leaky_relu,"[128, 256]",65536,1.1476701155875369e-07,1.0,0.5261105499041259,0.7690994173172211,0.5065513649771118,0.4573356724037109,0.5676370198909333,3.1881400467732544,0.26957640051841736,0.20000000298023224,0.6376280188560486,0.4138628981082941,1.3718714714050293
1,5,125,625,417,0.0010864990869349528,0.44987795125724916,leaky_relu,"[128, 64, 32, 128]",16384,1.4543668842541687e-05,4.0,0.5260736114700392,0.7698980808367846,0.5082213578500707,0.46256959866113095,0.5638706893169603,3.1835302236150174,0.5739785432815552,0.20000000298023224,0.6367060542106628,0.9197692743545562,3.868990659713745
1,5,32,160,909,0.0019042804687654392,0.38933087938569894,leaky_relu,"[128, 256, 64]",65536,4.4735437197789606e-05,1.0,0.5260295205945086,0.7703033379545576,0.5078565921685387,0.4488574332718443,0.5847130134567853,3.1850012662261538,0.22851763665676117,0.20000000298023224,0.6370002627372742,0.41323694052839904,1.5841436386108398
1,5,63,315,918,0.006202349382842289,0.3154940203606017,tanh,"[256, 256, 256]",32768,6.418638746726673e-07,4.0,0.5259570580866312,0.7691587860002622,0.5071102060080586,0.4573185150153701,0.569069010161246,3.190788281101163,0.5764662623405457,0.20000000298023224,0.6381576657295227,0.9126825675607415,2.13069748878479
1,5,63,315,487,0.005581543186122952,0.32378910011556455,tanh,"[64, 64]",32768,1.1267088748116004e-05,4.0,0.5259463518685753,0.7694752812904381,0.5079126110093419,0.45645084345452697,0.5724528227862999,3.1918671251555217,0.5567808747291565,0.20000000298023224,0.6383734345436096,0.9123123521695183,1.8465309143066406
1,5,32,160,394,0.004226551538890519,0.4516717750992404,leaky_relu,"[128, 64, 256, 128]",65536,1.3313711019179e-07,1.0,0.5259259581903044,0.7701743625308064,0.5092279768536822,0.4698162947242763,0.5558574286947311,3.172152591166607,0.25151944160461426,0.20000000298023224,0.6344305276870728,0.4132566843461147,1.6489019393920898
1,5,63,315,501,0.000482967337011273,0.17908240513901225,relu,"[128, 128, 32, 32]",32768,3.414747925455286e-05,2.0,0.5259220490108116,0.7696400723896184,0.5079370675598255,0.46119371928869823,0.5652242143669818,3.1850993158653482,0.41703125834465027,0.20000000298023224,0.6370198726654053,0.6265799384754306,2.390815496444702
1,5,16,80,351,0.003672052779868415,0.3364691755460184,relu,"[256, 128, 64, 64]",131072,3.4700795728932352e-06,4.0,0.5259101681557896,0.7693491975141138,0.5076078667825286,0.46316343042071195,0.5614873082506179,3.1850993158653482,0.5766408443450928,0.20000000298023224,0.6370198726654053,0.9120699612402805,1.4292731285095215
1,5,32,160,814,0.007485853277015683,0.17688659070765644,tanh,"[64, 64]",65536,1.1420216692732304e-05,4.0,0.5258855089908491,0.7697414354123262,0.5076651684516663,0.4548200958349837,0.5744046451410413,3.1945153594834306,0.5524505972862244,0.20000000298023224,0.6389030814170837,0.9117616217471903,1.5052003860473633
1,5,16,80,453,0.0015883822007064846,0.05507953469422167,leaky_relu,"[128, 32]",131072,7.035264322302387e-07,4.0,0.5258759645791463,0.7686695342267398,0.5063811834194705,0.4587380959964328,0.5650672839263996,3.1896110893843908,0.5619016885757446,0.20000000298023224,0.6379222273826599,0.9125838621965017,1.1282191276550293
1,5,16,80,470,0.00237639384329205,0.11168902016763946,leaky_relu,"[128, 64]",131072,5.162986520760686e-07,4.0,0.5258519748780713,0.7686674012113788,0.5069338061571306,0.46538250223457733,0.5566322727451057,3.1899055363251936,0.5692209005355835,0.20000000298023224,0.637981116771698,0.9125963659559443,1.119171380996704
1,5,125,625,716,0.00020333734633865835,0.21294512932932286,leaky_relu,"[256, 128]",16384,1.4363842052052483e-06,1.0,0.5258428686927303,0.7690673866972831,0.5056385288505822,0.45734711852034055,0.5653321040448821,3.1881400467732544,0.2553001046180725,0.20000000298023224,0.6376280188560486,0.4135909975683466,2.8507239818573
1,5,32,160,244,0.0025770507949132585,0.4900308543576455,leaky_relu,"[256, 32]",65536,1.3004470440665637e-05,4.0,0.5258269918364716,0.7691931931173972,0.5073394863027422,0.46453759039877374,0.5588292989132567,3.18804199713406,0.5597479939460754,0.20000000298023224,0.6376084089279175,0.9124944998085337,1.3769633769989014
1,5,32,160,249,0.004411532777725784,0.21043869853082142,relu,"[32, 64]",65536,5.279737860008038e-06,1.0,0.5258169164795048,0.7698117705903721,0.5079049933315781,0.4535314838938435,0.5770920789360117,3.185982060641318,0.25693970918655396,0.20000000298023224,0.63719642162323,0.41336953712125185,1.357234239578247
1,5,32,160,200,0.0022646121507790273,0.2561909514350704,leaky_relu,"[32, 256, 256]",65536,1.6802313218327395e-07,4.0,0.5258106360281293,0.769190375916634,0.507324756240292,0.455900407410014,0.5718251010239711,3.177939308018397,0.5591229200363159,0.20000000298023224,0.6355878710746765,0.9146321366340164,1.5200800895690918
1,5,32,160,211,0.0018765088252922237,0.19892883882270207,leaky_relu,"[256, 64, 32]",65536,5.949641056026687e-07,1.0,0.5257919563479133,0.7697624171420825,0.5072681789706502,0.4485105164397085,0.5837420063556829,3.181764734063078,0.24837389588356018,0.20000000298023224,0.6363529562950134,0.4133720761628985,1.5034444332122803
1,5,16,80,413,0.0065855120370955835,0.47291866672350197,relu,"[256, 128]",131072,2.073534462724649e-05,2.0,0.5257608309573023,0.7698525890070469,0.507293103371813,0.46299309485068524,0.5609674761661894,3.1874534012756737,0.4158383905887604,0.20000000298023224,0.6374906897544861,0.6265325135914181,1.2914419174194336
1,5,63,315,108,0.006080087044019462,0.24310883831601937,tanh,"[32, 32, 256]",32768,0.000170601434734122,2.0,0.5257014554227515,0.7681788652730112,0.5053797862313041,0.46221535458685753,0.5574365412530896,3.1947114587618195,0.3860026001930237,0.20000000298023224,0.638942301273346,0.6290951104119038,2.1205992698669434
1,5,32,160,733,0.002863586034212119,0.29675982419914726,relu,"[64, 64, 32]",65536,1.818192025720544e-05,2.0,0.5256947971871825,0.7698420760342393,0.5080294376574771,0.45534971585829453,0.5744929185138687,3.181960833341467,0.40241074562072754,0.20000000298023224,0.6363921761512756,0.6265280561639083,1.68808913230896
1,5,16,80,770,0.005209044953815985,0.44382781728849513,relu,"[128, 128, 64]",131072,2.9712343189803496e-05,4.0,0.5256760433004198,0.7698867205837436,0.50753657389746,0.4633052041659243,0.5611047903016988,3.1814702871222753,0.5693135261535645,0.20000000298023224,0.6362940669059753,0.9124311523442364,1.245450496673584
1,5,125,625,685,0.0013774601859320049,0.37883888297312923,relu,"[32, 32, 256]",16384,1.5010779501826347e-07,2.0,0.5256545279146716,0.7694247910364233,0.5088010425716768,0.4566529428277346,0.5743948369885048,3.169798803779501,0.39828240871429443,0.20000000298023224,0.6339597702026367,0.635247583199681,3.354266881942749
1,5,125,625,566,0.0031093254981728706,0.16507013420646938,tanh,"[128, 32, 128, 128]",16384,0.0002687434273762916,4.0,0.5256465952839106,0.7691274151670381,0.5067298439125012,0.45242076549051036,0.5758562517164267,3.192553472629883,0.5507841110229492,0.20000000298023224,0.6385107040405273,0.912256145976787,3.881762981414795
1,5,32,160,128,0.0018368510525412784,0.42972648833588295,relu,"[128, 256, 32, 32]",65536,2.1290680215985868e-06,4.0,0.5256376876858553,0.7696868581434966,0.507828057101893,0.46264492928902007,0.5627917925379575,3.180195343789528,0.5826833844184875,0.20000000298023224,0.6360390782356262,0.9119827261958454,1.6605491638183594
1,5,16,80,447,0.005015992558502116,0.26469197190739596,leaky_relu,"[128, 128, 64, 256]",131072,1.22706221241249e-06,1.0,0.525613859606258,0.7700722050055113,0.5084966805396913,0.459093603066103,0.5698144297540115,3.173721981440157,0.25406360626220703,0.20000000298023224,0.63474440574646,0.41328520271514235,1.5701205730438232
1,5,63,315,196,0.0026114202802678165,0.07652531672945186,tanh,"[32, 128]",32768,3.2836778839018744e-06,2.0,0.5255575354144317,0.76809168791717,0.5073293046379163,0.4548410432726339,0.5735121032602299,3.1966730475921477,0.39635059237480164,0.20000000298023224,0.6393346190452576,0.6276990600746112,1.9915318489074707
1,5,63,315,888,0.0003468253161397365,0.08538819764544664,leaky_relu,"[32, 64, 128, 64]",32768,0.0001174112513627068,4.0,0.5255475567396559,0.7698087078154261,0.5066066960297602,0.4631957933405395,0.5589960375063753,3.1850993158653482,0.5845097303390503,0.20000000298023224,0.6370198726654053,0.9114066003420199,2.565627098083496
1,5,32,160,288,0.006455333212900984,0.10476000565360384,tanh,"[256, 32]",65536,6.227941834122703e-05,4.0,0.5255389267213546,0.7687416568462134,0.5065231305871891,0.45062714494271233,0.5782494409353054,3.1927498699314913,0.5605159401893616,0.20000000298023224,0.6385499835014343,0.9128873153635302,1.3715405464172363
1,5,16,80,651,0.004621599770851315,0.12087207796119635,relu,"[128, 64, 128]",131072,0.000665728202896668,1.0,0.5255024571892617,0.7692930520313037,0.5043074059939194,0.44803309789938056,0.5767487935972381,3.1966730475921477,0.2306888997554779,0.20000000298023224,0.6393346190452576,0.41929900221618116,1.3038949966430664
1,5,63,315,274,0.002623931629285579,0.4508360292716771,relu,"[32, 128, 128]",32768,0.00012024900012747951,2.0,0.5254907472024324,0.7690440016666449,0.5077732269885751,0.4530132159945844,0.5775922947153674,3.1820588829806615,0.38187170028686523,0.20000000298023224,0.6364117860794067,0.632106133972875,2.1765193939208984
1,5,125,625,941,0.0014785454370918806,0.4977815514944199,leaky_relu,"[128, 64]",16384,4.244680850867804e-06,1.0,0.5254852881853834,0.7704898835930138,0.5081826464816372,0.4591552417439762,0.5689316960257366,3.1849032165869593,0.2587243914604187,0.20000000298023224,0.6369806528091431,0.4131587323360386,2.8441810607910156
1,5,125,625,658,0.0005140972296373362,0.2178414521651092,relu,"[32, 64, 256, 32]",16384,2.0957847854498255e-07,4.0,0.5254616979337462,0.7692269081727667,0.5069767645884784,0.4585803277387613,0.5667935187728039,3.182941627756631,0.5580388903617859,0.20000000298023224,0.6365883350372314,0.9149256229915093,3.9552581310272217
1,5,8,40,492,0.008223095292064565,0.357091809891431,relu,"[256, 128, 64]",262144,1.7243156246943102e-07,4.0,0.5254050807039202,0.7690385926734066,0.5065747813137335,0.4565872859673293,0.5688532308054455,3.1864726068605096,0.5714721083641052,0.20000000298023224,0.6372945308685303,0.9127038447726605,1.306842565536499
1,5,16,80,794,0.0004892887701391952,0.25858932073510005,leaky_relu,"[256, 256, 256]",131072,7.536353079337283e-06,2.0,0.5254050453664859,0.7691684840761133,0.5065402960926206,0.4610846873817974,0.5619384832672918,3.1781357053200052,0.4164773225784302,0.20000000298023224,0.6356271505355835,0.6273148596551018,1.8039133548736572
1,5,63,315,792,0.007479681028008839,0.23596856394268523,tanh,"[256, 256, 64, 32]",32768,8.702033904197232e-05,2.0,0.5253984163444991,0.7689603875174016,0.5057639241104817,0.45015225940718295,0.5770528463258661,3.194809508401014,0.39237287640571594,0.20000000298023224,0.638961911201477,0.6282819572358972,2.4805245399475098
1,5,32,160,649,0.0009530848009217161,0.42900472946600426,leaky_relu,"[256, 256]",65536,3.16216887955636e-05,2.0,0.5253582200782304,0.7685407727514689,0.5065185597257987,0.46675375787541545,0.5536898269841892,3.1850012662261538,0.4323742687702179,0.20000000298023224,0.6370002627372742,0.6279290012961778,1.5371687412261963
1,5,8,40,298,0.00241988091054316,0.13974791406911624,relu,"[256, 128, 64, 32]",262144,2.303421204591235e-05,4.0,0.5253460940311983,0.7688198426540223,0.5063304485349032,0.45855149036395754,0.5652242143669818,3.1862765075821207,0.574652910232544,0.20000000298023224,0.6372553110122681,0.9146528285600798,1.3601186275482178
1,5,125,625,831,0.0003486175792954785,0.3717442338494188,relu,"[256, 32]",16384,1.4465443218538346e-06,2.0,0.5252838320550376,0.7691098614229567,0.5069071990341647,0.4548479865327213,0.5724233983286908,3.1800972941503334,0.40050646662712097,0.20000000298023224,0.6360194683074951,0.6270302328479178,3.006570816040039
1,5,16,80,428,0.0013187674845622425,0.10122893156829751,leaky_relu,"[256, 32]",131072,1.8608135083116413e-06,4.0,0.5252729194284097,0.7685815772191644,0.5061310763926488,0.45320632655119186,0.5730511200910197,3.187943649471646,0.561407208442688,0.20000000298023224,0.6375887393951416,0.9128366326873265,1.1875934600830078
1,5,32,160,687,0.0016553131966785494,0.07756592567728192,relu,"[32, 64]",65536,7.084283570145121e-05,4.0,0.5252085804770458,0.7691478635888418,0.5059131106120157,0.4576230835158556,0.5655969241633646,3.184805166947765,0.5728193521499634,0.20000000298023224,0.636961042881012,0.9122491961673409,1.366222858428955
1,5,63,315,111,0.0006606907240609876,0.2746658175408748,leaky_relu,"[256, 32, 64, 64]",32768,2.394238384582334e-07,1.0,0.5251678223961913,0.7688733855579483,0.5080314333685285,0.4545672779085615,0.5757483620385264,3.1806855919855,0.2550126016139984,0.20000000298023224,0.6361371278762817,0.4139689053095048,2.407306671142578
1,5,32,160,979,0.0005627241667258435,0.06969658690109204,relu,"[64, 32, 64, 256]",65536,1.370153600099614e-05,2.0,0.5251461644689126,0.7692769695076979,0.507154474358087,0.45364007800167144,0.5749833261406881,3.1826474788390477,0.39006343483924866,0.20000000298023224,0.6365295052528381,0.6270167317759542,1.640942096710205
1,5,63,315,929,0.005039635006513817,0.4604017523658715,tanh,"[256, 32, 128, 32]",32768,4.188740237307606e-07,1.0,0.5251001570092755,0.766950652019518,0.5060181731146579,0.4515528189340004,0.5754246930048256,3.1988307357008647,0.24326419830322266,0.20000000298023224,0.6397661566734314,0.4150953194393435,2.437204360961914
1,5,63,315,593,0.0031660713446772233,0.225025437457598,tanh,"[256, 128]",32768,2.0340846879443335e-06,2.0,0.5250288125200938,0.7680238940747748,0.5068907533890372,0.45408733732956486,0.573590568480521,3.1917690755163273,0.3932807445526123,0.20000000298023224,0.6383538246154785,0.627584342836534,1.858412504196167
1,5,32,160,714,0.006794283185343762,0.11727131566163582,tanh,"[64, 32, 256]",65536,5.539297980297175e-07,4.0,0.5250141197936521,0.7688424827249993,0.507573351202468,0.4561522879957454,0.5720604966848445,3.1864726068605096,0.5699502229690552,0.20000000298023224,0.6372945308685303,0.9131292018245344,1.5140800476074219
1,5,63,315,957,0.0005769072358585589,0.3288686830190416,leaky_relu,"[256, 64, 128]",32768,0.00044994187431955256,1.0,0.5250118097608576,0.7691005961502586,0.5072019830906113,0.4621956532261968,0.561918866962219,3.1803914430679168,0.2824048399925232,0.20000000298023224,0.6360782980918884,0.4144103994634312,2.1270675659179688
1,5,16,80,293,0.005197048041608015,0.35610561657007334,relu,"[128, 64]",131072,5.481129690211012e-05,2.0,0.5250109318985464,0.7692638618684443,0.5073860553744636,0.4610236062682858,0.5641158931303699,3.1778412583792024,0.4142034947872162,0.20000000298023224,0.6355682611465454,0.6271433109360485,1.269322395324707
1,5,125,625,689,0.001501008688088235,0.4977028238529982,relu,"[128, 32]",16384,1.292002438745735e-06,1.0,0.5250022062799862,0.7699699463020175,0.5077409731509104,0.45093187562810244,0.5809270665777394,3.17156429333144,0.25688427686691284,0.20000000298023224,0.6343128681182861,0.41364192051798465,2.82855486869812
1,5,63,315,940,0.001169557168793691,0.18101911090058875,tanh,"[256, 128, 256]",32768,4.937593927063284e-05,1.0,0.5249876384654799,0.7668707390515163,0.5055259417199716,0.4620018836673054,0.5581034956255639,3.190984380379552,0.24807769060134888,0.20000000298023224,0.6381968855857849,0.41440462584989235,2.15164852142334
1,5,16,80,326,0.002929334785049405,0.2568904922423375,leaky_relu,"[32, 256, 128]",131072,2.017170604807364e-05,4.0,0.5249864651681296,0.7688382644815558,0.5059751776903515,0.4543758149267249,0.5707952450076503,3.188238096412449,0.5459064841270447,0.20000000298023224,0.6376476287841797,0.9142592098976792,1.2944986820220947
1,5,32,160,907,0.0012421101153904388,0.4351561204853403,leaky_relu,"[256, 32]",65536,0.00019432812599796994,4.0,0.5249739173404423,0.7683162534944348,0.5067421356264287,0.45563306947282706,0.5707658205500412,3.1862765075821207,0.5472493171691895,0.20000000298023224,0.6372553110122681,0.9138493594165837,1.3724725246429443
1,5,16,80,414,0.0020450129515746096,0.18561604484898514,leaky_relu,"[128, 32, 64]",131072,1.1396174026243237e-06,4.0,0.5249585312699564,0.7690475380575328,0.506765927140304,0.4663671214806876,0.5548275726784103,3.18313772703502,0.5865393877029419,0.20000000298023224,0.6366275548934937,0.9123049744020434,1.1960124969482422
1,5,125,625,322,0.005475311030378761,0.30793863179417896,tanh,"[128, 64]",16384,6.120890812450508e-05,1.0,0.5249405631363006,0.7669358888649146,0.5061606089846682,0.44972145802056107,0.5787986974773431,3.1917690755163273,0.23738332092761993,0.20000000298023224,0.6383538246154785,0.41452014602840875,2.848175525665283
1,5,125,625,774,0.0008538853291641509,0.13426829209947191,tanh,"[64, 128, 128, 32]",16384,5.543683303451954e-05,4.0,0.5249382031884302,0.7696870702281046,0.5071518666929803,0.4507359109280866,0.5797108556632272,3.194809508401014,0.5461174249649048,0.20000000298023224,0.638961911201477,0.9123717197412563,4.245213747024536
1,5,63,315,436,0.0013356331106324701,0.31089733724337976,leaky_relu,"[64, 32]",32768,1.4371346856620849e-05,4.0,0.5249159584287755,0.7689954840628307,0.5070998671217529,0.4549910387282787,0.5726882184471733,3.1847071173085704,0.5514706969261169,0.20000000298023224,0.6369414329528809,0.9127797692753408,1.8535990715026855
1,5,125,625,720,0.00031539279232724776,0.17987663153488476,relu,"[64, 64, 32, 256]",16384,0.0007929510654310688,1.0,0.52488869021705,0.7686134717764306,0.5067367209499501,0.458914518965284,0.5656851975361921,3.1786259535159775,0.268514484167099,0.20000000298023224,0.635725200176239,0.4152012093801254,3.9051804542541504
1,5,63,315,721,0.0025619254847994667,0.14239438253333023,tanh,"[64, 128]",32768,1.8713029387790417e-05,4.0,0.5248588122271561,0.768783366253931,0.5062096835555405,0.4448109352945546,0.5872729412687826,3.1930440188490747,0.5594392418861389,0.20000000298023224,0.6386088132858276,0.9129367701405565,1.8723280429840088
1,5,16,80,11,0.00812606024960437,0.38439827917588565,leaky_relu,"[256, 64]",131072,2.2632744633259465e-06,1.0,0.524781717966837,0.7696274904344789,0.5074529651226758,0.46023357734156095,0.5654694181803915,3.1782337549591997,0.2656843066215515,0.20000000298023224,0.6356467604637146,0.41360423731314694,1.2307195663452148
1,5,63,315,690,0.0002923697684720311,0.20526441961522018,leaky_relu,"[256, 64, 64, 32]",32768,3.3869810573777584e-05,2.0,0.5247440503258183,0.7682623496606733,0.506094244857481,0.4738269851185637,0.5430774059398171,3.1800972941503334,0.4384016990661621,0.20000000298023224,0.6360194683074951,0.6289163648088344,2.547100067138672
1,5,8,40,86,0.003873108555288528,0.07868573059053172,leaky_relu,"[256, 256, 256, 256]",262144,0.0003460993628417705,4.0,0.524710432858807,0.7685166905484476,0.5063172551311582,0.45058130640966804,0.5777884577660952,3.1845110180301814,0.580065131187439,0.20000000298023224,0.6369022130966187,0.9133295502882098,1.776352882385254
1,5,16,80,825,0.004862010840891831,0.28571715554695837,leaky_relu,"[256, 64]",131072,3.615376859503268e-05,1.0,0.5247000861194596,0.7695240763105875,0.5068677758772612,0.45287125656066685,0.5754835419200439,3.1796067479311416,0.2541355490684509,0.20000000298023224,0.6359213590621948,0.4137072316811446,1.310408353805542
1,5,8,40,445,0.004439430302362845,0.1831320402901812,leaky_relu,"[128, 128]",262144,2.6920774401056745e-05,4.0,0.524689463260243,0.7685961652539547,0.506681956512151,0.46035231698911633,0.5633802816901409,3.1864726068605096,0.5623682141304016,0.20000000298023224,0.6372945308685303,0.9132255073760854,1.1814439296722412
1,5,32,160,155,0.0006178863995029082,0.11996671621514271,relu,"[64, 32, 256]",65536,0.0001372975263575374,4.0,0.5245735477070097,0.7683300527625543,0.5065455213243203,0.4570019723865878,0.5681372356702892,3.1806855919855,0.5673046708106995,0.20000000298023224,0.6361371278762817,0.913384327079293,1.5666494369506836
1,5,16,80,812,0.003908751566442062,0.2868163507301669,relu,"[64, 256, 64, 32]",131072,6.900677574172647e-06,1.0,0.5245685480078033,0.768785821069836,0.507457967972671,0.45938769507182775,0.5667640943151948,3.1697007541403064,0.2528866231441498,0.20000000298023224,0.6339401602745056,0.4138477620871679,1.4907395839691162
1,5,32,160,3,0.00765055527168367,0.35182754640139935,tanh,"[64, 32, 64, 128]",65536,1.0467841319129334e-06,2.0,0.5245542677688778,0.7661143816914282,0.5072068156133183,0.45544245300693187,0.5722468515830358,3.197261643450534,0.39204955101013184,0.20000000298023224,0.639452338218689,0.6302893498874673,1.9624667167663574
1,5,16,80,973,0.0012013584531886106,0.24635369221799075,relu,"[256, 32, 128]",131072,5.615341182197719e-07,4.0,0.5245347615735262,0.7687878247444904,0.5068030807733658,0.460088,0.5640766605202244,3.187747550193257,0.5751445293426514,0.20000000298023224,0.6375495195388794,0.9134625862184365,1.3245656490325928
1,5,125,625,405,0.001692686211512573,0.3629383586561127,tanh,"[256, 32, 128]",16384,6.308024838432115e-07,1.0,0.5245067105622141,0.7671251692127573,0.5063747092803493,0.46319874386781323,0.5584271646592648,3.1941228629034333,0.24692542850971222,0.20000000298023224,0.6388245820999146,0.4149116515617531,3.530219554901123
1,5,125,625,41,0.00011464789834178021,0.32549196179534523,leaky_relu,"[256, 128]",16384,0.0006795722891204652,4.0,0.5244992351903133,0.7680099745207599,0.5066437989066352,0.4500757985510669,0.579475460002354,3.1822549822590505,0.5500472784042358,0.20000000298023224,0.636451005935669,0.9138567231421594,2.926553964614868
1,5,16,80,272,0.0012328109728069567,0.27294168693416576,leaky_relu,"[128, 128, 256, 32]",131072,0.0001411731506111225,4.0,0.524454185694897,0.7689736125445296,0.5065355463541301,0.4581600914082585,0.5663325356035938,3.1786259535159775,0.5687374472618103,0.20000000298023224,0.635725200176239,0.9129946183375414,1.4125103950500488
1,5,63,315,757,0.00036505894705194606,0.3176381838021257,leaky_relu,"[256, 128]",32768,1.630156168997814e-07,1.0,0.5244527893703113,0.7682735604071127,0.5054791018328323,0.4590411989816342,0.5623700419788928,3.181764734063078,0.27963021397590637,0.20000000298023224,0.6363529562950134,0.41503984727141685,1.8738148212432861
1,5,16,80,395,0.002271269839184684,0.3671924469359016,relu,"[128, 256, 32, 64]",131072,2.874797523653556e-05,2.0,0.5244510149861715,0.7689907651231858,0.5073364616893122,0.4581317395566518,0.5683824394836988,3.1766643646856494,0.41338831186294556,0.20000000298023224,0.6353328824043274,0.6275296471156249,1.361565113067627
1,5,63,315,461,0.0005299491588072555,0.17277098699420756,relu,"[32, 128, 256]",32768,7.761342593514218e-07,4.0,0.5244452514656915,0.7692627038987505,0.5060344490879976,0.4538144795323458,0.5718349091765075,3.1720545415274124,0.5637542009353638,0.20000000298023224,0.6344109177589417,0.9133313849944272,2.183497905731201
1,5,125,625,149,0.0006021449762669827,0.4600375826952222,relu,"[128, 64]",16384,0.00045582699417023463,2.0,0.52441114514547,0.7690881716502336,0.5072488881187547,0.4636634636472184,0.5598787712346502,3.172741187024993,0.42634373903274536,0.20000000298023224,0.6345482468605042,0.6277177383266531,2.8443655967712402
1,5,32,160,783,0.0017440329518431227,0.23925737778153855,relu,"[32, 64, 256, 64]",65536,1.3582767610476897e-06,4.0,0.5243588172566008,0.7692889815267893,0.5072084049698802,0.4541118994998255,0.5743654125308957,3.1762721661288715,0.5521664023399353,0.20000000298023224,0.635254442691803,0.9138076723073237,1.6459853649139404
1,5,8,40,19,0.0010162656950961735,0.057462189957191545,relu,"[128, 64, 64, 128]",262144,1.1156825783167106e-06,4.0,0.5243586082687337,0.7685559264895133,0.5067769826689107,0.4497662574588575,0.5803385774255562,3.1781357053200052,0.5595967173576355,0.20000000298023224,0.6356271505355835,0.9129733034560669,1.2775905132293701
1,5,16,80,423,0.005683793159050545,0.3341687203623024,leaky_relu,"[64, 32, 256]",131072,0.0003410225412776987,2.0,0.5243213974442282,0.7690347073536152,0.5077163434058606,0.44667774210130295,0.5880772097767665,3.1734278325225738,0.37226101756095886,0.20000000298023224,0.6346855759620667,0.6370098906924517,1.244300127029419
1,5,32,160,410,0.0035621051798295457,0.40438732990129617,relu,"[32, 128, 32, 256]",65536,8.733335826113738e-05,2.0,0.5243162051010894,0.7688636889250952,0.5081169533935359,0.4547899133615412,0.575611047903017,3.163913739265297,0.365389883518219,0.20000000298023224,0.6327827572822571,0.6371899154347227,1.660897970199585
1,5,8,40,668,0.003746505018613177,0.070522863278097,leaky_relu,"[128, 32, 32]",262144,0.0003266142828737881,4.0,0.5242574225766128,0.7678431086071319,0.5061351862656694,0.4606775024139041,0.5615461571658362,3.182353031898245,0.583269476890564,0.20000000298023224,0.6364706158638,0.9139764132905275,1.095576524734497
1,5,63,315,968,0.0014834115784485005,0.4210485139041548,relu,"[128, 32]",32768,1.2621363886346316e-06,2.0,0.5242560861441095,0.7692095830716935,0.5072492689995054,0.454780241151303,0.5734042135823296,3.16999490305789,0.4225631058216095,0.20000000298023224,0.6339989900588989,0.6274829445770496,2.0430986881256104
1,5,63,315,737,0.002693831076403709,0.3599738167724357,tanh,"[256, 128, 64]",32768,1.5403995486620024e-06,4.0,0.5242510785296275,0.7690106859248532,0.5077411140125602,0.45339130032606434,0.5768959158852839,3.1847071173085704,0.562578558921814,0.20000000298023224,0.6369414329528809,0.9134900193397938,2.1288647651672363
1,5,125,625,441,0.00017959285246205443,0.14889170349501007,relu,"[128, 32, 64]",16384,7.364921004031988e-07,2.0,0.5242376730037811,0.7692685621092423,0.5070839538553868,0.46372439811690475,0.5593883636078308,3.1749969247729046,0.42026814818382263,0.20000000298023224,0.6349993944168091,0.6278360874095658,3.356936454772949
1,5,32,160,148,0.0005238406382552482,0.08974947337146655,relu,"[128, 32]",65536,1.2605783160222485e-05,4.0,0.5242234454269702,0.7679843776870785,0.5055321080495991,0.4554305172183295,0.5680195378398525,3.183922422171795,0.5608878135681152,0.20000000298023224,0.6367844939231873,0.9136500671535743,1.369258165359497
1,5,16,80,15,0.008751048870067614,0.4618246968101692,leaky_relu,"[64, 256]",131072,4.840755937654271e-07,2.0,0.5241924811037352,0.76892651001655,0.5068255564288443,0.4588086588070689,0.5660677154851113,3.172545087746604,0.4118916392326355,0.20000000298023224,0.6345090270042419,0.6277915119156701,1.2088878154754639
1,5,32,160,221,0.002012756648002513,0.06461326973193714,tanh,"[128, 128]",65536,4.241045741266817e-07,1.0,0.5241349550134091,0.7659428923165122,0.5047232523966132,0.4554380426203631,0.5659696339597473,3.187747550193257,0.2444610297679901,0.20000000298023224,0.6375495195388794,0.41476046833248753,1.3946759700775146
1,5,16,80,463,0.0021314927209870266,0.1429462772785422,leaky_relu,"[64, 64, 32, 64]",131072,2.408821301141639e-07,4.0,0.524107481204261,0.7687209284587782,0.5076108682759681,0.45970289388044144,0.5666660127898309,3.1793125990135582,0.5710185170173645,0.20000000298023224,0.6358625292778015,0.9133785439550612,1.254626750946045
1,5,125,625,227,0.00012207443791694772,0.0844142602194907,leaky_relu,"[64, 32, 128, 32]",16384,6.089059605888025e-06,4.0,0.5240818698475922,0.7684713422609204,0.5062429461373715,0.46276950072300116,0.5587312173878928,3.177547109461619,0.5697910785675049,0.20000000298023224,0.6355094313621521,0.9131855449430883,3.871648073196411
1,5,8,40,391,0.0013151841913165091,0.06365842280340767,leaky_relu,"[256, 32, 128, 256]",262144,0.0007251153082796253,1.0,0.5240089672259078,0.7683033558233925,0.5064231422926606,0.45201059586330106,0.5757287457334537,3.1770568612656467,0.2857026755809784,0.20000000298023224,0.6354113817214966,0.4170668944581408,1.476757526397705
1,5,16,80,176,0.0007787890012422424,0.2137022692545419,relu,"[128, 64, 128, 128]",131072,2.2275943389606145e-05,4.0,0.523971762303417,0.7681049622707744,0.5060294659615863,0.4493371284190018,0.5790929420534349,3.1789204004567804,0.547217071056366,0.20000000298023224,0.6357840895652771,0.9144631446897458,1.4364993572235107
1,5,125,625,42,0.004034410067683852,0.46928905724274633,tanh,"[64, 256]",16384,2.5467825777049163e-05,1.0,0.5238941545088442,0.7652527740287689,0.5057528123633569,0.46003776465389096,0.5615559653183726,3.1929459692098803,0.22821137309074402,0.20000000298023224,0.6385892033576965,0.41535939182435044,2.910992383956909
1,5,16,80,87,0.008795041774915652,0.4416528726743729,relu,"[32, 32, 32]",131072,0.0005649229820749469,4.0,0.5238728490794151,0.7680871430631897,0.5077652788950577,0.4600855565557512,0.5664698497391032,3.171760392609829,0.533405065536499,0.20000000298023224,0.6343520879745483,0.9308449597916938,1.1818575859069824
1,5,16,80,936,0.0021191886689894204,0.4453444891293062,leaky_relu,"[128, 256]",131072,0.000872432052263513,4.0,0.5238324993223943,0.7677905595920198,0.5057763953925556,0.44806964420893264,0.5805445486288203,3.1778412583792024,0.5529618859291077,0.20000000298023224,0.6355682611465454,0.9163763036026933,1.267897129058838
1,5,16,80,615,0.0036630056400439167,0.29768727275603024,leaky_relu,"[128, 32, 64, 64]",131072,9.31077653507096e-07,1.0,0.5238220780823424,0.768399487678296,0.5070314169694379,0.4493386063002864,0.5817215269331869,3.1682294135059506,0.2340480536222458,0.20000000298023224,0.6336458921432495,0.4143746722590587,1.3340301513671875
1,5,63,315,536,0.0001495972997262714,0.09099050062597029,leaky_relu,"[128, 64, 256]",32768,3.875730413442701e-06,1.0,0.5237698398768423,0.7680129168053862,0.5052101215408913,0.4491270640661722,0.5772980501392758,3.185982060641318,0.2500612437725067,0.20000000298023224,0.63719642162323,0.4146940671194249,2.163898229598999
1,5,32,160,34,0.004188255424039311,0.4937476740606459,relu,"[32, 256, 256, 32]",65536,3.4903132013221936e-05,1.0,0.5237244956018013,0.7680948713868606,0.5071319653204374,0.4562136485490774,0.5708442857703323,3.1705832008930566,0.2322457879781723,0.20000000298023224,0.6341166496276855,0.41583402001206266,1.6523830890655518
1,5,16,80,21,0.0009137293311963966,0.3125848910513531,leaky_relu,"[128, 256, 256, 64]",131072,5.1114148187512844e-05,2.0,0.5237176022062204,0.7686550594432302,0.5068033663298037,0.452157122195895,0.5764741653262192,3.170485151253862,0.41180598735809326,0.20000000298023224,0.6340970396995544,0.6280136575989381,1.548349142074585
1,5,125,625,358,0.0006231473006014643,0.12444437554745022,tanh,"[256, 128]",16384,1.1759678089345765e-06,4.0,0.5236406470926859,0.768090253757689,0.5058191894700381,0.4527921614833649,0.5729138059555102,3.183333826313409,0.564654529094696,0.20000000298023224,0.6366667747497559,0.9134967060637992,3.028372049331665
1,5,8,40,287,0.004238081241953264,0.11592463740144002,relu,"[128, 128, 256]",262144,0.00012827261080683103,1.0,0.5236321671413395,0.7683895011231264,0.5059490991872232,0.46274969093630036,0.5580446467103456,3.1716623429706345,0.26294615864753723,0.20000000298023224,0.6343324780464172,0.41442211844724774,1.3350164890289307
1,5,63,315,283,0.00030450444328427163,0.20195939027079945,leaky_relu,"[128, 32, 256]",32768,2.0001203788344206e-07,4.0,0.5236118469983349,0.7682462464420734,0.5068985068985069,0.45093543653705065,0.578720232257052,3.176075768827263,0.5534773468971252,0.20000000298023224,0.635215163230896,0.9146474343712966,2.1300737857818604
1,5,63,315,901,0.0005211758776691502,0.41986548621061603,leaky_relu,"[256, 128, 256]",32768,2.472593921174768e-07,1.0,0.5236007218024316,0.7690006992855087,0.5065526793804109,0.4539013153294539,0.5730216956334105,3.17156429333144,0.26581135392189026,0.20000000298023224,0.6343128681182861,0.4149535439790705,2.142474412918091
1,5,125,625,882,0.0012616493081236948,0.4576365348123621,relu,"[64, 32]",16384,1.050709147000316e-05,1.0,0.523588779013284,0.7693680157091048,0.5070101505789699,0.4475424727671299,0.5847032053042489,3.1620502000741633,0.25199761986732483,0.20000000298023224,0.6324100494384766,0.4142096442902484,2.849989414215088
1,5,125,625,503,0.007325035097495996,0.33947936285834684,tanh,"[64, 32, 64, 32]",16384,0.00012634612883671641,1.0,0.5235753082535812,0.7663158553830663,0.5055719718552479,0.45988991120575357,0.5613303778100357,3.1901016356035825,0.2247675210237503,0.20000000298023224,0.6380203366279602,0.41556580417073624,3.8753387928009033
1,5,32,160,880,0.00047009993538690706,0.3385313177880951,leaky_relu,"[256, 64, 256, 128]",65536,1.8459944643803512e-07,2.0,0.5235644213513748,0.7684471187884105,0.5060433412202852,0.4481790809919356,0.5810643807132488,3.1732314352209654,0.4018351137638092,0.20000000298023224,0.6346462965011597,0.6281627028957205,1.773909091949463
1,5,16,80,73,0.0015388523581305524,0.21899614450441018,leaky_relu,"[256, 128, 128, 32]",131072,2.129926052820522e-05,1.0,0.5235184705609146,0.7675471629049335,0.505809949511122,0.45752489782962347,0.5654890344854643,3.1788220527943665,0.28479933738708496,0.20000000298023224,0.6357644200325012,0.41763395395114866,1.4464545249938965
1,5,63,315,483,0.0002705590812505145,0.392263779332872,relu,"[256, 64]",32768,1.6727963445648596e-07,4.0,0.5235062800307598,0.7675355616832776,0.5054858047732157,0.4542021734031741,0.5698242379065479,3.1759777191880687,0.5409239530563354,0.20000000298023224,0.6351955533027649,0.9149706906024357,1.860666275024414
1,5,125,625,372,0.0017166943813538465,0.4113726708822299,tanh,"[128, 32, 64, 64]",16384,4.356820830347315e-06,4.0,0.5234866735239481,0.7681482332426574,0.5069187276101688,0.45264926696162916,0.5759739495468633,3.1826474788390477,0.5566644668579102,0.20000000298023224,0.6365295052528381,0.9177772199828365,3.8564114570617676
1,5,63,315,85,0.0002688009592749106,0.35770798648680285,leaky_relu,"[256, 64, 32]",32768,1.2465672707002294e-05,4.0,0.5234484348845457,0.7676532340568276,0.5057388136660104,0.4641156950305215,0.5555631841186394,3.1822549822590505,0.5656428337097168,0.20000000298023224,0.636451005935669,0.9146470022209021,2.115882635116577
1,5,16,80,863,0.0006939250063940615,0.17168626864357456,relu,"[256, 64]",131072,1.3258070486908784e-05,2.0,0.5234251126398755,0.7671821837650681,0.5040908192617641,0.4564012437474652,0.5629094903683942,3.180195343789528,0.40508314967155457,0.20000000298023224,0.6360390782356262,0.628675429436761,1.2308869361877441
1,5,32,160,338,0.001238183879507738,0.37840652187672663,leaky_relu,"[256, 128, 32]",65536,0.0005374736169298937,1.0,0.5234167189609711,0.7683214588085276,0.5060052443794867,0.45040329369270093,0.5772686256816666,3.184609067669376,0.24497345089912415,0.20000000298023224,0.6369218230247498,0.4146756933297512,1.5256235599517822
1,5,8,40,385,0.0026035603453989048,0.20631817310129708,relu,"[256, 256]",262144,0.0002605574998595173,2.0,0.5233980216094622,0.7679303968573572,0.5043816078904421,0.46033416442703107,0.557750402134254,3.173721981440157,0.41385364532470703,0.20000000298023224,0.63474440574646,0.6286823463854314,1.3442325592041016
1,5,32,160,449,0.0010367517204330089,0.48400898073184273,relu,"[256, 128, 64, 256]",65536,0.00012767794762658363,2.0,0.5233834916445556,0.768376646910369,0.5069795777818982,0.46097525730158473,0.5631841186394131,3.1678369169259533,0.38652411103248596,0.20000000298023224,0.6335673928260803,0.6305706073024732,1.6711246967315674
1,5,16,80,398,0.005832715086325029,0.26231287942795817,leaky_relu,"[64, 64]",131072,1.9966050493674236e-05,1.0,0.5233704163718303,0.7684410860834047,0.5059963770511312,0.4594696272342333,0.563007571893758,3.16911215828192,0.26488134264945984,0.20000000298023224,0.6338224411010742,0.4142461009592226,1.1084511280059814
1,5,125,625,599,0.0003171785884687164,0.31372642340674256,relu,"[256, 32]",16384,0.000488501112643543,1.0,0.5233661301774499,0.7681099862361132,0.5059593608344856,0.45672712335692617,0.5670877633488957,3.1815683367614698,0.2673625648021698,0.20000000298023224,0.6363136768341064,0.41463821011207136,2.8547308444976807
1,5,63,315,664,0.002460702350561634,0.2480800606197333,tanh,"[128, 128]",32768,1.1263194601072419e-07,1.0,0.5233623989100814,0.7654741009777506,0.5052615128151698,0.4532384186423253,0.5707756287025776,3.189218890827613,0.23475830256938934,0.20000000298023224,0.6378437876701355,0.4150926339611814,1.861621618270874
1,5,8,40,116,0.007117387709645421,0.23785992916841225,leaky_relu,"[128, 256, 64]",262144,1.3958564904271312e-06,1.0,0.5233222168487186,0.7683383643459532,0.5061988040362692,0.45367772224510894,0.5724724390913728,3.166365874314817,0.2673407196998596,0.20000000298023224,0.633273184299469,0.41471476674482105,1.3913815021514893
1,5,32,160,292,0.00028091368217533666,0.05244855023681625,relu,"[32, 128, 32, 256]",65536,0.00024289958410278302,4.0,0.5233159279705403,0.7680720337213789,0.5048126540154595,0.4424131897016369,0.5877044999803837,3.174114179996935,0.54988032579422,0.20000000298023224,0.6348228454589844,0.9139138304755549,1.7021598815917969
1,5,32,160,125,0.0009229466812394183,0.26184509400564826,leaky_relu,"[128, 32, 256, 32]",65536,3.9466958364102625e-06,2.0,0.5233108418298198,0.7676656090139264,0.5061394234776467,0.4578521710834385,0.5658127035191651,3.1743105772985434,0.40066272020339966,0.20000000298023224,0.6348621249198914,0.629066285803523,1.6351048946380615
1,5,32,160,250,0.00023591052411142766,0.12299761225526262,leaky_relu,"[128, 256]",65536,2.877581799851998e-06,1.0,0.5232997493481446,0.7667885305264716,0.5032028881637813,0.46069201613889227,0.5543567813566637,3.181960833341467,0.26708462834358215,0.20000000298023224,0.6363921761512756,0.4151978575153,1.3765559196472168
1,5,63,315,582,0.003195103755619058,0.1571049575003229,tanh,"[128, 32]",32768,7.641926421930626e-07,1.0,0.5232942160855979,0.7654620633454473,0.5051802306538641,0.4505688806888069,0.5748558201577151,3.1845110180301814,0.24036423861980438,0.20000000298023224,0.6369022130966187,0.41511418223918883,1.8479282855987549
1,5,125,625,262,0.00027007100963765844,0.3616993462845218,leaky_relu,"[128, 128, 256]",16384,0.0002911595429163232,2.0,0.5232663204433129,0.7686163870890221,0.5067129529182035,0.45438697526732763,0.5726587939895641,3.167346668729981,0.4146929383277893,0.20000000298023224,0.6334693431854248,0.62808032952171,3.384533405303955
1,5,125,625,855,0.0010087250496143903,0.29366706920208313,leaky_relu,"[32, 32, 128]",16384,2.2017475342098684e-07,1.0,0.5232541410947722,0.7682567310719983,0.5067067319174435,0.4546304593446838,0.5722566597355722,3.161559951878191,0.2596883475780487,0.20000000298023224,0.632311999797821,0.41482168817567844,3.366424083709717
1,5,16,80,65,0.009086036516311976,0.31599175345435704,relu,"[32, 256]",131072,1.952524114920127e-05,1.0,0.5232375678324224,0.7676449586325496,0.5056844768721512,0.452913510492984,0.5723743575660089,3.1799011948719444,0.269519567489624,0.20000000298023224,0.6359802484512329,0.41494359161434835,1.1590044498443604
1,5,63,315,105,0.0029122134326792196,0.41792389688868203,tanh,"[64, 256, 32]",32768,2.8290212137596425e-07,4.0,0.5232371826275434,0.7682899589833212,0.5072102101566817,0.4647687181497452,0.558181960845855,3.1756835702704853,0.5658461451530457,0.20000000298023224,0.6351367235183716,0.9155438692873076,2.1164231300354004
1,5,63,315,594,0.003529383659687435,0.3230871556508518,tanh,"[256, 64, 64]",32768,4.566892041686719e-05,2.0,0.5232334201710712,0.7674760199727702,0.5045259525053309,0.44772240207924857,0.5778374985287771,3.1832357766742145,0.3679790496826172,0.20000000298023224,0.6366471648216248,0.6292287143122627,2.135833501815796
1,5,32,160,260,0.0011608488711443053,0.3295884328184409,leaky_relu,"[256, 32, 256]",65536,1.5489760108564217e-07,1.0,0.5232223233989555,0.7684564488517116,0.5062697720323226,0.45959393949090444,0.5634979795205775,3.1676408176475643,0.26959770917892456,0.20000000298023224,0.6335281729698181,0.4163789584074619,1.5166678428649902
1,5,63,315,168,0.006695812498704863,0.48239949275407124,tanh,"[128, 256, 128]",32768,2.2639126572005086e-05,1.0,0.5232203542349673,0.7663955267932292,0.5045081749419872,0.4599050510269991,0.5586919847777473,3.186962855056482,0.2530398368835449,0.20000000298023224,0.6373925805091858,0.4153096088450543,2.1183295249938965
1,5,8,40,400,0.0033289012176463896,0.06301303699848158,leaky_relu,"[256, 256]",262144,1.4980208822442822e-06,1.0,0.5232141975322449,0.7671296750456706,0.5038951398150187,0.44993564199995373,0.5725607124642003,3.1805875423463057,0.24031129479408264,0.20000000298023224,0.6361175179481506,0.41528716609656563,1.3572347164154053
1,5,8,40,5,0.0019235254084809714,0.20902733238837579,relu,"[64, 256, 256]",262144,2.148320692179567e-06,4.0,0.5231942141580934,0.7676987477840576,0.5054050973618917,0.45692046733564784,0.5654007611126368,3.1667580728715947,0.5609473586082458,0.20000000298023224,0.6333516240119934,0.9144638378565241,1.784942388534546
1,5,16,80,236,0.005765251798683992,0.3193830266077233,relu,"[64, 128, 128]",131072,1.2451399971669217e-06,1.0,0.5231760604758147,0.7687562415981835,0.5067297136089765,0.45298517843067554,0.5749440935305425,3.166169775036428,0.24529573321342468,0.20000000298023224,0.6332339644432068,0.4141736384848474,1.2497687339782715
1,5,125,625,526,0.00013035793806254583,0.18898680251003852,leaky_relu,"[64, 128]",16384,0.00014921198193015113,4.0,0.5231628742907483,0.7669646930378761,0.5046475089096769,0.4458958171872296,0.5812311193063675,3.181372237483081,0.545973002910614,0.20000000298023224,0.6362744569778442,0.9152926410786508,3.0291621685028076
1,5,63,315,80,0.0005555566929555321,0.20966463614987307,leaky_relu,"[64, 64]",32768,2.960419760137152e-07,2.0,0.5229972764924274,0.7676345049789782,0.5052717301844456,0.4524662911759686,0.5720310722272353,3.1700929526970842,0.39894741773605347,0.20000000298023224,0.63401859998703,0.6284502756694293,1.8542416095733643
1,5,32,160,117,0.0050109849601002055,0.08564069073892658,tanh,"[32, 128]",65536,3.531852591717407e-07,2.0,0.5229958654784039,0.7666409253151478,0.5059247942690615,0.4487598976640374,0.5797795127309819,3.182941627756631,0.3841581642627716,0.20000000298023224,0.6365883350372314,0.6291042914592232,1.4951727390289307
1,5,32,160,553,0.0070021838967979635,0.35847529737829753,tanh,"[128, 128, 32]",65536,6.065188144783183e-07,4.0,0.5229888887523925,0.7686666568289167,0.5067808769023178,0.4487642930606812,0.5820255796618149,3.1802933934287223,0.5392693877220154,0.20000000298023224,0.6360586881637573,0.9154476504738556,1.5221219062805176
1,5,32,160,362,0.0011174789347027508,0.31904121282209535,relu,"[64, 128]",65536,2.800959696173015e-07,2.0,0.5229599165718318,0.7671801294171393,0.5048862338880182,0.4529189547065467,0.5703244536859037,3.1748008254945157,0.4143880009651184,0.20000000298023224,0.6349601745605469,0.6290948560956349,1.3682060241699219
1,5,32,160,411,0.005169719620705258,0.3223473211894089,leaky_relu,"[32, 64, 256, 256]",65536,5.320106426986129e-07,1.0,0.522941158847848,0.7676126344226756,0.503622133396864,0.45768447388257183,0.5598101141668955,3.1764682654072605,0.22362160682678223,0.20000000298023224,0.6352936625480652,0.4164993850526058,1.6686363220214844
1,5,8,40,532,0.002234551794964106,0.13771982005630407,leaky_relu,"[64, 256, 32, 256]",262144,8.978904428699636e-05,2.0,0.5229356832296959,0.7677317870474624,0.5063796955763579,0.46431287876929117,0.5568284357958335,3.172348690444996,0.42251715064048767,0.20000000298023224,0.634469747543335,0.6289690495206149,1.4310643672943115
1,5,63,315,729,0.00011605173849359443,0.10205872244127766,leaky_relu,"[32, 128, 256]",32768,3.04719221988119e-06,2.0,0.522920210852416,0.7667249530876976,0.5034815729241259,0.45597631911896935,0.5620365647926556,3.1724470381074097,0.39853861927986145,0.20000000298023224,0.6344894170761108,0.6290438557532626,2.208415985107422
1,5,32,160,327,0.009235985220104291,0.1838794236647257,tanh,"[64, 256]",65536,8.211689427726161e-06,1.0,0.5229034177219736,0.7650009034090014,0.5054352413318229,0.4619444737675499,0.5579661814900545,3.1871592523580903,0.24212078750133514,0.20000000298023224,0.6374318599700928,0.4154360534900298,1.3681766986846924
1,5,32,160,617,0.001711985046916223,0.10548275864392058,tanh,"[256, 128, 32]",65536,5.0323351646762143e-05,1.0,0.5228821140795161,0.7663028677290834,0.503958861891059,0.44520156438026476,0.5805837812389658,3.182353031898245,0.2405046820640564,0.20000000298023224,0.6364706158638,0.41492616643789276,1.5247762203216553
1,5,16,80,115,0.0009095438083789491,0.055453029755407626,leaky_relu,"[128, 64]",131072,0.00026226365410371704,1.0,0.5228786390638049,0.7664226656745303,0.5032086612491135,0.44579781677239627,0.5775922947153674,3.1791164997351693,0.25133731961250305,0.20000000298023224,0.6358233094215393,0.4155075806218667,1.1147892475128174
1,5,63,315,240,0.0017930292085457308,0.17828517026294843,tanh,"[256, 32, 64]",32768,3.5109808636725253e-05,2.0,0.5228599604807698,0.767072376908209,0.5058519611978068,0.4581410154384848,0.5646553415198713,3.179704797570336,0.3852872848510742,0.20000000298023224,0.6359409689903259,0.6290494622051087,2.131960391998291
1,5,16,80,887,0.0010474760897042162,0.14170930175517263,relu,"[32, 64, 256]",131072,1.0750301778721311e-07,4.0,0.5228211628516153,0.7668453610123825,0.5037678085213524,0.4616195026338356,0.5543862058142728,3.1726431373857986,0.5685951113700867,0.20000000298023224,0.634528636932373,0.9155862656612068,1.2301149368286133
1,5,63,315,332,0.00010066482824570336,0.16350098715170364,relu,"[128, 256, 128]",32768,0.0002261818281389428,2.0,0.5227928116951945,0.7679681805413439,0.5053412904978486,0.4566945971203649,0.5655871160108282,3.1698968534186953,0.4132576882839203,0.20000000298023224,0.6339793801307678,0.6289563635064488,2.2239410877227783
1,5,16,80,242,0.0017497636875921535,0.3566967229930362,leaky_relu,"[64, 128, 256, 32]",131072,0.0001588530357921855,4.0,0.522764629734105,0.767728092359711,0.5055806700308383,0.45680429344900736,0.5660186747224293,3.1708776478338594,0.5559075474739075,0.20000000298023224,0.6341755390167236,0.916112288880018,1.3524184226989746
1,5,8,40,922,0.0063462748895165505,0.1931397810308153,leaky_relu,"[128, 256]",262144,0.0003581978919313706,4.0,0.5227559903110519,0.7674514263953636,0.5055654693545822,0.4598923175827708,0.561310761504963,3.1781357053200052,0.5643616318702698,0.20000000298023224,0.6356271505355835,0.9152895804239874,1.2227718830108643
1,5,8,40,647,0.0020835018006809696,0.14820254050394877,leaky_relu,"[256, 32, 64]",262144,0.0003633143927696706,2.0,0.5227489500304879,0.7663868648980541,0.5055815058190167,0.458318049153921,0.5637137588763781,3.1799011948719444,0.4109686017036438,0.20000000298023224,0.6359802484512329,0.629346168742763,1.2392010688781738
1,5,8,40,133,0.0041685359278292216,0.20306290441571145,relu,"[64, 64, 256, 128]",262144,2.4058145493348935e-05,4.0,0.5227099098708528,0.7673351997733775,0.5057448322543694,0.4534907246015936,0.5716093216681706,3.174408626937738,0.5725568532943726,0.20000000298023224,0.6348817348480225,0.9160627915727427,1.3469231128692627
1,5,16,80,506,0.0003051162102360435,0.07828997397446916,leaky_relu,"[256, 64, 32]",131072,0.00020670145803345914,4.0,0.5227073700098308,0.7668874351738799,0.5047742269375081,0.45045953476915496,0.5739828945819765,3.1782337549591997,0.5575724244117737,0.20000000298023224,0.6356467604637146,0.9155919079286886,1.294851303100586
1,5,32,160,511,0.0010135428502736396,0.44124664517974016,leaky_relu,"[256, 32, 32]",65536,0.00011355172307907293,4.0,0.5226528714708496,0.767518172080201,0.506884498941013,0.45386852821407797,0.5739240456667583,3.172937286303382,0.5588086247444153,0.20000000298023224,0.6345874667167664,0.915875708280958,1.5237669944763184
1,5,8,40,0,0.0013405258015190262,0.2645465408231715,leaky_relu,"[256, 128]",262144,1.106727030866478e-07,4.0,0.5226364336326643,0.7663387628174937,0.5045805979116508,0.4563222311237319,0.5642532072658794,3.1805875423463057,0.5556426644325256,0.20000000298023224,0.6361175179481506,0.9163045091287428,29.269570112228394
1,5,63,315,177,0.002642344285058077,0.1263064923066173,tanh,"[64, 256, 32]",32768,0.00017467157403688868,1.0,0.5225901346091487,0.7655425983657691,0.5036100699941848,0.44391813521906687,0.5818490329161599,3.1845110180301814,0.22938485443592072,0.20000000298023224,0.6369022130966187,0.4157573885691583,2.2522757053375244
1,5,16,80,248,0.0014682401805793553,0.09961731670160118,relu,"[32, 32, 32, 64]",131072,3.0550622921396154e-06,4.0,0.522584426134214,0.7670681339053274,0.5048201104991725,0.4559077034998656,0.5654890344854643,3.1749969247729046,0.5678088068962097,0.20000000298023224,0.6349993944168091,0.9153861855687949,1.253363847732544
1,5,63,315,310,0.00013070120572784266,0.10344426098233012,relu,"[128, 128]",32768,2.8090378399700853e-05,2.0,0.522553657767236,0.7663530615552665,0.503782281331363,0.45665763036198376,0.5617521283691004,3.1758796695488742,0.39864611625671387,0.20000000298023224,0.6351759433746338,0.629517457297562,1.8745110034942627
1,5,125,625,44,0.00015846151192328606,0.09745132673830645,relu,"[256, 32]",16384,3.7883395106493024e-05,1.0,0.5225098250242247,0.7673950709443425,0.5045806109221253,0.4533636633678846,0.5688434226529091,3.17489887513371,0.26889947056770325,0.20000000298023224,0.634979784488678,0.4168861647539709,2.914970636367798
1,5,8,40,23,0.005447531183265249,0.2297517135595492,leaky_relu,"[32, 128, 256, 128]",262144,3.28485758394129e-07,2.0,0.5224504118077263,0.7675527239660943,0.5059679306189584,0.4586289923939215,0.5642041665031975,3.17156429333144,0.40993911027908325,0.20000000298023224,0.6343128681182861,0.6293950498129819,1.3822274208068848
1,5,125,625,489,0.0004272233598225646,0.09785572872030714,tanh,"[64, 256]",16384,0.00013213590258407182,1.0,0.5224013258148059,0.7644923955387426,0.5035367680583599,0.4517800512704634,0.5686864922123269,3.1814702871222753,0.24531692266464233,0.20000000298023224,0.6362940669059753,0.41604395746024886,3.0407636165618896
1,5,125,625,63,0.000183590515056597,0.3510811121731097,relu,"[128, 128, 256]",16384,1.957984022812486e-06,2.0,0.5223623466330808,0.7678969594828724,0.505245320265891,0.4554129596094796,0.5673231590097689,3.162246299352552,0.4127036929130554,0.20000000298023224,0.6324492692947388,0.6289507879183457,3.37381649017334
1,5,16,80,45,0.0006293389746968395,0.22417327467124987,leaky_relu,"[128, 128, 128, 256]",131072,2.3074331925795283e-07,1.0,0.5223560293486615,0.7674401228641629,0.5045796838863942,0.45380547612519095,0.5681470438228255,3.1676408176475643,0.27798697352409363,0.20000000298023224,0.6335281729698181,0.41657975508267914,1.514164686203003
1,5,8,40,328,0.004047507489986823,0.4527949783350985,relu,"[256, 32, 64]",262144,1.929265739606727e-06,4.0,0.5222117182140645,0.7664080725772227,0.505633914491362,0.45892437351073867,0.562929106673467,3.1770568612656467,0.5564725995063782,0.20000000298023224,0.6354113817214966,0.917092298204684,1.247032642364502
1,5,8,40,39,0.008299644514579405,0.12656942740643606,leaky_relu,"[64, 128, 256]",262144,1.755276096850624e-07,1.0,0.5221711172632568,0.768369937343175,0.5057192050505185,0.46277674187586004,0.557446349405626,3.1588136679110876,0.2638680338859558,0.20000000298023224,0.6317627429962158,0.4149407138036968,1.2831478118896484
1,5,125,625,120,0.0002326118622022763,0.2851690352149428,leaky_relu,"[64, 256, 128, 128]",16384,0.0001439870670408885,1.0,0.5221637426895995,0.7682455874971085,0.5061318221706083,0.4560761634997443,0.5685295617717446,3.164698434402072,0.2585783898830414,0.20000000298023224,0.6329396963119507,0.4147465266620263,3.885183334350586
1,5,63,315,194,0.0006482736956780299,0.09325964393642813,tanh,"[32, 256, 32, 64]",32768,6.169589762987487e-06,4.0,0.5221613146438151,0.7673257517450027,0.5059264485404357,0.4595830929949369,0.5626642865549845,3.1784298542375886,0.5791975855827332,0.20000000298023224,0.6356859803199768,0.91499999286456,2.3779280185699463
1,5,16,80,68,0.0007929259258054163,0.14683492049451302,leaky_relu,"[128, 128, 32, 64]",131072,1.7124206334246512e-07,1.0,0.522139291622897,0.7670156375596368,0.5051439886358745,0.45012044125995365,0.5754933500725803,3.169798803779501,0.2692800760269165,0.20000000298023224,0.6339597702026367,0.41650732783465133,1.278095006942749
1,5,63,315,53,0.0008925024340609255,0.11642887372522084,tanh,"[64, 64, 64, 128]",32768,6.204942821652068e-07,4.0,0.5220963807763911,0.7675472732822435,0.5057446561587958,0.45013963808867974,0.577023421868257,3.1834318759526035,0.5630478262901306,0.20000000298023224,0.636686384677887,0.9153262359368534,2.6608567237854004
1,5,125,625,464,0.0024236516228771134,0.1794262227151141,tanh,"[256, 128, 64, 64]",16384,0.00031007918886734445,4.0,0.5220959333024462,0.7668455563822656,0.5026749513154543,0.4490076135671143,0.570912942838087,3.1826474788390477,0.5564703345298767,0.20000000298023224,0.6365295052528381,0.9164343112119955,3.8560776710510254
1,5,32,160,479,0.0017301425774993665,0.398107206403028,leaky_relu,"[128, 32, 64, 32]",65536,8.07345170690831e-05,1.0,0.5220889545776493,0.7668771572894706,0.504597629389153,0.46264616894267724,0.5549158460512378,3.174408626937738,0.27571186423301697,0.20000000298023224,0.6348817348480225,0.41630085066748357,1.6356196403503418
1,5,32,160,456,0.0009428686280169561,0.40259187844814176,relu,"[128, 32]",65536,1.4757297840902416e-07,4.0,0.5220797567001791,0.7667039471516524,0.5050958489384192,0.45380929676325066,0.5694515281101652,3.1724470381074097,0.5458406805992126,0.20000000298023224,0.6344894170761108,0.9163424151680554,1.3666470050811768
1,5,16,80,368,0.0010851390319480067,0.1390247766745977,leaky_relu,"[128, 64]",131072,0.0006004955375127567,1.0,0.5220591254702757,0.7665248406240244,0.5019162629257358,0.4654172394139538,0.5446270940405665,3.185393762806151,0.2764461040496826,0.20000000298023224,0.6370787620544434,0.41546937711517884,1.1181347370147705
1,5,63,315,443,0.0012254149990350393,0.4151022374860714,relu,"[32, 32]",32768,3.096698650676996e-06,4.0,0.5220537087089856,0.7664796370210807,0.505746929912674,0.448198795408917,0.5802503040527286,3.1722506408058013,0.5508220195770264,0.20000000298023224,0.6344501376152039,0.9168274868909176,1.8488562107086182
1,5,8,40,641,0.008596608596307618,0.18922019023535436,relu,"[256, 128, 128]",262144,0.00024535641409181337,1.0,0.5220307776992995,0.7679842278317526,0.5053712651398609,0.4526935229681156,0.571923182549335,3.159892511965446,0.24892359972000122,0.20000000298023224,0.6319785118103027,0.415765011235981,1.3750803470611572
1,5,16,80,614,0.0013467850848791825,0.33112781684010584,relu,"[256, 32]",131072,0.0005519339933535062,4.0,0.5220009996239987,0.7663491145593424,0.5050445287284255,0.4592738924088752,0.5609478598611166,3.1713678960298317,0.5611032247543335,0.20000000298023224,0.6342735886573792,0.916854330095829,1.190176248550415
1,5,32,160,95,0.0016215353558747126,0.3689814499105991,relu,"[64, 32]",65536,5.574588243092698e-07,4.0,0.5219782722132352,0.7662709336457012,0.5046502471674177,0.4554779916925944,0.5657244301463377,3.172348690444996,0.5569555759429932,0.20000000298023224,0.634469747543335,0.9165019720583479,1.460667610168457
1,5,63,315,932,0.0028980236209980967,0.1956891968058398,tanh,"[256, 32]",32768,6.468161563449668e-05,1.0,0.5219659722032627,0.7643782245994581,0.5026521394781343,0.4459959431432283,0.5757974028012084,3.1825494291998533,0.2377130389213562,0.20000000298023224,0.636509895324707,0.4158252774411014,1.865833044052124
1,5,16,80,769,0.0015610113720474787,0.24293619989270931,relu,"[256, 128, 32]",131072,2.483232847125892e-06,1.0,0.5219464013678192,0.7674256018205475,0.506360249881231,0.4625824403144292,0.5592902820824669,3.164109838543686,0.28986141085624695,0.20000000298023224,0.6328219771385193,0.41752126186231403,1.3222298622131348
1,5,32,160,731,0.0004177878007092417,0.14635725168285135,leaky_relu,"[128, 64, 64]",65536,0.00015616562344763878,2.0,0.5218969319867288,0.7677068800990243,0.5036941689098396,0.45244959023757625,0.5680293459923889,3.1644042854844887,0.40982571244239807,0.20000000298023224,0.6328808665275574,0.6294286996008084,1.813352108001709
1,5,63,315,873,0.00027179878287075657,0.05652629372164116,tanh,"[32, 256, 256, 64]",32768,0.0007239047885455522,2.0,0.5218767624949219,0.7668179532164083,0.5047285884541846,0.4483191933346534,0.5773765153595669,3.1808819892871085,0.40201109647750854,0.20000000298023224,0.6361764073371887,0.6290104218161425,2.394685983657837
1,5,8,40,710,0.0006861142012040581,0.060205087333645275,relu,"[256, 32, 256]",262144,2.084528330989449e-06,2.0,0.5218548371768041,0.7665646488700593,0.5036699335114228,0.4414971413375881,0.5862234689473891,3.1701910023362787,0.395664781332016,0.20000000298023224,0.6340382099151611,0.6296925780248323,1.5238850116729736
1,5,63,315,804,0.0008431251589807703,0.3499554855195922,leaky_relu,"[32, 256]",32768,3.836654623728826e-06,2.0,0.5218527653318612,0.76606604744454,0.5048832029242104,0.45726199855165883,0.5635764447408687,3.166561973593206,0.41905835270881653,0.20000000298023224,0.6333124041557312,0.6303368205236395,1.8635680675506592
1,5,32,160,595,0.001703991825440467,0.38917656543682516,relu,"[64, 32, 64, 256]",65536,2.714722474810739e-06,4.0,0.5218464375207266,0.7668741695744625,0.5057823083986532,0.4617122771780065,0.5591529679469575,3.1708776478338594,0.5599744915962219,0.20000000298023224,0.6341755390167236,0.9250837538086039,1.6669914722442627
1,5,8,40,675,0.004467209509319392,0.2711412961843966,leaky_relu,"[64, 256, 256]",262144,4.300547624128788e-07,4.0,0.5218383462117662,0.7665342392417481,0.5050103881902679,0.45574686782085594,0.5662148377731571,3.1674447183691754,0.5579900145530701,0.20000000298023224,0.6334889531135559,0.9171398408411343,1.38307523727417
1,5,32,160,744,0.0004991029058451199,0.3506766435896503,relu,"[256, 64, 256, 32]",65536,3.396512350888124e-07,2.0,0.5218180764230558,0.7671949925835183,0.5037773131346174,0.4585596678013568,0.5588881478284751,3.168327463145145,0.4202105700969696,0.20000000298023224,0.6336655020713806,0.6306963973189584,1.6817312240600586
1,5,125,625,499,0.0002676752697771925,0.3600732873855217,leaky_relu,"[64, 64, 32, 256]",16384,1.07103499466958e-06,4.0,0.5217828838633344,0.7655296649805301,0.5047554992196325,0.45033311279676275,0.5741398250225588,3.17332948486016,0.49567604064941406,0.20000000298023224,0.6346659064292908,0.9398739476193442,3.908677339553833
1,5,125,625,589,0.00045863773746336817,0.36430800256856466,leaky_relu,"[64, 128]",16384,0.0003368355792975537,1.0,0.5217798127437211,0.7674103237441889,0.50542994009863,0.45925450901803605,0.5619286751147554,3.1640117889044914,0.2831023931503296,0.20000000298023224,0.6328023672103882,0.4156726362902689,2.8346469402313232
1,5,125,625,122,0.00032674620800894545,0.15467295485083793,leaky_relu,"[32, 128]",16384,7.468589816093866e-05,1.0,0.5217504009540762,0.7667305749952675,0.5045640345174591,0.46203904555314534,0.5557103064066853,3.1720545415274124,0.2663425803184509,0.20000000298023224,0.6344109177589417,0.4154481147283047,2.846143960952759
1,5,8,40,439,0.005290080392069435,0.18700876502874952,leaky_relu,"[32, 32, 256]",262144,3.90797481029329e-07,2.0,0.5217324708241116,0.7670782311023567,0.5058333770617971,0.45639479830818763,0.5672839263996233,3.1646003847628776,0.4022177457809448,0.20000000298023224,0.6329200863838196,0.6297883550759421,1.2034447193145752
1,5,125,625,335,0.00026076161672621034,0.23012576931810658,relu,"[64, 64]",16384,0.0002734473036485876,2.0,0.5217064578369117,0.7663747150365936,0.5045255909567077,0.4560784842025184,0.5644886029267527,3.1678369169259533,0.4065462052822113,0.20000000298023224,0.6335673928260803,0.6299261214168249,2.8403711318969727
1,5,63,315,946,0.00023109305467107364,0.28954546964796435,leaky_relu,"[128, 128, 128, 64]",32768,1.0030469727725687e-07,2.0,0.5215758655712481,0.76740948011955,0.5040008955558043,0.46369336486252666,0.5519832084428578,3.1643062358452942,0.4305955767631531,0.20000000298023224,0.6328612565994263,0.6298192785320231,2.386706829071045
1,5,8,40,204,0.003461308417855467,0.27197165343673746,relu,"[128, 128, 32]",262144,3.621368362837066e-07,2.0,0.5215636444311912,0.7667300003815016,0.5054827795610306,0.453143470416226,0.5714916238377339,3.1618541007957743,0.42893263697624207,0.20000000298023224,0.6323708295822144,0.6309099323378478,1.1633405685424805
1,5,63,315,281,0.0012959376838640921,0.4774818183179268,leaky_relu,"[32, 256, 64, 128]",32768,4.569275371877076e-06,1.0,0.5215530857871521,0.7663173409493453,0.5058288753517425,0.46017023397124185,0.5615461571658362,3.156950128719954,0.27778804302215576,0.20000000298023224,0.6313900351524353,0.41700444039635653,2.3868536949157715
1,5,63,315,645,0.0004082494409854584,0.08868755581157012,tanh,"[256, 32, 256]",32768,3.9099572859529384e-05,1.0,0.5215471894387003,0.7647277560986934,0.5005548523572556,0.4484914864528958,0.5662933029934482,3.1778412583792024,0.22566679120063782,0.20000000298023224,0.6355682611465454,0.4162474486779117,2.134418249130249
1,5,32,160,772,0.0008836253958365445,0.4408282355536922,relu,"[256, 64, 128]",65536,2.271136931272703e-06,2.0,0.5215370635522237,0.7675080594070198,0.5064702932313746,0.44981384335432195,0.5794558436972812,3.1613635545765826,0.3961550295352936,0.20000000298023224,0.6322727203369141,0.62937769457032,1.5151987075805664
1,5,125,625,214,0.0002503921143020685,0.4076723483836289,leaky_relu,"[64, 256, 128, 32]",16384,2.577550644957009e-06,4.0,0.5215140483143264,0.7669583519041063,0.5050697250097745,0.45331971240076735,0.5701577150927851,3.1664639239540113,0.5612258911132812,0.20000000298023224,0.6332927942276001,0.9167610510501497,4.205674648284912
1,5,125,625,435,0.0010033984166404946,0.2535703794173455,tanh,"[64, 64, 256, 32]",16384,1.7467881212297262e-05,1.0,0.5214783818329138,0.7656004584667158,0.5033446915739751,0.45057244955700076,0.5701184824826395,3.187355351636479,0.24262569844722748,0.20000000298023224,0.637471079826355,0.4156677388785712,3.879913330078125
1,5,63,315,33,0.0002445155980131004,0.30706454719158227,relu,"[64, 256, 32]",32768,1.5294522012614624e-07,4.0,0.5214686229263717,0.7659860045947076,0.5049377780424114,0.4457610572951866,0.582231550865079,3.1700929526970842,0.5329787731170654,0.20000000298023224,0.63401859998703,0.9171922634528952,2.134361982345581
1,5,16,80,562,0.0005601640369792725,0.23690698729342086,leaky_relu,"[64, 256, 256]",131072,4.87349925507817e-06,1.0,0.5214455636405282,0.7658559274541284,0.5030392435660458,0.45983753046303816,0.555200282474793,3.1742122296361295,0.28159621357917786,0.20000000298023224,0.6348424553871155,0.4169950262672591,1.4296183586120605
1,5,32,160,533,0.000806020811938897,0.23893368022356776,relu,"[64, 64, 256]",65536,0.00017637906718317547,1.0,0.5214058329790687,0.7675299569594071,0.5048950010266178,0.4551913730494443,0.5667837106202676,3.1532230503376866,0.2727065682411194,0.20000000298023224,0.6306446194648743,0.4156557006166955,1.5208940505981445
1,5,63,315,866,0.0006218001164228661,0.36606427126109814,leaky_relu,"[64, 64, 32, 128]",32768,8.041041149036778e-07,2.0,0.5213858098961153,0.7662616547486986,0.5060457936712117,0.44955204778157,0.5787790811722704,3.1570481783591484,0.3903554081916809,0.20000000298023224,0.6314096450805664,0.6322678800347394,2.403228521347046
1,5,63,315,37,0.00017120523458496995,0.26837416572891837,leaky_relu,"[64, 256]",32768,1.9589725089884016e-07,2.0,0.5213585790679892,0.7656042430051326,0.5025826678284929,0.4635902620109047,0.5487367099533131,3.17489887513371,0.42374753952026367,0.20000000298023224,0.634979784488678,0.630989564219501,1.9281494617462158
1,5,125,625,818,0.00020281873623061175,0.4624029905723618,relu,"[256, 32, 256, 256]",16384,0.0006126213923249193,2.0,0.5213533911118686,0.7659623466931772,0.5058841172941883,0.45965725095386195,0.5624485071991839,3.160579157463027,0.3661016821861267,0.20000000298023224,0.6321158409118652,0.6377912276714106,3.917024612426758
1,5,32,160,953,0.00014299598150599926,0.3043940724360018,relu,"[256, 128, 32]",65536,0.00021109109792294146,4.0,0.5213350257436502,0.765808216041184,0.503762873562216,0.4534735850537719,0.5665973557220761,3.1701910023362787,0.5419437885284424,0.20000000298023224,0.6340382099151611,0.9176194199317902,1.5307412147521973
1,5,63,315,730,0.0007105636122327603,0.09584697878164802,tanh,"[64, 64, 256]",32768,0.0002551032212840164,2.0,0.5213204725939667,0.7654948406205689,0.5047292784349212,0.45012258952109385,0.5744144532935777,3.1806855919855,0.38707995414733887,0.20000000298023224,0.6361371278762817,0.6307336730404971,2.2637429237365723
1,5,125,625,349,0.00014143691264717885,0.467124127078655,relu,"[128, 128]",16384,2.7088684766594297e-05,4.0,0.5212751053784254,0.765360305290055,0.504054495163812,0.44836939910752494,0.5755325826827259,3.1616580015173854,0.5341511964797974,0.20000000298023224,0.6323316097259521,0.9178460544058029,2.823699951171875
1,5,8,40,305,0.0007698144927373084,0.3420801401059094,relu,"[256, 256, 32, 128]",262144,0.0009111081378143803,4.0,0.5212732115531931,0.7659492353261792,0.5050798384160613,0.4525085430257844,0.5714720075326611,3.1713678960298317,0.5588239431381226,0.20000000298023224,0.6342735886573792,0.9175096953194402,1.5007743835449219
1,5,125,625,291,0.0006951400734051618,0.2605299225609121,tanh,"[256, 32, 64]",16384,1.01265617007684e-06,2.0,0.5212097706586181,0.7653518949695288,0.5040918799253107,0.45145770445498073,0.5706186982619954,3.180195343789528,0.3899010717868805,0.20000000298023224,0.6360390782356262,0.6307146741880049,3.3685343265533447
1,5,16,80,71,0.004315910209655114,0.4628310668974275,relu,"[128, 32, 32]",131072,4.250486328205146e-07,1.0,0.5212087083543753,0.7665099670680611,0.5062589248445704,0.45854392346325584,0.5650574757738632,3.1436109074412153,0.274710088968277,0.20000000298023224,0.6287221908569336,0.41646371986007413,1.2545723915100098
1,5,16,80,268,0.0011416795180099666,0.4503552397737808,relu,"[256, 128]",131072,0.0003235229829175439,1.0,0.5212044514345879,0.7656693709691385,0.5020833151352626,0.4525691699604743,0.56376279963906,3.1732314352209654,0.28281253576278687,0.20000000298023224,0.6346462965011597,0.41664462166824207,1.2986669540405273
1,5,125,625,777,0.00035697350396501004,0.47699486464155094,relu,"[256, 32, 256]",16384,1.278776169056063e-07,1.0,0.5211937341988943,0.7667935305981713,0.5051044421054434,0.4479743780452634,0.5789360116128526,3.153713298533659,0.24637623131275177,0.20000000298023224,0.6307426691055298,0.4224647812837898,3.3737189769744873
1,5,8,40,147,0.008195108681050459,0.1979792293859629,leaky_relu,"[32, 256, 128, 256]",262144,1.9878561678309835e-07,2.0,0.5211734961297078,0.7666874674308652,0.504661867107282,0.4551985175255293,0.5661854133155478,3.161069405658999,0.3993452489376068,0.20000000298023224,0.6322138905525208,0.6306246114490854,1.4482195377349854
1,5,63,315,926,0.0005973611262848134,0.36776020389151726,relu,"[64, 32, 32]",32768,2.086968410952325e-07,4.0,0.5211697484347305,0.7655104086312691,0.5053381715288785,0.4554248160245563,0.5675389383655695,3.1657772784564306,0.5530821681022644,0.20000000298023224,0.6331554651260376,0.9182402365840643,2.1136786937713623
1,5,32,160,347,0.0006128754042741254,0.07161100287839692,leaky_relu,"[32, 32, 32, 256]",65536,1.5738447664204301e-06,1.0,0.5211634404576112,0.7666266725969813,0.5044865492103142,0.4599289348300089,0.5586037114049198,3.1580289727743125,0.26712867617607117,0.20000000298023224,0.6316058039665222,0.4155209157960675,1.643543004989624
1,5,32,160,541,0.0007572861667397043,0.15578230871406204,relu,"[64, 32]",65536,0.0007095218711736103,2.0,0.5211132509637194,0.7659565853318906,0.5030945185399663,0.4669213973799127,0.5453430891757228,3.169308257560309,0.4142739176750183,0.20000000298023224,0.6338616609573364,0.630242228245622,1.3648509979248047
1,5,63,315,190,0.0015417523849495084,0.2760583684743604,tanh,"[256, 32, 32, 64]",32768,9.607805229552408e-07,2.0,0.5210890096184417,0.7653690249412188,0.505023454533442,0.45834232764892585,0.5622915767586018,3.185393762806151,0.3827238976955414,0.20000000298023224,0.6370787620544434,0.6311382345020703,2.3800125122070312
1,5,63,315,994,0.0003820356784576244,0.17634335868354956,tanh,"[64, 256, 256]",32768,9.848607740470014e-06,1.0,0.5210742465640841,0.7648298768155185,0.5022362626514092,0.4465280639892537,0.5738259641413943,3.1724470381074097,0.21528764069080353,0.20000000298023224,0.6344894170761108,0.41707934871455676,2.1427323818206787
1,5,16,80,466,0.0017816531170971955,0.3744549206244998,relu,"[64, 128, 256]",131072,0.00016858827101227437,2.0,0.5210716560640288,0.76671173119909,0.5045869122465244,0.4598963713842975,0.5588979559810114,3.163717639986908,0.4070354104042053,0.20000000298023224,0.6327435374259949,0.6298791547587482,1.4398956298828125
1,5,63,315,947,0.0005361863164967807,0.35593413357791603,leaky_relu,"[64, 128, 64, 32]",32768,9.216643450288581e-07,4.0,0.5210668586455018,0.7665875171751952,0.50408448075094,0.46089140293558295,0.5562105221860411,3.1632270937677163,0.5696893930435181,0.20000000298023224,0.6326454281806946,0.9169261706502568,2.545778274536133
1,5,63,315,478,0.0016638194910847048,0.3475123612481491,tanh,"[64, 128, 64, 64]",32768,1.4152054548407181e-05,4.0,0.5210311748677601,0.766935379558826,0.5050282868631056,0.4578886070294676,0.5629879555886853,3.167346668729981,0.5704619288444519,0.20000000298023224,0.6334693431854248,0.9178961557658967,2.4229209423065186
1,5,8,40,916,0.003060028907011901,0.1250461591615842,leaky_relu,"[256, 64]",262144,3.223463236898005e-05,1.0,0.521015260006647,0.7654732524469192,0.5020878410899268,0.44997474060544823,0.5678527992467339,3.173721981440157,0.23723100125789642,0.20000000298023224,0.63474440574646,0.41701471139980684,1.1916306018829346
1,5,8,40,795,0.007823849547836473,0.252064764499774,relu,"[128, 32]",262144,6.953123315111082e-06,1.0,0.5209891546051314,0.7665485697855983,0.5036889247357473,0.4440178424416603,0.5818882655263055,3.1606772071022213,0.2555084526538849,0.20000000298023224,0.6321354508399963,0.4159689024910977,1.0506231784820557
1,5,8,40,331,0.0012556469846421532,0.3272899077187962,relu,"[256, 32]",262144,8.971812593047009e-07,4.0,0.5209594042860983,0.765512315625068,0.5038526907191982,0.45715016219498555,0.5611832555219899,3.170485151253862,0.5410290360450745,0.20000000298023224,0.6340970396995544,0.9178286603687931,1.1750187873840332
1,5,32,160,858,0.0012245616188684921,0.4141556780734667,relu,"[32, 256, 128]",65536,4.572933540316159e-07,2.0,0.5209573610942453,0.7664178521463769,0.503168728785722,0.4545655975753547,0.56340970614775,3.169308257560309,0.39546263217926025,0.20000000298023224,0.6338616609573364,0.6322454979413255,1.51878023147583
1,5,125,625,712,0.0023479377850576647,0.18767415578014146,tanh,"[64, 32, 64]",16384,0.0002381277132171666,1.0,0.5209567024685745,0.7642243233600721,0.5007138504396274,0.4501111250234771,0.5641355094354428,3.1757816199096798,0.2392682284116745,0.20000000298023224,0.6351563334465027,0.41647715740581936,3.481137990951538
1,5,63,315,167,0.002258554618380403,0.13381269488902936,tanh,"[64, 32]",32768,9.86282352667221e-05,2.0,0.5209118012752307,0.7649762821140113,0.504189873630719,0.441418680023571,0.5877731570481384,3.1792145493743638,0.3790132701396942,0.20000000298023224,0.6358429193496704,0.6307318929744041,1.8887920379638672
1,5,16,80,179,0.0011831782473980172,0.1589675178102117,leaky_relu,"[32, 256]",131072,1.2244683636110588e-05,2.0,0.5208949241660668,0.7645371451986149,0.5015585225206505,0.44893514787029576,0.5681568519753619,3.1738200310793516,0.3897082209587097,0.20000000298023224,0.6347640156745911,0.6309068757810768,1.1618738174438477
1,5,63,315,657,0.00037761349443625095,0.4462896832094409,relu,"[128, 128, 256, 128]",32768,1.4697775902490976e-05,2.0,0.5208835803537583,0.7667138525622434,0.5054414820554362,0.4585423523021376,0.5630271881988309,3.1580289727743125,0.3988959491252899,0.20000000298023224,0.6316058039665222,0.6306313532584552,2.4039151668548584
1,5,8,40,745,0.005659645896074289,0.2816682023086822,relu,"[32, 64, 128]",262144,8.60492354247874e-05,2.0,0.5208790017815595,0.7657906001399706,0.5045822006959633,0.4598686227989477,0.5589273804386206,3.1643062358452942,0.42801886796951294,0.20000000298023224,0.6328612565994263,0.6305775563046877,1.1239807605743408
1,5,16,80,558,0.00574330630274389,0.48733831686872964,relu,"[32, 32, 32, 256]",131072,0.0009786735906275577,4.0,0.5208766440777244,0.7653525149776018,0.5060330695247593,0.4489303046182589,0.5797795127309819,3.1621482497133577,0.48426562547683716,0.20000000298023224,0.6324296593666077,0.9618289671119504,1.2712478637695312
1,5,16,80,891,0.0011517953744629263,0.10926209321131403,relu,"[128, 32]",131072,1.193467813747549e-07,2.0,0.5207707435145905,0.7652455250569564,0.5025758290254557,0.4598782016836826,0.5540134960178901,3.1652870302604583,0.41235992312431335,0.20000000298023224,0.6330574154853821,0.6308083594161058,1.1265966892242432
1,5,125,625,415,0.000517044409576476,0.42335735673040203,relu,"[32, 64, 32, 128]",16384,3.8621493923665935e-07,2.0,0.5207452197197402,0.7657068234370205,0.5046092631181772,0.448266930753409,0.5771509278512299,3.1599905616046406,0.35668158531188965,0.20000000298023224,0.6319981217384338,0.6345735019300669,3.9344122409820557
1,5,32,160,146,0.00041522121681606625,0.3053917276917471,leaky_relu,"[256, 32, 32, 256]",65536,1.9289241141542102e-07,1.0,0.5207250765275981,0.7653764927436542,0.5050135797860701,0.44886393971520316,0.5772195849189846,3.1636195903477136,0.2824496626853943,0.20000000298023224,0.6327239274978638,0.42152758750972025,1.6461904048919678
1,5,8,40,571,0.0023122529253243227,0.2641974211306235,leaky_relu,"[128, 32]",262144,9.327175433607815e-06,4.0,0.520708452945517,0.7657750547242117,0.5043978334426458,0.4526588238962821,0.5694907607203107,3.16911215828192,0.5480775237083435,0.20000000298023224,0.6338224411010742,0.9179711648409445,1.204521894454956
1,5,63,315,754,0.0018076357564141827,0.2798771614496737,tanh,"[256, 256, 128, 256]",32768,0.0003478251914508725,2.0,0.5206603083395782,0.7647459911542063,0.5023780010725181,0.4551797747439186,0.5604966848444427,3.1774490598224245,0.3870072364807129,0.20000000298023224,0.635489821434021,0.6328518406126675,2.457550525665283
1,5,32,160,356,0.000375618719891242,0.4642936552632952,relu,"[256, 64, 256]",65536,0.0005879996006918038,4.0,0.5206490941506219,0.7661977916685017,0.5043793362499448,0.4589894960348738,0.5597316489466044,3.1649925833196555,0.562263548374176,0.20000000298023224,0.632998526096344,0.9185052780818067,1.674882173538208
1,5,32,160,625,0.00253694401361727,0.43266564197194846,relu,"[32, 32]",65536,3.400208737280726e-06,2.0,0.5206203568707153,0.7654427334032964,0.5049755305393873,0.45900219007966114,0.5611832555219899,3.1716623429706345,0.40636372566223145,0.20000000298023224,0.6343324780464172,0.6312614263065136,1.365112543106079
1,5,32,160,178,0.004005293135836786,0.2259908157947405,tanh,"[64, 256]",65536,2.7593655280391453e-05,2.0,0.5205816124982161,0.7644302791473093,0.5046043208787995,0.4493538527534989,0.5753462277845345,3.176958513603233,0.37955111265182495,0.20000000298023224,0.6353917121887207,0.6310019941411147,1.3676478862762451
1,5,125,625,203,0.00019809696548407947,0.3435182283183867,leaky_relu,"[64, 64]",16384,0.0003999883014064139,4.0,0.520534346947308,0.7653383562226449,0.5037050759540571,0.45767072779737095,0.5600357016752324,3.1636195903477136,0.5441638827323914,0.20000000298023224,0.6327239274978638,0.9182848953883651,2.8517508506774902
1,5,32,160,69,0.0002851743078141755,0.17730765599846798,leaky_relu,"[64, 64, 128, 128]",65536,0.00017972808577197352,2.0,0.5205297605204229,0.7662250768577592,0.502935437865836,0.4539366658769644,0.5637922240966692,3.146651340325902,0.40426671504974365,0.20000000298023224,0.6293302774429321,0.6304945092604568,1.703963041305542
1,5,8,40,304,0.007370891695850951,0.40801705532266547,leaky_relu,"[256, 128, 128]",262144,6.819977323947758e-07,1.0,0.520515591123028,0.7671663415126277,0.5057235205934091,0.4529515856138336,0.5724135901761545,3.1536152488944644,0.26848092675209045,0.20000000298023224,0.6307230591773987,0.4166626791445382,1.3707315921783447
1,5,32,160,747,0.0014871508140397133,0.31434309449216113,relu,"[32, 256, 32]",65536,0.000228551841680253,1.0,0.5204972700755397,0.7670020508571245,0.5043305258969427,0.4591198512424635,0.55941778806544,3.15930391610706,0.2677803039550781,0.20000000298023224,0.6318607926368713,0.41596710139466014,1.5111055374145508
1,5,8,40,134,0.0016722769544508128,0.3285374315797089,leaky_relu,"[128, 256, 256]",262144,1.7887737191236976e-05,2.0,0.5204836836620277,0.7658514024173186,0.5025165241646959,0.4499681968383003,0.5689611204833458,3.161952150434969,0.4081360399723053,0.20000000298023224,0.6323904395103455,0.6312597526976975,1.465744972229004
1,5,16,80,158,0.003471229099236977,0.2422573098996721,relu,"[32, 256]",131072,2.4180784769631023e-06,1.0,0.5204599444966197,0.7662513415589423,0.5012341689779286,0.46202405970248045,0.5477166620895288,3.1655811791780417,0.2700938284397125,0.20000000298023224,0.6331162452697754,0.4164881255514059,1.15226149559021
1,5,32,160,369,0.0003346729943097936,0.42058496365124404,leaky_relu,"[128, 256]",65536,0.00041593718221427997,2.0,0.520453172996464,0.765181905085821,0.5026904883324248,0.4555181974631908,0.5607615049629252,3.162540746293355,0.42704060673713684,0.20000000298023224,0.6325081586837769,0.6322549054867626,1.3595640659332275
1,5,8,40,547,0.006016849161489067,0.3252666999625431,relu,"[64, 32, 32, 32]",262144,6.653866267537269e-06,2.0,0.5204215021409997,0.7648742146558315,0.5045210481554039,0.4436498664265569,0.5847522460669309,3.164894533680461,0.41058436036109924,0.20000000298023224,0.6329789161682129,0.632729738122218,1.1204345226287842
1,5,32,160,835,0.0014158250206327912,0.0773373675879701,tanh,"[128, 64]",65536,1.516528927559194e-06,2.0,0.5204156392533897,0.7639943033591869,0.5020130098452883,0.45481985282405785,0.5601337832005964,3.1796067479311416,0.3971468210220337,0.20000000298023224,0.6359213590621948,0.6311655926851261,1.3676722049713135
1,5,125,625,661,0.0005492837272884796,0.07099631634577698,tanh,"[128, 32]",16384,1.5567451734233675e-07,1.0,0.520395802957803,0.7641609157621442,0.5004357625845229,0.4450060701387351,0.5716387461257797,3.1728392366641875,0.24331195652484894,0.20000000298023224,0.6345678567886353,0.4162831800080042,2.837257146835327
1,5,16,80,383,0.00021416171922062992,0.11822089863358741,leaky_relu,"[128, 256, 64, 256]",131072,1.561512610065524e-05,1.0,0.52039366950014,0.7651364811371069,0.5026237548557911,0.45080544071504763,0.5679018400094158,3.174114179996935,0.26896005868911743,0.20000000298023224,0.6348228454589844,0.4197142831878583,1.544257640838623
1,5,16,80,639,0.0004542195631410563,0.47836932093085793,leaky_relu,"[256, 256, 32]",131072,1.3477218400143736e-05,4.0,0.5203862115370521,0.7655358809703119,0.5036361873363716,0.45732810373809335,0.560378987014006,3.1705832008930566,0.5415636301040649,0.20000000298023224,0.6341166496276855,0.9187461966708548,1.4321365356445312
1,5,125,625,52,0.007235528505867193,0.2844764818417996,tanh,"[256, 128]",16384,0.00033735188975369477,4.0,0.5203771439256643,0.7650476838959376,0.5022678014936284,0.44515082859112987,0.5761995370552003,3.1730353359425765,0.5606192350387573,0.20000000298023224,0.6346070766448975,0.9194637547609753,3.2527410984039307
1,5,16,80,396,0.0005195154760245205,0.05441922767473638,leaky_relu,"[32, 64, 256]",131072,6.014405051938684e-06,2.0,0.5203719322239383,0.7667573146110908,0.5025621184378051,0.4642082429501085,0.5478245517674291,3.15930391610706,0.4132886826992035,0.20000000298023224,0.6318607926368713,0.6296632280209986,1.2439167499542236
1,5,125,625,764,0.00010687763334517638,0.37579606008266303,leaky_relu,"[64, 256]",16384,3.5465243854737617e-06,4.0,0.5203496226391406,0.7652841915790483,0.5037446280740859,0.451496801175364,0.5696673074659657,3.163913739265297,0.546583354473114,0.20000000298023224,0.6327827572822571,0.9184574753404987,2.861417531967163
1,5,8,40,559,0.007742829902174125,0.0971207373621926,relu,"[32, 32, 128, 128]",262144,2.909009328787826e-06,1.0,0.520344589921108,0.7666997013229002,0.505726819094568,0.451010683268004,0.5755521989877986,3.1493976242930053,0.2512091100215912,0.20000000298023224,0.6298795342445374,0.4163291109897197,1.1986169815063477
1,5,63,315,751,0.0006390908328776765,0.4807585914520899,relu,"[128, 128]",32768,4.356983011804854e-05,1.0,0.520321745317564,0.7659919476173974,0.5019104850895323,0.45030073547743704,0.5668817921456315,3.164698434402072,0.30398693680763245,0.20000000298023224,0.6329396963119507,0.41756731826610194,1.8622965812683105
1,5,8,40,91,0.008884706095262184,0.3542400179343726,leaky_relu,"[32, 64, 256]",262144,3.133009910852888e-05,4.0,0.5202820013112667,0.7651574765633178,0.5040748670488293,0.4501495667190921,0.572678410294637,3.1609713560198047,0.5425887107849121,0.20000000298023224,0.6321942806243896,0.9189134351811238,1.1965641975402832
1,5,8,40,611,0.0010428736957464524,0.3726823379746284,leaky_relu,"[256, 128, 32]",262144,7.479640578759189e-06,4.0,0.5201961725588539,0.7653881243885142,0.5043437487789312,0.4524479065238559,0.5696869237710385,3.1697007541403064,0.5463555455207825,0.20000000298023224,0.6339401602745056,0.918623352600316,1.2807211875915527
1,5,8,40,523,0.0014378068508318694,0.16311184983215,relu,"[64, 128, 128]",262144,1.2884377411081986e-05,1.0,0.5201729752171587,0.7652236399744755,0.5014480004529084,0.45094814014145734,0.5646847659774805,3.1666600232324003,0.27660322189331055,0.20000000298023224,0.6333320140838623,0.4168798609298855,1.2491769790649414
1,5,125,625,852,0.00011296227805683504,0.22726854748366254,leaky_relu,"[64, 64]",16384,6.197925908075606e-06,4.0,0.520147524159835,0.7645129616610704,0.5020231139701794,0.4451237086816037,0.5756012397504806,3.1710737471122483,0.5429593324661255,0.20000000298023224,0.6342147588729858,0.9188386363389002,2.8527474403381348
1,5,16,80,78,0.0011921524996751595,0.23752253828757364,leaky_relu,"[32, 256]",131072,3.246563113633113e-07,4.0,0.5200836284068758,0.7656678698184828,0.5030152379180015,0.45875326312726805,0.5567303542704696,3.1621482497133577,0.5647113919258118,0.20000000298023224,0.6324296593666077,0.9180840480373907,1.1710970401763916
1,5,16,80,129,0.0015067793034360011,0.20709890013686194,relu,"[128, 256, 32]",131072,7.854479855210905e-07,1.0,0.5200691296800648,0.7666871332806648,0.5037125383359937,0.4639470728161755,0.5509337361214641,3.155674887363987,0.3100607693195343,0.20000000298023224,0.6311349868774414,0.42204427306403913,1.2952022552490234
1,5,125,625,208,0.00024567362645341374,0.21091708201659898,relu,"[64, 32, 32]",16384,0.0001473276798674693,2.0,0.5200470409709862,0.7660568143867689,0.5032406677527282,0.4545936451674157,0.5635470202832594,3.1485148795170357,0.4137176275253296,0.20000000298023224,0.6297029852867126,0.6307945844756603,3.357038736343384
1,5,8,40,66,0.0014595196937454526,0.3443940318233681,leaky_relu,"[64, 256, 32]",262144,8.314505163445141e-06,4.0,0.5200266245945503,0.7648786933483607,0.5023490675308112,0.45036986333335927,0.5678920318568794,3.1700929526970842,0.5369261503219604,0.20000000298023224,0.63401859998703,0.9190815184755133,1.2274079322814941
1,5,63,315,665,0.0005414378878368893,0.1914160523041165,relu,"[32, 64]",32768,0.0005015767297867289,2.0,0.5199944885498647,0.7655362907335992,0.5037438487719222,0.4514216444295938,0.5697850052964024,3.158715618271893,0.40530315041542053,0.20000000298023224,0.6317431330680847,0.631214657324275,1.8647820949554443
1,5,125,625,652,0.000263869093368568,0.42206875283999506,leaky_relu,"[64, 32]",16384,8.912608636331105e-07,4.0,0.51998367030448,0.7643028940635055,0.50237280173295,0.45135648462963396,0.566391384518812,3.1710737471122483,0.531589925289154,0.20000000298023224,0.6342147588729858,0.9198603448770892,2.954464912414551
1,5,32,160,60,0.0036103214760602243,0.11033333174873242,tanh,"[64, 64]",65536,4.317886911900075e-06,4.0,0.5199820770848523,0.7662647636514758,0.503127542608194,0.4483523228603215,0.5731492016163835,3.1655811791780417,0.5542231798171997,0.20000000298023224,0.6331162452697754,0.916647955078521,1.4306306838989258
1,5,125,625,789,0.00010035705586315118,0.21640440001318845,leaky_relu,"[64, 64, 128, 32]",16384,0.00019601009718675462,2.0,0.5199338390339866,0.7651171609231663,0.5025117040461596,0.4640166773253158,0.5479716740554749,3.162246299352552,0.4373510479927063,0.20000000298023224,0.6324492692947388,0.6313696513839522,3.8770406246185303
1,5,8,40,878,0.002340286786356048,0.1510951427874423,relu,"[256, 32]",262144,1.7910703691799529e-06,2.0,0.5199004223416029,0.7655825097260247,0.501196464752323,0.45169694298397506,0.5628800659107851,3.1611674552981937,0.4097619950771332,0.20000000298023224,0.6322335004806519,0.6306984093209911,1.1607325077056885
1,5,32,160,845,0.0006915463229417396,0.19738403236051766,leaky_relu,"[32, 32, 256]",65536,2.0248884031978786e-06,1.0,0.5198875802492071,0.7649168506244889,0.5014295215637498,0.44796666409445174,0.5693828710424105,3.16754276800837,0.2649933099746704,0.20000000298023224,0.633508563041687,0.4171401592167873,1.5206794738769531
1,5,16,80,708,0.0046489539201005885,0.06903559416094818,tanh,"[32, 128, 64]",131072,2.7308977976654622e-05,4.0,0.5198594985834867,0.7666974130650211,0.5042916364960598,0.44370757296890484,0.5840362509317745,3.173918080718546,0.5573861598968506,0.20000000298023224,0.6347836256027222,0.9160265233083706,1.252669334411621
1,5,125,625,103,0.0002156053729942288,0.3954902543643844,leaky_relu,"[64, 32, 32]",16384,9.120444662611392e-07,4.0,0.51982563286727,0.7645676529387546,0.504086128634679,0.4483480386539857,0.5756502805131626,3.1618541007957743,0.5368461012840271,0.20000000298023224,0.6323708295822144,0.9202464443994038,3.34985089302063
1,5,63,315,64,0.0007179835000952755,0.0927833259575161,tanh,"[64, 32, 64, 64]",32768,0.0006867619210459616,1.0,0.5198212297391385,0.7642206496078146,0.5018805009499437,0.447500441753801,0.5713052689395426,3.1689160590035312,0.24339474737644196,0.20000000298023224,0.633783221244812,0.4164190214106987,2.3748109340667725
1,5,32,160,497,0.00040460239177552825,0.19825087527146468,leaky_relu,"[32, 128, 128, 32]",65536,1.700732520995165e-07,4.0,0.5198035754982768,0.7647922225203384,0.5033642686363062,0.45268401964547283,0.5668229432304132,3.154694092948823,0.5420541763305664,0.20000000298023224,0.6309388279914856,0.9191609099915975,1.6358613967895508
1,5,63,315,850,0.0009396113741646315,0.46941421159881186,relu,"[32, 256, 64, 128]",32768,0.0001471061344711556,4.0,0.5197940922301025,0.7653617566452602,0.5053057756662563,0.4527482600049714,0.5716681705833889,3.157342327276732,0.5302596688270569,0.20000000298023224,0.6314684748649597,0.9249074147272243,2.5536866188049316
1,5,125,625,14,0.0004253366291426813,0.431673443008123,leaky_relu,"[64, 32, 128]",16384,6.9997570108440954e-06,2.0,0.5197317665957959,0.7649409673031335,0.5046919290192035,0.4505218563450799,0.5736690337008121,3.156950128719954,0.39311695098876953,0.20000000298023224,0.6313900351524353,0.6323811389207419,3.440480947494507
1,5,32,160,903,0.0006541446490132445,0.41068388914686316,leaky_relu,"[128, 128, 64, 128]",65536,0.0008957933003261135,1.0,0.5196623988304054,0.7648535262995615,0.5021203729715991,0.4603628870700017,0.5522087959511947,3.154301894392045,0.2838188707828522,0.20000000298023224,0.6308603882789612,0.4173757255633912,1.6365563869476318
1,5,63,315,56,0.0003189590882834787,0.452318563864628,relu,"[128, 128, 128]",32768,3.6732172880460785e-06,2.0,0.519648568184347,0.7656449171099982,0.5037117571593207,0.45248419786075367,0.5680195378398525,3.1542038447528506,0.40493044257164,0.20000000298023224,0.6308407783508301,0.631008012684635,2.2161202430725098
1,5,16,80,131,0.0003722481300972685,0.09436110809753433,relu,"[128, 128]",131072,2.0172114944829345e-07,2.0,0.5196244419910996,0.7644371556813785,0.5002264713979946,0.4570343562862104,0.5524343834595316,3.1804894927071112,0.42970049381256104,0.20000000298023224,0.6360979080200195,0.6350727881248395,1.1571168899536133
1,5,8,40,342,0.001690320879845449,0.20126871056022866,relu,"[128, 64, 64, 64]",262144,1.0292958060682192e-07,1.0,0.5196216491089396,0.765601094997114,0.503307803357724,0.4647624110235305,0.5488249833261407,3.16175605115658,0.2875628173351288,0.20000000298023224,0.6323512196540833,0.4192240309701708,1.1998100280761719
1,5,125,625,568,0.00013413125797385808,0.30021743809918777,relu,"[64, 64, 32, 32]",16384,0.0008133438505007753,4.0,0.5196102444906389,0.7648459359625595,0.502822973649319,0.45514155367276543,0.5616638549962729,3.1614619022389965,0.5632005929946899,0.20000000298023224,0.6322923898696899,0.9193739347686305,3.8710238933563232
1,5,8,40,317,0.002710967689299924,0.4284935388042625,leaky_relu,"[256, 128, 32, 32]",262144,5.9371833580770014e-05,1.0,0.5195996682655737,0.7626844892270406,0.5048644684896699,0.44652418515557835,0.580740711679548,3.167150569451592,0.3310137093067169,0.20000000298023224,0.6334301233291626,0.42708369921607153,1.4249975681304932
1,5,32,160,352,0.0015978016493420587,0.3075736645811584,leaky_relu,"[32, 32, 128]",65536,1.9678445508456434e-05,2.0,0.519588583442532,0.7653868821958464,0.5051014579360407,0.4575167560855237,0.5637333751814508,3.153713298533659,0.40992945432662964,0.20000000298023224,0.6307426691055298,0.6317576026274835,1.5027976036071777
1,5,125,625,902,0.0001754562684350929,0.23570366573858265,relu,"[32, 32, 32, 32]",16384,1.127404904283096e-05,4.0,0.5195610970216116,0.7643265431386992,0.5027957873015734,0.45356954117730575,0.5640080034524697,3.1586172706094793,0.5165631175041199,0.20000000298023224,0.6317234635353088,0.9242054415051273,3.864396810531616
1,5,16,80,247,0.0018180428690464762,0.35412598858914995,relu,"[64, 128, 64]",131072,0.00047045601846469674,1.0,0.5195590053507375,0.7653713664216681,0.5012692729070358,0.4590967678778287,0.5519734002903213,3.1616580015173854,0.2640153467655182,0.20000000298023224,0.6323316097259521,0.4164385001700269,1.194840431213379
1,5,32,160,81,0.0010398921104979436,0.4257231581356422,leaky_relu,"[64, 32, 64, 256]",65536,1.6350084201405504e-06,4.0,0.5195130647536772,0.7648657742969003,0.5037970247736101,0.4464000363517945,0.5781317431048688,3.1608733063806103,0.514150857925415,0.20000000298023224,0.6321746706962585,0.9290316453233155,1.6678972244262695
1,5,32,160,538,0.0011760292276437193,0.15217472074513896,tanh,"[256, 128, 32]",65536,4.8036449675094895e-05,2.0,0.5194669417414105,0.7643949803537076,0.5023500754768766,0.4463224311884659,0.5744634940562595,3.172348690444996,0.3968607783317566,0.20000000298023224,0.634469747543335,0.6312543955400742,1.5023458003997803
1,5,16,80,573,0.0003926079969082512,0.34092332993427316,relu,"[256, 256, 128]",131072,1.2503139873743143e-05,1.0,0.5194582228201784,0.7658281881053499,0.5017928304147385,0.450111365512515,0.5668817921456315,3.166169775036428,0.28694021701812744,0.20000000298023224,0.6332339644432068,0.42252842594724266,1.5945806503295898
1,5,125,625,954,0.0004690603890970119,0.3704212626524854,leaky_relu,"[32, 32, 32, 128]",16384,7.80356377369091e-05,4.0,0.5193898526078771,0.7643994611025087,0.5044964596961362,0.4421164536776594,0.5873710227941465,3.1582250720527014,0.5107538104057312,0.20000000298023224,0.6316450238227844,0.9372893002002459,3.8797149658203125
1,5,16,80,966,0.001972555623914385,0.07387484448051859,tanh,"[64, 256, 128]",131072,2.176306736058372e-06,1.0,0.5193874036970557,0.7635736301904115,0.5003289318100709,0.4454388852735138,0.5706481227196045,3.1710737471122483,0.23680444061756134,0.20000000298023224,0.6342147588729858,0.41641357814682445,1.3328657150268555
1,5,63,315,758,0.00019370617082877648,0.4927671270498796,relu,"[256, 128, 64, 64]",32768,5.159576864605508e-06,2.0,0.5193833587579068,0.765141097623905,0.5042266233878947,0.4521667393063944,0.5698340460590843,3.157342327276732,0.4218725860118866,0.20000000298023224,0.6314684748649597,0.6328402490383683,2.41436505317688
1,5,32,160,725,0.0005847345278261316,0.0848522895085056,leaky_relu,"[32, 32, 32]",65536,2.205633661020544e-06,4.0,0.5193406969925319,0.7646091695499354,0.502411968463778,0.44330190731198765,0.5797108556632272,3.1536152488944644,0.5526460409164429,0.20000000298023224,0.6307230591773987,0.9185503548645853,1.4983587265014648
1,5,63,315,971,0.0008043020146999118,0.17070061564439423,tanh,"[32, 64, 32, 64]",32768,1.0915132060271821e-07,2.0,0.5193065448195988,0.7641594183993577,0.5022849878019449,0.44680135709264296,0.5735022951076935,3.177547109461619,0.3719894587993622,0.20000000298023224,0.6355094313621521,0.6321864350054683,2.3841779232025146
1,5,16,80,389,0.0041147730608364,0.26539530334164724,tanh,"[128, 128, 32, 128]",131072,0.00011858815263168677,4.0,0.5193059137728747,0.7649580825201704,0.5029033731323808,0.4518206472891543,0.5670092981286045,3.161559951878191,0.5545597672462463,0.20000000298023224,0.632311999797821,0.9192628753601984,1.3272078037261963
1,5,16,80,779,0.000897130881472383,0.21678455977284483,leaky_relu,"[64, 64, 32]",131072,0.0002468618275081188,4.0,0.5192927835646944,0.76523036928669,0.501888072947482,0.4509725740375895,0.5657636627564832,3.160284710522224,0.556614875793457,0.20000000298023224,0.6320569515228271,0.918350316589664,1.1918902397155762
1,5,32,160,191,0.004775613443760935,0.18188375778830818,tanh,"[32, 256, 256, 128]",65536,0.00048712360397718614,1.0,0.5192923849940431,0.7615515070851478,0.5007594587130627,0.44706752550312817,0.5691082427713916,3.1752913717137075,0.24091565608978271,0.20000000298023224,0.6350582838058472,0.4224072206183579,1.6754260063171387
1,5,16,80,174,0.0003209930867870914,0.3136071526809154,leaky_relu,"[64, 256, 256]",131072,2.3321166041180113e-07,4.0,0.5192711661398618,0.7642811648728915,0.5012627045802948,0.4571232323232323,0.5548373808309467,3.1620502000741633,0.5555309057235718,0.20000000298023224,0.6324100494384766,0.9197586237956311,1.425563097000122
1,5,63,315,579,0.00023175959150686603,0.48753097265860273,leaky_relu,"[128, 64]",32768,0.00021455490129485585,4.0,0.5192705351955703,0.7639720288115883,0.5019267519503586,0.4634130140569085,0.5474224175134371,3.1567537314183456,0.5579199194908142,0.20000000298023224,0.6313507556915283,0.9200126518951195,1.8485603332519531
1,5,8,40,70,0.0019119602674512188,0.28306831953740325,leaky_relu,"[64, 64, 128]",262144,4.1772146128281526e-05,1.0,0.5192577767626955,0.7644024940434742,0.502200946653352,0.4620582249066803,0.5499823453254346,3.1550865895288203,0.296530544757843,0.20000000298023224,0.6310173273086548,0.418654431444483,1.2892296314239502
1,5,16,80,580,0.0029826627000268707,0.18498625636267652,tanh,"[256, 256, 64, 64]",131072,3.190938887573814e-05,1.0,0.5192291374337643,0.7647911215731092,0.500965605436769,0.44768155669665266,0.5686472596021813,3.1692102079211146,0.22390729188919067,0.20000000298023224,0.6338420510292053,0.416466994370282,1.539236307144165
1,5,8,40,537,0.006257077472607009,0.38656915786818896,relu,"[32, 64]",262144,1.3274663193705129e-06,4.0,0.5192203709115308,0.7644561796478619,0.5039547826388949,0.4520631162479166,0.5693044058221194,3.1644042854844887,0.5406976342201233,0.20000000298023224,0.6328808665275574,0.9195695947654167,0.9951941967010498
1,5,125,625,324,0.00020770836599532684,0.4430188751628621,relu,"[64, 64, 64, 128]",16384,3.7766983294179734e-07,4.0,0.519209066281347,0.7644023627306705,0.5035009631470667,0.4538868019624983,0.5652928714347365,3.1538113481728534,0.5573932528495789,0.20000000298023224,0.6307622790336609,0.9229924085566854,3.948030471801758
1,5,63,315,959,0.0025571053963289714,0.2502678020937756,tanh,"[32, 256]",32768,0.00028643304679156173,2.0,0.5191794902138925,0.7623149221236344,0.5027519870577478,0.45556741769973547,0.5608399701832163,3.1688180093643368,0.3701738119125366,0.20000000298023224,0.6337636113166809,0.6330870932934821,1.889188289642334
1,5,32,160,531,0.00011759231566579276,0.1384378437780241,leaky_relu,"[128, 32, 128, 256]",65536,0.0004085658008354814,2.0,0.5191457006328077,0.7645737080703519,0.5016991203012117,0.45225457924495616,0.5632822001647769,3.1543999440312396,0.4040682911872864,0.20000000298023224,0.6308799982070923,0.6320703510215917,1.6475186347961426
1,5,63,315,857,0.00014908869685289775,0.35287987922556946,relu,"[128, 256, 128, 128]",32768,1.5543902329378504e-06,1.0,0.5191432573119843,0.7647915268631034,0.49923009088126036,0.46731850026945876,0.5358193730628898,3.1700929526970842,0.2977547347545624,0.20000000298023224,0.63401859998703,0.42312199957977165,2.4011800289154053
1,5,125,625,802,0.000649483043115757,0.34161466659946116,tanh,"[128, 32, 128]",16384,8.812736637380183e-06,1.0,0.5191183602975591,0.7630256114038232,0.4997042320173066,0.438945633777725,0.5799854839342461,3.1708776478338594,0.207519069314003,0.20000000298023224,0.6341755390167236,0.4184524879402624,3.34047269821167
1,5,32,160,264,0.00011384358906555697,0.27016934605525067,relu,"[256, 64]",65536,1.8017609040412637e-07,4.0,0.5190945109592159,0.763627686500945,0.5018232452895871,0.4509987955011185,0.565557691553219,3.165188980621264,0.5356651544570923,0.20000000298023224,0.633037805557251,0.9204175106765121,1.3799419403076172
1,5,125,625,567,0.00012173081514918532,0.18824685968668065,relu,"[32, 256]",16384,1.7344536329616698e-06,1.0,0.519067053896543,0.7631110528813595,0.5007657993561034,0.45964112694990694,0.5499725371728981,3.16754276800837,0.2823355793952942,0.20000000298023224,0.633508563041687,0.4178119858881562,2.8264851570129395
1,5,16,80,193,0.0067602807669158455,0.2733475134743123,tanh,"[128, 128, 256, 32]",131072,3.6497947106712436e-07,2.0,0.5190474910909306,0.7643265554763307,0.5041154852454321,0.4520250554409991,0.5697751971438659,3.1762721661288715,0.39079228043556213,0.20000000298023224,0.635254442691803,0.6321827284617882,1.4436194896697998
1,5,63,315,565,0.0013531327533345622,0.4261716782261959,tanh,"[128, 64, 128, 128]",32768,0.0001400075066942381,4.0,0.5189926703225297,0.7640016652576056,0.5018075377611071,0.4535186725278207,0.5616050060810546,3.1628348952109384,0.5574486255645752,0.20000000298023224,0.6325669884681702,0.921240239913375,2.3723738193511963
1,5,8,40,762,0.004168770771583771,0.4128680225944664,relu,"[32, 64]",262144,1.1853715594323164e-05,4.0,0.5189914395138835,0.7628322462778125,0.5036637099884304,0.4511453877861529,0.5700204009572757,3.1754874709920964,0.5338979363441467,0.20000000298023224,0.6350975036621094,0.9211113379778824,0.990882396697998
1,5,16,80,838,0.0004979435965311873,0.08071056488434775,tanh,"[256, 256, 128, 128]",131072,5.073399742356472e-06,2.0,0.5189903063018587,0.7642069431004064,0.5015872747485934,0.4407449503391203,0.5819176899839146,3.169308257560309,0.3716921806335449,0.20000000298023224,0.6338616609573364,0.6314178398869702,1.6461822986602783
1,5,63,315,450,0.0008576270418512768,0.2838037380815621,tanh,"[64, 128, 64, 64]",32768,9.482069053218105e-07,4.0,0.5189342442477849,0.764938823248839,0.5036845934449498,0.46216160871523937,0.553405390560634,3.1712698463906372,0.5733997821807861,0.20000000298023224,0.634253978729248,0.9202345372228485,2.4507689476013184
1,5,125,625,348,0.00020150252759050747,0.3994623402179295,leaky_relu,"[64, 64, 32]",16384,3.179457866784346e-07,4.0,0.518931726310439,0.7639728566835007,0.5033078473683743,0.4598023785958821,0.555906469457413,3.1606772071022213,0.5689024925231934,0.20000000298023224,0.6321354508399963,0.920350871326887,3.35018253326416
1,5,16,80,987,0.0020592386898328117,0.11953205934733489,leaky_relu,"[32, 32]",131072,0.0002634674197754175,1.0,0.5188570403276627,0.7642189062740209,0.5013942708144714,0.4655815986817769,0.5431754874651811,3.150280369068975,0.2732536792755127,0.20000000298023224,0.6300560832023621,0.41674799231414894,1.1718685626983643
1,5,16,80,314,0.0005275206527317058,0.3793516436726578,leaky_relu,"[64, 256, 128, 64]",131072,3.6129205419890736e-06,4.0,0.5188520794979177,0.7653416465824006,0.5022760172314561,0.45213200200954534,0.5649299697908902,3.157636476194315,0.5613358616828918,0.20000000298023224,0.631527304649353,0.9193084694408595,1.397407054901123
1,5,125,625,419,0.0003084693594548812,0.12253139799364496,tanh,"[64, 32, 128, 64]",16384,5.8433836118825395e-06,1.0,0.518845289110968,0.764940153488425,0.5019409441093413,0.44413660863919796,0.5770430381733297,3.1542038447528506,0.2193920761346817,0.20000000298023224,0.6308407783508301,0.4171469958615923,3.8813705444335938
1,5,63,315,495,0.00017252982669805996,0.4239277233214112,leaky_relu,"[256, 256, 64]",32768,1.2945337428512235e-07,1.0,0.5188359251117369,0.7654829361889917,0.5010865719917117,0.43907947567312233,0.5834869943897367,3.168523562423534,0.27036526799201965,0.20000000298023224,0.6337047219276428,0.4227097810556443,2.130959987640381
1,5,8,40,431,0.008868163608750437,0.4008740972130512,leaky_relu,"[32, 64, 128, 128]",262144,8.527501359655956e-06,2.0,0.518825322050625,0.7646240587263504,0.505390553167832,0.44805465616208795,0.579553925222645,3.15106506420575,0.3765764534473419,0.20000000298023224,0.6302130222320557,0.6319964070258207,1.2102174758911133
1,5,63,315,525,0.00025838282630939876,0.3330269931907171,relu,"[128, 32, 32, 128]",32768,7.883381367800853e-05,2.0,0.5188142026150733,0.7649793057476408,0.5028611018449617,0.445825434139683,0.5766310957668014,3.145474446632349,0.39563068747520447,0.20000000298023224,0.6290948987007141,0.6345479667666118,2.4960503578186035
1,5,16,80,270,0.0034925161585005406,0.19206181696576363,tanh,"[128, 64, 256, 256]",131072,5.458759526679624e-06,1.0,0.5187571580227147,0.7637490910922149,0.5003496338497047,0.4446681154447367,0.5719722233120169,3.164698434402072,0.2193155586719513,0.20000000298023224,0.6329396963119507,0.41749045657327727,1.5532197952270508
1,5,125,625,900,0.0004941878390787891,0.45409799988481364,tanh,"[256, 256]",16384,8.139739612834103e-06,2.0,0.5187475004431488,0.7630731820162531,0.5020574025985102,0.44409827779998945,0.5774157479697124,3.1716623429706345,0.37229296565055847,0.20000000298023224,0.6343324780464172,0.6322673813887681,2.8570539951324463
1,5,16,80,906,0.004555198733068358,0.30287743312096216,relu,"[32, 64, 128]",131072,3.517888227026012e-07,1.0,0.518746700111826,0.7656044443995316,0.503733600639415,0.45812483433868,0.5594275962179763,3.1486132271794496,0.2650611996650696,0.20000000298023224,0.6297226548194885,0.41667317552786154,1.2554490566253662
1,5,63,315,425,0.0018481848447760181,0.4520282293630753,tanh,"[128, 256, 32, 32]",32768,3.1477011895921596e-07,1.0,0.518729012830032,0.7635219363799959,0.5004584809764954,0.4719506365967062,0.5326317234885637,3.172741187024993,0.2681213617324829,0.20000000298023224,0.6345482468605042,0.4175937430655354,2.4486093521118164
1,5,125,625,468,0.001649927370251901,0.34941630722286054,tanh,"[128, 32]",16384,9.712051187212816e-05,1.0,0.5187019031758926,0.7619152019930083,0.5009116025671418,0.4468024574596511,0.5699321275844482,3.172152591166607,0.23345191776752472,0.20000000298023224,0.6344305276870728,0.41734519991388674,2.8412444591522217
1,5,63,315,409,0.0002885896019737345,0.10742983791379446,tanh,"[256, 64, 64]",32768,2.9806886423649422e-06,4.0,0.5186405061730353,0.7651966533655217,0.5030956344068975,0.45649602838466335,0.5602907136411786,3.161265504937388,0.5667290091514587,0.20000000298023224,0.632253110408783,0.918034766636477,2.119048833847046
1,5,8,40,481,0.0008795052476352106,0.22256590932623982,leaky_relu,"[128, 256, 128]",262144,1.5110524539370406e-05,1.0,0.5186239745801273,0.7640646849055635,0.5013355927668398,0.45965704192527534,0.5513260622229197,3.1689160590035312,0.3095887303352356,0.20000000298023224,0.633783221244812,0.4226777531838865,1.3298618793487549
1,5,32,160,160,0.000983700373736826,0.3448391529836354,leaky_relu,"[32, 256]",65536,0.0005761061351255094,4.0,0.5186199292592373,0.7639958907289638,0.5038175174933646,0.44927458273138043,0.5734336380399387,3.1526344544793004,0.5296565890312195,0.20000000298023224,0.6305269002914429,0.9214014847363995,1.4111192226409912
1,5,8,40,591,0.0041056903400797816,0.3084178533685541,relu,"[64, 256, 64, 32]",262144,8.440424908628941e-05,1.0,0.5186035888564262,0.7630776509444968,0.5030998317171442,0.4556858250356185,0.5615265408607635,3.149692071233808,0.31308063864707947,0.20000000298023224,0.6299384236335754,0.4215342565272479,1.3246703147888184
1,5,32,160,476,0.0006318352548150002,0.4956773378402369,leaky_relu,"[64, 256]",65536,6.356949512082734e-07,2.0,0.5185741445532059,0.7629183076070971,0.5012234249771291,0.45259721267025554,0.5615559653183726,3.166856122510789,0.4293944239616394,0.20000000298023224,0.6333712339401245,0.6339982713876277,1.3673713207244873
1,5,8,40,911,0.003035457389061174,0.4030727883929995,leaky_relu,"[32, 256]",262144,9.114696316935613e-07,2.0,0.5185281177264729,0.763071908546607,0.5011239548996437,0.4580159490669309,0.5531896112048335,3.1590097671894766,0.42285025119781494,0.20000000298023224,0.631801962852478,0.6332325053554569,1.1298534870147705
1,5,8,40,811,0.00036120188648842115,0.23645984802535458,leaky_relu,"[128, 256, 128]",262144,4.773319490530886e-07,4.0,0.5185017276694518,0.7644085489706469,0.5014881018188894,0.4566283592787366,0.5561222488132136,3.1659733777348196,0.5339016318321228,0.20000000298023224,0.6331946849822998,0.9220409086908672,1.3485939502716064
1,5,63,315,252,0.0002831716158306823,0.4907390732845361,leaky_relu,"[64, 64, 128]",32768,0.0007657251723903302,4.0,0.5184405575702429,0.7628876518634786,0.5035295368839928,0.45925584628691063,0.5572501863548982,3.1596964126870573,0.5588840246200562,0.20000000298023224,0.6319392919540405,0.9219289766408775,2.1469194889068604
1,5,16,80,430,0.008260022224346124,0.2727021844079223,tanh,"[128, 64, 32, 64]",131072,0.0001383566210176824,4.0,0.5184038757045671,0.765299771181831,0.5027411990762776,0.4564792880466099,0.5594374043705128,3.1493976242930053,0.561008632183075,0.20000000298023224,0.6298795342445374,0.920405743051854,1.284367561340332
1,5,8,40,989,0.0019340561135952387,0.44577467611563837,leaky_relu,"[128, 256]",262144,9.978641715492558e-05,1.0,0.5183613310373951,0.761300226651498,0.49994108209530197,0.4646979526497599,0.5409686531444937,3.1626387959325495,0.3261730670928955,0.20000000298023224,0.632527768611908,0.4246641225223941,1.225994348526001
1,5,8,40,485,0.004786575788805125,0.22120362856918602,leaky_relu,"[64, 256]",262144,0.0005479642771772771,1.0,0.5183470144989462,0.7631590809842306,0.49969337099423894,0.45960589916090944,0.54744203381851,3.1634234910693246,0.2952020466327667,0.20000000298023224,0.6326847076416016,0.4178822676018813,1.1755776405334473
1,5,63,315,379,0.0007419994172971515,0.2265906448042478,tanh,"[32, 128, 128, 256]",32768,5.413359839576076e-05,2.0,0.5183451020653489,0.7650163863549787,0.5029582741247901,0.44829359657337614,0.5728059162776099,3.1662678246756224,0.3607746660709381,0.20000000298023224,0.6332535743713379,0.6324150153624267,2.5347938537597656
1,5,16,80,296,0.0008303722299520153,0.29339263928711684,relu,"[32, 256, 128, 32]",131072,2.8442904075706242e-05,4.0,0.5182975383494323,0.7646795353315605,0.5016224737798604,0.45312067342304924,0.5617521283691004,3.156655681779151,0.5391754508018494,0.20000000298023224,0.6313311457633972,0.9203590776389117,1.3242428302764893
1,5,32,160,166,0.005974832614657362,0.18532990601355182,tanh,"[64, 32, 256]",65536,0.0004225849732332004,2.0,0.5182628742210038,0.7628117837266548,0.4993888092953563,0.4512816045990482,0.5589764212013025,3.156950128719954,0.3641519248485565,0.20000000298023224,0.6313900351524353,0.6366911902691076,1.5207099914550781
1,5,63,315,28,0.0003138689597961944,0.16057616757001109,tanh,"[64, 256, 32, 128]",32768,0.00018790453526217608,2.0,0.5182299807437133,0.7634628997908831,0.5002033484714973,0.4402648927601945,0.5790340931382165,3.1758796695488742,0.3525075614452362,0.20000000298023224,0.6351759433746338,0.6335833630227338,2.4155330657958984
1,5,8,40,919,0.0021891405346939844,0.32927473490189624,leaky_relu,"[32, 256, 128, 64]",262144,0.0004682330520201028,2.0,0.5182213205466174,0.7628813178484983,0.5038276942604418,0.4574806111586884,0.5606241908274158,3.1536152488944644,0.42069053649902344,0.20000000298023224,0.6307230591773987,0.6339028512941879,1.333678960800171
1,5,16,80,861,0.0007380406838688041,0.3300346063148749,leaky_relu,"[64, 128, 256]",131072,8.732675898815701e-07,2.0,0.5181318809326044,0.7642284987464797,0.5008428315646971,0.4514067100146418,0.5624386990466476,3.149299574653811,0.41050028800964355,0.20000000298023224,0.6298599243164062,0.6323069710459124,1.3318202495574951
1,5,63,315,821,0.0003422214497738839,0.16638980423065247,tanh,"[256, 64, 32]",32768,9.796777420307096e-05,4.0,0.5181045959757271,0.7642477189005448,0.502291031155471,0.4435386314626834,0.5789850523755345,3.155870986642376,0.5544023513793945,0.20000000298023224,0.6311742067337036,0.9198252200285251,2.1309895515441895
1,5,125,625,717,0.0005323232291471781,0.2831518337239914,tanh,"[256, 32, 32]",16384,4.574460680685194e-06,4.0,0.5180835693948183,0.7651713855233233,0.5031205494606,0.452483725156873,0.566518890501785,3.158911717550282,0.5717406868934631,0.20000000298023224,0.6317823529243469,0.9203732756079425,3.368260145187378
1,5,8,40,77,0.0009622676749403359,0.4012886962415034,relu,"[256, 64, 256]",262144,2.953418480616774e-05,1.0,0.5180764227679024,0.7647137148638856,0.5049336925714686,0.4556664245792415,0.5661461807054023,3.140472424917334,0.3287595510482788,0.20000000298023224,0.628094494342804,0.43033596068974955,1.399540662765503
1,5,125,625,585,0.0007944831688574304,0.3580200042356618,tanh,"[128, 64, 64]",16384,5.762750146445221e-06,1.0,0.5180744565145485,0.7632488190239183,0.5006654016879738,0.44518498160108716,0.5719427988544078,3.164109838543686,0.22160103917121887,0.20000000298023224,0.6328219771385193,0.4175005522510528,3.3444881439208984
1,5,8,40,79,0.00224276999990041,0.31320940890943294,leaky_relu,"[64, 64, 32, 64]",262144,2.7745810661028216e-06,2.0,0.5180291587267427,0.7642083622406847,0.5027437459699174,0.45474816889784714,0.5620659892502649,3.1529286033968837,0.4268339276313782,0.20000000298023224,0.6305857300758362,0.6328947326000415,1.1381738185882568
1,5,63,315,437,0.003420287136392526,0.3983220833214759,tanh,"[32, 32]",32768,5.328385616900461e-06,2.0,0.5179914321463879,0.7622800401279346,0.5004274004937886,0.4487304193545877,0.5655871160108282,3.1640117889044914,0.3795413076877594,0.20000000298023224,0.6328023672103882,0.6337998988077543,1.8478436470031738
1,5,125,625,963,0.0002351382721220679,0.3613488506707699,tanh,"[256, 128, 256, 256]",16384,5.415781390996888e-06,1.0,0.5179804082662012,0.7632721946630456,0.4979415817498256,0.43957619991590074,0.5741790576327043,3.152241957899303,0.1919449269771576,0.20000000298023224,0.6304484009742737,0.4210275228196855,3.9028937816619873
1,5,63,315,552,0.0001668801673998481,0.1755283679555364,leaky_relu,"[256, 64]",32768,2.4591170063907915e-05,1.0,0.5179572441538391,0.7638667263446451,0.4987910769122163,0.453316973021525,0.5544058221193456,3.1582250720527014,0.3024653494358063,0.20000000298023224,0.6316450238227844,0.43007415975008667,1.985591173171997
1,5,16,80,793,0.0009762810609661236,0.1576303718790637,relu,"[32, 128, 64]",131072,1.2195396148657474e-07,2.0,0.5179545916473699,0.7641712518474664,0.5003057155897728,0.4459113028260903,0.5698144297540115,3.147239936184288,0.4084874987602234,0.20000000298023224,0.6294479966163635,0.6325884465813202,1.2759675979614258
1,5,16,80,619,0.007197280946137583,0.17339060674357373,tanh,"[32, 64]",131072,4.345340943532423e-07,1.0,0.517947068358088,0.7623174774323142,0.5007598882340025,0.44627249357326476,0.5704029189061949,3.165385079899653,0.22371478378772736,0.20000000298023224,0.6330770254135132,0.417406052567538,1.1291396617889404
1,5,8,40,634,0.00044637218150676996,0.3914726890336202,relu,"[256, 128, 32, 128]",262144,1.4217151727609156e-06,4.0,0.5179456298606965,0.7619756504232353,0.5026194648082516,0.45692000288885143,0.5584762054219468,3.1540074474512423,0.5386472344398499,0.20000000298023224,0.6308014988899231,0.9249243736295151,1.3983333110809326
1,5,16,80,546,0.00029502990976442627,0.3711930131067366,leaky_relu,"[128, 64, 256, 32]",131072,0.0008925320341000532,4.0,0.5179410412786296,0.7624368858525183,0.5019691557027097,0.45155348633057435,0.5650574757738632,3.1572442776375373,0.49365636706352234,0.20000000298023224,0.6314488649368286,0.925520059336929,1.3567264080047607
1,5,8,40,306,0.00020480685101971434,0.08115383583737025,relu,"[128, 256, 32, 128]",262144,4.117638334036904e-06,4.0,0.5179147426987663,0.7625353740988491,0.5003520763919899,0.4449628860310963,0.5714916238377339,3.1557729370031815,0.557553768157959,0.20000000298023224,0.6311545968055725,0.9320799040080678,1.3899023532867432
1,5,16,80,382,0.00584702943976291,0.2989639884203176,tanh,"[128, 128, 64]",131072,3.1970972102488385e-06,2.0,0.5179142169345693,0.7631810082383234,0.5015536400821586,0.4538666836118701,0.5604378359292244,3.1686216120627284,0.391587495803833,0.20000000298023224,0.6337243318557739,0.6325276453893778,1.232020378112793
1,5,63,315,192,0.0002746598359901668,0.2328356302865241,relu,"[32, 64, 32, 32]",32768,0.00012987692325430427,4.0,0.5178944948468166,0.7628768161281286,0.5025732806973976,0.4459718232799891,0.5756306642080897,3.1470438369058993,0.5438567996025085,0.20000000298023224,0.6294087767601013,0.9215897157963076,2.393350601196289
1,5,16,80,942,0.0003387208581361714,0.14599880464862586,relu,"[128, 32, 256]",131072,4.040524248703494e-07,1.0,0.5178716668408005,0.7636885759233376,0.49942621668144593,0.4484683362478141,0.5634489387578956,3.150084269790586,0.2834244966506958,0.20000000298023224,0.6300168633460999,0.4195042713165302,1.2966020107269287
1,5,63,315,315,0.00013128921757897473,0.46643308512772585,relu,"[128, 256, 64]",32768,1.2026999073993706e-05,4.0,0.5178383948262146,0.7639025729964278,0.5000066854155432,0.4582274758399843,0.5501687002236259,3.1485148795170357,0.5504109263420105,0.20000000298023224,0.6297029852867126,0.9208420335491172,2.186157703399658
1,5,125,625,513,0.0076622970421011535,0.38318761064152346,tanh,"[256, 128]",16384,0.0004207198701878543,4.0,0.5177813002109166,0.7622478063820004,0.5005706945113509,0.44892383139376485,0.5656459649260466,3.1620502000741633,0.5472273230552673,0.20000000298023224,0.6324100494384766,0.9225921844410921,2.846775770187378
1,5,125,625,364,0.0001658842695621328,0.44702834948847225,leaky_relu,"[128, 32, 256, 256]",16384,3.260575746384245e-05,1.0,0.5177103282978088,0.7636505940556222,0.5015592842570707,0.4628219800633594,0.5473733767507553,3.144297552938796,0.2590685784816742,0.20000000298023224,0.6288595199584961,0.41899674880045806,3.8725051879882812
1,5,16,80,669,0.0043661740024859485,0.08271950759602459,tanh,"[32, 256]",131072,1.9699742179179653e-06,2.0,0.5177001130550075,0.7628907932337072,0.5007675177826303,0.4478033238212344,0.5679410726195614,3.1647964840412666,0.3821447789669037,0.20000000298023224,0.6329593062400818,0.6327933147032249,1.1531040668487549
1,5,32,160,683,0.00030694568971679527,0.4803298488531324,relu,"[256, 256]",65536,0.0004422002600145966,1.0,0.5176937283749685,0.7637326704742144,0.49890113801172714,0.4565224471185944,0.5499529208678253,3.158127022413507,0.29707762598991394,0.20000000298023224,0.6316254138946533,0.42016266752624154,1.4688479900360107
1,5,125,625,373,0.0010723732914293483,0.35921755830053714,tanh,"[256, 32, 256]",16384,0.0009906385736754095,1.0,0.5176861236880127,0.7606494003412365,0.5013721948169249,0.4498488295982296,0.5662246459256934,3.1644042854844887,0.21356070041656494,0.20000000298023224,0.6328808665275574,0.41889194886514836,3.3577358722686768
1,5,8,40,30,0.0021706646021966724,0.2310754502609927,relu,"[32, 256, 128]",262144,0.0002795199555911887,2.0,0.5176773141798644,0.7651813284518582,0.5013875962789679,0.43931958230323603,0.5838793204911923,3.1379222402286198,0.39542290568351746,0.20000000298023224,0.6275844573974609,0.6321044566262871,1.3138811588287354
1,5,8,40,471,0.0002962161423828125,0.08681528856704868,leaky_relu,"[128, 256]",262144,2.1144511005923436e-06,2.0,0.5176727418355525,0.7613300257353971,0.499588271096631,0.4594211964573799,0.5474518419710463,3.165188980621264,0.4161832630634308,0.20000000298023224,0.633037805557251,0.6355124394139451,1.2173657417297363
1,5,8,40,889,0.0023035834944334682,0.11015716465499761,leaky_relu,"[64, 64, 32]",262144,1.2019814578582348e-05,1.0,0.517652679561691,0.7647475583941631,0.501775724091164,0.45058591157848715,0.566087331790184,3.136450899594264,0.3168802261352539,0.20000000298023224,0.6272901892662048,0.429831592243404,1.128969430923462
1,5,63,315,494,0.00012046872219743608,0.19924285756537297,leaky_relu,"[64, 128]",32768,9.640795664259282e-06,2.0,0.5176368734614168,0.7635126401910692,0.4977134794974582,0.4580121837621281,0.5449507630742674,3.149299574653811,0.4196082353591919,0.20000000298023224,0.6298599243164062,0.6332245065814316,1.850776195526123
1,5,63,315,806,0.00022535655453394566,0.16387068346220307,tanh,"[256, 128, 64, 32]",32768,8.541445812015869e-07,4.0,0.5175956677951122,0.7650764180955286,0.502851050628542,0.45341864514959773,0.5643807132488524,3.171956491888218,0.5564374923706055,0.20000000298023224,0.6343913078308105,0.9195696599229348,2.3945813179016113
1,5,32,160,982,0.0002788211591860993,0.4213452834962493,relu,"[128, 32, 32, 128]",65536,3.2662018912694674e-06,2.0,0.5175500318235443,0.7620844080523128,0.5021675861170236,0.45068379933569325,0.5669308329083134,3.158715618271893,0.3892868161201477,0.20000000298023224,0.6317431330680847,0.6349540270928978,1.6722006797790527
1,5,8,40,38,0.0012077533923342692,0.09188208704038318,relu,"[256, 32]",262144,7.993375944189309e-06,2.0,0.5175236925624693,0.7633608873469961,0.498742688213716,0.46134093675487303,0.54274392875358,3.1549882418664064,0.4413749575614929,0.20000000298023224,0.6309976577758789,0.6350717498708096,1.1761882305145264
1,5,16,80,965,0.001100811850113975,0.2026789671942112,relu,"[32, 128]",131072,3.3496596688107085e-06,2.0,0.5174202847379044,0.7625688178225243,0.49934273555689235,0.4575408912370671,0.5495507866138334,3.1588136679110876,0.4142729640007019,0.20000000298023224,0.6317627429962158,0.6335439582931565,1.1239409446716309
1,5,125,625,910,0.0089728421612136,0.23316398132003147,tanh,"[256, 128]",16384,0.0005582843358553748,4.0,0.5174161997572608,0.7626965258131704,0.4990617980002643,0.45293985960311495,0.5556416493389306,3.1575384265551207,0.5788628458976746,0.20000000298023224,0.6315076947212219,0.9233866856244001,3.1725914478302
1,5,8,40,862,0.004397330774697342,0.051251377259533576,tanh,"[64, 64, 64, 256]",262144,3.738060400162997e-05,1.0,0.5174018763352879,0.763357050860657,0.5003646428985795,0.43319509815176216,0.5921868256895131,3.158127022413507,0.20924298465251923,0.20000000298023224,0.6316254138946533,0.4174268702701821,1.3148362636566162
1,5,8,40,655,0.0005969011138643102,0.45349474816589064,leaky_relu,"[128, 256, 256]",262144,1.4438163765987928e-07,4.0,0.5173967935915124,0.7632137656601995,0.4982943658220126,0.4433494900689592,0.5687845737376908,3.152241957899303,0.526806116104126,0.20000000298023224,0.6304484009742737,0.9215350961366217,1.4442336559295654
1,5,63,315,636,0.0015677165371465929,0.4586117078315982,tanh,"[128, 32, 256, 64]",32768,2.3538981355641075e-05,4.0,0.517377274326272,0.7638522964503935,0.5039354525663101,0.44818104745392473,0.5755325826827259,3.1429242619436346,0.5478928685188293,0.20000000298023224,0.6285848617553711,0.9253208023124269,2.3917951583862305
1,5,32,160,995,0.0014045501652455066,0.19067839727537134,tanh,"[128, 128]",65536,4.5924401863008205e-05,2.0,0.517361482636729,0.7623829028102004,0.49952163007783207,0.4455189803354807,0.5684216720938444,3.167346668729981,0.38028788566589355,0.20000000298023224,0.6334693431854248,0.6329726641402341,1.4044456481933594
1,5,32,160,265,0.0004866170975263906,0.257445864394498,relu,"[32, 128]",65536,7.122377115423252e-05,2.0,0.5173610662864936,0.7628235745702521,0.49994284759652163,0.45303810176405906,0.5576817450664993,3.1538113481728534,0.4141997694969177,0.20000000298023224,0.6307622790336609,0.6338001068265381,1.3660178184509277
1,5,8,40,75,0.001392159379513781,0.15401992870366576,leaky_relu,"[32, 64, 32]",262144,5.05306845754033e-07,4.0,0.5173079363392085,0.7626255493428333,0.49987804304010885,0.443381688718848,0.5728745733453646,3.1608733063806103,0.5354655981063843,0.20000000298023224,0.6321746706962585,0.922461558143156,1.024524450302124
1,5,8,40,512,0.0009487349854354474,0.2948513086361006,relu,"[128, 64, 256, 32]",262144,6.564884600495143e-07,2.0,0.5172992288108225,0.7632802086521894,0.49552435519595817,0.4644818119423473,0.5310133783200597,3.154497993670434,0.47889772057533264,0.20000000298023224,0.6308996081352234,0.6367011296332404,1.3134634494781494
1,5,16,80,360,0.0008725856544372189,0.4577550302917413,relu,"[128, 32, 64, 64]",131072,1.639237363896504e-05,4.0,0.5172953207894131,0.7632984513555907,0.5031353648424544,0.44948146547732953,0.5713346933971517,3.1528305537576893,0.5226668119430542,0.20000000298023224,0.6305661201477051,0.9246762574881232,1.2662479877471924
1,5,16,80,9,0.0004652875565849699,0.16096974206386097,relu,"[32, 64, 64]",131072,3.4412911284612354e-05,4.0,0.5172820681028538,0.7626332561297613,0.5013143088039138,0.44999726995468126,0.5658421279767742,3.1470438369058993,0.5288168787956238,0.20000000298023224,0.6294087767601013,0.9226509915182415,1.2662386894226074
1,5,125,625,679,0.00037333482934432945,0.3655628838012448,relu,"[64, 32]",16384,1.995977509023917e-06,1.0,0.5172605687055989,0.7648444020318026,0.5007070773406886,0.4522139360532705,0.5608497783357527,3.1480246313210634,0.2829825282096863,0.20000000298023224,0.6296049356460571,0.4177674804884715,2.8443503379821777
1,5,63,315,205,0.0001821130994860301,0.42029764982670764,relu,"[128, 32, 32, 256]",32768,0.0001075345831864857,2.0,0.5171118469139735,0.761447202306913,0.5019932838903155,0.46285350023180344,0.5483640001569304,3.156950128719954,0.3978513181209564,0.20000000298023224,0.6313900351524353,0.6365044211227273,2.3890414237976074
1,5,16,80,952,0.007032094993577484,0.37336645977120664,tanh,"[128, 64, 256]",131072,2.423923518002482e-05,2.0,0.5171112913674386,0.7625327193435681,0.5025977694276348,0.4458339027834723,0.5759249087841815,3.1616580015173854,0.369356632232666,0.20000000298023224,0.6323316097259521,0.634144855101208,1.322892665863037
1,5,16,80,273,0.0009260492446250878,0.22572682875795408,relu,"[32, 32, 128]",131072,0.0006251903190290993,1.0,0.5170694174784716,0.7617934494228087,0.5003214075006824,0.45392665974274987,0.5572796108125073,3.141649318610887,0.2800340950489044,0.20000000298023224,0.628329873085022,0.41958004937147053,1.187479019165039
1,5,125,625,728,0.00013223207284982738,0.30937466922556006,leaky_relu,"[32, 256]",16384,0.00040335891913504665,1.0,0.5170241306435562,0.7633485684503636,0.49948365189385985,0.45091331416110986,0.5597806897092864,3.149888170512197,0.293816477060318,0.20000000298023224,0.6299776434898376,0.421954262565531,2.8474528789520264
1,5,16,80,856,0.000636556392455904,0.11220006556755356,leaky_relu,"[32, 64, 256, 64]",131072,2.0359332755214617e-05,1.0,0.5169913122814488,0.7631400345550806,0.49864345157076434,0.4666187960540938,0.5353878143512888,3.155674887363987,0.3107260763645172,0.20000000298023224,0.6311349868774414,0.42929065393748655,1.3096802234649658
1,5,16,80,597,0.0019575652663972767,0.4055406836353123,leaky_relu,"[32, 256]",131072,2.66556024272813e-07,1.0,0.5169321898562385,0.7623355192583909,0.5009605684459845,0.4531078915213355,0.5601141668955235,3.1529286033968837,0.29800945520401,0.20000000298023224,0.6305857300758362,0.4210278864108247,1.1530303955078125
1,5,16,80,915,0.005926362518530979,0.18988327498223861,tanh,"[32, 256]",131072,0.0001996747213492583,4.0,0.516921931196867,0.7631418219724584,0.5000978146043725,0.449110259153126,0.5641453175879791,3.154497993670434,0.5544430017471313,0.20000000298023224,0.6308996081352234,0.9210152488710031,1.1630606651306152
1,5,32,160,528,0.0003685520024173446,0.4386135216926595,relu,"[64, 256, 128]",65536,0.00021512952576128067,2.0,0.5168983930965036,0.7633888378063591,0.5014962649124763,0.45983855269937596,0.5514535682058928,3.133116317791994,0.41992390155792236,0.20000000298023224,0.626623272895813,0.633603133628749,1.5358388423919678
1,5,32,160,854,0.0032133625417862938,0.2738761304222008,tanh,"[64, 64]",65536,0.0003835629782700951,4.0,0.516858824466204,0.7621812701843749,0.5000820446411545,0.4564117508965361,0.5529934481541057,3.147926581681869,0.5642369389533997,0.20000000298023224,0.629585325717926,0.9227690246387772,1.3691606521606445
1,5,16,80,581,0.007865071395429104,0.05338735593353265,tanh,"[128, 256]",131072,8.743716509580741e-06,2.0,0.5168550940991105,0.7619870274270761,0.500344986200552,0.45563879490897374,0.5547785319157283,3.156459582500762,0.3952765166759491,0.20000000298023224,0.631291925907135,0.6334922557253345,1.2554020881652832
1,5,16,80,796,0.003303098609930628,0.46503292585761946,relu,"[32, 64, 64, 256]",131072,0.0008390706721391159,1.0,0.5168549045626047,0.763063913436685,0.5021683101255244,0.455210908221035,0.5599278119973322,3.1271332036385955,0.2373192012310028,0.20000000298023224,0.6254266500473022,0.4217289112858187,1.296787977218628
1,5,32,160,944,0.00017049562080042176,0.4277388944151944,relu,"[256, 64, 256]",65536,2.5496399674840675e-07,1.0,0.516822748311259,0.7628859822548499,0.49850412364727503,0.4553069001864915,0.5507571893758092,3.153713298533659,0.31130650639533997,0.20000000298023224,0.6307426691055298,0.42742046689930124,1.5172996520996094
1,5,63,315,691,0.0030118491711746123,0.35368814651018377,tanh,"[64, 128, 32]",32768,0.00042778710759411363,2.0,0.516782031509013,0.7608431634580772,0.4996544942327114,0.4555735056542811,0.5531798030522971,3.154301894392045,0.37926816940307617,0.20000000298023224,0.6308603882789612,0.6351201795929293,2.371927499771118
1,5,125,625,84,0.00023417688505785798,0.2315888254809771,leaky_relu,"[64, 32]",16384,7.26905381671539e-05,1.0,0.5167706875744416,0.7633097917433614,0.49753737383899865,0.4660834697077446,0.5335438816744478,3.154497993670434,0.2915603220462799,0.20000000298023224,0.6308996081352234,0.4190700305083935,2.84155011177063
1,5,32,160,350,0.00015712164299215936,0.13923644093448556,tanh,"[256, 256, 256]",65536,0.0009285575015803083,4.0,0.5167605666146923,0.7643107311290888,0.5012142959184531,0.43842342805898177,0.5849974498803405,3.1488093264578385,0.5378782749176025,0.20000000298023224,0.6297618746757507,0.9201450089530192,1.7820427417755127
1,5,63,315,896,0.00038534496053145687,0.48113709259525567,relu,"[64, 128]",32768,3.364094816837444e-07,2.0,0.5167160452863193,0.7631243720640968,0.5006421817172879,0.4603748117299446,0.5486288202754129,3.1353720555399054,0.424487829208374,0.20000000298023224,0.6270744204521179,0.6335884510780954,1.877835750579834
1,5,63,315,234,0.00025731156845013156,0.39406438480123795,relu,"[32, 256, 64, 64]",32768,3.4806159845309575e-07,4.0,0.5165776257424374,0.7624978521025212,0.5019117841847323,0.4564135095636533,0.5574855820157715,3.1373336443702335,0.5335582494735718,0.20000000298023224,0.6274667382240295,0.9251818299405763,2.410741090774536
1,5,16,80,874,0.0013618090530613948,0.47760275130423435,relu,"[32, 256, 32]",131072,7.650554163086807e-05,2.0,0.5165255769392795,0.7623814518878946,0.4980850928343355,0.46440991365417567,0.5370257758248657,3.1517517097033307,0.42297518253326416,0.20000000298023224,0.6303503513336182,0.6348132304732949,1.222728967666626
1,5,8,40,897,0.0028881858763819637,0.37996127018738574,leaky_relu,"[32, 128, 256]",262144,3.77276986418999e-06,4.0,0.5164768199022938,0.7636253576828016,0.5017827892764685,0.4485369679268754,0.5693730628898741,3.1388049850045894,0.5637122988700867,0.20000000298023224,0.6277610063552856,0.9209329650837862,1.254225492477417
1,5,125,625,958,0.0002520895306494394,0.09012611061832229,tanh,"[64, 128, 32]",16384,1.8912018600263029e-06,1.0,0.5164699420031278,0.7618355011096145,0.4992567414658389,0.45587222352779105,0.5517674290870571,3.151849759342525,0.2623666524887085,0.20000000298023224,0.6303699612617493,0.41807253422740487,3.3579328060150146
1,5,8,40,877,0.009296206327694064,0.2943150609373457,tanh,"[32, 64, 64, 32]",262144,3.4419224683334195e-06,4.0,0.5164346099005532,0.7627478285230705,0.5012868587012101,0.4431828456044122,0.576925340342893,3.127819849136176,0.5342789888381958,0.20000000298023224,0.6255639791488647,0.9276636831925688,1.1257152557373047
1,5,16,80,642,0.0007872433497772853,0.1222027594086204,relu,"[256, 64, 32]",131072,2.3929673896559592e-06,1.0,0.5164024896090411,0.7639687909649291,0.49928778079573904,0.4547454431175361,0.5535034720859979,3.1492015250146164,0.36874499917030334,0.20000000298023224,0.6298403143882751,0.4544117489099699,1.3121120929718018
1,5,125,625,517,0.0006796511307029347,0.4929774916683077,tanh,"[64, 128, 256]",16384,0.00020271912049817355,1.0,0.5163848112353241,0.7610870988884081,0.5002064365643848,0.44185346999240505,0.5763172348856369,3.1565576321399567,0.21590444445610046,0.20000000298023224,0.6313115358352661,0.4186785451107043,3.359593391418457
1,5,63,315,767,0.0004364130370312502,0.11333430783943614,tanh,"[128, 64]",32768,0.0003504284287206539,2.0,0.5163373680978155,0.7619331973906294,0.49936361258826606,0.4493974769346639,0.5618305935893915,3.156950128719954,0.39359408617019653,0.20000000298023224,0.6313900351524353,0.6334456689328106,1.8590033054351807
1,5,63,315,223,0.00012865016002545915,0.1528617772840814,tanh,"[256, 128, 256, 32]",32768,8.569294536922345e-06,4.0,0.5163249390401119,0.7643819626252446,0.5016564752321708,0.45536342696269755,0.5584271646592648,3.164698434402072,0.5665214657783508,0.20000000298023224,0.6329396963119507,0.9206849597613403,2.3947229385375977
1,5,16,80,663,0.000833959242712137,0.3607149419463078,leaky_relu,"[32, 128, 64]",131072,2.5522373682701903e-06,4.0,0.5162995516447706,0.7625384707962696,0.49978194505015267,0.44642347477957683,0.5676272117383969,3.1448858507739628,0.556398868560791,0.20000000298023224,0.6289771795272827,0.9218184890684962,1.1922657489776611
1,5,16,80,819,0.0024536811675206494,0.4373107229980481,tanh,"[256, 256, 128, 256]",131072,4.0271929274495666e-05,1.0,0.5162991127150776,0.761569980066955,0.49614756607817123,0.43792974027923737,0.5722174271254267,3.143120659245243,0.19875819981098175,0.20000000298023224,0.6286241412162781,0.4208733257289922,1.7413463592529297
1,5,125,625,928,0.00040998708760940715,0.4714997235346711,leaky_relu,"[32, 128, 32]",16384,4.765398730089997e-06,1.0,0.5162939777104001,0.7619748522530285,0.49969456322541234,0.43796941119127974,0.5816724861705049,3.1392952332005617,0.2373775690793991,0.20000000298023224,0.6278590559959412,0.4187283382084554,3.421607494354248
1,5,63,315,100,0.00014209774549341588,0.08313600215930458,tanh,"[128, 128, 128]",32768,1.910091617406165e-05,4.0,0.5162650810093445,0.764070050272167,0.5021259205801285,0.4509456357077041,0.5664110008238848,3.1516536600641363,0.5605217218399048,0.20000000298023224,0.6303307414054871,0.9198152334109505,2.124197244644165
1,5,63,315,185,0.00048484371288201334,0.27948541686169887,tanh,"[32, 64, 256, 256]",32768,2.24024863833254e-06,1.0,0.5161063697144822,0.7620729184465402,0.498263006089093,0.4414586314729422,0.5718447173290439,3.1543999440312396,0.18909046053886414,0.20000000298023224,0.6308799982070923,0.4220451692846132,2.3899171352386475
1,5,8,40,905,0.001021034813639031,0.40039580028279576,leaky_relu,"[128, 64, 32, 128]",262144,7.890997724815174e-06,1.0,0.5160591404944842,0.7609021787509468,0.4979446042602748,0.4470234844347351,0.5619580995723645,3.1536152488944644,0.3448300063610077,0.20000000298023224,0.6307230591773987,0.43772499893790034,1.234553575515747
1,5,63,315,913,0.0009667292656265426,0.40993884875921693,tanh,"[32, 64, 256, 128]",32768,3.0116182766615244e-07,1.0,0.5160529523128524,0.7620518211086069,0.49783534165524207,0.4607807125922463,0.5413707873984857,3.158323121691896,0.2185453474521637,0.20000000298023224,0.6316646337509155,0.41996194766826705,2.404780626296997
1,5,125,625,684,0.0003542920677799642,0.3918732577534279,tanh,"[64, 128, 256]",16384,6.258569920161272e-05,4.0,0.5159751813141384,0.7621319315027634,0.49979344914377216,0.4416761382881832,0.5755227745301895,3.145670545910738,0.5424643158912659,0.20000000298023224,0.6291341185569763,0.9248774009677128,3.3638906478881836
1,5,63,315,451,0.0008445058945965784,0.4426373951935237,tanh,"[64, 256]",32768,3.943529057824411e-07,2.0,0.5159518379675809,0.7612470972145537,0.49921578765942776,0.44518305616181486,0.5681764682804347,3.1557729370031815,0.36443302035331726,0.20000000298023224,0.6311545968055725,0.6346160361338319,1.8449122905731201
1,5,63,315,378,0.0005828551027840565,0.430946876326695,tanh,"[256, 128, 128]",32768,2.7811159540157583e-05,2.0,0.5159425427997889,0.7624582858231744,0.49965368927804904,0.4428822628810502,0.5731197771587744,3.16175605115658,0.3643002212047577,0.20000000298023224,0.6323512196540833,0.6336700863277717,2.2878286838531494
1,5,16,80,484,0.007771243514690218,0.145287128370792,tanh,"[128, 32]",131072,8.462093672086758e-07,2.0,0.5159183041299843,0.7627863106059882,0.501819393193932,0.44443519835385964,0.5762191533602731,3.1493976242930053,0.38502761721611023,0.20000000298023224,0.6298795342445374,0.6332650145055491,1.1218016147613525
1,5,8,40,301,0.0005579931659940208,0.08151223196007393,leaky_relu,"[32, 32, 256]",262144,1.0157250893324953e-07,4.0,0.5159097976726439,0.7615916668695073,0.4968630269255018,0.4512995074286172,0.5526599709678685,3.1545960433096285,0.5423001050949097,0.20000000298023224,0.6309192180633545,0.9243712950577812,1.2036993503570557
1,5,8,40,633,0.0003589294161247282,0.2612454571617014,relu,"[64, 64, 128]",262144,1.4779788235246463e-06,4.0,0.5158269838846299,0.7598079704541105,0.4952217593727028,0.4349720206023363,0.5748460120051787,3.164502335123683,0.4921318590641022,0.20000000298023224,0.6329004764556885,0.9290640257120347,1.1446619033813477
1,5,32,160,114,0.0007615567331418315,0.301844956726724,tanh,"[256, 128, 64, 64]",65536,0.0003937928189545458,4.0,0.5157761818887201,0.7638737811971728,0.5020216992799067,0.4540096771634806,0.561389226725254,3.144689751495574,0.5659822821617126,0.20000000298023224,0.6289379596710205,0.9221258316854193,1.655029535293579
1,5,16,80,656,0.006729288334458382,0.35914509137277495,tanh,"[64, 128, 256]",131072,2.765217786451192e-07,1.0,0.515767991829692,0.7621935976307698,0.5001180718649773,0.4447473521034264,0.5712366118717879,3.1422379144692734,0.21965977549552917,0.20000000298023224,0.6284475922584534,0.41843260774602514,1.33396315574646
1,5,32,160,564,0.00016141294180760415,0.379762597714254,relu,"[128, 128]",65536,0.0009976513927480322,2.0,0.5157440188762402,0.7615802121001076,0.4969323782670283,0.4563952295355117,0.5453725136333321,3.1493976242930053,0.4370162785053253,0.20000000298023224,0.6298795342445374,0.6367844132402598,1.3888230323791504
1,5,16,80,938,0.00012803529360328077,0.2477899624144243,leaky_relu,"[32, 256, 256]",131072,2.4722671226941154e-05,2.0,0.5157392511756541,0.7606343753787245,0.49616677026747025,0.45877551020408164,0.5401938090941191,3.168523562423534,0.4127856194972992,0.20000000298023224,0.6337047219276428,0.6358300963142732,1.3850293159484863
1,5,16,80,27,0.005335066874588411,0.45614534220555014,tanh,"[256, 128, 128]",131072,0.00015025519328636466,2.0,0.5157195639225465,0.761822509836112,0.5002762526330329,0.446745197200037,0.5683824394836988,3.1482207305994523,0.38652661442756653,0.20000000298023224,0.6296441555023193,0.6343457401886174,1.4094045162200928
1,5,63,315,112,0.0001381749033087019,0.2080617324115484,leaky_relu,"[32, 32, 128, 256]",32768,5.2606473905421366e-05,2.0,0.5157004032674696,0.7630073116539071,0.5006493883252923,0.45934922727905586,0.5501098513084075,3.13125277860086,0.4133607745170593,0.20000000298023224,0.6262505650520325,0.6342713431245868,2.38843035697937
1,5,16,80,771,0.00019185866313244063,0.22818701081831105,leaky_relu,"[32, 256, 64, 64]",131072,3.066942085729642e-07,4.0,0.5156999841609705,0.7625876387712363,0.49858971764209403,0.4444103264832997,0.5678135666365883,3.1436109074412153,0.5487287044525146,0.20000000298023224,0.6287221908569336,0.9233212606315451,1.2980265617370605
1,5,32,160,848,0.0002865945650500341,0.4171112172392571,leaky_relu,"[64, 64]",65536,8.172354586546806e-07,4.0,0.5156923423283537,0.7618916285549516,0.4991393097918219,0.44912203653018173,0.561693279453882,3.1557729370031815,0.5477356314659119,0.20000000298023224,0.6311545968055725,0.9235129684631913,1.3629791736602783
1,5,32,160,229,0.00021708723031994305,0.4312468090481352,relu,"[64, 64, 128]",65536,3.413801674959647e-06,4.0,0.5156483488424662,0.761718498804138,0.4983006580430557,0.4399519284936343,0.5744929185138687,3.1504767663705833,0.5460689663887024,0.20000000298023224,0.630095362663269,0.9244284688479352,1.5091421604156494
1,5,8,40,701,0.0022841822739066075,0.34059383422403955,relu,"[32, 64]",262144,3.1684348016905525e-06,4.0,0.5156284030220796,0.7621537043079871,0.49761041962081826,0.449279256496175,0.5575934716936718,3.1495940215946137,0.5439948439598083,0.20000000298023224,0.6299188137054443,0.9238496969215652,0.9824810028076172
1,5,16,80,132,0.009266964911189106,0.3375854344804473,tanh,"[64, 32]",131072,0.0005702284242571565,4.0,0.5155718262130529,0.7611302804665749,0.4984016832473358,0.4411686928139143,0.5726980265997097,3.1448858507739628,0.5413175821304321,0.20000000298023224,0.6289771795272827,0.9283500537833402,1.1490364074707031
1,5,32,160,644,0.0003628292267597311,0.08761037418356564,tanh,"[256, 64, 128]",65536,0.0008183464116068695,4.0,0.5155349110307859,0.762893620751905,0.5003847963657633,0.453550387844097,0.5580054141002001,3.149299574653811,0.5668538808822632,0.20000000298023224,0.6298599243164062,0.9213861234766424,1.5166194438934326
1,5,16,80,761,0.00012647792284580943,0.3738902338770927,leaky_relu,"[128, 256, 32, 128]",131072,1.093134935854773e-06,4.0,0.5154926533402662,0.7604486032231867,0.4997948226187545,0.44656544526865866,0.5674310486876691,3.1359606513982916,0.529066801071167,0.20000000298023224,0.6271921396255493,0.925947062162631,1.4136016368865967
1,5,63,315,898,0.00016630739180502913,0.2220457555682237,leaky_relu,"[32, 256]",32768,0.00025602635618022905,1.0,0.5154352996449814,0.759248707335308,0.4952660629311464,0.45555088898222035,0.542567382007925,3.160284710522224,0.29226449131965637,0.20000000298023224,0.6320569515228271,0.4211044632898381,1.8649260997772217
1,5,8,40,545,0.00039409783746014544,0.302042309540976,leaky_relu,"[256, 32, 128]",262144,4.5222073255422606e-07,2.0,0.5154268554522968,0.7605513520769729,0.49785724243064705,0.4596872638493286,0.5429400918043077,3.150280369068975,0.45232003927230835,0.20000000298023224,0.6300560832023621,0.6533275548237594,1.2915408611297607
1,5,32,160,74,0.0001627173191356128,0.4984586693290581,relu,"[128, 128, 64]",65536,4.434226092341104e-06,4.0,0.5154120311601974,0.7602651219710244,0.4957080592616264,0.4527199027158492,0.5477166620895288,3.1461610921299297,0.5479057431221008,0.20000000298023224,0.6292322278022766,0.9246497742644924,1.5221803188323975
1,5,16,80,740,0.0006400607216264957,0.19271776922925937,relu,"[32, 128]",131072,0.00015998439547721592,4.0,0.5153105967847234,0.761622440085175,0.49565267056513085,0.44891170267796743,0.5532582682725882,3.1458669432123463,0.5477407574653625,0.20000000298023224,0.6291733980178833,0.9234412675962905,1.1197683811187744
1,5,16,80,388,0.004929354073599646,0.2806369070407858,tanh,"[32, 128, 256]",131072,5.895468750181992e-06,2.0,0.5152617660138454,0.7619472176298187,0.49963885396324337,0.4580315539932968,0.5495605947663698,3.158323121691896,0.3782126307487488,0.20000000298023224,0.6316646337509155,0.6345152236241507,1.2828364372253418
1,5,16,80,766,0.003255828132836333,0.3270938946573111,tanh,"[256, 256]",131072,3.203998805829249e-05,2.0,0.5152246327886838,0.7611807727047117,0.4986315562270667,0.44530972905454375,0.5664600415865667,3.152241957899303,0.3847865164279938,0.20000000298023224,0.6304484009742737,0.6345906666721778,1.3946757316589355
1,5,16,80,791,0.0001292889647801452,0.28903368848894406,leaky_relu,"[256, 32, 256]",131072,1.5207058751442537e-05,2.0,0.5151951001854654,0.7605951074271566,0.49634768900823945,0.4658099809051969,0.5311703087606419,3.151849759342525,0.4604730010032654,0.20000000298023224,0.6303699612617493,0.6466680256048944,1.4044923782348633
1,5,63,315,676,0.0005935202219395785,0.48354286681321296,tanh,"[256, 256]",32768,2.506139808769034e-07,4.0,0.515178464709758,0.7620018744439042,0.49992489496023723,0.44443003105661155,0.5712562281768606,3.141060722752501,0.5547076463699341,0.20000000298023224,0.6282121539115906,0.9233229061546918,1.8679094314575195
1,5,32,160,607,0.002677966302875813,0.3961221751958305,tanh,"[256, 128, 64]",65536,0.000653754267421287,4.0,0.515173242929635,0.7624215053112878,0.4985185761054532,0.44538424732593496,0.5660480991800384,3.131644977157638,0.5392695069313049,0.20000000298023224,0.6263290047645569,0.9245750178893797,1.529268741607666
1,5,63,315,180,0.0011239056092522787,0.3551253299658419,tanh,"[128, 32]",32768,5.556822434007386e-06,2.0,0.5151113017411466,0.7614948000958024,0.4997892259322361,0.4524631090192088,0.5581721526933187,3.1470438369058993,0.39816349744796753,0.20000000298023224,0.6294087767601013,0.6340975377899111,1.8471341133117676
1,5,16,80,357,0.0030199748166023425,0.20364848484332776,tanh,"[32, 32, 128]",131072,0.00046282995329011384,4.0,0.5150029532729765,0.7611292211257836,0.49927000761341755,0.4594013219707584,0.5467162305308172,3.1402760276157258,0.5764997601509094,0.20000000298023224,0.628055214881897,0.9250826096875207,1.3209373950958252
1,5,8,40,990,0.0004784889134329322,0.21572816341489243,leaky_relu,"[128, 32, 64, 256]",262144,2.2284555193369323e-07,2.0,0.5150004538294494,0.761678117363285,0.4983564442105357,0.4569867406116823,0.5479618659029385,3.1376280913110364,0.43556541204452515,0.20000000298023224,0.6275256276130676,0.6369425579164807,1.3207595348358154
1,5,16,80,341,0.00040711316285088676,0.45582204867260623,leaky_relu,"[128, 64, 32, 128]",131072,2.84995811948189e-06,1.0,0.5149687070629463,0.7594678634022601,0.49809035094961046,0.4471218728303859,0.5621738789281651,3.1405704745565286,0.2937852144241333,0.20000000298023224,0.6281141042709351,0.43887296663975395,1.2738995552062988
1,5,16,80,7,0.0008494856255824379,0.3241346469026546,leaky_relu,"[256, 32]",131072,0.00010310315094927766,1.0,0.5149614413437502,0.7615843414669091,0.4956708230310442,0.45206996330482857,0.548579779512731,3.152045858620914,0.34410473704338074,0.20000000298023224,0.6304091811180115,0.43856154425525173,1.2128851413726807
1,5,63,315,184,0.0003500312056333474,0.45711352622537355,relu,"[32, 128, 128]",32768,3.3363025567732426e-07,2.0,0.5149583667380028,0.7609868523251562,0.49979429451773005,0.4512669332785356,0.5600160853701597,3.1265446077802093,0.4098612070083618,0.20000000298023224,0.6253089308738708,0.6356593648427381,2.1211538314819336
1,5,16,80,289,0.0001479721880495132,0.08910630170943362,relu,"[128, 256, 128]",131072,0.0002986015021092686,1.0,0.5148558112438141,0.7620365021954092,0.4969951977222968,0.4595907416973555,0.5410275020597121,3.149103475375422,0.3589448630809784,0.20000000298023224,0.629820704460144,0.4503326397934762,1.380645751953125
1,5,8,40,202,0.005946510873996751,0.131225094342191,tanh,"[64, 64, 128]",262144,0.00012190237955968304,2.0,0.5148038498259774,0.761314103156077,0.4998911993315287,0.4493123249518862,0.5633018164698498,3.145082248075571,0.38748762011528015,0.20000000298023224,0.6290164589881897,0.6345548131012347,1.1519322395324707
1,5,125,625,670,0.0006657332526528953,0.4790401227877632,tanh,"[32, 256]",16384,2.496775322451476e-05,2.0,0.5147926955596174,0.7612189564358005,0.5004386383969287,0.44905769200791884,0.5650967083840088,3.135666204457489,0.3735920786857605,0.20000000298023224,0.6271332502365112,0.6351095636448727,3.041853427886963
1,5,63,315,557,0.0001358683853538198,0.33553477139638366,relu,"[32, 64, 256]",32768,9.392816259790673e-07,2.0,0.5147827426654948,0.7611679452114645,0.49754632036157637,0.4516033586565374,0.5538957981874534,3.1381183395070087,0.4148483872413635,0.20000000298023224,0.6276236772537231,0.6363614304820835,2.125699996948242
1,5,16,80,674,0.00040278393095646755,0.2912703310948825,relu,"[128, 32, 32]",131072,2.8958002030572733e-07,1.0,0.5147183952945249,0.758610688328349,0.4957857008786121,0.4553880761210449,0.5440484130409197,3.15351719925527,0.3942377269268036,0.20000000298023224,0.6307034492492676,0.4544912197442646,1.1876039505004883
1,5,16,80,659,0.0051397216744914626,0.2499190584250196,tanh,"[64, 128, 256, 128]",131072,1.9839267851809265e-06,4.0,0.5147045699407996,0.7644388174256691,0.5017981980942808,0.43259675964400124,0.5973557220761897,3.1588136679110876,0.5468250513076782,0.20000000298023224,0.6317627429962158,0.921060982307132,1.4677660465240479
1,5,63,315,505,0.0010560487976139818,0.35272568538058635,tanh,"[64, 64]",32768,7.063609851143799e-07,4.0,0.5146950619670064,0.7618746279480183,0.5003986509821311,0.4425990873779085,0.575562007140335,3.140472424917334,0.5541437864303589,0.20000000298023224,0.628094494342804,0.9242390672701002,1.8711066246032715
1,5,8,40,206,0.0014487639605017517,0.40846611317438825,relu,"[128, 32, 64, 128]",262144,2.8863524363181956e-05,1.0,0.5146426123117696,0.7608199572268965,0.499928506124642,0.44778123617396165,0.5658225116717015,3.130468083464085,0.3239741921424866,0.20000000298023224,0.6260936260223389,0.4236257939444569,1.2236557006835938
1,5,125,625,801,0.0008768965016138263,0.2789531249093831,tanh,"[32, 32]",16384,5.658649931370412e-06,1.0,0.5146103981573595,0.7612197233651039,0.49888307853340763,0.440566640363732,0.5749931342932245,3.1403743752781397,0.22370079159736633,0.20000000298023224,0.6280748844146729,0.4185757844278038,2.8267741203308105
1,5,63,315,798,0.000322458125271925,0.4226152450078141,leaky_relu,"[32, 128]",32768,6.146759242291578e-05,1.0,0.5146079378630283,0.7596446304696358,0.49692540368227056,0.4615429907642616,0.5381831378241595,3.1501823194297804,0.33297112584114075,0.20000000298023224,0.630036473274231,0.4243291739825573,1.9020276069641113
1,5,16,80,943,0.000783358228313123,0.12380025565816653,tanh,"[256, 128, 256, 32]",131072,0.000542165854619043,2.0,0.5144835583144352,0.7621682044521837,0.4962498632446078,0.4227914523423206,0.6006022205657342,3.140668524195723,0.41628316044807434,0.20000000298023224,0.6281337141990662,0.6408819083916986,1.5401782989501953
1,5,63,315,472,0.00016388699158690365,0.24562111397445835,relu,"[256, 32]",32768,5.146874217005349e-07,1.0,0.5144728020911705,0.761625218589546,0.4947867298578199,0.4601776630476046,0.5350249127074425,3.131448877879249,0.3440386652946472,0.20000000298023224,0.6262897849082947,0.4399006083391952,1.8593904972076416
1,5,16,80,257,0.009161724072283054,0.2925498944016115,tanh,"[256, 128]",131072,3.1916106950810793e-07,4.0,0.5144578668090855,0.7631695582909415,0.5003803868207921,0.4493609113552427,0.56446898662168,3.1503784187081694,0.5622474551200867,0.20000000298023224,0.6300756931304932,0.9217667423597038,1.2832517623901367
1,5,8,40,387,0.0013825374777478641,0.49662122465043385,relu,"[64, 64, 64, 256]",262144,4.628286558531081e-05,2.0,0.5144126463890604,0.7585044142909582,0.4959217944104594,0.44024186188013387,0.5677252932637609,3.144003105997993,0.37223392724990845,0.20000000298023224,0.628800630569458,0.6391390583744241,1.2962782382965088
1,5,63,315,195,0.0002773174308351633,0.4166476276127101,leaky_relu,"[32, 64, 128]",32768,2.1543308631553318e-07,1.0,0.5143792667014944,0.76067049104138,0.49558647179219,0.45856902104086367,0.53910510416258,3.150280369068975,0.3156185746192932,0.20000000298023224,0.6300560832023621,0.4213720924960257,2.173651933670044
1,5,63,315,209,0.00015585603560708144,0.3213663935880573,leaky_relu,"[32, 256]",32768,4.6834026790989816e-05,2.0,0.5143508548581319,0.7586029314573708,0.496795721041357,0.4581949219235389,0.5424987249401703,3.15351719925527,0.4254167675971985,0.20000000298023224,0.6307034492492676,0.6381701859001778,1.8720486164093018
1,5,63,315,361,0.0006847838918304568,0.39604895032655235,tanh,"[128, 32, 32, 256]",32768,9.667408011507135e-07,2.0,0.514340596844088,0.7618445919839982,0.5011985651709033,0.447156660614826,0.5700988661775668,3.148907376097033,0.35143569111824036,0.20000000298023224,0.6297814846038818,0.6384416450266793,2.3948535919189453
1,5,16,80,480,0.005416654624432823,0.4303520143933616,tanh,"[32, 64, 32, 128]",131072,3.4163957257343555e-07,1.0,0.5142889652789175,0.7609995899677379,0.5002660174038505,0.46294874576497486,0.5441268782612108,3.130173636523282,0.21601782739162445,0.20000000298023224,0.6260347366333008,0.42167338183111475,1.249321460723877
1,5,16,80,924,0.0001454831760947638,0.1627147548094891,leaky_relu,"[64, 256, 256]",131072,9.45499505646699e-05,1.0,0.5142064855928129,0.7614728181761412,0.49492627166375813,0.4675272568687309,0.5257365922554827,3.134293211485547,0.32145556807518005,0.20000000298023224,0.626858651638031,0.4255249423157393,1.4394187927246094
1,5,125,625,336,0.00018974286767705178,0.05978143544796585,tanh,"[64, 128]",16384,9.591352702382698e-06,1.0,0.51419694217755,0.7616279918750748,0.4973140261929624,0.43437969305153656,0.5815744046451411,3.1321355233768298,0.22964021563529968,0.20000000298023224,0.6264271140098572,0.4184946237872144,3.0483644008636475
1,5,32,160,408,0.00035545715528173484,0.34636119723374126,leaky_relu,"[32, 64, 128]",65536,5.7453008846648925e-05,2.0,0.5140829877502515,0.759966329450532,0.4969235485146404,0.4541785432958966,0.5485503550551218,3.136254800315875,0.40303564071655273,0.20000000298023224,0.6272509694099426,0.6364917349341132,1.5207252502441406
1,5,8,40,246,0.00026494896859833493,0.10051085850880245,leaky_relu,"[64, 256, 64]",262144,4.159695171756596e-07,2.0,0.5140740301920336,0.762000223810697,0.4977683073334561,0.45008008119122755,0.5567597787280788,3.13703949545265,0.455432265996933,0.20000000298023224,0.6274079084396362,0.6532186294309136,1.2317850589752197
1,5,32,160,163,0.002203686158606965,0.3246525606316639,tanh,"[32, 64, 256, 32]",65536,4.648838543061944e-06,1.0,0.5140375835945326,0.7606960539766372,0.49508272263160236,0.42107579226744224,0.6006512613284162,3.1368433961742612,0.20828866958618164,0.20000000298023224,0.627368688583374,0.41931141321766374,1.656465768814087
1,5,16,80,307,0.00259169534601971,0.30607728383398525,tanh,"[256, 128]",131072,0.00015208806325956147,4.0,0.51397624729961,0.7612458829198443,0.49828409204017776,0.44587467180928925,0.5646553415198713,3.1379222402286198,0.559985339641571,0.20000000298023224,0.6275844573974609,0.9240381745827418,1.2833669185638428
1,5,32,160,539,0.00044802801869924636,0.19385338783660017,relu,"[32, 32]",65536,4.382574436646578e-07,2.0,0.5138817547405949,0.7604961857162988,0.4957098900701689,0.4595574991413037,0.5380360155361136,3.1343912611247413,0.4345652759075165,0.20000000298023224,0.6268782615661621,0.6395355664686165,1.3602454662322998
1,5,63,315,927,0.00017892034314714883,0.41357486464118437,leaky_relu,"[32, 64, 256, 128]",32768,2.212973692423668e-06,4.0,0.5137965276461104,0.7586853122042081,0.4964898933528921,0.4635526103119444,0.5344658480128683,3.1351759562615165,0.5453900098800659,0.20000000298023224,0.6270352005958557,0.930721834072664,2.4072251319885254
1,5,32,160,561,0.00021657907919688362,0.4383311416606223,leaky_relu,"[32, 256]",65536,0.0009527232449729143,2.0,0.5137640129113495,0.7588639084757739,0.4943666464787495,0.46758494031221304,0.524402683510534,3.136450899594264,0.4379388391971588,0.20000000298023224,0.6272901892662048,0.6440989345673408,1.3761003017425537
1,5,32,160,961,0.00023669491794726537,0.38799362054380515,relu,"[32, 128, 128]",65536,0.000531837973609092,4.0,0.5137396158158276,0.760183952608851,0.4954647560204635,0.456345240553376,0.5419200439405234,3.132037175714416,0.5659543871879578,0.20000000298023224,0.6264074444770813,0.925220149185131,1.503143548965454
1,5,32,160,154,0.0005270629305879201,0.32033955663294783,tanh,"[64, 32, 256, 256]",65536,8.625913917704975e-07,2.0,0.513657718330923,0.760396954434304,0.49598473335175464,0.44299706925805954,0.5633704735376045,3.1390991339221728,0.3296562433242798,0.20000000298023224,0.627819836139679,0.6424649658964149,1.6842446327209473
1,5,16,80,540,0.00032470728213763436,0.2678440474760967,relu,"[32, 64, 64, 32]",131072,9.963461043144837e-07,4.0,0.513644393599151,0.7576112316349299,0.4986851101877663,0.45078446909667197,0.5579759896425909,3.130271984185696,0.5543890595436096,0.20000000298023224,0.6260544061660767,0.9294200601585803,1.2466068267822266
1,5,16,80,416,0.0008882928186420072,0.3937806372130838,relu,"[32, 32]",131072,0.0001919673358759894,4.0,0.5135474795632435,0.7580932238185808,0.4927129109417589,0.46713487096547357,0.5212542665463533,3.137235594731039,0.5355291366577148,0.20000000298023224,0.6274471282958984,0.9308788262393289,1.1089551448822021
1,5,8,40,749,0.0002758048490173398,0.06529398293608846,leaky_relu,"[256, 64, 128]",262144,4.4526044209131144e-07,1.0,0.5134827923967117,0.7594231592569449,0.4958950463194098,0.4689860800223839,0.5260798775942563,3.1429242619436346,0.40467607975006104,0.20000000298023224,0.6285848617553711,0.4667706048983432,1.2957510948181152
1,5,16,80,121,0.0032312199139208782,0.46778504142967203,tanh,"[128, 128, 128, 32]",131072,3.755999198063468e-07,1.0,0.5133429630862506,0.7593316390908714,0.49276711339912427,0.4776724058558144,0.5088469535878222,3.1381183395070087,0.31267714500427246,0.20000000298023224,0.6276236772537231,0.4201408591719054,1.3471086025238037
1,5,8,40,529,0.0008012504591996282,0.4905468944882229,leaky_relu,"[256, 64]",262144,0.0006986106536328149,2.0,0.5132331455716294,0.7598408107521628,0.4953155796351462,0.4576037249521909,0.5398014829926635,3.125563813365045,0.46393677592277527,0.20000000298023224,0.625112771987915,0.6417302990372219,1.2004806995391846
1,5,32,160,704,0.0004915755000594867,0.2461967635807717,tanh,"[64, 256, 256]",65536,3.6811730617607635e-07,2.0,0.5131881579565236,0.7611964345824216,0.49665100811708435,0.440137884010758,0.5698144297540115,3.1354701051791,0.33839091658592224,0.20000000298023224,0.627094030380249,0.63801750088361,1.5362765789031982
1,5,32,160,475,0.0005686902835075632,0.4273081700273198,leaky_relu,"[32, 128]",65536,0.0004993660291484655,1.0,0.5131553496866286,0.7588717769506103,0.4968256447478432,0.4672675111902252,0.5303758484051944,3.140472424917334,0.33593448996543884,0.20000000298023224,0.628094494342804,0.42519759274538327,1.3590586185455322
1,5,8,40,303,0.00021872871361285526,0.4867586910689125,leaky_relu,"[256, 256, 32]",262144,2.4386991832149934e-07,4.0,0.5131239241810573,0.7595658166571408,0.494715379856579,0.44503754565834236,0.5568774765585154,3.132429672294413,0.5365197658538818,0.20000000298023224,0.6264859437942505,0.9326003105172067,1.3876368999481201
1,5,125,625,297,0.0005747240504537851,0.4264395868938708,tanh,"[128, 64, 32]",16384,0.0001244047881608273,1.0,0.5131083892346168,0.759974234228789,0.49445978412880554,0.4553079082053822,0.5409784612970301,3.1367453465350668,0.2538275122642517,0.20000000298023224,0.6273490786552429,0.41978324812158907,3.35274076461792
1,5,32,160,555,0.00044368103933290593,0.3691568910524235,relu,"[32, 32, 256, 256]",65536,5.9130789957736816e-05,2.0,0.5131033137870334,0.7594492394468038,0.4933425064000861,0.47179826877802944,0.5169484875828789,3.126839054721012,0.423545241355896,0.20000000298023224,0.6253678202629089,0.6408697259211448,1.6542344093322754
1,5,63,315,709,0.00016773045042875793,0.31852554411576983,relu,"[32, 64, 32, 256]",32768,1.1772035013947481e-05,1.0,0.5130671922373579,0.7583980183683497,0.493214627558446,0.4448263628838346,0.5534151987131704,3.131841076436027,0.28677406907081604,0.20000000298023224,0.6263682246208191,0.4233812527392498,2.397409439086914
1,5,16,80,746,0.001057087983117889,0.44766174720616475,leaky_relu,"[128, 32, 128, 32]",131072,0.00023161156629927267,1.0,0.5130452056976599,0.7605612595438357,0.49347393518640265,0.44606437094908324,0.5521597551885127,3.127819849136176,0.36030688881874084,0.20000000298023224,0.6255639791488647,0.4337322305595193,1.264796495437622
1,5,32,160,510,0.0003263120694486918,0.48910943742249274,relu,"[64, 256, 64, 32]",65536,1.084780955669802e-06,2.0,0.5129052111772058,0.7587560161523775,0.49397361763642933,0.4578824829988945,0.5362411236219545,3.1337046156271606,0.5065596103668213,0.20000000298023224,0.6267409324645996,0.6447116325754553,1.6632492542266846
1,5,16,80,320,0.00029893001705019046,0.47655596735078404,leaky_relu,"[128, 64]",131072,7.770842229875451e-05,4.0,0.5129038537917577,0.7587891590470774,0.49374286944593654,0.4509962938032715,0.5454411707010868,3.1339007149055496,0.5561705231666565,0.20000000298023224,0.6267801523208618,0.9309615942335497,1.1221387386322021
1,5,8,40,130,0.006088175926364204,0.12061475824290692,tanh,"[32, 256]",262144,6.355600172568471e-05,2.0,0.5128487049830301,0.760103865952009,0.497318133866294,0.4552774631013602,0.5479128251402566,3.146945787266705,0.3998180329799652,0.20000000298023224,0.6293891668319702,0.6358761482368974,1.1207191944122314
1,5,63,315,99,0.00018622826953281892,0.4403793805969444,leaky_relu,"[256, 32]",32768,6.057187598013031e-06,1.0,0.5128136981294387,0.7613799664597585,0.49420838995940924,0.45659476808967087,0.538575463925615,3.1309583316600573,0.382030725479126,0.20000000298023224,0.6261916756629944,0.4480396284331308,1.858839750289917
1,5,63,315,207,0.0003786198192365908,0.384906515897537,relu,"[32, 32]",32768,1.907120881664709e-06,2.0,0.512805199398539,0.7590028673161744,0.49401775376302587,0.45992948875117307,0.5335634979795206,3.127035153999401,0.4436474144458771,0.20000000298023224,0.6254070401191711,0.6386699997933046,1.864931583404541
1,5,16,80,256,0.00038565434282418026,0.29803552034718184,leaky_relu,"[64, 128, 64, 128]",131072,5.580539027513717e-05,1.0,0.5127868506004609,0.7584876669181213,0.4941011824377025,0.45281878262574443,0.5436658950920005,3.139687729780559,0.331440806388855,0.20000000298023224,0.6279375553131104,0.43456553903902456,1.302107334136963
1,5,8,40,43,0.004842174765879583,0.2962916228513594,tanh,"[256, 32, 64]",262144,1.2504722388094633e-07,2.0,0.5127257174813749,0.7603964225092242,0.4993196114510677,0.44288490442862133,0.5722370434304994,3.132821870851191,0.3776359260082245,0.20000000298023224,0.6265643835067749,0.636906911176391,1.2370355129241943
1,5,32,160,616,0.0007736446337967559,0.09658495629180641,tanh,"[32, 256]",65536,1.0246832646948698e-07,1.0,0.5126537475037831,0.7593632758204982,0.49505737289763696,0.44613290103248554,0.556033975440386,3.1486132271794496,0.23274561762809753,0.20000000298023224,0.6297226548194885,0.41973624321589303,1.3630928993225098
1,5,16,80,440,0.0030833039174911546,0.29612637187027013,tanh,"[32, 128, 32]",131072,4.722636920120487e-05,2.0,0.5126005813137937,0.7608194931708153,0.4984071846880264,0.4489535998993695,0.5601043587429871,3.1256618630042396,0.3905700147151947,0.20000000298023224,0.6251323819160461,0.635927671912681,1.192253828048706
1,5,32,160,375,0.00019726105195626336,0.3824068531572802,leaky_relu,"[128, 128, 128, 32]",65536,1.7206469685652392e-05,1.0,0.5125961934530741,0.7588315588210379,0.4920706715099064,0.46900916436298346,0.5175173604299894,3.1471418865450937,0.46701565384864807,0.20000000298023224,0.6294283866882324,0.4814689672513794,1.6592991352081299
1,5,32,160,846,0.00867791585118279,0.33339042637147726,tanh,"[128, 32, 64]",65536,0.0008795760421580481,1.0,0.5124768683414849,0.7566345958201176,0.49511414283024,0.43179147293045933,0.5802012632900467,3.13703949545265,0.20870336890220642,0.20000000298023224,0.6274079084396362,0.4317621081710877,1.553098201751709
1,5,8,40,219,0.0006670845487014881,0.45118245852717936,relu,"[64, 64, 128, 256]",262144,5.6727597540424226e-05,4.0,0.5124487704875347,0.75894287876936,0.4972009882544264,0.4565736463367604,0.5457648397347875,3.114382578218243,0.5133004188537598,0.20000000298023224,0.6228765249252319,0.9332414764094088,1.3737635612487793
1,5,63,315,706,0.0002390699116409401,0.2540233254818102,tanh,"[256, 128, 128]",32768,6.597262700542177e-06,1.0,0.5124086417401139,0.759354086918461,0.4935066021789701,0.4303131566658884,0.5784554121385695,3.1283100973321485,0.20492762327194214,0.20000000298023224,0.6256620287895203,0.4201787443228171,2.2051942348480225
1,5,125,625,705,0.0002288217043353589,0.4062165237277,tanh,"[64, 256]",16384,2.565694981780569e-07,2.0,0.5122890453399014,0.7589098506771633,0.4958792220109743,0.44398086035347856,0.5615167327082271,3.1392952332005617,0.3633151948451996,0.20000000298023224,0.6278590559959412,0.63753551532879,2.840038776397705
1,5,32,160,666,0.00029029411297559093,0.20458484439560998,leaky_relu,"[64, 256, 128, 32]",65536,1.7794511216371425e-06,1.0,0.5121067809685054,0.7592151315653053,0.4920422657785589,0.43376920831430904,0.5684020557887717,3.132037175714416,0.39324235916137695,0.20000000298023224,0.6264074444770813,0.4788716861380335,1.6430201530456543
1,5,8,40,282,0.0018947304792053365,0.1618223286216478,tanh,"[256, 128]",262144,1.1066434524716927e-05,4.0,0.5120314956549489,0.7602858314912626,0.49778116766051866,0.4459144693934594,0.5633018164698498,3.12389667147552,0.5605869889259338,0.20000000298023224,0.6247793436050415,0.9250569465806809,1.2827684879302979
1,5,16,80,949,0.0003305132444094344,0.20492583634809614,leaky_relu,"[128, 32, 32]",131072,0.00041226106204354134,2.0,0.5120105648322936,0.7591945991971021,0.4914075599088388,0.4535836092509149,0.5361136176389816,3.1290947924689236,0.48132196068763733,0.20000000298023224,0.6258189678192139,0.6543460993587379,1.2392947673797607
1,5,8,40,22,0.002401978312042876,0.3166529041286208,tanh,"[128, 256]",262144,8.34243495426546e-05,4.0,0.5119677842365217,0.7590023396359135,0.49761895493531605,0.44508491624434215,0.5642139746557339,3.1259563099450425,0.5548272728919983,0.20000000298023224,0.6251912713050842,0.9280704636502516,1.2227718830108643
1,5,8,40,319,0.008372769322671987,0.10530940848022996,tanh,"[32, 32, 256]",262144,0.0002501901463418197,2.0,0.5119431922606622,0.7603710014567299,0.4985380439336541,0.452918786810369,0.5543763976617364,3.1395896801413645,0.38136911392211914,0.20000000298023224,0.6279179453849792,0.6356294542554548,1.1885404586791992
1,5,8,40,600,0.003159965982594821,0.24437160827965893,tanh,"[32, 256, 128, 256]",262144,1.1848482560020763e-06,4.0,0.5119335906357051,0.7612521996910004,0.50069723350064,0.453940703990556,0.5581917689983915,3.138903034643784,0.575505793094635,0.20000000298023224,0.6277806162834167,0.9266768513260305,1.4459588527679443
1,5,125,625,318,0.00018479649918180961,0.23480601572093357,tanh,"[32, 128]",16384,6.70792927769665e-05,4.0,0.5119009689816538,0.7601098526975334,0.49810310006416303,0.44397958008674626,0.5672545019420142,3.1230139266995502,0.5630655884742737,0.20000000298023224,0.6246027946472168,0.9260883345951529,2.9654648303985596
1,5,8,40,238,0.00014498685422264864,0.14433650162596234,relu,"[64, 64, 64, 256]",262144,3.642296226360169e-06,2.0,0.5118722009678205,0.7583917192618921,0.49259404455504613,0.4355033152501507,0.5669112166032406,3.1247794162514895,0.4553864300251007,0.20000000298023224,0.6249558925628662,0.6737329387202718,1.2936115264892578
1,5,8,40,152,0.00033596013249655307,0.3813484034207982,relu,"[128, 32, 128, 256]",262144,0.00010563411044208537,1.0,0.5118458988797769,0.7595861980637197,0.49555709822978133,0.4443372444057141,0.56012397504806,3.1368433961742612,0.3245357573032379,0.20000000298023224,0.627368688583374,0.4531096242849064,1.369591236114502
1,5,16,80,151,0.00012539479360963542,0.3805501448321941,leaky_relu,"[128, 128]",131072,4.979827860507908e-07,2.0,0.5118034282695276,0.757218261042538,0.49135218679276527,0.46265592515592513,0.5238436188159599,3.135862601759097,0.4695557653903961,0.20000000298023224,0.6271725296974182,0.6511866714011608,1.1818666458129883
1,5,16,80,102,0.0001234836700714705,0.49721261763260777,relu,"[256, 128]",131072,4.4495186970309445e-06,2.0,0.5117782309215981,0.7585980597643791,0.4943797234121106,0.45232998249969475,0.5450488445996312,3.127427352556179,0.45215216279029846,0.20000000298023224,0.6254854798316956,0.6525393346478535,1.2817416191101074
1,5,32,160,493,0.00015533186805077694,0.07582839630591418,relu,"[32, 64, 128, 32]",65536,4.4320826378917094e-05,1.0,0.5116962433153946,0.7559935943290176,0.49553650217736606,0.42605884802416594,0.5920887441641492,3.1388049850045894,0.3714594542980194,0.20000000298023224,0.6277610063552856,0.47744341124160605,1.6624042987823486
1,5,8,40,212,0.009673580961517304,0.26100297705973863,tanh,"[32, 256, 128, 128]",262144,7.161122858567749e-07,2.0,0.5116141747823858,0.7567127352475709,0.49636428951899614,0.42863255482260654,0.5895190081996156,3.128015948414565,0.41762834787368774,0.20000000298023224,0.625603199005127,0.6518165463501224,1.384002447128296
1,5,63,315,840,0.0011074069015907333,0.3491907063981273,tanh,"[32, 32]",32768,0.0006768215231284737,1.0,0.511571914562048,0.758547540987107,0.49638780243280106,0.44217368973790927,0.5657538546039468,3.122425330841164,0.23369058966636658,0.20000000298023224,0.6244850754737854,0.4202507738839968,1.8438935279846191
1,5,8,40,699,0.003856170401134943,0.1565612385125955,tanh,"[32, 64, 64, 128]",262144,0.00024143325147679104,4.0,0.5115505124085268,0.7617378397491475,0.497265131934844,0.4421969731677891,0.5679999215347797,3.1367453465350668,0.5622689127922058,0.20000000298023224,0.6273490786552429,0.9252785784868304,1.1747477054595947
1,5,8,40,610,0.007554414169923746,0.3717701961451143,tanh,"[256, 256]",262144,1.020091089154206e-06,4.0,0.5115310696786479,0.7594326994207318,0.49799483956562757,0.4439878643573102,0.5669602573659226,3.1211503875084166,0.5660392045974731,0.20000000298023224,0.6242300868034363,0.9295000835105574,1.3845629692077637
1,5,16,80,715,0.003691533797402922,0.3038614117493201,tanh,"[256, 32]",131072,6.706732865382247e-06,1.0,0.511464456286857,0.7603925196209342,0.4964875209484336,0.44092725819344525,0.5680685786025345,3.127819849136176,0.2466687113046646,0.20000000298023224,0.6255639791488647,0.41952251097248566,1.1947331428527832
1,5,32,160,638,0.002650630524399405,0.4705763894615946,tanh,"[32, 64]",65536,1.1338899836567312e-06,1.0,0.5114350330388014,0.7582911328245483,0.4955236167804343,0.44019867751470276,0.5667542861626584,3.123406125256328,0.21862271428108215,0.20000000298023224,0.6246812343597412,0.42039810553706963,1.370481014251709
1,5,16,80,809,0.00024223980926493932,0.3646971042583446,relu,"[128, 64]",131072,0.00015315138210913258,2.0,0.511413854584667,0.7588459351560197,0.49408712228184126,0.4490807584945616,0.5491192279022323,3.113009585246301,0.5019113421440125,0.20000000298023224,0.6226019263267517,0.67259383938724,1.1214268207550049
1,5,8,40,780,0.00016201584932334443,0.31233479118141566,relu,"[128, 128, 128]",262144,1.1557659892987253e-05,4.0,0.5114134316527046,0.757826924350735,0.49012020799562117,0.4293871588871921,0.570863902075405,3.1213464867868055,0.5067737102508545,0.20000000298023224,0.6242693066596985,0.9306891909272894,1.2510652542114258
1,5,32,160,584,0.00022391842010985988,0.37739986502895506,leaky_relu,"[64, 32, 128, 128]",65536,2.3332233376898864e-05,4.0,0.5113404103648281,0.7579146665801065,0.4915853537226106,0.4560173145647031,0.5331711718780651,3.1175213587653436,0.5076712369918823,0.20000000298023224,0.6235042810440063,0.934994963660209,1.7242798805236816
1,5,8,40,682,0.0009291206653024797,0.4610503655174912,relu,"[32, 256, 128, 128]",262144,1.2535380288350672e-06,4.0,0.5113136645602638,0.7604318782649163,0.4980820791399317,0.44948175280437647,0.5584663972694104,3.094570292613353,0.5357459187507629,0.20000000298023224,0.6189140677452087,0.9287868619792958,1.467538833618164
1,5,63,315,776,0.000754206682828489,0.37786840029471214,tanh,"[32, 32, 64]",32768,4.204936951036146e-06,2.0,0.5112919995655967,0.7604574420779974,0.4974223213041661,0.4472703354527516,0.5602416728784966,3.1179135573221215,0.37825748324394226,0.20000000298023224,0.6235827207565308,0.6369720232618146,2.1208367347717285
1,5,8,40,333,0.00044122155655638225,0.20860544629534733,relu,"[128, 128]",262144,4.00122575286428e-05,2.0,0.5111529020346619,0.7575150195974462,0.4935102008867934,0.46508318074129357,0.5256385107301189,3.1322335730160242,0.4684418737888336,0.20000000298023224,0.6264467239379883,0.6517341673731958,1.1237010955810547
1,5,8,40,820,0.0037949098881718134,0.16952153268086945,tanh,"[32, 128, 32, 128]",262144,1.430964268596156e-07,4.0,0.511124124443646,0.7616607565840902,0.5008742051208993,0.44732925672601653,0.5689807367884185,3.126839054721012,0.5491264462471008,0.20000000298023224,0.6253678202629089,0.9251055464256674,1.1894690990447998
1,5,63,315,412,0.0003668373012297078,0.15137376396828361,tanh,"[64, 64, 32]",32768,2.604586186360076e-06,2.0,0.5111241210432228,0.7605519974818079,0.4957853759870743,0.45282208041773764,0.5477558946996743,3.126446558141015,0.42363694310188293,0.20000000298023224,0.6252893209457397,0.6357391900273358,2.1533424854278564
1,5,16,80,724,0.00046586942181223824,0.08705730362515343,tanh,"[256, 256, 32]",131072,0.0005238878384151833,4.0,0.5109126982651762,0.7617862451719042,0.4986482111765375,0.45006712469399035,0.5589862293538389,3.13703949545265,0.5687950849533081,0.20000000298023224,0.6274079084396362,0.9232396143668536,1.4326655864715576
1,5,16,80,972,0.00012600849263957601,0.34298612479418183,relu,"[64, 256, 128, 64]",131072,1.0531427577320735e-06,2.0,0.5108516783290964,0.7574404320851327,0.4892074323163398,0.48970505852637375,0.48871081643061715,3.1392952332005617,0.4744495749473572,0.20000000298023224,0.6278590559959412,0.6471984560003539,1.3984270095825195
1,5,63,315,380,0.00010444815475588889,0.43323177167862825,relu,"[32, 128, 32]",32768,1.234234171248794e-05,2.0,0.5108241482634581,0.7570651285121527,0.4907564078460864,0.4513841998649561,0.5376534975871945,3.1290947924689236,0.47958049178123474,0.20000000298023224,0.6258189678192139,0.6509693276592672,2.1292829513549805
1,5,8,40,363,0.009390371501239113,0.08050067147460867,tanh,"[32, 128, 256]",262144,1.4035929086338341e-05,4.0,0.510760886044134,0.7601120177474466,0.49658581284086806,0.4507509717046018,0.5527972851033779,3.120659841289225,0.5882410407066345,0.20000000298023224,0.624131977558136,0.928319829388324,1.2327492237091064
1,5,16,80,502,0.003583649171728538,0.4338104924031839,tanh,"[32, 256]",131072,3.097308998152538e-07,1.0,0.5107171442535423,0.7573454984475375,0.4952056506798527,0.4359236410023051,0.5731492016163835,3.1386088857262004,0.1979287564754486,0.20000000298023224,0.6277217864990234,0.4216576744268948,1.1621603965759277
1,5,16,80,498,0.0008202760933108274,0.16682468184912844,leaky_relu,"[32, 64]",131072,0.000448153659122798,1.0,0.5106540514510038,0.7586924381484295,0.49193685282634525,0.4621372111265311,0.5258444819333831,3.117619408404538,0.3166905343532562,0.20000000298023224,0.6235238909721375,0.4292257121456362,1.109175443649292
1,5,32,160,515,0.0002540981378637279,0.30486575487389284,leaky_relu,"[256, 64, 32]",65536,1.1511899131333528e-07,1.0,0.5106412195595734,0.7585269273059754,0.49038477960138677,0.43421092426808616,0.5632527757071678,3.1219347846219723,0.4134712815284729,0.20000000298023224,0.6243869662284851,0.48596913694208255,1.510610580444336
1,5,16,80,473,0.0020252344986684627,0.3032368315101019,tanh,"[64, 32, 32, 128]",131072,2.5896522581066425e-07,4.0,0.5104770642687622,0.7601316582107083,0.4986142055258812,0.42975189010754977,0.5937561300953352,3.1208559405676137,0.5433307886123657,0.20000000298023224,0.6241711974143982,0.9311699327521216,1.2725462913513184
1,5,16,80,755,0.0013700399043127338,0.2943894917222472,tanh,"[128, 64]",131072,3.7259733638295457e-07,2.0,0.5104334794764029,0.7593137112014994,0.49465006759204444,0.45002491921351745,0.5490996115971596,3.124386919671492,0.3893603980541229,0.20000000298023224,0.624877393245697,0.637174611025389,1.211024284362793
1,5,8,40,797,0.00018162485857844968,0.2446729394451836,relu,"[64, 256, 32]",262144,3.00253662504352e-05,1.0,0.5104320345554249,0.7570953682755678,0.49038844507519397,0.4598167910095382,0.5253148416964181,3.144493652217185,0.4524075984954834,0.20000000298023224,0.6288987398147583,0.5327609998877993,1.210329532623291
1,5,8,40,890,0.0013097032051810958,0.2178690557512994,leaky_relu,"[32, 32]",262144,0.00045711912587018155,2.0,0.5103570094108308,0.756916535159956,0.4917863172696618,0.4724107086386512,0.5128192553650595,3.1223272812019696,0.49714258313179016,0.20000000298023224,0.6244654655456543,0.6605171637792512,1.0710914134979248
1,5,8,40,748,0.00979210313924125,0.34587409923085694,tanh,"[32, 32]",262144,6.0794918348512335e-05,2.0,0.5103309287238592,0.7567882367667429,0.4965153759038244,0.44658528176518525,0.559015653811448,3.1121268404703315,0.3671525716781616,0.20000000298023224,0.622425377368927,0.6399401742870714,0.990328311920166
1,5,8,40,48,0.00017348207884482762,0.397192746991399,relu,"[128, 128, 128, 256]",262144,4.827379400847683e-06,2.0,0.5102477739313779,0.75652224302204,0.492477219749947,0.4736455946158933,0.5128682961277414,3.1131076348854956,0.43914908170700073,0.20000000298023224,0.6226215362548828,0.6448292734942013,1.4511985778808594
1,5,16,80,162,0.0012716331861940646,0.48177345420371626,leaky_relu,"[32, 128, 32, 64]",131072,0.00012565588535421647,1.0,0.5102054833764968,0.7570679239837733,0.4938867821857942,0.4358604958280809,0.5697359645337204,3.09918011577159,0.34127745032310486,0.20000000298023224,0.6198360323905945,0.42739468881926657,1.2549328804016113
1,5,125,625,609,0.0001945122595239319,0.3699538777657102,tanh,"[32, 64]",16384,0.00021697487608126514,4.0,0.5101414813127672,0.7582493717334579,0.4973669859231739,0.43967127662779837,0.5724920553964455,3.128212047692954,0.5638493895530701,0.20000000298023224,0.6256424188613892,0.9296403232419228,3.1537976264953613
1,5,125,625,10,0.00015307078610432234,0.43391794690914576,tanh,"[128, 32]",16384,1.929171123912628e-05,4.0,0.5101306022216185,0.7584104233758787,0.49780302770244755,0.44248314161047203,0.5689316960257366,3.1286045442729513,0.5644035935401917,0.20000000298023224,0.6257209181785583,0.9297794224099164,3.2170610427856445
1,5,8,40,434,0.00043310555393735116,0.1678147338720469,leaky_relu,"[128, 32, 64]",262144,2.271306562978507e-05,4.0,0.5101252251612165,0.7591929100478774,0.49109271812541355,0.42649599213605777,0.5787496567146613,3.107124520732097,0.5333938598632812,0.20000000298023224,0.6214249134063721,0.9303129950760065,1.1214029788970947
1,5,16,80,253,0.0006097846896657756,0.36956777026745175,leaky_relu,"[32, 128, 32, 64]",131072,1.0310561955823775e-06,1.0,0.5100642734611285,0.7552969798213113,0.48823520777371676,0.4871174029777886,0.4893581544980187,3.124092770753909,0.40672510862350464,0.20000000298023224,0.6248185634613037,0.45082305663844896,1.4512252807617188
1,5,125,625,275,0.0003437407182737798,0.31491424328354084,tanh,"[32, 64, 128, 32]",16384,3.8356263488389106e-07,1.0,0.5100575920939694,0.7561453281375441,0.49311403307829754,0.4626786113451519,0.5278355368982699,3.1227194797587474,0.2658298909664154,0.20000000298023224,0.6245439052581787,0.4217033909806143,4.222426652908325
1,5,8,40,635,0.001396256297826346,0.48862823470681965,tanh,"[128, 64]",262144,0.0007167376658678002,4.0,0.5100287737622932,0.7568083986813249,0.4964863234281927,0.4379581740499213,0.5730707363960924,3.114186478939854,0.5715704560279846,0.20000000298023224,0.6228373050689697,0.9324842728789873,1.077913761138916
1,5,32,160,550,0.0005026113960242043,0.4863919932551733,relu,"[32, 64, 32, 64]",65536,3.9780994763484077e-07,1.0,0.5100063643729404,0.7540307259219906,0.4902139280837506,0.41851944375052047,0.5915492957746479,3.115363372633407,0.2310388833284378,0.20000000298023224,0.6230726838111877,0.4347147386767369,1.799865484237671
1,5,8,40,277,0.00011924874543177019,0.2544525534832713,relu,"[128, 256, 64]",262144,1.657300016726089e-07,4.0,0.5099894979763854,0.757179072816601,0.48903940563387677,0.44145667114306025,0.5481187963435208,3.1074189676729,0.5290198922157288,0.20000000298023224,0.6214838027954102,0.9302202881390408,1.284358263015747
1,5,125,625,693,0.0001100312826145362,0.4760703804274558,tanh,"[64, 32, 256, 64]",16384,1.1685798595372398e-05,2.0,0.5099755395702145,0.7552700620193047,0.4917896087235407,0.4614544641628835,0.5263937384754208,3.1118323935295287,0.4889336824417114,0.20000000298023224,0.6223664879798889,0.6435650688500303,3.8619043827056885
1,5,8,40,750,0.0028067646967277096,0.3808838353815921,tanh,"[256, 256, 128]",262144,0.0006570339620233655,2.0,0.5098696971001504,0.759912461355017,0.49483419209935264,0.44903847690905896,0.5510318176468281,3.100357009465143,0.41065025329589844,0.20000000298023224,0.6200714111328125,0.6367573696183843,1.4670722484588623
1,5,32,160,399,0.00015438426132240586,0.24030504107516465,relu,"[64, 64]",65536,7.276183610935797e-06,2.0,0.5098652710319571,0.7567870009833904,0.4928785442531917,0.4463816784173921,0.5501883165286987,3.110949648753559,0.4997479319572449,0.20000000298023224,0.6221899390220642,0.6968319951788751,1.3708713054656982
1,5,8,40,462,0.001411575237083722,0.13279947287492966,tanh,"[32, 128]",262144,1.3785950472599815e-06,4.0,0.5098002479623195,0.7567357555484795,0.49430993527578615,0.44482620666933376,0.5561810977284318,3.1149711740766293,0.5687790513038635,0.20000000298023224,0.6229942440986633,0.930274167929912,1.0311551094055176
1,5,32,160,233,0.00031248209896307845,0.06423720059881685,tanh,"[128, 256]",65536,0.00011559114281880794,1.0,0.5097897582893186,0.7575059497307058,0.4919627372911181,0.4333037054741827,0.5689905449409549,3.128212047692954,0.2326304167509079,0.20000000298023224,0.6256424188613892,0.4207544014833558,1.3790762424468994
1,5,8,40,736,0.0018350384399501679,0.31797845464885777,tanh,"[64, 32]",262144,0.00011218042823156569,4.0,0.5097718505209188,0.756719201813928,0.4967982064732386,0.44662998301489526,0.5596629918788497,3.1174230111029297,0.5693833231925964,0.20000000298023224,0.6234846115112305,0.9320092248492899,1.0249736309051514
1,5,32,160,251,0.00024092042814918732,0.1317902419164708,tanh,"[128, 32, 32]",65536,0.00018180058131764525,4.0,0.509714756482456,0.7602815358069349,0.4971657106059194,0.4376053459823093,0.5754933500725803,3.1263485085018203,0.5607818365097046,0.20000000298023224,0.6252697110176086,0.926654614248526,1.5031867027282715
1,5,8,40,381,0.00031982160157130777,0.43745741699026824,relu,"[128, 256]",262144,0.0004366849914301661,1.0,0.5096943949271924,0.7562309459975166,0.4911368841090576,0.4631562480989337,0.5227156812742751,3.1231119763387447,0.4127180874347687,0.20000000298023224,0.6246224045753479,0.4561850276921336,1.2284460067749023
1,5,32,160,474,0.00011115817196738481,0.4708546485180994,leaky_relu,"[128, 256]",65536,1.8790925987133417e-06,1.0,0.509638890604522,0.7570030235925522,0.49186618683901295,0.4622778257118205,0.5255011965946095,3.1283100973321485,0.34993454813957214,0.20000000298023224,0.6256620287895203,0.43405128186829134,1.384319543838501
1,5,125,625,975,0.00010599557380405743,0.15869727212576,tanh,"[128, 32, 128]",16384,8.91741321380552e-05,2.0,0.5095529216696955,0.7600811712034385,0.495125268746435,0.4479571907204217,0.5533955824080976,3.122033132284386,0.3815958499908447,0.20000000298023224,0.624406635761261,0.6363718804032952,3.3404431343078613
1,5,16,80,422,0.0015297310084201022,0.49606069145818577,tanh,"[64, 64]",131072,4.507337973750581e-05,4.0,0.5095204875774548,0.7580521488609395,0.49768351423359103,0.44920748995048293,0.5578877162697634,3.1169327629069574,0.5841687917709351,0.20000000298023224,0.623386561870575,0.9320703603290736,1.1095082759857178
1,5,125,625,763,0.00013272177841405208,0.11873188181178398,tanh,"[32, 256]",16384,3.5724314878904464e-05,4.0,0.5094525049062096,0.7604099130720052,0.49699700993528706,0.4431715150676932,0.5657048138412648,3.1261524092234314,0.5645073652267456,0.20000000298023224,0.6252304911613464,0.9254880253889537,2.846231698989868
1,5,8,40,426,0.00010905743082054392,0.25524037907498354,leaky_relu,"[64, 256, 128]",262144,0.00010147475824518822,2.0,0.5094243012611641,0.7555302354923341,0.4935017672827516,0.46018172100481025,0.5320236180313076,3.1006511583827265,0.5186479091644287,0.20000000298023224,0.6201302409172058,0.6946651553662426,1.4005978107452393
1,5,16,80,518,0.00022697851541853266,0.28201287296713246,tanh,"[256, 256]",131072,1.5747008066618455e-07,4.0,0.5093465163935789,0.757605811723008,0.4970119261984916,0.4465136998077494,0.5603887951665424,3.1127151383054983,0.5725313425064087,0.20000000298023224,0.6225430369377136,0.9299073694218949,1.3950738906860352
1,5,32,160,787,0.00015637787232818088,0.47322177701003093,leaky_relu,"[32, 64]",65536,7.024199472221353e-05,4.0,0.5093259689552837,0.7550272720166111,0.4896283529218164,0.4383616879390828,0.5544744791871004,3.128212047692954,0.5243706107139587,0.20000000298023224,0.6256424188613892,0.9511101173547322,1.364029884338379
1,5,16,80,530,0.0001181027045355211,0.4921037915745704,relu,"[256, 64, 256, 64]",131072,0.00015796287235173568,2.0,0.5093105263994017,0.7566869787341529,0.4904885122185505,0.46149987459242536,0.5233630193416768,3.1121268404703315,0.5017567276954651,0.20000000298023224,0.622425377368927,0.7117968843316147,1.5155303478240967
1,5,32,160,321,0.0006456454121018375,0.41186435333059684,tanh,"[256, 128, 256, 32]",65536,3.0219504528649537e-05,1.0,0.5092936836338621,0.758588310979179,0.4912611879576892,0.4670214552816061,0.5181548903448546,3.0952566400877144,0.34368547797203064,0.20000000298023224,0.6190513372421265,0.42350266414624227,1.6857099533081055
1,5,16,80,26,0.0001687168425231982,0.4243231177206556,leaky_relu,"[32, 256, 128]",131072,9.782730680624851e-07,4.0,0.509286431612139,0.7563640659395465,0.4926096831176322,0.4556504051485545,0.5360940013339087,3.117030812546152,0.5318613648414612,0.20000000298023224,0.623406171798706,0.933055761526526,1.2772235870361328
1,5,8,40,920,0.0024963580646057294,0.4988602730155515,relu,"[64, 32]",262144,4.927399539362385e-07,1.0,0.5092282226709037,0.755927343111441,0.4917636526410027,0.4523072362570403,0.5387618188238064,3.1167366636285685,0.4072471261024475,0.20000000298023224,0.6233473420143127,0.4605561486175021,1.0342166423797607
1,5,8,40,418,0.006553976390474068,0.28583038729148813,tanh,"[256, 256, 64, 256]",262144,4.881030591091534e-06,4.0,0.5092121996752949,0.7589138940292685,0.4964969640354974,0.4318755622623988,0.5838597041861195,3.0827024119689703,0.5755690336227417,0.20000000298023224,0.6165404915809631,0.9321215148816566,1.6188695430755615
1,5,32,160,519,0.0003708023392711432,0.4917850608917831,tanh,"[32, 256]",65536,0.0003152254166301639,2.0,0.5091459556820251,0.7568731316968211,0.4954452813469207,0.451827967416602,0.5483836164620032,3.1082033647864558,0.4686088263988495,0.20000000298023224,0.621640682220459,0.6497174305167343,1.3627829551696777
1,5,16,80,572,0.0005871549397271843,0.06349288336922661,tanh,"[32, 256]",131072,6.332293477158402e-06,4.0,0.5091170817285677,0.7582694331432402,0.4959249768666809,0.4537890383300225,0.5466868060732081,3.1152653229942127,0.5729408264160156,0.20000000298023224,0.6230530738830566,0.9280904010922141,1.2230675220489502
1,5,16,80,12,0.0002087071343207264,0.17420803743162883,leaky_relu,"[256, 32, 64, 256]",131072,0.00023648044041548786,1.0,0.5088684292831328,0.7593950735165342,0.4933320851382518,0.4356858323938369,0.5685589862293539,3.1040840878474105,0.3296951353549957,0.20000000298023224,0.6208168268203735,0.44339383847342406,1.476247787475586
1,5,32,160,40,0.0004948878216678871,0.2876534048151855,tanh,"[32, 256, 32]",65536,3.8111421197127863e-05,4.0,0.5088540861054913,0.7597273836902912,0.49759088540881746,0.4434901409964156,0.5667248617050492,3.123406125256328,0.5572718977928162,0.20000000298023224,0.6246812343597412,0.9288473688100205,1.5966532230377197
1,5,32,160,446,0.00017424815805100024,0.1500423626558015,leaky_relu,"[128, 32, 32]",65536,2.714176021272422e-07,1.0,0.5087689240300353,0.7549768663222698,0.4921002626601762,0.44866772742324995,0.5448428733963671,3.1162461174093767,0.46041643619537354,0.20000000298023224,0.6232492327690125,0.5309382920070826,1.5426979064941406
1,5,63,315,833,0.000311319421178799,0.3317021858019997,tanh,"[32, 32]",32768,1.8321095087145974e-06,4.0,0.5086906778120077,0.7573438870518465,0.4990053035707165,0.45507956134183497,0.5523166856290949,3.1184041035413133,0.5878614783287048,0.20000000298023224,0.623680830001831,0.9334214568825626,1.883324384689331
1,5,8,40,76,0.0003408548203643244,0.16445849562210432,relu,"[32, 256]",262144,0.0004793194981187937,2.0,0.508586111732863,0.7530405876035903,0.49552009262219304,0.44278964191411496,0.5625073561144023,3.111930443168723,0.4244231581687927,0.20000000298023224,0.62238609790802,0.6527705607284602,1.1588258743286133
1,5,8,40,711,0.00024125812104603954,0.36513746627556704,relu,"[256, 128, 64]",262144,3.5857457509728447e-07,1.0,0.5084980256981662,0.7548432696498276,0.49106077566946293,0.46298242718530935,0.5227647220369571,3.118207706239705,0.5180004835128784,0.20000000298023224,0.6236415505409241,0.5831045114501573,1.361506700515747
1,5,8,40,991,0.0007066621824654706,0.3157062693310227,tanh,"[128, 64, 128, 64]",262144,0.0008591684965890595,2.0,0.508476435994162,0.7563573426879231,0.4920158885286333,0.4298193543659082,0.575257954411707,3.088391079181566,0.46492958068847656,0.20000000298023224,0.6176782250404358,0.6513638059825128,1.2547228336334229
1,5,8,40,313,0.00035251880369331856,0.39321377314782346,relu,"[64, 256]",262144,1.0557736637031935e-07,1.0,0.5083516547524989,0.7541176922393973,0.48963548648919775,0.45752023860247126,0.526599709678685,3.1286045442729513,0.4181216061115265,0.20000000298023224,0.6257209181785583,0.47598983169214665,1.1763019561767578
1,5,8,40,631,0.00015915385459079945,0.36641747366507027,relu,"[32, 256, 128]",262144,3.24657906612675e-06,4.0,0.5083499450791791,0.7569188327492211,0.49264150428221676,0.4595296714491892,0.530895680489623,3.1104594005575867,0.5650660395622253,0.20000000298023224,0.6220918893814087,0.9330910531535117,1.237804889678955
1,5,125,625,773,0.00016326711663761193,0.40649978209443666,tanh,"[128, 256, 128, 64]",16384,1.74628309445145e-07,1.0,0.5083489400255286,0.756781086291558,0.4916254992403359,0.4584231154244219,0.530012946761348,3.0986895695523984,0.26619023084640503,0.20000000298023224,0.6197379231452942,0.42164730078835716,3.8987221717834473
1,5,32,160,220,0.00013339221133534156,0.2556613422262068,relu,"[32, 256, 64, 64]",65536,5.400796098829773e-07,1.0,0.5080625677622395,0.7540167740207744,0.48973262079204866,0.4445510897820436,0.5451371179724587,3.1267410050818176,0.39503777027130127,0.20000000298023224,0.6253482103347778,0.49224787990105634,1.641843318939209
1,5,8,40,302,0.004958669500886295,0.47457241689956536,tanh,"[128, 256]",262144,1.1977221556703167e-06,2.0,0.5080036343936306,0.7572046500976619,0.4936865647471781,0.44575380359612726,0.5531699948997607,3.0930989519789973,0.3767068088054657,0.20000000298023224,0.6186197996139526,0.6398357342568088,1.2199671268463135
1,5,8,40,367,0.000992478973567117,0.05034198509766533,tanh,"[32, 256, 64]",262144,1.5910332003833555e-06,2.0,0.5079453498599846,0.7564367536249503,0.49263825437553455,0.4286606306587574,0.5790635175958256,3.0878024833231796,0.4320547878742218,0.20000000298023224,0.6175605058670044,0.6455759309834677,1.1819279193878174
1,5,8,40,713,0.00047442655140277664,0.10970363766037111,tanh,"[128, 64, 256]",262144,7.85561353299522e-06,4.0,0.5079349110079685,0.7585862183316827,0.4970058321183087,0.44568533449553277,0.5616834713013457,3.104182137486605,0.5635773539543152,0.20000000298023224,0.6208364367485046,0.9282040741169661,1.317199468612671
1,5,125,625,544,0.00012381548316980608,0.14945952020514047,tanh,"[256, 128]",16384,1.3638538323900276e-07,1.0,0.5079185588466395,0.7578416342466932,0.49321027620147856,0.43373996144599836,0.5715798972105615,3.1144806278574375,0.2284284234046936,0.20000000298023224,0.622896134853363,0.4210140304011405,2.8494889736175537
1,5,125,625,13,0.00013466955859463482,0.29566833448447594,tanh,"[128, 64]",16384,0.0005267588622579493,2.0,0.5077204661778602,0.7587298737572866,0.4947859658054389,0.43597200831377003,0.5719427988544078,3.0854486959360736,0.38585302233695984,0.20000000298023224,0.6170897483825684,0.6384622920489712,2.8958864212036133
1,5,16,80,844,0.00018414592905645913,0.34429371338438447,tanh,"[256, 128, 256]",131072,6.943014439431413e-07,2.0,0.5075384561999299,0.756387628807644,0.49287076201538493,0.4455459667641395,0.5514437600533564,3.0884891288207603,0.46613675355911255,0.20000000298023224,0.6176978349685669,0.648386798706494,1.5903370380401611
1,5,16,80,469,0.00010657259068687732,0.3684622367003941,tanh,"[256, 256]",131072,7.497041437776274e-07,4.0,0.5074850273434983,0.7570708425791849,0.4953898246223303,0.4443708918725273,0.559643375573777,3.1140884293006597,0.5848393440246582,0.20000000298023224,0.6228176951408386,0.9322694718386418,1.3879897594451904
1,5,8,40,985,0.007405334935361411,0.41576707878599795,tanh,"[32, 64, 256]",262144,1.4843110919746563e-05,4.0,0.5074793605096048,0.7584461705930851,0.4996699356698149,0.44605097945569533,0.5679410726195614,3.1269371043602066,0.5638609528541565,0.20000000298023224,0.62538743019104,0.9350230267373487,1.2068431377410889
1,5,16,80,376,0.0002279204819296913,0.4935044596623243,relu,"[64, 128, 256, 32]",131072,1.0776544250117203e-05,2.0,0.5074304744493675,0.7535894105007261,0.48894577502373315,0.4715367166789648,0.5076895915885283,3.0975126758588454,0.45216116309165955,0.20000000298023224,0.6195025444030762,0.642624447607546,1.354675054550171
1,5,16,80,672,0.000662721971950135,0.47180805031735756,leaky_relu,"[32, 32]",131072,4.095915148228186e-05,4.0,0.5074044294498168,0.7551517782355439,0.4908305405669686,0.44879297732260426,0.541557142296677,3.103986038208216,0.5705916285514832,0.20000000298023224,0.6207972168922424,0.940315307095396,1.1105294227600098
1,5,8,40,662,0.0005673776901738661,0.37633527107473425,tanh,"[256, 128, 32, 256]",262144,4.821490260885267e-07,2.0,0.5073809054721925,0.7554261044390145,0.49129085054893407,0.4237687137726254,0.5844089607281573,3.1012397542411128,0.45227232575416565,0.20000000298023224,0.6202479600906372,0.6602758815305474,1.5021717548370361
1,5,16,80,786,0.00082208575200064,0.17555542333835716,tanh,"[64, 128, 64]",131072,2.3529311148452994e-07,2.0,0.5073200208709246,0.7588765291032555,0.49302775464144655,0.4536165724550503,0.5399387971281729,3.087900532962374,0.45545753836631775,0.20000000298023224,0.6175801157951355,0.639188611671107,1.2817432880401611
1,5,8,40,143,0.0003816514503350878,0.42693904283525225,leaky_relu,"[64, 64, 64, 64]",262144,2.592557287273017e-05,2.0,0.5073064526343568,0.75402425155142,0.48815140798490153,0.44343945778788996,0.5428910510416258,3.104574336043383,0.4373193085193634,0.20000000298023224,0.620914876461029,0.6534231697976591,1.1422336101531982
1,5,8,40,560,0.0001510087419731686,0.25786783677877584,relu,"[256, 32]",262144,2.629462950087391e-07,1.0,0.5073043338665542,0.7494200206630441,0.49261979446805876,0.47854956396289755,0.5075424693004825,3.1162461174093767,0.4282609820365906,0.20000000298023224,0.6232492327690125,0.5048183597272073,1.157444715499878
1,5,16,80,407,0.0001751054620487923,0.46757779917866127,relu,"[128, 128, 128, 128]",131072,1.0964685013829294e-05,1.0,0.5073021357109044,0.7552344415574337,0.4884854628392388,0.460642716860455,0.5199105496488682,3.1113421453335564,0.43306344747543335,0.20000000298023224,0.6222684383392334,0.4899307567005819,1.5263094902038574
1,5,8,40,732,0.0016276611977401193,0.2526257096654872,tanh,"[64, 128, 32, 32]",262144,0.00014252660420389316,2.0,0.5072953227748906,0.7569323659525884,0.49267194192498365,0.42795675597497923,0.5804464671034564,3.0565145156306848,0.4309612810611725,0.20000000298023224,0.61130291223526,0.6490680258132555,1.4688351154327393
1,5,16,80,808,0.0004195983567654267,0.28001394676663327,tanh,"[128, 128]",131072,1.7625703509682995e-05,4.0,0.5072858779473296,0.7584188478618338,0.4977114750364631,0.4496545502029963,0.557269802659971,3.117619408404538,0.5681091547012329,0.20000000298023224,0.6235238909721375,0.9282469982210224,1.1783106327056885
1,5,16,80,885,0.0003451773545954754,0.15388195645091124,tanh,"[128, 32, 64, 32]",131072,0.00022244616658682396,1.0,0.5072772678154537,0.7553784764794453,0.4905183208457354,0.42182899187255946,0.5859292243712975,3.083486809082526,0.3784864544868469,0.20000000298023224,0.616697371006012,0.49066052877368416,1.293701410293579
1,5,16,80,402,0.00015373120892995967,0.3098054225269263,tanh,"[128, 128]",131072,0.0008296995507552178,4.0,0.5072697906332002,0.7557422691744595,0.49537354128040134,0.44611020751322,0.556867668405979,3.1052609815409635,0.6005043387413025,0.20000000298023224,0.6210522055625916,0.9338817143137184,1.1607797145843506
1,5,8,40,403,0.002040354180902115,0.18075732888943452,tanh,"[32, 64]",262144,0.00017862548163321334,2.0,0.5072145657615725,0.756562407640442,0.49346006700624717,0.4476742792781998,0.5496782925968065,3.1100669039775894,0.46572408080101013,0.20000000298023224,0.6220133900642395,0.6509508110148754,0.9896235466003418
1,5,8,40,340,0.0024841710116053676,0.36752095372632504,tanh,"[64, 128, 64]",262144,0.00028099968341470784,2.0,0.5070876921585035,0.7572396612777436,0.4922282853157529,0.45851849970796615,0.5312880065910786,3.0681862969966787,0.45696091651916504,0.20000000298023224,0.6136372685432434,0.6403205927199626,1.1469812393188477
1,5,8,40,490,0.00022106089814627063,0.07521390177666622,relu,"[64, 128]",262144,0.0001234308964548321,2.0,0.50699025010255,0.7545893305407526,0.49111938870420063,0.44952626133428925,0.5411942406528306,3.0929028527006084,0.48429280519485474,0.20000000298023224,0.6185805797576904,0.6741221451227108,1.1285696029663086
1,5,32,160,113,0.00014010959540882028,0.17202950014159724,tanh,"[128, 128, 64]",65536,2.0331139850601886e-07,2.0,0.5068642835779271,0.7574398437388373,0.49440374176957397,0.4413663467020014,0.5619286751147554,3.0890777246791465,0.431749552488327,0.20000000298023224,0.6178155541419983,0.6429905716825417,1.5260696411132812
1,5,16,80,790,0.0001031626000726455,0.28847167314380173,tanh,"[256, 256, 256, 64]",131072,2.953208457140583e-06,4.0,0.5068322967727624,0.7577264034735931,0.49615594636526744,0.44446773817843,0.5614480756404724,3.1179135573221215,0.5775824189186096,0.20000000298023224,0.6235827207565308,0.9361355863321271,1.6942389011383057
1,5,8,40,189,0.0017657529761165335,0.10605597521242294,tanh,"[128, 32, 64]",262144,2.8118728781987963e-06,2.0,0.5066180147509396,0.7584089747743945,0.4925537028625357,0.447472376022628,0.5477362783946016,3.0794655817826753,0.4064074456691742,0.20000000298023224,0.6158931255340576,0.6385894920486509,1.2146203517913818
1,5,8,40,722,0.0085882842702385,0.23233391748264015,tanh,"[64, 32]",262144,8.244751857160994e-07,1.0,0.506393902709365,0.7565904021112391,0.4930987332628157,0.4390092642217288,0.5623896582839656,3.1050648822625746,0.22504429519176483,0.20000000298023224,0.6210129857063293,0.4221991611991373,1.1177136898040771
1,5,8,40,477,0.0008627424925538981,0.19708056473029117,tanh,"[64, 64, 128, 32]",262144,9.436804901528977e-06,2.0,0.5063930004728763,0.7544679465963768,0.4910294099856035,0.41694002917388595,0.5971399427203892,3.0954530373893228,0.447111576795578,0.20000000298023224,0.6190906167030334,0.6639644273008659,1.1838364601135254
1,5,8,40,442,0.00039587580096881744,0.38880512514482696,tanh,"[256, 128]",262144,2.2194070891796154e-07,2.0,0.5063201343912148,0.7557494376390173,0.4938759625517624,0.4455982261920731,0.553885990034917,3.088194979903177,0.4750373661518097,0.20000000298023224,0.6176390051841736,0.652818556778325,1.2617952823638916
1,5,8,40,308,0.0005071423762470315,0.23377632696945955,leaky_relu,"[32, 128, 32]",262144,3.0408774454527417e-07,1.0,0.5063188828006193,0.7493751635479325,0.4900427234222982,0.46221124838073047,0.5214406214445447,3.1413551696933038,0.434962660074234,0.20000000298023224,0.6282710433006287,0.4917276437855762,1.061100721359253
1,5,16,80,137,0.001027069283091192,0.47990417106049266,tanh,"[128, 128, 256]",131072,1.2783602591739227e-05,2.0,0.5062686479857608,0.7578046725303523,0.4929022992190606,0.43681861916919834,0.5655086507905371,3.0807405251154227,0.32366523146629333,0.20000000298023224,0.6161481142044067,0.6450180072011614,1.5433170795440674
1,5,32,160,654,0.00021108648493905016,0.20024829184470205,tanh,"[32, 64, 64]",65536,0.0007835109691316076,4.0,0.5061932236267608,0.7571273691817753,0.4963518893167134,0.44602741439842364,0.5594766369806583,3.1174230111029297,0.58726966381073,0.20000000298023224,0.6234846115112305,0.9327168654084107,1.5025289058685303
1,5,16,80,695,0.00011163136680603913,0.3989319244053487,leaky_relu,"[256, 32]",131072,9.138597720329959e-06,2.0,0.5061742572905448,0.7540522685089336,0.48858418176293616,0.4333958439310308,0.5598787712346502,3.0940797463941614,0.5584279894828796,0.20000000298023224,0.6188159584999084,0.7451580775944425,1.1887340545654297
1,5,8,40,329,0.0026889032723522964,0.30573359081847834,tanh,"[32, 32, 32, 256]",262144,4.0088655048685216e-07,4.0,0.5060759761524374,0.7560687004667807,0.4978070362200969,0.4398732748370784,0.5733159402095022,3.1205617916500303,0.5833207368850708,0.20000000298023224,0.6241123676300049,0.9393994858520375,1.3204729557037354
1,5,32,160,556,0.0001952243346297604,0.47402201204880584,relu,"[64, 128, 256, 64]",65536,8.151245291135876e-07,1.0,0.506064104684998,0.7550853667850821,0.4877873032296209,0.4609917932599965,0.5178900702263721,3.08358515674494,0.4531687796115875,0.20000000298023224,0.6167170405387878,0.4560213824140492,1.6534335613250732
1,5,8,40,374,0.00023002846692115806,0.16009699380990672,leaky_relu,"[128, 128, 256]",262144,9.995327103588236e-06,1.0,0.5060579484978003,0.7543810851969383,0.4915088903709955,0.457286135195144,0.5312683902860057,3.094766391891742,0.4341367781162262,0.20000000298023224,0.618953287601471,0.5073896063515744,1.337538242340088
1,5,8,40,781,0.002155831747552828,0.258126898709992,tanh,"[32, 64]",262144,7.683547599055703e-07,2.0,0.506045829240337,0.7553823752191164,0.49319644819705877,0.44404567443613746,0.5545823688650006,3.1034954919890243,0.45808279514312744,0.20000000298023224,0.6206991076469421,0.6496740452987617,0.9917247295379639
1,5,8,40,343,0.0003906657215406143,0.19264429067898076,tanh,"[256, 256, 256]",262144,8.901577399464651e-06,2.0,0.5059625138657853,0.7565119875762473,0.49140072825424924,0.44410388005797513,0.5499725371728981,3.0695592899686206,0.38859423995018005,0.20000000298023224,0.6139118671417236,0.6412659193461208,1.5626826286315918
1,5,16,80,884,0.0011675669076168839,0.2906231280514854,tanh,"[32, 128, 32]",131072,0.00010964429035470138,4.0,0.5059248058268898,0.7584007393452067,0.4976101942225322,0.441352613002391,0.5703048373808309,3.1269371043602066,0.5632842779159546,0.20000000298023224,0.62538743019104,0.9312279759001875,1.2010416984558105
1,5,32,160,853,0.0012817821143051137,0.4913662620576693,tanh,"[64, 32, 128, 256]",65536,0.00016203790448508592,1.0,0.5058972376981579,0.7557288794050778,0.48510547714839175,0.4285896982599734,0.5587900663031111,3.094766391891742,0.19223089516162872,0.20000000298023224,0.618953287601471,0.4269719205559659,1.6427316665649414
1,5,16,80,799,0.00013893672492529017,0.4187309621337066,leaky_relu,"[256, 128, 32]",131072,5.834358570140075e-07,1.0,0.5058954225257174,0.7530609882501403,0.49039478403207565,0.4615857353068467,0.523039350307976,3.0942758456725503,0.503027081489563,0.20000000298023224,0.6188551783561707,0.559668655629633,1.3427908420562744
1,5,8,40,231,0.0001961837980163034,0.39761661892876776,leaky_relu,"[256, 32, 128, 64]",262144,4.036920637723078e-06,1.0,0.5057958982243959,0.7515219393965348,0.48961955948993574,0.4594422612239984,0.5240397818666875,3.114382578218243,0.4898611605167389,0.20000000298023224,0.6228765249252319,0.5379461329922146,1.4619672298431396
1,5,8,40,698,0.000265704892519091,0.26916910607877265,leaky_relu,"[32, 128]",262144,4.4033942316210945e-05,4.0,0.5057931621197647,0.7552707519165733,0.48988102436644326,0.42611414600880726,0.5760916473773,3.109576655781617,0.5329660773277283,0.20000000298023224,0.621915340423584,0.946563897742179,1.0410327911376953
1,5,32,160,950,0.0002487420012304011,0.4363790659958595,tanh,"[64, 64]",65536,0.00026549501959001275,4.0,0.5056900142587618,0.7562422433599014,0.49818085247643074,0.4539419555713295,0.5519734002903213,3.081525220252198,0.5790690779685974,0.20000000298023224,0.6163050532341003,0.9340094320808406,1.385432243347168
1,5,16,80,893,0.00013633516880193176,0.2451696616364103,tanh,"[64, 256, 64, 128]",131072,3.462715492500383e-07,1.0,0.505670828377011,0.7519996366173569,0.48807289000132736,0.47231906928948914,0.5049138844207305,3.0862330930496293,0.5759944915771484,0.20000000298023224,0.6172466278076172,0.5236495778505358,1.3957598209381104
1,5,125,625,955,0.0001406425090205903,0.2408175407198918,tanh,"[32, 32, 64, 32]",16384,4.214766712787516e-05,2.0,0.5056390380290761,0.7574608522722786,0.4903066738719265,0.4304266611320307,0.5695398014829927,3.063282026897639,0.403719425201416,0.20000000298023224,0.6126564145088196,0.6409199718869847,3.870176076889038
1,5,16,80,311,0.00011720310344921485,0.26326815900980277,relu,"[64, 256]",131072,2.617585218356987e-06,4.0,0.505598924640251,0.7552985061282295,0.48794668982311745,0.47023722893319747,0.5070422535211268,3.074071063487663,0.5990476608276367,0.20000000298023224,0.6148142218589783,0.9382110282758278,1.1999731063842773
1,5,16,80,267,0.00022301250483114366,0.3212910742038247,tanh,"[32, 32, 128, 64]",131072,0.0006345687915584448,2.0,0.5055171099464265,0.7550285738050899,0.4912172816838924,0.44481214252189616,0.5484326572246851,3.116344167048571,0.5933964252471924,0.20000000298023224,0.6232688426971436,0.6969260317673421,1.256903886795044
1,5,8,40,89,0.002737195669644148,0.32205028563355903,tanh,"[64, 64]",262144,2.872481132881074e-07,2.0,0.5053436717459084,0.7562034647048522,0.4925962004652673,0.45068817606889083,0.54309702224489,3.0737769145700797,0.45343974232673645,0.20000000298023224,0.614755392074585,0.6456269787111701,1.0167045593261719
1,5,8,40,232,0.00039745225609437337,0.3473720430619527,tanh,"[256, 128]",262144,8.179859067261097e-05,2.0,0.5052878454672667,0.7544240647193321,0.49094812842819285,0.42335164639910167,0.5842324139825023,3.086723639268821,0.45239096879959106,0.20000000298023224,0.6173447370529175,0.6576014495540411,1.2474398612976074
1,5,8,40,157,0.00033910255611075015,0.3945489551907954,leaky_relu,"[64, 256, 128]",262144,4.113139182820549e-07,1.0,0.5051246359245667,0.7542150312822462,0.48906465054016857,0.47077132486388384,0.5088371454352858,3.1171288621853463,0.4082544445991516,0.20000000298023224,0.6234257817268372,0.46663261072970236,1.2924268245697021
1,5,8,40,680,0.00011326288183773338,0.20408645919739749,tanh,"[256, 256, 128, 32]",262144,2.8044489858118895e-06,4.0,0.5050009002936385,0.7557740843187444,0.4943795652364082,0.4461452231712901,0.5543077405939817,3.101730002437085,0.6294208765029907,0.20000000298023224,0.6203460097312927,0.9388158429239088,1.5136487483978271
1,5,32,160,535,0.00015254312557786,0.12903870259668396,tanh,"[32, 256, 32, 32]",65536,3.2881442184578306e-05,1.0,0.5049154130675029,0.7529382780584724,0.4886166489767559,0.43209867235620963,0.5621444544705559,3.098591519913204,0.4081372916698456,0.20000000298023224,0.6197183132171631,0.506782975484093,1.7268939018249512
1,5,63,315,923,0.0001036506735521392,0.39991333610808727,leaky_relu,"[32, 32]",32768,2.9802447319658194e-07,4.0,0.5047347585124927,0.7519845301134418,0.48848619480326394,0.44074617679087164,0.5478245517674291,3.107124520732097,0.5127601027488708,0.20000000298023224,0.6214249134063721,0.949863555032053,1.8544702529907227
1,5,32,160,969,0.00010564611473648149,0.27428798447886327,relu,"[32, 128]",65536,9.578257080992613e-05,2.0,0.5047299334113766,0.7529413614201876,0.4907940078146402,0.4811760825519484,0.5008042685079839,3.1016319527978906,0.4628623425960541,0.20000000298023224,0.6203263998031616,0.6595838991819963,1.565476655960083
1,5,8,40,153,0.0012109102039117479,0.42487399628822,tanh,"[32, 64, 128, 256]",262144,2.74290449537789e-07,2.0,0.5046526927619208,0.754639423789986,0.4930106668235729,0.43133448057774054,0.5752677625642434,3.067303552220709,0.4579809010028839,0.20000000298023224,0.6134607195854187,0.6497341594151094,1.3108744621276855
1,5,8,40,843,0.009862899720971437,0.4687055355192593,tanh,"[128, 256, 32, 64]",262144,4.272900059962924e-06,4.0,0.50463739796567,0.7619799483442097,0.4998706202770919,0.4520883741224069,0.5589469967436933,3.124877465890684,0.5845528244972229,0.20000000298023224,0.6249755024909973,0.9381057185920739,1.3175990581512451
1,5,63,315,339,0.00015007990411178388,0.4447822822119161,tanh,"[32, 64]",32768,0.000478174516764342,1.0,0.5045644211472111,0.7512315968309096,0.4911106178856633,0.45627162010891065,0.5317097571501432,3.091725660983836,0.4938300549983978,0.20000000298023224,0.6183451414108276,0.5132005277417632,1.846578598022461
1,5,32,160,124,0.0008094377260632408,0.40535557320032956,tanh,"[32, 32, 128, 32]",65536,5.796908291674074e-07,1.0,0.5043800056824812,0.7536967589702607,0.4884899809160305,0.4317675231181662,0.5623700419788928,3.091333462427058,0.2612968683242798,0.20000000298023224,0.6182667016983032,0.43119967853790536,1.6431410312652588
1,5,32,160,549,0.00011661137584132308,0.15549928318455436,relu,"[64, 64]",65536,3.848643443090903e-06,1.0,0.5042279082296823,0.7535233827073156,0.4914685810971625,0.4397549775034655,0.556965749931343,3.073580815291691,0.4062500596046448,0.20000000298023224,0.6147161722183228,0.50170329785477,1.4260592460632324
1,5,32,160,142,0.0001352406217793819,0.10856078590649787,tanh,"[64, 256]",65536,0.00010421595195703778,2.0,0.5040834973437732,0.754970342625223,0.49142755089891654,0.43376921691088155,0.5667640943151948,3.083094610525748,0.46080851554870605,0.20000000298023224,0.6166189312934875,0.6565380761424053,1.367673635482788
1,5,8,40,813,0.0004135546673764192,0.10368844945987057,tanh,"[64, 128]",262144,1.8167135380804497e-07,1.0,0.5038626270929804,0.7525512304912252,0.49056142542847053,0.4555260370252047,0.5314351288791244,3.109968854338395,0.49245843291282654,0.20000000298023224,0.6219937801361084,0.5269831453155782,1.1150286197662354
1,5,8,40,569,0.00045192404042343704,0.19945215448939368,tanh,"[128, 32, 64, 64]",262144,0.0002957530783534499,2.0,0.5038389176003328,0.7533237599490102,0.4900085261819012,0.4666968414139532,0.5157715092785123,3.1288986931905347,0.5830450057983398,0.20000000298023224,0.6257797479629517,0.6711941406872662,1.1632742881774902
1,5,32,160,778,0.0001878958198677748,0.2512581120267259,relu,"[32, 64]",65536,0.00014455239731782398,1.0,0.5038105665269689,0.7536241702985589,0.4854033819752226,0.4134951201667564,0.5875868021499471,3.0731883187116935,0.387374609708786,0.20000000298023224,0.6146376729011536,0.4829109969970276,1.372732400894165
1,5,16,80,245,0.0004318883474042347,0.385487436362272,tanh,"[128, 256, 32]",131072,4.676208872795594e-07,4.0,0.5037091341418495,0.757992603206238,0.49676113710465547,0.4442373431916967,0.5633704735376045,3.1185021531805077,0.5744968056678772,0.20000000298023224,0.6237004399299622,0.9324787922416047,1.3101582527160645
1,5,16,80,999,0.0005711716453566234,0.4843441748064074,tanh,"[256, 256, 128, 64]",131072,1.6162716452490733e-06,1.0,0.5036911368895328,0.7549819559680606,0.4888763280842908,0.4446175842182204,0.542920475499235,3.020616724779953,0.3532198965549469,0.20000000298023224,0.6041233539581299,0.442234787023747,1.5934500694274902
1,5,8,40,197,0.00040019264664849116,0.38784439455077235,tanh,"[256, 32, 128]",262144,1.6629199714673072e-05,2.0,0.5036746677388226,0.7535168354052292,0.4907437424286372,0.43420893719806763,0.5642041665031975,3.1024166479346658,0.5469774007797241,0.20000000298023224,0.6204833388328552,0.6869278119532571,1.4164211750030518
1,5,8,40,110,0.00014440020055496734,0.3621583465787147,tanh,"[256, 64]",262144,9.469472124119925e-06,1.0,0.503525459845108,0.7513284617647923,0.4884411878435461,0.4875081829462515,0.4893777708030915,3.0854486959360736,0.6762279868125916,0.20000000298023224,0.6170897483825684,0.6060531105073457,1.1788110733032227
1,5,32,160,653,0.00021335837989241787,0.42452473916309474,leaky_relu,"[32, 256, 32]",65536,0.00039695700406515525,2.0,0.5033818602988088,0.7548310823906732,0.4895810386142219,0.4519526872795186,0.5340440974538037,3.050531699500506,0.49300405383110046,0.20000000298023224,0.610106348991394,0.6516717455737788,1.50380539894104
1,5,8,40,406,0.002359612909519871,0.459426289887931,leaky_relu,"[32, 128, 128, 32]",262144,2.6581527267340207e-05,1.0,0.5032992863846975,0.7570951980499224,0.49360723910217225,0.43986404578864186,0.5623111930636745,2.988151565370685,0.3714917302131653,0.20000000298023224,0.5976303219795227,0.4397523239322182,1.2613027095794678
1,5,63,315,460,0.0002534799733845084,0.44781126809135235,tanh,"[256, 128, 256]",32768,4.158005702254397e-05,1.0,0.5032406833360703,0.754592169639008,0.48483866566614364,0.4288321718405889,0.5576719369139629,3.067695750777487,0.18737682700157166,0.20000000298023224,0.6135391592979431,0.42706431294531433,2.1265971660614014
1,5,8,40,325,0.00025485185262510046,0.40218114228560803,leaky_relu,"[128, 32, 64]",262144,9.352150666546269e-05,2.0,0.5031911257581179,0.7470457283546887,0.48716114158518165,0.4936561002134773,0.48083486994389735,3.0982973709956205,0.518207311630249,0.20000000298023224,0.6196594834327698,0.6951606826412939,1.1066648960113525
1,5,32,160,956,0.00010817518198988993,0.07214907105101853,relu,"[64, 64]",65536,0.0009316559171848643,2.0,0.5031798517382432,0.7521296564949715,0.48850183943551617,0.4515621487974826,0.5320236180313076,3.0836832063841344,0.4798281490802765,0.20000000298023224,0.616736650466919,0.6613361411341793,1.3775720596313477
1,5,8,40,334,0.00043836179442535955,0.11427338745955622,leaky_relu,"[32, 32, 128, 32]",262144,0.0009178383853850195,2.0,0.503047928623236,0.753520143056909,0.4864919981354879,0.4817204507865687,0.49135901761544193,3.091137363148669,0.4940812885761261,0.20000000298023224,0.618227481842041,0.6592292256833077,1.11480712890625
1,5,16,80,107,0.000538068064629169,0.4093008125095226,tanh,"[256, 256, 64, 64]",131072,9.507674879784939e-05,1.0,0.502994019919886,0.7545094559083936,0.4899138123188944,0.4652167777895368,0.51738004629448,3.005119815392497,0.4032471179962158,0.20000000298023224,0.6010239720344543,0.44085372839320464,1.5074996948242188
1,5,8,40,948,0.0002932189843489425,0.4483680748127301,relu,"[32, 256, 32]",262144,5.308428332161759e-05,4.0,0.5028991134110616,0.7530252841304697,0.4884969457110901,0.4350671243793294,0.5568872847110519,3.0758365530396024,0.49433791637420654,0.20000000298023224,0.6151673197746277,0.9394405209960632,1.1891131401062012
1,5,16,80,637,0.00014642931838138728,0.22055730370535415,relu,"[32, 256]",131072,0.00011968430473553417,2.0,0.5028197082851275,0.7487038820578273,0.49230824868564405,0.4566014003605719,0.5340735219114128,3.066322757805545,0.4532768130302429,0.20000000298023224,0.6132645606994629,0.6659409369182613,1.2399964332580566
1,5,8,40,967,0.00020538204203545188,0.21850022199246216,relu,"[64, 256, 64, 32]",262144,7.329879069955577e-05,1.0,0.502767835812919,0.7525031000918322,0.4857968620974401,0.4563452389160863,0.5193122523441485,3.089175774318341,0.4875587522983551,0.20000000298023224,0.6178351640701294,0.5757611721792658,1.3373911380767822
1,5,8,40,688,0.00020903330245021726,0.07657289633054526,tanh,"[128, 128, 64]",262144,2.173608432742948e-05,2.0,0.5027158078038393,0.7517858576894656,0.4905596885970497,0.4572961882799783,0.5290419396602456,3.1086939110056475,0.5531004071235657,0.20000000298023224,0.6217387914657593,0.6818680738630148,1.1858315467834473
1,5,8,40,309,0.00028721809330021277,0.34866039283179984,tanh,"[128, 128]",262144,3.7077682991996857e-06,1.0,0.5024204208021532,0.7515422666906948,0.49108718031960563,0.43499186499678383,0.5637922240966692,3.0944719449509392,0.47228577733039856,0.20000000298023224,0.6188943982124329,0.5343330755394275,1.1147522926330566
1,5,32,160,32,0.00012433020685454372,0.4724989905011575,leaky_relu,"[32, 64]",65536,5.270888248482651e-07,2.0,0.5022949660394604,0.7505896655802247,0.4897554289012337,0.45324653647137375,0.5326611479461728,3.0645572682536057,0.5105023384094238,0.20000000298023224,0.6129114627838135,0.7322999475333319,1.4874811172485352
1,5,32,160,980,0.00023850285340217383,0.2414725701007885,tanh,"[64, 64]",65536,1.8291533319187733e-07,4.0,0.5021728534205746,0.7568776148626436,0.496395633059919,0.4531567650751225,0.548756326258386,3.105162931901769,0.5879368185997009,0.20000000298023224,0.6210325956344604,0.9317981188404559,1.3638510704040527
1,5,16,80,881,0.00011033392092648172,0.09528391040349769,tanh,"[256, 256, 32]",131072,4.69604143392962e-06,1.0,0.5020928886990136,0.7535947654777453,0.48883717547814703,0.455497204811113,0.5274432107968143,3.044254436429524,0.4479714632034302,0.20000000298023224,0.60885089635849,0.4935403512907064,1.447159767150879
1,5,8,40,216,0.0002472855649455563,0.24872589923854738,tanh,"[64, 256, 64]",262144,0.0005180355582560026,4.0,0.5020882323174773,0.7548915999525219,0.49477174637706584,0.44750706147449937,0.5531994193573698,3.096335484142073,0.6031680703163147,0.20000000298023224,0.6192671060562134,0.9352242429669222,1.2292146682739258
1,5,8,40,377,0.005392720932298635,0.333712238085781,tanh,"[64, 256, 256]",262144,0.0007590689810129621,1.0,0.5020633897238785,0.7539976186212374,0.49243332464599077,0.4419322647040479,0.5559653183726313,3.0200281289215667,0.2427099645137787,0.20000000298023224,0.6040056347846985,0.424679255319505,1.3948454856872559
1,5,8,40,677,0.0010956058609500434,0.3965910823757767,tanh,"[32, 256]",262144,1.260529889338367e-07,1.0,0.5019458112940769,0.7521668502453653,0.49115956083538254,0.4396332578975106,0.5563674526266232,3.0695592899686206,0.4169772267341614,0.20000000298023224,0.6139118671417236,0.48042029073676223,1.1442902088165283
1,5,8,40,871,0.0002971219681572824,0.4658399305218535,tanh,"[128, 128, 128]",262144,1.0145074102523116e-05,4.0,0.5018288488177272,0.7552948084703076,0.49575877654634387,0.45143285168897695,0.5497371415120248,3.0944719449509392,0.6490064263343811,0.20000000298023224,0.6188943982124329,0.9523905112574168,1.2710931301116943
1,5,8,40,496,0.0002227778904367861,0.3349960896501996,tanh,"[32, 64, 256]",262144,0.0006701983073681839,2.0,0.5016572631250436,0.7512265908068437,0.48904882985276477,0.46329755960581626,0.5178312213111538,3.076523198537183,0.5987187027931213,0.20000000298023224,0.6153046488761902,0.7023507672385304,1.183988094329834
1,5,8,40,743,0.0001765353223035061,0.4355730894125011,tanh,"[128, 128, 64]",262144,0.0002994116199946061,1.0,0.5014429720776317,0.7512932612513685,0.4889824644811295,0.43104106329000247,0.5649201616383538,3.094570292613353,0.5180388689041138,0.20000000298023224,0.6189140677452087,0.5894468581336473,1.1827588081359863
1,5,8,40,908,0.0007275378475503963,0.3398785417092321,tanh,"[256, 256, 128, 32]",262144,8.985946786940753e-06,1.0,0.5011861424016856,0.7544651414446457,0.4899679591522026,0.4349333820040153,0.5609478598611166,3.006002560168467,0.3686208724975586,0.20000000298023224,0.601200520992279,0.47826859897609186,1.5004029273986816
1,5,8,40,650,0.00028048603712291464,0.07282036301476486,tanh,"[64, 256, 32]",262144,7.729648901359834e-06,1.0,0.5010986715924128,0.7526853881531288,0.4903574998577802,0.41860110169138764,0.591804307740594,3.055827870133104,0.41281431913375854,0.20000000298023224,0.6111655831336975,0.5088332427834616,1.2935497760772705
1,5,16,80,551,0.00018585824459499458,0.4859224802405273,tanh,"[32, 128, 64, 256]",131072,4.518893273271351e-06,1.0,0.5008094045045787,0.7486107131945688,0.48799811272534255,0.48906533217747655,0.48693554082153084,3.0948644415309365,0.6873389482498169,0.20000000298023224,0.618972897529602,0.5603750658898633,1.3885574340820312
1,5,16,80,970,0.00026022877500895164,0.25959827274738695,tanh,"[128, 32, 128, 64]",131072,0.0003024736015227073,4.0,0.5002204675888278,0.7570268214047484,0.4974128243962887,0.45453881308191213,0.5492173094275962,3.106339825595322,0.6147856712341309,0.20000000298023224,0.6212679743766785,0.9379328170503274,1.2696175575256348
1,5,32,160,727,0.00011883692617408676,0.2507487122486637,tanh,"[128, 32, 256]",65536,8.800758423396415e-07,1.0,0.5001091336208713,0.751778354653833,0.488932831536646,0.4565528156430285,0.5262564243399114,3.031601860648366,0.44695591926574707,0.20000000298023224,0.6063203811645508,0.47969715229909976,1.5113976001739502
1,5,32,160,784,0.001157206362313645,0.24050419263321515,tanh,"[32, 32]",65536,9.898309557942484e-07,1.0,0.500090143073032,0.7534150006184266,0.4908935649558379,0.4330008169261094,0.5666562046372945,3.046804323095019,0.2548671364784241,0.20000000298023224,0.6093608736991882,0.4248935283348154,1.370255470275879
1,5,8,40,867,0.00045962623433676715,0.49937642683271216,tanh,"[32, 64, 256]",262144,5.196352460018772e-05,1.0,0.49990505431370164,0.7539175177027668,0.4909921508368288,0.42578186899462667,0.5797893208835184,3.095354689726909,0.49659889936447144,0.20000000298023224,0.6190709471702576,0.5582017983519982,1.2041239738464355
1,5,16,80,805,0.0002203079220686153,0.2688863798847167,tanh,"[32, 64]",131072,7.295632619309848e-07,1.0,0.49959006294732416,0.7511435461126491,0.486157627899831,0.4399923724167521,0.5431460630075718,3.1025146975738602,0.5431452989578247,0.20000000298023224,0.6205029487609863,0.5932864965895457,1.119385004043579
1,5,32,160,97,0.00012004377052857197,0.21426002096928332,tanh,"[128, 64]",65536,2.530300394215382e-07,4.0,0.49948299757385994,0.7558032304220698,0.49552283311261763,0.44810056308985646,0.5541704264584723,3.1019263997386934,0.577231228351593,0.20000000298023224,0.6203852891921997,0.9326450354513516,1.3708384037017822
1,5,8,40,934,0.0011034293287041862,0.13228237858613057,tanh,"[64, 256, 32, 128]",262144,8.39442013939854e-07,1.0,0.4994254299483457,0.7538360388055314,0.4879280782241995,0.46247166927280076,0.5163501902781592,3.005806460890078,0.3440611958503723,0.20000000298023224,0.6011613011360168,0.42939653830575214,1.3192877769470215
1,5,8,40,782,0.0005095007891732557,0.16901376009980199,tanh,"[64, 64, 64, 128]",262144,1.149279221038461e-06,1.0,0.4992116095964718,0.748411801701925,0.48911963478494386,0.44982465383538867,0.5359370708933265,3.057495310045849,0.47618067264556885,0.20000000298023224,0.6114990711212158,0.49973707140541995,1.1876163482666016
1,5,63,315,72,0.00015973475290116475,0.41382731902768644,tanh,"[128, 32, 32, 64]",32768,5.496197405829286e-06,1.0,0.4989564767939166,0.7560968483883733,0.4878589250222016,0.42881781821966486,0.5657538546039468,3.0200281289215667,0.433246910572052,0.20000000298023224,0.6040056347846985,0.4933699105562657,2.512411117553711
1,5,8,40,703,0.00021187261416484994,0.29961737258426496,relu,"[64, 64, 256]",262144,1.6072180713319493e-05,2.0,0.49892601957971217,0.7539397720243456,0.48766967521853455,0.44565676246143854,0.5384283416375691,3.0096315889115397,0.45123377442359924,0.20000000298023224,0.601926326751709,0.6700102424672092,1.2447307109832764
1,5,125,625,141,0.00012513102181394183,0.4071803074519049,tanh,"[64, 256, 128, 64]",16384,1.97866773870223e-05,1.0,0.4988697922371971,0.7479785249570925,0.4898229886108951,0.458928295935684,0.5251775275609086,3.029345824877235,0.2783969044685364,0.20000000298023224,0.6058691740036011,0.425683277228033,3.861812114715576
1,5,8,40,182,0.0002830411739477301,0.26980169723940706,tanh,"[64, 64, 256]",262144,0.0008540999598784198,1.0,0.49873426951977734,0.7523445955570534,0.49069303786301566,0.4458543076084517,0.5455588685315234,3.069265141051037,0.5333995223045349,0.20000000298023224,0.6138530373573303,0.5558680435413798,1.2300231456756592
1,5,8,40,626,0.0005116016898466549,0.08956485387792465,tanh,"[32, 128, 256]",262144,0.00010646156531724974,2.0,0.49851482361978144,0.754817670110525,0.49100738032832114,0.43802879734178385,0.5585644787947742,3.0122798232394485,0.45303401350975037,0.20000000298023224,0.6024559736251831,0.6490994453542421,1.2353756427764893
1,5,16,80,355,0.0006768332039957389,0.2889026278617716,tanh,"[128, 64]",131072,4.708740484244222e-06,1.0,0.49842364512525983,0.7512960812299027,0.4899356130583588,0.4275978560512442,0.5735513358703754,3.0144375113481656,0.35072827339172363,0.20000000298023224,0.6028875112533569,0.4578380796519186,1.1118671894073486
1,5,16,80,144,0.00014358665037865424,0.41106570457381175,tanh,"[64, 256]",131072,3.965158868108677e-05,4.0,0.49819843143624803,0.7544802098654426,0.4935972378279283,0.460274367741005,0.5321216995566715,3.1065362228969304,0.6138734221458435,0.20000000298023224,0.6213072538375854,0.9368652364389123,1.1984682083129883
1,5,8,40,397,0.0006043299914357659,0.4657609932335745,tanh,"[32, 64, 64, 32]",262144,1.622480179675041e-05,1.0,0.49818797839485823,0.7483068456987638,0.4864962558799537,0.48458132632705686,0.48842638000706184,3.082113816110584,0.746227502822876,0.20000000298023224,0.6164227724075317,0.6005311337124956,1.227689266204834
1,5,63,315,692,0.00017196454934370741,0.24672328544805922,tanh,"[128, 64, 64]",32768,0.0008454036793519639,1.0,0.4980717634174039,0.753306799421342,0.4872279792746114,0.435199469315973,0.5533857742555612,2.9788338694150167,0.337934285402298,0.20000000298023224,0.5957667827606201,0.4394356865114741,2.1066787242889404
1,5,16,80,735,0.0018539473518410217,0.3900613311775786,tanh,"[32, 32]",131072,0.00031199526267296966,1.0,0.49784425407695876,0.7510165781393968,0.4900206350779093,0.4369108801364338,0.5578288673545451,3.0330729032595025,0.3216088116168976,0.20000000298023224,0.6066145896911621,0.4405089958083368,1.112314224243164
1,5,32,160,459,0.00017823294438281187,0.25894156170606614,tanh,"[256, 64]",65536,3.3332514591003557e-06,1.0,0.49748630327049514,0.7511617920627957,0.4890664844414074,0.42514488554042307,0.575611047903017,2.9987445026823205,0.36294132471084595,0.20000000298023224,0.5997489094734192,0.4657690795708986,1.3706316947937012
1,5,63,315,632,0.00030075876165612357,0.390990807244733,tanh,"[32, 128, 64]",32768,4.613876494584688e-07,1.0,0.4971225535400741,0.7519532833058821,0.48958710692101753,0.44542516760719625,0.5434697320412727,2.9540192640718925,0.24507716298103333,0.20000000298023224,0.590803861618042,0.42516983394751134,2.1287732124328613
1,5,8,40,604,0.002877611600629518,0.1951138875280476,tanh,"[128, 128]",262144,0.000605454373605045,1.0,0.4969818591617081,0.7509356668213127,0.48689701908217153,0.42067832916815423,0.5778571148338499,3.0441563867903296,0.22986651957035065,0.20000000298023224,0.6088312864303589,0.425330446107067,1.128563642501831
1,5,8,40,285,0.00019314152355028375,0.4468775007967584,leaky_relu,"[64, 64]",262144,5.022110151506585e-06,2.0,0.49693749218422745,0.7512473503269574,0.49128408039194044,0.4331162512164084,0.5674997057554239,3.0216955688343115,0.4985233247280121,0.20000000298023224,0.6043391227722168,0.7084027599542895,1.0411381721496582
1,5,16,80,542,0.0001079217973568618,0.29880426892277273,relu,"[32, 32, 32]",131072,1.8704169501241466e-07,2.0,0.4968529310408832,0.74842954034213,0.4860360637577697,0.41777696273778203,0.5809564910353486,2.9921730906937554,0.48578110337257385,0.20000000298023224,0.5984346270561218,0.7466833694591318,1.1756184101104736
1,5,32,160,225,0.00011208739269281751,0.3624184927770154,tanh,"[64, 256]",65536,2.4379988089075332e-06,1.0,0.49659900956460556,0.7507617995543017,0.4885449332873729,0.4274920915176929,0.5699419357369846,3.075934602678797,0.44592180848121643,0.20000000298023224,0.6151869297027588,0.5087554012813827,1.3886322975158691
1,5,16,80,316,0.00021906945896643212,0.2275260858471339,tanh,"[32, 128]",131072,0.0005667626096990543,2.0,0.49647521957073454,0.7552697693552922,0.49483533843723415,0.4437939839322414,0.5591431597944211,3.087900532962374,0.5190175771713257,0.20000000298023224,0.6175801157951355,0.6790607016973972,1.2538719177246094
1,5,8,40,243,0.0006982498638133501,0.4280537517961679,tanh,"[64, 32, 256, 32]",262144,1.500476378934014e-06,1.0,0.49643789095938107,0.7501817201454455,0.48700642537062067,0.4307565826689696,0.5601533995056691,3.0038448720597497,0.4054465591907501,0.20000000298023224,0.6007689833641052,0.5040759767849592,1.2527861595153809
1,5,32,160,421,0.00016015176891833935,0.0983604436036026,tanh,"[64, 32]",65536,0.00010024702715778739,2.0,0.49637175481688045,0.7538128156431759,0.4919210695645957,0.4517876489707476,0.5398799482129546,3.089175774318341,0.5107976198196411,0.20000000298023224,0.6178351640701294,0.6706183330360487,1.3728749752044678
1,5,32,160,816,0.00010726412081633977,0.4391516596277311,leaky_relu,"[32, 64]",65536,7.407215319635333e-06,2.0,0.49631253032169365,0.7474863353962872,0.48654490849007426,0.4747589759862619,0.4989309113735337,2.9989406019607094,0.5904079079627991,0.20000000298023224,0.5997881293296814,0.7611018595500376,1.3568906784057617
1,5,16,80,353,0.00010489181397082971,0.09867637134729436,tanh,"[32, 64, 128, 32]",131072,6.748825634384438e-07,4.0,0.4958442228516691,0.7548292915341506,0.49405157762506463,0.44362827368174546,0.5574071167954804,3.0612223884281162,0.6339597105979919,0.20000000298023224,0.6122444868087769,0.9414183034238905,1.25553560256958
1,5,63,315,150,0.00024415309014675426,0.4748888669233385,tanh,"[64, 64, 256, 128]",32768,1.5882845884445526e-07,1.0,0.4958343354472237,0.7499831132816714,0.4898044489677232,0.45625529033350265,0.5286790380163993,2.969025925263376,0.22575469315052032,0.20000000298023224,0.593805193901062,0.4319798484472095,2.37858510017395
1,5,8,40,92,0.0001038140722713304,0.2008137375355878,tanh,"[64, 128, 256]",262144,0.000957130412346827,2.0,0.49580792671679974,0.7518488338310386,0.49099323023526964,0.45526390774542835,0.5328082702342187,3.105653478120961,0.5677893161773682,0.20000000298023224,0.6211307048797607,0.6992088293560611,1.2926125526428223
1,5,8,40,628,0.00024911097947682184,0.13020380560639755,tanh,"[32, 64, 256, 64]",262144,1.874958271990846e-07,1.0,0.49564080806690597,0.7495142408223809,0.48975702715578845,0.43541703235062923,0.559594334811095,3.0307191158723965,0.4645232558250427,0.20000000298023224,0.6061438322067261,0.5132294325536901,1.2962536811828613
1,5,32,160,925,0.00019862925978709437,0.23414008254376317,tanh,"[32, 64]",65536,8.3566723894557e-06,1.0,0.49468201372245063,0.7487336919161103,0.48825267456599136,0.4367700440392251,0.5534936639334614,3.080152227280256,0.4468410015106201,0.20000000298023224,0.6160304546356201,0.507169282735692,1.3799681663513184
1,5,8,40,401,0.00036315075392632774,0.12198298999484061,tanh,"[32, 128, 32]",262144,1.5227737600871101e-07,4.0,0.4946628639047562,0.7541612939584108,0.4939375150700975,0.4402265680164553,0.562576013182157,3.0806424754762283,0.588863730430603,0.20000000298023224,0.6161285042762756,0.9375060268590335,1.0669176578521729
1,5,16,80,258,0.00021078127329750182,0.30666599527133187,relu,"[32, 256]",131072,6.802981277924551e-05,1.0,0.49456719922830816,0.7415797614008954,0.48309741801561423,0.4745966406434824,0.4919082741574797,3.0627917787016665,0.3947296440601349,0.20000000298023224,0.6125583648681641,0.4690847043415551,1.15745210647583
1,5,8,40,894,0.0002558750099599002,0.31690695370645583,tanh,"[128, 64]",262144,2.6928324429834703e-07,1.0,0.49432535155997465,0.7503648571103478,0.4871291971798526,0.4679776245515421,0.5079151790968653,3.0782886880891223,0.6181782484054565,0.20000000298023224,0.6156577467918396,0.5942127398316701,1.0753262042999268
1,5,16,80,366,0.00020668970493405717,0.3820693749661535,relu,"[32, 128, 32, 64]",131072,7.068241313891828e-06,1.0,0.49375001888588077,0.744674012795556,0.4837309989271099,0.46874597479068913,0.4997057554239083,3.0050217657533027,0.5120986104011536,0.20000000298023224,0.6010043621063232,0.6214364283198704,1.2606055736541748
1,5,8,40,997,0.0017228510803006737,0.2663465841272499,tanh,"[64, 128, 64]",262144,1.7844890551114382e-07,1.0,0.49328106566480784,0.7518106301745546,0.489029526656919,0.44056653481074876,0.5494723213935423,2.9497038878544584,0.2893946170806885,0.20000000298023224,0.5899407863616943,0.43030324434213574,1.156259536743164
1,5,63,315,467,0.00015146232677603637,0.46145046165202286,tanh,"[128, 128, 128, 128]",32768,4.01014539543516e-06,1.0,0.4929855169307919,0.7484488245292242,0.4882952354723217,0.44625140054885276,0.5390854878575072,2.9377376595476616,0.2595037817955017,0.20000000298023224,0.5875475406646729,0.4273268430434763,2.6041030883789062
1,5,16,80,458,0.0009977585970000044,0.45480091257357186,tanh,"[256, 64, 256]",131072,5.358710671325669e-05,1.0,0.49278778969711906,0.7483444161437444,0.47677528061630803,0.41628240598421967,0.5578386755070814,2.9632389103883665,0.16312777996063232,0.20000000298023224,0.5926477909088135,0.43533576973362254,1.4396960735321045
1,5,32,160,574,0.00041236246450453525,0.32669961294120237,tanh,"[64, 128]",65536,2.0974631590642827e-06,1.0,0.49259943023745745,0.7472866912936387,0.4882017481752295,0.43395607497310945,0.5579465651849818,3.0098276881899286,0.2587977647781372,0.20000000298023224,0.6019655466079712,0.42915133263468114,1.3623266220092773
1,5,8,40,851,0.0022253676067930843,0.2232401205856046,tanh,"[128, 128]",262144,0.00043335759294385715,1.0,0.49238222834116324,0.7510078539307649,0.48677128917056484,0.425023423317913,0.5695103770253835,3.0088468937747646,0.2365635484457016,0.20000000298023224,0.6017693877220154,0.4267855722882037,1.1412079334259033
1,5,8,40,962,0.0007334934526413558,0.19448206001481494,tanh,"[32, 32]",262144,1.100650012630983e-05,1.0,0.4914975226490404,0.7494387014245157,0.4874411265220508,0.47835324111231764,0.49688100749342856,3.0727961201549157,0.6248165965080261,0.20000000298023224,0.6145592331886292,0.5866225831739394,0.9862501621246338
1,5,8,40,622,0.00012751869181721817,0.27660460559871836,tanh,"[32, 256, 32]",262144,1.6883689950947087e-05,2.0,0.49143148671409964,0.7512061055284702,0.4894402077061591,0.46559492931313795,0.5158597826513398,3.0705400843837847,0.6138524413108826,0.20000000298023224,0.6141080260276794,0.7062981787372007,1.1539721488952637
1,5,8,40,612,0.0007499098567739913,0.3767557666517391,tanh,"[256, 128, 256]",262144,7.891696565739872e-07,1.0,0.49099617873884094,0.7456869310955994,0.48655728895531414,0.4253376394597769,0.5683628231786261,2.9375415602692727,0.26485711336135864,0.20000000298023224,0.5875083208084106,0.43262452476512614,1.451932668685913
1,5,32,160,803,0.00014724665040120234,0.19592830508018683,tanh,"[32, 64, 32, 64]",65536,6.793981136557955e-06,4.0,0.4906743339581017,0.7552867379637483,0.49628005730955793,0.44309845262314285,0.5639687708423241,3.106143726316933,0.6193856596946716,0.20000000298023224,0.6212287545204163,0.9411216711042965,1.671144723892212
1,5,8,40,509,0.0004555922326550306,0.11274843318430912,tanh,"[64, 32]",262144,0.00043196634671359077,1.0,0.49062557145354563,0.7486950026788274,0.48890595009596927,0.45307150808996477,0.530895680489623,3.052885486887612,0.5288040637969971,0.20000000298023224,0.6105771064758301,0.5525049033458312,1.1285080909729004
1,5,16,80,424,0.00013986427747276283,0.2600441405095697,tanh,"[32, 256]",131072,0.00020993099449388909,1.0,0.4905260194252855,0.7501515789868829,0.488340217711642,0.4668151288311735,0.5119463297893209,3.059064700319399,0.5446664094924927,0.20000000298023224,0.611812949180603,0.5634361922827459,1.1759674549102783
1,5,8,40,514,0.00033392530274026726,0.4420624217395144,tanh,"[64, 64]",262144,0.00013513306660998604,1.0,0.4904834439984317,0.7505292539464423,0.48890124214077596,0.4779976760748154,0.5003138608811645,3.0984934702740095,0.6533074975013733,0.20000000298023224,0.619698703289032,0.6163891548846449,1.0521788597106934
1,5,8,40,36,0.00031026692243643183,0.3375477542377957,relu,"[32, 64]",262144,5.911577244281556e-07,4.0,0.490065666135661,0.749467252183006,0.48689949964379303,0.42321815271631674,0.5731393934638471,3.0020793825078105,0.5340903401374817,0.20000000298023224,0.6004158854484558,0.9835291141184835,1.0114400386810303
1,5,8,40,875,0.00027406597715509126,0.2655653807349177,tanh,"[256, 32, 64, 64]",262144,4.0615208089296304e-07,1.0,0.4893166528659692,0.7514844244829213,0.4901585612794728,0.4356184230593259,0.5603103299462513,3.0453332804838826,0.4864768385887146,0.20000000298023224,0.6090666651725769,0.5614828140650787,1.2848069667816162
1,5,8,40,723,0.00012293187893999718,0.4368376456969714,tanh,"[256, 32]",262144,0.00019249370816100728,2.0,0.4857014880226102,0.7513972215980435,0.48863330958607243,0.43237427995500427,0.5617227039114913,3.060928239510533,0.5965585112571716,0.20000000298023224,0.6121856570243835,0.745337968662266,1.156714677810669
1,5,8,40,601,0.0001152098269539969,0.06247482634950513,relu,"[32, 32, 128, 64]",262144,1.0029897547678827e-05,1.0,0.48488155216783363,0.737465600381644,0.48282970045173457,0.4366779316800736,0.539889756365491,2.939503149099601,0.5017416477203369,0.20000000298023224,0.5879006385803223,0.6022467736989474,1.2490615844726562
1,5,8,40,457,0.00013679229493234263,0.21926603445494341,tanh,"[32, 64, 64]",262144,2.347904199963859e-06,4.0,0.4846791661687796,0.7523656263126615,0.48910478834142956,0.4499378083839241,0.5357409078425988,3.051414146253256,0.6335489153862,0.20000000298023224,0.610282838344574,0.9449455503713267,1.0350370407104492
1,5,8,40,694,0.00020127615225327562,0.15172922605064448,tanh,"[64, 64]",262144,3.703478826382288e-05,4.0,0.48161861716676796,0.7483347046239636,0.4910928766797479,0.47677543895297825,0.5062968339283612,3.0633803745600527,0.6248254776000977,0.20000000298023224,0.6126760840415955,0.9551293148734037,1.0361599922180176
1,5,8,40,992,0.001218086526665963,0.4585667819883237,tanh,"[64, 128, 256]",262144,0.0005108573977307724,1.0,0.4808609167526113,0.7423565314084658,0.4852362325667124,0.4165863744734121,0.5809761073404214,2.843873756470177,0.2175721824169159,0.20000000298023224,0.5687747597694397,0.4310829127390016,1.2883052825927734
1,5,16,80,738,0.00010946198735896706,0.1712547024807797,tanh,"[64, 64]",131072,3.905881588580101e-05,4.0,0.4767549256669558,0.7443018116198379,0.4838007290400972,0.47951712045012235,0.4881615598885794,3.052689387609223,0.6636393070220947,0.20000000298023224,0.6105378866195679,0.9578804773648119,1.112976312637329
1,5,8,40,145,0.0002624295041552125,0.4852392723334767,relu,"[32, 32, 64]",262144,0.00038826884186650423,4.0,0.47308828950827153,0.7277980305512535,0.46869562815874505,0.44157747749310483,0.4993624700851348,2.8783005047097725,0.5042421221733093,0.20000000298023224,0.5756601095199585,1.0084875494488421,1.0375046730041504
1,5,16,80,88,0.0001645101816567447,0.3866557296568745,tanh,"[64, 32, 32]",131072,4.901948088569285e-07,2.0,0.46976986592809167,0.7506774431269683,0.48955925880874185,0.452733499429219,0.5329063517595826,2.968241230126601,0.6419406533241272,0.20000000298023224,0.5936482548713684,0.7467675216130901,1.1766526699066162
1,5,8,40,575,0.00020028691806281608,0.3208291047506537,relu,"[32, 32, 64, 256]",262144,5.67645114518355e-07,1.0,0.46658949301142016,0.7256522685649602,0.47536973587196946,0.4261044676318286,0.5375161834516851,2.9370513120733004,0.3984619379043579,0.20000000298023224,0.5874102711677551,0.5232423076292341,1.23295259475708
1,5,8,40,586,0.0001376808171082469,0.14192110872532526,relu,"[64, 32]",262144,0.00015539606813552215,4.0,0.4642656489210064,0.725902818024003,0.4698292091669452,0.41310121638210023,0.5446172858880302,2.848679678906803,0.5736357569694519,0.20000000298023224,0.5697359442710876,0.9987530612801508,1.0327820777893066
1,5,8,40,596,0.00012124542394148497,0.382988565685963,tanh,"[64, 128, 32, 64]",262144,3.917371519305979e-06,4.0,0.44744105541695706,0.746314358594593,0.4909392637819034,0.4482627297183418,0.5425968064655341,2.768351096386446,0.6273822784423828,0.20000000298023224,0.5536702275276184,0.9602608700110813,1.1684327125549316
1,5,8,40,707,0.00012969338680819914,0.06160785451636222,tanh,"[32, 32]",262144,2.9225642969396636e-05,1.0,0.4411944492498783,0.7279501175335018,0.4583298835197685,0.4123818859047246,0.5158009337361215,2.6876300172860916,0.532641589641571,0.20000000298023224,0.53752601146698,0.6141779839653448,0.9870121479034424
1,5,8,40,49,0.00010279008961850197,0.1284468072629738,leaky_relu,"[64, 32, 64, 64]",262144,6.393096431349986e-06,4.0,0.4384190051866417,0.7202969516958404,0.47338882608293337,0.40130282050407556,0.5770430381733297,2.741869051130577,0.5565376877784729,0.20000000298023224,0.548373818397522,1.0283814491148653,1.1441736221313477
1,5,16,80,392,0.00016918176270652366,0.22948678885631424,tanh,"[32, 32, 64]",131072,1.7590903101476542e-06,1.0,0.4344644694166571,0.7463541613091362,0.48922666737529286,0.44601196773073415,0.5417140727372592,2.8225901302309313,0.5082839727401733,0.20000000298023224,0.5645180344581604,0.5662394417151169,1.1882317066192627
1,5,63,315,183,0.00010132513611890309,0.43970557874626215,tanh,"[64, 32, 128, 256]",32768,1.576099570605833e-05,1.0,0.4317576873260732,0.7449048323495208,0.48743554803315964,0.4064548663640948,0.6087135627133273,2.7385341713050875,0.35036224126815796,0.20000000298023224,0.5477068424224854,0.4736644036953014,2.404222011566162
1,5,16,80,109,0.00014666751908019504,0.3836918469080092,leaky_relu,"[32, 32]",131072,5.384104021097316e-06,2.0,0.42789152731421487,0.7290061410530762,0.48879011049198584,0.45384777035262475,0.5295617717446742,2.5777786586019595,0.4924542307853699,0.20000000298023224,0.515555739402771,0.7668580530544631,1.1095421314239502
1,5,8,40,981,0.00018948091377536831,0.12747531424983988,tanh,"[32, 32, 32]",262144,4.997957727519428e-06,1.0,0.41668561313452857,0.7342582965153268,0.48246578391009237,0.4416512520473602,0.5315920593197065,2.4625327816228153,0.5050811767578125,0.20000000298023224,0.49250656366348267,0.5826311674477789,1.0317063331604004
1,5,8,40,420,0.00017704482151292668,0.2916968681722113,tanh,"[32, 32]",262144,2.5139777839797473e-05,1.0,0.23129542435884065,0.5814491583486897,0.36213615671127053,0.23206807005911928,0.8239240456667583,1.061536355889792,0.4132506549358368,0.20000000298023224,0.21230727434158325,0.6429893820510942,0.9898061752319336
