round,target_epoch,steps_per_epoch,updates_accumulated,candidate_id,lr,dropout,activation,hidden_dims,batch_size,weight_decay,pos_weight,pr_auc,roc_auc,f1,precision,recall,lift_at_10,threshold_f1,base_rate,top10_positive_rate,val_loss,duration_seconds
1,5,8,40,0,0.0013405258015190262,0.2645465408231715,leaky_relu,"[256, 128]",262144,1.106727030866478e-07,4.0,0.5262071936965723,0.7682656345009623,0.5073337735914636,0.4553863912894269,0.5726587939895641,3.1806855919855,0.5365134477615356,0.20000000298023224,0.6361371278762817,0.913948236657057,15.00358772277832
1,5,16,80,1,0.009846412531625012,0.21980132862369228,leaky_relu,"[256, 128]",131072,0.0005061288681518553,2.0,0.5313805492713769,0.7718059076062511,0.507900657516089,0.4571951142928912,0.5712562281768606,3.216485631220257,0.3432311713695526,0.20000000298023224,0.6432971358299255,0.6384074675830583,0.04775214195251465
1,5,63,315,2,0.0024744839195957693,0.33126942885127564,leaky_relu,"[128, 128, 128, 128]",32768,2.4658632538627263e-06,2.0,0.5348848221282333,0.7738849551606352,0.5130006528081854,0.4687279367011564,0.5665090823492487,3.2171719786946182,0.41163137555122375,0.20000000298023224,0.6434344053268433,0.621603020942526,0.019565343856811523
1,5,32,160,3,0.00765055527168367,0.35182754640139935,tanh,"[64, 32, 64, 128]",65536,1.0467841319129334e-06,2.0,0.5266981960162386,0.7684952667322522,0.5088369492686974,0.47086949265687583,0.5534642394758523,3.171760392609829,0.4338768422603607,0.20000000298023224,0.6343520879745483,0.6285579048449362,0.012714147567749023
1,5,63,315,4,0.0004627959995947912,0.33905845421326647,leaky_relu,"[256, 128, 256]",32768,0.0006473683156978916,2.0,0.5325087567192938,0.772227880855958,0.5116427907629184,0.4625499334221039,0.5723939738710816,3.2033425092199073,0.3970552980899811,0.20000000298023224,0.640668511390686,0.623759076820639,0.014824867248535156
1,5,8,40,5,0.0019235254084809714,0.20902733238837579,relu,"[64, 256, 256]",262144,2.148320692179567e-06,4.0,0.5284446828730321,0.7698533098085192,0.5088247768919819,0.4553362561774776,0.5765526305465103,3.1871592523580903,0.5481590032577515,0.20000000298023224,0.6374318599700928,0.9111699928634608,0.014506340026855469
1,5,125,625,6,0.0001017172794788542,0.0863996264127567,leaky_relu,"[256, 32]",16384,3.269189519978774e-07,4.0,0.5310580849791351,0.7707245912806158,0.5099408314780002,0.45662865565122956,0.5773470909019577,3.2073640345429775,0.5565714836120605,0.20000000298023224,0.6414728164672852,0.9089983473604576,0.023628711700439453
1,5,16,80,7,0.0008494856255824379,0.3241346469026546,leaky_relu,"[256, 32]",131072,0.00010310315094927766,1.0,0.5209468133891152,0.7638328417009541,0.49826640556784757,0.4387325520638949,0.576493781631292,3.1644042854844887,0.32985883951187134,0.20000000298023224,0.6328808665275574,0.43977978320160865,0.011569738388061523
1,5,32,160,8,0.005717648884989453,0.4491639476548165,relu,"[256, 32, 128, 128]",65536,0.00032159737199287245,1.0,0.5335519434869567,0.7730889304512265,0.5124922586923826,0.4667617482111777,0.5681568519753619,3.2251166816783448,0.20138394832611084,0.20000000298023224,0.6450233459472656,0.41715139698985043,0.0243377685546875
1,5,16,80,9,0.0004652875565849699,0.16096974206386097,relu,"[32, 64, 64]",131072,3.4412911284612354e-05,4.0,0.5149760445700168,0.7623492191881339,0.497222440927661,0.44872969004121205,0.5574659657106987,3.1378241905894253,0.5475471019744873,0.20000000298023224,0.6275648474693298,0.922907449655766,0.009607553482055664
1,5,125,625,10,0.00015307078610432234,0.43391794690914576,tanh,"[128, 32]",16384,1.929171123912628e-05,4.0,0.5193113753634779,0.7635898724899535,0.5041393446259506,0.46026473971581794,0.5572599945074346,3.172348690444996,0.5735735893249512,0.20000000298023224,0.634469747543335,0.921405206927088,0.009212255477905273
1,5,16,80,11,0.00812606024960437,0.38439827917588565,leaky_relu,"[256, 64]",131072,2.2632744633259465e-06,1.0,0.5307924180196931,0.7716329563903457,0.5107163293970765,0.45762119328775636,0.5777492251559496,3.207658183460561,0.24697649478912354,0.20000000298023224,0.6415316462516785,0.41159657589675275,0.00896453857421875
1,5,16,80,12,0.0002087071343207264,0.17420803743162883,leaky_relu,"[256, 32, 64, 256]",131072,0.00023648044041548786,1.0,0.5233390124214776,0.764639996950172,0.5021376001154484,0.46476274752061975,0.5460492761583429,3.1778412583792024,0.29494142532348633,0.20000000298023224,0.6355682611465454,0.4195688655108074,0.02091813087463379
1,5,125,625,13,0.00013466955859463482,0.29566833448447594,tanh,"[128, 64]",16384,0.0005267588622579493,2.0,0.5222247990353737,0.7644012004319831,0.5044915527816636,0.44951637275732725,0.5747871630899604,3.1597944623262517,0.38860300183296204,0.20000000298023224,0.6319589018821716,0.6307865874461154,0.008008003234863281
1,5,125,625,14,0.0004253366291426813,0.431673443008123,leaky_relu,"[64, 32, 128]",16384,6.9997570108440954e-06,2.0,0.5280478618321236,0.7687004825742456,0.5098160037333889,0.4737568944465496,0.5518164698497391,3.1935345650682665,0.413485050201416,0.20000000298023224,0.6387069225311279,0.6297153885584627,0.009784698486328125
1,5,16,80,15,0.008751048870067614,0.4618246968101692,leaky_relu,"[64, 256]",131072,4.840755937654271e-07,2.0,0.5302143254220483,0.7704906169846424,0.5109410975543429,0.47494101786316145,0.5528463258660599,3.194809508401014,0.4267723262310028,0.20000000298023224,0.638961911201477,0.6252721207845936,0.013181209564208984
1,5,32,160,16,0.006501162373021521,0.1408932710135244,relu,"[64, 64, 64, 32]",65536,0.00013308372980812483,1.0,0.5356283990391174,0.7739638846173822,0.5127933171462882,0.46352111560098247,0.5737867315312488,3.238553952596278,0.2247031182050705,0.20000000298023224,0.6477108001708984,0.4127818573135753,0.012274742126464844
1,5,63,315,17,0.00032819587461123097,0.053935146917517544,relu,"[64, 128]",32768,0.00013606309670959784,2.0,0.5317060848796068,0.7708252088626631,0.510130119640206,0.45972895548699866,0.5729432304131193,3.2177605745530045,0.3956224024295807,0.20000000298023224,0.6435521245002747,0.6241972313384084,0.01664447784423828
1,5,125,625,18,0.0003887649918076629,0.1329007755495173,leaky_relu,"[256, 256, 128]",16384,5.2230266232289456e-05,1.0,0.5365347353637617,0.7743188279958516,0.513623291793923,0.47085319098496675,0.5649397779434265,3.233845781775627,0.2593655288219452,0.20000000298023224,0.6467691659927368,0.40944893842863306,0.01830768585205078
1,5,8,40,19,0.0010162656950961735,0.057462189957191545,relu,"[128, 64, 64, 128]",262144,1.1156825783167106e-06,4.0,0.5272665315900346,0.7691688813213943,0.508157645451942,0.46130278619939363,0.565606732315901,3.1778412583792024,0.5761374831199646,0.20000000298023224,0.6355682611465454,0.9117328235001089,0.013268232345581055
1,5,32,160,20,0.000958084919605882,0.06772225242325111,relu,"[64, 64, 32]",65536,3.1105313394096266e-07,4.0,0.5307953891780683,0.7708239873890393,0.510573566523341,0.462684664297439,0.5695201851779199,3.2070695876021746,0.5691087245941162,0.20000000298023224,0.6414139270782471,0.9087800748449537,0.01685500144958496
1,5,16,80,21,0.0009137293311963966,0.3125848910513531,leaky_relu,"[128, 256, 256, 64]",131072,5.1114148187512844e-05,2.0,0.5295514245740938,0.7697496807380741,0.5096953905831635,0.47090127470626875,0.5554552944407392,3.1893169404668074,0.41699936985969543,0.20000000298023224,0.6378633975982666,0.6258435553616534,0.027881622314453125
1,5,8,40,22,0.002401978312042876,0.3166529041286208,tanh,"[128, 256]",262144,8.34243495426546e-05,4.0,0.5230899432676906,0.7641516584018844,0.5028155968847975,0.4516416301469382,0.5670681470438228,3.1766643646856494,0.5467130541801453,0.20000000298023224,0.6353328824043274,0.9195540337158664,0.02851414680480957
1,5,8,40,23,0.005447531183265249,0.2297517135595492,leaky_relu,"[32, 128, 256, 128]",262144,3.28485758394129e-07,2.0,0.5271900544505268,0.7687766781393051,0.5082607335924586,0.46672793212662256,0.5579073325748362,3.1788220527943665,0.41654133796691895,0.20000000298023224,0.6357644200325012,0.6277796073389987,0.01823139190673828
1,5,63,315,24,0.002145039422706095,0.21549372983027976,relu,"[128, 128, 32]",32768,4.072031106841297e-05,4.0,0.5360115035555837,0.7743357648824052,0.5134270658351934,0.4836597906857772,0.5470987484797364,3.2271763201478674,0.6001523733139038,0.20000000298023224,0.6454352736473083,0.903666234879305,0.03115367889404297
1,5,63,315,25,0.0003313540983201674,0.16981050471746426,relu,"[256, 128, 256]",32768,7.219339223284897e-06,4.0,0.5339924559278748,0.7730795976342045,0.5125392262862266,0.4643465795970375,0.5718937580917258,3.217858624192199,0.5654727816581726,0.20000000298023224,0.6435717344284058,0.9056033071009061,0.04395413398742676
1,5,16,80,26,0.0001687168425231982,0.4243231177206556,leaky_relu,"[32, 256, 128]",131072,9.782730680624851e-07,4.0,0.5121028248148706,0.756771764910294,0.49136973210734,0.46023588663052134,0.5270214602377497,3.114186478939854,0.5273486375808716,0.20000000298023224,0.6228373050689697,0.9353399407564763,0.01711726188659668
1,5,16,80,27,0.005335066874588411,0.45614534220555014,tanh,"[256, 128, 128]",131072,0.00015025519328636466,2.0,0.5245406479783637,0.7659097140803901,0.5062319481668445,0.45374329472129366,0.5724528227862999,3.1713678960298317,0.41619282960891724,0.20000000298023224,0.6342735886573792,0.6312636782971579,0.02728438377380371
1,5,63,315,28,0.0003138689597961944,0.16057616757001109,tanh,"[64, 256, 32, 128]",32768,0.00018790453526217608,2.0,0.5267539171861579,0.7675845176698364,0.5061680346686841,0.45670478129463477,0.5676468280434698,3.184805166947765,0.3687783479690552,0.20000000298023224,0.636961042881012,0.6289621947951809,0.01626300811767578
1,5,32,160,29,0.0048773974168380245,0.3725366319315859,relu,"[128, 128, 256]",65536,0.0001147187671448951,4.0,0.5328812760920006,0.7734475991811514,0.5134977407973969,0.4674635756258553,0.5695888422456746,3.204813849854263,0.5553009510040283,0.20000000298023224,0.6409627795219421,0.9123863528632459,0.012984752655029297
1,5,8,40,30,0.0021706646021966724,0.2310754502609927,relu,"[32, 256, 128]",262144,0.0002795199555911887,2.0,0.524855339348482,0.7665567552870606,0.5043727776326336,0.4597531342584744,0.558584095099847,3.1696024064778925,0.40887072682380676,0.20000000298023224,0.6339204907417297,0.6288067058717345,0.01677846908569336
1,5,63,315,31,0.0009062943201635176,0.21263957605745748,leaky_relu,"[128, 256, 128, 256]",32768,8.652332954053757e-06,4.0,0.5343037500708503,0.7736352304710594,0.5132154968200141,0.46923483278475353,0.5662933029934482,3.2223703977112415,0.5842718482017517,0.20000000298023224,0.6444740891456604,0.9052837194525212,0.019016027450561523
1,5,32,160,32,0.00012433020685454372,0.4724989905011575,leaky_relu,"[32, 64]",65536,5.270888248482651e-07,2.0,0.48602309237253893,0.74846347588757,0.4867181546052373,0.40595142920800514,0.6076052414767155,2.9799127134693753,0.4619462788105011,0.20000000298023224,0.595982551574707,0.7031674775904599,0.008144378662109375
1,5,63,315,33,0.0002445155980131004,0.30706454719158227,relu,"[64, 256, 32]",32768,1.5294522012614624e-07,4.0,0.527662151370604,0.7683015560924329,0.5087821731323889,0.46050780784360473,0.5683628231786261,3.182353031898245,0.5624074339866638,0.20000000298023224,0.6364706158638,0.912873316450956,0.011184215545654297
1,5,32,160,34,0.004188255424039311,0.4937476740606459,relu,"[32, 256, 256, 32]",65536,3.4903132013221936e-05,1.0,0.5291528877349851,0.7700038419365423,0.510788506397116,0.4647175150326377,0.5669994899760681,3.197457742728923,0.2294587939977646,0.20000000298023224,0.6394915580749512,0.413752167839147,0.017754316329956055
1,5,32,160,35,0.0037215432640260626,0.09059529747355985,relu,"[32, 256, 64, 128]",65536,0.000747990745957254,2.0,0.532874166038624,0.7723671718504119,0.5098597041645618,0.46503112117047934,0.5642532072658794,3.2225664969896304,0.36940932273864746,0.20000000298023224,0.6445133090019226,0.628216891301572,0.014501333236694336
1,5,8,40,36,0.00031026692243643183,0.3375477542377957,relu,"[32, 64]",262144,5.911577244281556e-07,4.0,0.48774899758888857,0.7511801380728176,0.487324321733295,0.40008437277655695,0.6232198203146455,2.8587820699992466,0.5254569053649902,0.20000000298023224,0.5717564225196838,0.9744482401690472,0.007235050201416016
1,5,63,315,37,0.00017120523458496995,0.26837416572891837,leaky_relu,"[64, 256]",32768,1.9589725089884016e-07,2.0,0.5255167742124209,0.7672373042744854,0.5050664923357476,0.44975182302837186,0.5758954843265722,3.181764734063078,0.3920748233795166,0.20000000298023224,0.6363529562950134,0.6283044015693844,0.01931905746459961
1,5,8,40,38,0.0012077533923342692,0.09188208704038318,relu,"[256, 32]",262144,7.993375944189309e-06,2.0,0.5201896982725692,0.7631951543550243,0.4970472310326065,0.4526965504460005,0.5510318176468281,3.1459649928515407,0.45581135153770447,0.20000000298023224,0.6291930079460144,0.649130581565395,0.008218765258789062
1,5,8,40,39,0.008299644514579405,0.12656942740643606,leaky_relu,"[64, 128, 256]",262144,1.755276096850624e-07,1.0,0.529159829804888,0.7703046829848719,0.5106416723572043,0.46352446232474065,0.5684216720938444,3.191965174794716,0.257503479719162,0.20000000298023224,0.6383930444717407,0.4135665275657802,0.011859416961669922
1,5,32,160,40,0.0004948878216678871,0.2876534048151855,tanh,"[32, 256, 32]",65536,3.8111421197127863e-05,4.0,0.5144238501441203,0.763767186128837,0.5040039066720253,0.45049172222522654,0.5719427988544078,3.162246299352552,0.5602981448173523,0.20000000298023224,0.6324492692947388,0.9223213252933689,0.013931751251220703
1,5,125,625,41,0.00011464789834178021,0.32549196179534523,leaky_relu,"[256, 128]",16384,0.0006795722891204652,4.0,0.5299114166090384,0.769658000531515,0.5088619722165195,0.45117252677244185,0.583467378084664,3.200007927417637,0.5399784445762634,0.20000000298023224,0.6400015950202942,0.910872500706703,0.015468835830688477
1,5,125,625,42,0.004034410067683852,0.46928905724274633,tanh,"[64, 256]",16384,2.5467825777049163e-05,1.0,0.5280050213380779,0.7666930197378393,0.5072723454263538,0.4658847476546534,0.5567303542704696,3.190591883799555,0.23330546915531158,0.20000000298023224,0.6381183862686157,0.41436659627048866,0.00940394401550293
1,5,8,40,43,0.004842174765879583,0.2962916228513594,tanh,"[256, 32, 64]",262144,1.2504722388094633e-07,2.0,0.520990354275243,0.7654831834707219,0.5066806206569314,0.4624070191910771,0.5603299462513242,3.1447878011347683,0.371034175157547,0.20000000298023224,0.6289575695991516,0.6331743638359919,0.013954639434814453
1,5,125,625,44,0.00015846151192328606,0.09745132673830645,relu,"[256, 32]",16384,3.7883395106493024e-05,1.0,0.5283014145220566,0.769236757751366,0.5072018890200708,0.45761989679170545,0.5688336145003727,3.1991251826416676,0.27500176429748535,0.20000000298023224,0.6398250460624695,0.4159898397297122,0.014657020568847656
1,5,16,80,45,0.0006293389746968395,0.22417327467124987,leaky_relu,"[128, 128, 128, 256]",131072,2.3074331925795283e-07,1.0,0.5284333147665208,0.7691531768511981,0.5083616173296671,0.46214340167716567,0.5648515045705991,3.1895130397451963,0.2473597377538681,0.20000000298023224,0.6379026174545288,0.41313169351639534,0.015415191650390625
1,5,32,160,46,0.0007303721704262894,0.21422408191286385,leaky_relu,"[256, 128, 64]",65536,0.00017107251508286894,1.0,0.5320048618871718,0.7718535293849794,0.5110895199399373,0.46486013143307037,0.5675291302130331,3.2099139212084724,0.26489490270614624,0.20000000298023224,0.6419827938079834,0.41147677234709296,0.014267683029174805
1,5,63,315,47,0.003407035383710923,0.1964007710948773,relu,"[128, 64, 32, 32]",32768,2.645776459778152e-06,4.0,0.5364199767995141,0.7746169661889721,0.5142131074453856,0.4713676191721703,0.5656263486209737,3.2325708384428795,0.5767590403556824,0.20000000298023224,0.6465141773223877,0.9034480055974545,0.01828932762145996
1,5,8,40,48,0.00017348207884482762,0.397192746991399,relu,"[128, 128, 128, 256]",262144,4.827379400847683e-06,2.0,0.5083171521613421,0.7543044885626535,0.4914256855167811,0.454807989249735,0.5344560398603319,3.1009456053235294,0.4174816906452179,0.20000000298023224,0.6201891303062439,0.6591886308835905,0.020908832550048828
1,5,8,40,49,0.00010279008961850197,0.1284468072629738,leaky_relu,"[64, 32, 64, 64]",262144,6.393096431349986e-06,4.0,0.4374902165622828,0.7180432600125068,0.4606707446010942,0.37883434612976863,0.5876064184550198,2.577680608962765,0.4797959327697754,0.20000000298023224,0.5155361294746399,1.0274910866898512,0.013178348541259766
1,5,16,80,50,0.004302895120069144,0.09940845727841122,relu,"[256, 64, 128, 32]",131072,9.086893922015441e-06,2.0,0.5350355665548141,0.7735152209821289,0.5128520354894259,0.47558532353113764,0.5564557259994507,3.2228606459072138,0.42577728629112244,0.20000000298023224,0.6445721387863159,0.6218609660373972,0.3971071243286133
1,5,32,160,51,0.008338215899586315,0.06995158544472498,relu,"[64, 32]",65536,1.2963009537614925e-06,2.0,0.5359223143578209,0.7742877311037428,0.5132105070977456,0.4748529718456726,0.5583094668288281,3.2306092496125514,0.4169703722000122,0.20000000298023224,0.6461218595504761,0.6210522702795466,0.008476018905639648
1,5,125,625,52,0.007235528505867193,0.2844764818417996,tanh,"[256, 128]",16384,0.00033735188975369477,4.0,0.5249922414626107,0.7657952704024884,0.5027277424100458,0.4540565336370395,0.5630860371140491,3.1778412583792024,0.5765396952629089,0.20000000298023224,0.6355682611465454,0.9163132926921911,0.010422706604003906
1,5,63,315,53,0.0008925024340609255,0.11642887372522084,tanh,"[64, 64, 64, 128]",32768,6.204942821652068e-07,4.0,0.528690916523113,0.7703795457971236,0.5098498440109943,0.4639542551993695,0.5658225116717015,3.193632614707461,0.5782538056373596,0.20000000298023224,0.638726532459259,0.9113389471232098,0.014609813690185547
1,5,63,315,54,0.002110450582631815,0.47563739877583444,leaky_relu,"[256, 64]",32768,2.290674933191843e-07,1.0,0.532884348742248,0.7729053874267313,0.512292107313815,0.4691279491759026,0.5642041665031975,3.2129546521163785,0.26029306650161743,0.20000000298023224,0.6425909399986267,0.41076997783672414,0.011143684387207031
1,5,63,315,55,0.005078295469207668,0.3751678352084564,relu,"[128, 64, 128]",32768,5.394989352108009e-07,1.0,0.5338913101051636,0.7734540279890649,0.5128518153829703,0.469870271947227,0.5644886029267527,3.224920582399956,0.24081246554851532,0.20000000298023224,0.6449841260910034,0.4106780413542748,0.010825634002685547
1,5,63,315,56,0.0003189590882834787,0.452318563864628,relu,"[128, 128, 128]",32768,3.6732172880460785e-06,2.0,0.5275323229422957,0.7686707029948674,0.5086545118855297,0.457393905695692,0.5728549570402919,3.186570656499704,0.3903411626815796,0.20000000298023224,0.6373141407966614,0.6277184788319927,0.012628555297851562
1,5,32,160,57,0.0025272312591813188,0.20992002693988676,relu,"[32, 128, 256, 128]",65536,1.4260060894176919e-05,4.0,0.532582854426672,0.7725308705401003,0.5120189754664212,0.4664731494920174,0.5674212405351328,3.2151123402250956,0.554991602897644,0.20000000298023224,0.6430224776268005,0.9088396575658645,0.017015457153320312
1,5,32,160,58,0.0007451605376039638,0.13095760633381143,relu,"[128, 64, 256]",65536,2.0626863899624463e-05,4.0,0.5321704434639762,0.772147719175253,0.5115493706789577,0.46661653892176835,0.5660579073325749,3.2053040980502354,0.5752424597740173,0.20000000298023224,0.6410608291625977,0.9072108495744756,0.033849239349365234
1,5,125,625,59,0.0007626239252959497,0.15305977555506683,relu,"[256, 256, 64, 64]",16384,1.8966550977696662e-05,2.0,0.5372185873523966,0.774571243852354,0.513890765005178,0.47501123745151247,0.5597022244889952,3.2379653567378917,0.4201739430427551,0.20000000298023224,0.647593080997467,0.620456171832709,0.023782968521118164
1,5,32,160,60,0.0036103214760602243,0.11033333174873242,tanh,"[64, 64]",65536,4.317886911900075e-06,4.0,0.5286689965860016,0.7698149863591645,0.5089643753395596,0.45412505193825886,0.5788673545450979,3.194318962181822,0.5583119988441467,0.20000000298023224,0.6388638019561768,0.9106907036746066,0.007513523101806641
1,5,32,160,61,0.003388586057349837,0.41233686133529274,leaky_relu,"[256, 32, 32]",65536,1.5540383337622902e-05,2.0,0.5324791064105285,0.7723065561406599,0.5122259212489956,0.46579940576567896,0.5689316960257366,3.20785428273895,0.40736573934555054,0.20000000298023224,0.6415708661079407,0.62354939955635,0.010912179946899414
1,5,125,625,62,0.003805683886234842,0.464505984674927,leaky_relu,"[32, 128, 64, 256]",16384,7.428772950412332e-05,2.0,0.5323223269848056,0.7725817350115557,0.5124197398284475,0.47450007103044284,0.5569265173211974,3.205990743547816,0.3647155463695526,0.20000000298023224,0.6411981582641602,0.6309881058856661,0.016567230224609375
1,5,125,625,63,0.000183590515056597,0.3510811121731097,relu,"[128, 128, 256]",16384,1.957984022812486e-06,2.0,0.5291447451550675,0.7697770033731256,0.5096646146009889,0.4613935221255824,0.5692161324492918,3.1912785292971355,0.39725539088249207,0.20000000298023224,0.6382557153701782,0.6264320460558078,0.014742374420166016
1,5,63,315,64,0.0007179835000952755,0.0927833259575161,tanh,"[64, 32, 64, 64]",32768,0.0006867619210459616,1.0,0.5281246845159563,0.767735589202478,0.5076484108742173,0.46060727127447065,0.5653909529601004,3.1906899334387493,0.2514208257198334,0.20000000298023224,0.6381379961967468,0.41363287668598747,0.024759531021118164
1,5,16,80,65,0.009086036516311976,0.31599175345435704,relu,"[32, 256]",131072,1.952524114920127e-05,1.0,0.529459763656897,0.7704054666198958,0.5101404744876786,0.46384932804547135,0.5666954372474401,3.1964769483137587,0.24926438927650452,0.20000000298023224,0.6392953991889954,0.41240384365789345,0.010644674301147461
1,5,8,40,66,0.0014595196937454526,0.3443940318233681,leaky_relu,"[64, 256, 32]",262144,8.314505163445141e-06,4.0,0.5251704057188592,0.7665487097924639,0.5079175149462194,0.4525568160028226,0.5787104241045157,3.177547109461619,0.5071004033088684,0.20000000298023224,0.6355094313621521,0.9183588748447957,0.013942956924438477
1,5,32,160,67,0.0020919420517447,0.11514218975833308,relu,"[64, 32]",65536,1.2938872653099763e-07,2.0,0.5316276944376999,0.7718217655152179,0.5102631096042433,0.4600778430847292,0.5727372592098552,3.207167637241369,0.39837968349456787,0.20000000298023224,0.6414335370063782,0.6236092509880666,0.009561777114868164
1,5,16,80,68,0.0007929259258054163,0.14683492049451302,leaky_relu,"[128, 128, 32, 64]",131072,1.7124206334246512e-07,1.0,0.5277637753457426,0.7680049814596248,0.5074566411720349,0.45253959836764807,0.5775432539526855,3.1964769483137587,0.272920161485672,0.20000000298023224,0.6392953991889954,0.41563868299509543,0.013796806335449219
1,5,32,160,69,0.0002851743078141755,0.17730765599846798,leaky_relu,"[64, 64, 128, 128]",65536,0.00017972808577197352,2.0,0.5260556216812072,0.7679933775563983,0.506277466646863,0.45642653475952677,0.5683530150260897,3.1762721661288715,0.3970087766647339,0.20000000298023224,0.635254442691803,0.6283194625268683,0.013582229614257812
1,5,8,40,70,0.0019119602674512188,0.28306831953740325,leaky_relu,"[64, 64, 128]",262144,4.1772146128281526e-05,1.0,0.5234987950931628,0.7663958709001147,0.5065739961928373,0.46165701098972034,0.5611734473694535,3.171465945669026,0.2877035439014435,0.20000000298023224,0.6342931985855103,0.4169381190879866,0.025675058364868164
1,5,16,80,71,0.004315910209655114,0.4628310668974275,relu,"[128, 32, 32]",131072,4.250486328205146e-07,1.0,0.5287580798801578,0.768872862014281,0.5103067613051743,0.45933536355644855,0.5740025108870493,3.1922593237122996,0.25695013999938965,0.20000000298023224,0.638451874256134,0.4134059754369342,0.01900768280029297
1,5,63,315,72,0.00015973475290116475,0.41382731902768644,tanh,"[128, 32, 32, 64]",32768,5.496197405829286e-06,1.0,0.4865363501213377,0.7579695198222736,0.4951455485997265,0.43665073634061935,0.5717368276511436,3.035819187226606,0.36016151309013367,0.20000000298023224,0.6071638464927673,0.4796955766613409,0.020104646682739258
1,5,16,80,73,0.0015388523581305524,0.21899614450441018,leaky_relu,"[256, 128, 128, 32]",131072,2.129926052820522e-05,1.0,0.5300367374599138,0.7705193611288937,0.5100065118298241,0.4574980139258844,0.5761308799874456,3.198928785340059,0.2952386736869812,0.20000000298023224,0.6397857666015625,0.418026743147418,0.018137693405151367
1,5,32,160,74,0.0001627173191356128,0.4984586693290581,relu,"[128, 128, 64]",65536,4.434226092341104e-06,4.0,0.5205627082855091,0.7620463664925867,0.4985963921464403,0.4323524328061533,0.5888128212169955,3.1680333142275616,0.516075849533081,0.20000000298023224,0.6336066722869873,0.9249043274512263,0.013995647430419922
1,5,8,40,75,0.001392159379513781,0.15401992870366576,leaky_relu,"[32, 64, 32]",262144,5.05306845754033e-07,4.0,0.5239731628281744,0.764867258732831,0.5055378756147798,0.4515740833596902,0.5741496331750952,3.1688180093643368,0.540592610836029,0.20000000298023224,0.6337636113166809,0.9190866701496957,0.027228593826293945
1,5,8,40,76,0.0003408548203643244,0.16445849562210432,relu,"[32, 256]",262144,0.0004793194981187937,2.0,0.5017376144736366,0.7506306664639764,0.4921686104394823,0.45000650216196886,0.543047981482208,3.05975134581698,0.41283705830574036,0.20000000298023224,0.6119502782821655,0.6526108162139049,0.010378360748291016
1,5,8,40,77,0.0009622676749403359,0.4012886962415034,relu,"[256, 64, 256]",262144,2.953418480616774e-05,1.0,0.524840059589616,0.7667713832869074,0.5072522848313499,0.45856283533710046,0.5675095139079603,3.1726431373857986,0.32899442315101624,0.20000000298023224,0.634528636932373,0.42049741908452476,0.027121782302856445
1,5,16,80,78,0.0011921524996751595,0.23752253828757364,leaky_relu,"[32, 256]",131072,3.246563113633113e-07,4.0,0.5256777378104952,0.7665578071122381,0.5056598863685648,0.45325547763074003,0.5717662521087528,3.1847071173085704,0.5388688445091248,0.20000000298023224,0.6369414329528809,0.9168035731328147,0.023230791091918945
1,5,8,40,79,0.00224276999990041,0.31320940890943294,leaky_relu,"[64, 64, 32, 64]",262144,2.7745810661028216e-06,2.0,0.5252356700568951,0.765774022403555,0.5076610653634153,0.46578596057297766,0.5578092510494723,3.1796067479311416,0.4299074113368988,0.20000000298023224,0.6359213590621948,0.6309177700701268,0.0268709659576416
1,5,63,315,80,0.0005555566929555321,0.20966463614987307,leaky_relu,"[64, 64]",32768,2.960419760137152e-07,2.0,0.5295545827863637,0.7701021571914816,0.509146464397561,0.46864612973730874,0.5573090352701165,3.2006942748919984,0.41242876648902893,0.20000000298023224,0.6401388645172119,0.6253781634756945,0.0077152252197265625
1,5,32,160,81,0.0010398921104979436,0.4257231581356422,leaky_relu,"[64, 32, 64, 256]",65536,1.6350084201405504e-06,4.0,0.5263915672992155,0.7675969665565249,0.5093836133494848,0.4609653024911032,0.56916709168661,3.176762414324844,0.5584275126457214,0.20000000298023224,0.6353524923324585,0.9412359488553393,0.014772176742553711
1,5,32,160,82,0.0061122041161582865,0.27762076056247287,relu,"[256, 128, 32, 128]",65536,3.515977802314336e-06,2.0,0.5349958514257656,0.7739971715833918,0.5128282150051242,0.4665327117826716,0.5693240221271921,3.224037837623986,0.3958247900009155,0.20000000298023224,0.6448075771331787,0.6218815274145797,0.014574527740478516
1,5,125,625,83,0.007705966840351215,0.07152331793408857,leaky_relu,"[128, 256, 256, 32]",16384,0.0002845945883588978,1.0,0.5349605151406496,0.7734108303575473,0.5120516968716485,0.4770610350900962,0.5525815057475774,3.2253127809567337,0.24898141622543335,0.20000000298023224,0.6450625658035278,0.41088707160124704,0.019017934799194336
1,5,125,625,84,0.00023417688505785798,0.2315888254809771,leaky_relu,"[64, 32]",16384,7.26905381671539e-05,1.0,0.5251109693793314,0.767678141317915,0.505916567259049,0.45486073055786064,0.5698830868217662,3.1720545415274124,0.27389490604400635,0.20000000298023224,0.6344109177589417,0.41489722252645067,0.009546756744384766
1,5,63,315,85,0.0002688009592749106,0.35770798648680285,leaky_relu,"[256, 64, 32]",32768,1.2465672707002294e-05,4.0,0.5296176805457945,0.7700040636651857,0.5099140675448064,0.4724888490924458,0.5537781003570168,3.196574997952953,0.5755019783973694,0.20000000298023224,0.6393150091171265,0.9107952558988214,0.07139015197753906
1,5,8,40,86,0.003873108555288528,0.07868573059053172,leaky_relu,"[256, 256, 256, 256]",262144,0.0003460993628417705,4.0,0.5321238852266155,0.7719287760106076,0.5110725547829422,0.46865771757180136,0.5619286751147554,3.214229595449126,0.5815162062644958,0.20000000298023224,0.6428459286689758,0.9072982169347211,0.028336763381958008
1,5,16,80,87,0.008795041774915652,0.4416528726743729,relu,"[32, 32, 32]",131072,0.0005649229820749469,4.0,0.5280947678995744,0.7685250396377655,0.5101435552022011,0.4683588944476339,0.5601141668955235,3.1840204718109897,0.5572375059127808,0.20000000298023224,0.6368041038513184,0.9210201755651866,0.015385627746582031
1,5,16,80,88,0.0001645101816567447,0.3866557296568745,tanh,"[64, 32, 32]",131072,4.901948088569285e-07,2.0,0.47036991281067636,0.7456942951705399,0.4864596687799652,0.44034560600279793,0.5433618423633725,2.964808300661917,0.560274600982666,0.20000000298023224,0.5929616689682007,0.7048720174344787,0.014543771743774414
1,5,8,40,89,0.002737195669644148,0.32205028563355903,tanh,"[64, 64]",262144,2.872481132881074e-07,2.0,0.517299819583152,0.7628447744692572,0.5025985132557068,0.4545490603606248,0.5620071403350465,3.1545960433096285,0.41135987639427185,0.20000000298023224,0.6309192180633545,0.6339798548179589,0.007726907730102539
1,5,63,315,90,0.0012896317140519377,0.1378417372822983,leaky_relu,"[64, 32, 128, 256]",32768,8.00231293966884e-07,4.0,0.5335917346779813,0.7734285200320254,0.5127138930756273,0.4677813369572251,0.5671956530267959,3.2155045387818735,0.5532959699630737,0.20000000298023224,0.643100917339325,0.9069496345775377,0.01572561264038086
1,5,8,40,91,0.008884706095262184,0.3542400179343726,leaky_relu,"[32, 64, 256]",262144,3.133009910852888e-05,4.0,0.5255406168282402,0.7673903514515483,0.5081315535696364,0.4576890726576686,0.5710698732786692,3.1728392366641875,0.5193637609481812,0.20000000298023224,0.6345678567886353,0.9207084234906953,0.01627326011657715
1,5,8,40,92,0.0001038140722713304,0.2008137375355878,tanh,"[64, 128, 256]",262144,0.000957130412346827,2.0,0.498678368357342,0.7546110437261154,0.49274030426301585,0.4556543329195238,0.5363980540625368,3.0625956794232776,0.5865179896354675,0.20000000298023224,0.6125191450119019,0.7049040758397909,0.027561187744140625
1,5,32,160,93,0.0062287969856592955,0.47379780278919265,relu,"[256, 128, 256, 128]",65536,6.557284691036152e-05,4.0,0.5345678623297544,0.7735949517716528,0.5133186585985331,0.47033462348733523,0.564949586095963,3.2160931346402597,0.5466310381889343,0.20000000298023224,0.6432186365127563,0.9109314425587725,0.01895451545715332
1,5,32,160,94,0.0035089759429690476,0.418531593228517,relu,"[128, 256, 64, 256]",65536,0.00010980200296578054,4.0,0.5331073104317618,0.7731929856990595,0.512399561723886,0.4792969150353592,0.5504139040370356,3.208835077154114,0.5592820644378662,0.20000000298023224,0.6417670249938965,0.9194019094001382,0.018476486206054688
1,5,32,160,95,0.0016215353558747126,0.3689814499105991,relu,"[64, 32]",65536,5.574588243092698e-07,4.0,0.5300623546710052,0.7703659290562063,0.5105923891722244,0.4680277223838635,0.5616736631488093,3.1997134804768343,0.554496169090271,0.20000000298023224,0.6399427056312561,0.9108299256189549,0.0071070194244384766
1,5,125,625,96,0.005514259508431941,0.05782779582689655,tanh,"[256, 32, 32, 32]",16384,2.5623158995401248e-05,4.0,0.5359783314442502,0.7741887824449002,0.5134466823917294,0.4642432411004519,0.5743163717682137,3.2427712791745176,0.55902498960495,0.20000000298023224,0.648554265499115,0.9052267691036686,0.013122797012329102
1,5,32,160,97,0.00012004377052857197,0.21426002096928332,tanh,"[128, 64]",65536,2.530300394215382e-07,4.0,0.5180357153124064,0.7624796787351662,0.5030355515863351,0.4656617954070981,0.5469320098866177,3.164698434402072,0.5856283903121948,0.20000000298023224,0.6329396963119507,0.9213988432794794,0.009751081466674805
1,5,125,625,98,0.00790222061659122,0.11459560922858276,relu,"[256, 256]",16384,1.608718759331238e-07,1.0,0.5375686755341074,0.7751141159586616,0.514944133461163,0.4685135906485404,0.5715897053630978,3.2400249952074143,0.23252812027931213,0.20000000298023224,0.6480050086975098,0.4113948054875635,0.014362096786499023
1,5,63,315,99,0.00018622826953281892,0.4403793805969444,leaky_relu,"[256, 32]",32768,6.057187598013031e-06,1.0,0.5195335279315406,0.7635420342615488,0.49656204445476476,0.4421149354875761,0.5663031111459845,3.1488093264578385,0.34677791595458984,0.20000000298023224,0.6297618746757507,0.434594882662175,0.008529186248779297
1,5,63,315,100,0.00014209774549341588,0.08313600215930458,tanh,"[128, 128, 128]",32768,1.910091617406165e-05,4.0,0.5262852850251023,0.7683806102121687,0.5075711003274342,0.456880921171401,0.570912942838087,3.182353031898245,0.5565197467803955,0.20000000298023224,0.6364706158638,0.9134597699322937,0.012009859085083008
1,5,63,315,101,0.0007119952653185405,0.28744831600319165,leaky_relu,"[256, 256, 64]",32768,6.676699044449235e-07,4.0,0.5342113276822857,0.7732885322980881,0.5125283926424086,0.46942255290681545,0.5643512887912433,3.2135429499515453,0.5837734341621399,0.20000000298023224,0.6427085995674133,0.9054265507238751,0.015639305114746094
1,5,16,80,102,0.0001234836700714705,0.49721261763260777,relu,"[256, 128]",131072,4.4495186970309445e-06,2.0,0.5122842068205382,0.7597916249441476,0.49615767967863444,0.44293363121605484,0.5639197300796422,3.103986038208216,0.4652158319950104,0.20000000298023224,0.6207972168922424,0.6719207870141312,0.01767420768737793
1,5,125,625,103,0.0002156053729942288,0.3954902543643844,leaky_relu,"[64, 32, 32]",16384,9.120444662611392e-07,4.0,0.5267046285527885,0.767566064926074,0.5089888734476379,0.4637632067102186,0.563988387147397,3.1740161303577406,0.5724158883094788,0.20000000298023224,0.6348032355308533,0.9158863724678775,0.011006832122802734
1,5,32,160,104,0.004826052667360735,0.4639519086377315,relu,"[128, 32, 32, 128]",65536,1.828629462236832e-05,4.0,0.5319412850626911,0.7715582156797614,0.5124050768060431,0.46886372332717313,0.5648613127231354,3.207462084182172,0.5682209730148315,0.20000000298023224,0.6414924263954163,0.9520904480646308,0.012677907943725586
1,5,63,315,105,0.0029122134326792196,0.41792389688868203,tanh,"[64, 256, 32]",32768,2.8290212137596425e-07,4.0,0.5259273578089614,0.7704829525256511,0.5103077011764393,0.46570353283962607,0.5643610969437797,3.1985365867832813,0.5570536255836487,0.20000000298023224,0.6397073268890381,0.9114961288863828,0.011134624481201172
1,5,16,80,106,0.005866694646442219,0.3009441787126596,leaky_relu,"[32, 256, 256, 32]",131072,5.998701854771203e-07,4.0,0.5291521245708055,0.7701190117069083,0.5103977687529235,0.46040459008635987,0.5725705206167366,3.1912785292971355,0.558090329170227,0.20000000298023224,0.6382557153701782,0.9133102364475372,0.019619464874267578
1,5,16,80,107,0.000538068064629169,0.4093008125095226,tanh,"[256, 256, 64, 64]",131072,9.507674879784939e-05,1.0,0.5071842101288586,0.7610902471008516,0.49578917775903586,0.42404326644968393,0.5967574247714701,2.9647102510227223,0.2975403368473053,0.20000000298023224,0.5929420590400696,0.43918487648473975,0.0215914249420166
1,5,63,315,108,0.006080087044019462,0.24310883831601937,tanh,"[32, 32, 256]",32768,0.000170601434734122,2.0,0.5271225848709199,0.7671728704645918,0.5048991713198421,0.4617417466254676,0.5569559417788066,3.1912785292971355,0.3840833604335785,0.20000000298023224,0.6382557153701782,0.6290197501841437,0.01035618782043457
1,5,16,80,109,0.00014666751908019504,0.3836918469080092,leaky_relu,"[32, 32]",131072,5.384104021097316e-06,2.0,0.47741979373080606,0.7424930624290459,0.4831985224960241,0.4282769491936462,0.5542783161363726,2.8612342050487665,0.4398547112941742,0.20000000298023224,0.5722468495368958,0.7093001848630184,0.00699615478515625
1,5,8,40,110,0.00014440020055496734,0.3621583465787147,tanh,"[256, 64]",262144,9.469472124119925e-06,1.0,0.48977829840094605,0.7528891878971642,0.4875358185462715,0.44909660203398793,0.5331711718780651,2.994428828441667,0.490627646446228,0.20000000298023224,0.5988857746124268,0.5638296329066408,0.012141704559326172
1,5,63,315,111,0.0006606907240609876,0.2746658175408748,leaky_relu,"[256, 32, 64, 64]",32768,2.394238384582334e-07,1.0,0.5315999125002979,0.7710498074725536,0.5116701569743507,0.47048222514812377,0.5607615049629252,3.2097178219300835,0.2777852416038513,0.20000000298023224,0.6419435739517212,0.4123393117499906,0.014497995376586914
1,5,63,315,112,0.0001381749033087019,0.2080617324115484,leaky_relu,"[32, 32, 128, 256]",32768,5.2606473905421366e-05,2.0,0.5217992405227422,0.766177024199875,0.5033172341486052,0.44786950936008807,0.5744340695986504,3.1738200310793516,0.3620845377445221,0.20000000298023224,0.6347640156745911,0.6319341898357337,0.017516613006591797
1,5,32,160,113,0.00014010959540882028,0.17202950014159724,tanh,"[128, 128, 64]",65536,2.0331139850601886e-07,2.0,0.5165536219818027,0.7629945355794829,0.4989060609898292,0.44966268607369736,0.5602612891835694,3.1239947211147143,0.46479979157447815,0.20000000298023224,0.6247989535331726,0.6480479643645042,0.011676549911499023
1,5,32,160,114,0.0007615567331418315,0.301844956726724,tanh,"[256, 128, 64, 64]",65536,0.0003937928189545458,4.0,0.5252336852705202,0.7682421895137637,0.5069005943247195,0.470659930905209,0.549187884969987,3.1832357766742145,0.5849035382270813,0.20000000298023224,0.6366471648216248,0.9168424902833492,0.038130998611450195
1,5,16,80,115,0.0009095438083789491,0.055453029755407626,leaky_relu,"[128, 64]",131072,0.00026226365410371704,1.0,0.5276331976605294,0.7685010010253043,0.5072935397570282,0.45880336998429244,0.5672446937894778,3.2080503820173387,0.26062312722206116,0.20000000298023224,0.6416100859642029,0.4136713585989113,0.007883548736572266
1,5,8,40,116,0.007117387709645421,0.23785992916841225,leaky_relu,"[128, 256, 64]",262144,1.3958564904271312e-06,1.0,0.5297247853166112,0.7703153277274325,0.5104656507442633,0.46457186987160926,0.5664208089764212,3.190591883799555,0.2618466913700104,0.20000000298023224,0.6381183862686157,0.41305168546089366,0.012527704238891602
1,5,32,160,117,0.0050109849601002055,0.08564069073892658,tanh,"[32, 128]",65536,3.531852591717407e-07,2.0,0.5293454554980067,0.7697029153184404,0.5095470026646902,0.46305888767720826,0.5664110008238848,3.1966730475921477,0.39818522334098816,0.20000000298023224,0.6393346190452576,0.6254262920808267,0.010671138763427734
1,5,63,315,118,0.005521362740364479,0.15042965063500463,relu,"[256, 32, 128, 128]",32768,0.0001904036160246266,4.0,0.5364489813246287,0.7741900167131051,0.5128277713602141,0.47974133144258124,0.5508160382910275,3.239240300070639,0.5532265305519104,0.20000000298023224,0.6478480696678162,0.9116352029067303,0.05242753028869629
1,5,125,625,119,0.0033871750868272395,0.40499284424693077,tanh,"[256, 32, 128, 256]",16384,1.3151090954812037e-07,1.0,0.5323875334139926,0.771353702734042,0.5110007739692857,0.4744375246884009,0.5536702106791165,3.2215857025744663,0.24313531816005707,0.20000000298023224,0.6443171501159668,0.41203847724822024,0.02202010154724121
1,5,125,625,120,0.0002326118622022763,0.2851690352149428,leaky_relu,"[64, 256, 128, 128]",16384,0.0001439870670408885,1.0,0.5299521937175928,0.7701754701639256,0.5098762364367951,0.4589078182260482,0.5735807603279847,3.19628084903537,0.23654407262802124,0.20000000298023224,0.6392561793327332,0.4124783629443011,0.02577066421508789
1,5,16,80,121,0.0032312199139208782,0.46778504142967203,tanh,"[128, 128, 128, 32]",131072,3.755999198063468e-07,1.0,0.5204136221245053,0.7630740561362463,0.49616073071582717,0.4324982501166589,0.581799992153478,3.1325277219336076,0.23603323101997375,0.20000000298023224,0.6265055537223816,0.41781067191242605,0.030454158782958984
1,5,125,625,122,0.00032674620800894545,0.15467295485083793,leaky_relu,"[32, 128]",16384,7.468589816093866e-05,1.0,0.528548322360065,0.7694988131942069,0.508566709343634,0.4585917490838883,0.5707658205500412,3.196967196509731,0.26374906301498413,0.20000000298023224,0.6393934488296509,0.4129494985348433,0.007295370101928711
1,5,63,315,123,0.004969340415564749,0.15705187361813897,leaky_relu,"[32, 256, 64]",32768,1.8893124805112303e-07,2.0,0.5357022324005541,0.7743749429352074,0.5132463070494869,0.47182878481304186,0.5626348620973753,3.2315900440277154,0.39916521310806274,0.20000000298023224,0.6463180184364319,0.6211894078151621,0.017961978912353516
1,5,32,160,124,0.0008094377260632408,0.40535557320032956,tanh,"[32, 32, 128, 32]",65536,5.796908291674074e-07,1.0,0.5084788364634268,0.7580650630062074,0.49088510227311927,0.4379789493121595,0.558329083133901,3.0875083344055962,0.3079538643360138,0.20000000298023224,0.6175016760826111,0.4368719860149621,0.039656877517700195
1,5,32,160,125,0.0009229466812394183,0.26184509400564826,leaky_relu,"[128, 32, 256, 32]",65536,3.9466958364102625e-06,2.0,0.5304678872125471,0.7706150346876826,0.5103980664826939,0.4723576150096815,0.5551022009494292,3.1975557923681173,0.41992372274398804,0.20000000298023224,0.6395111680030823,0.6257936557416165,0.036562442779541016
1,5,125,625,126,0.003279901256775766,0.4795521682531856,relu,"[64, 128, 32]",16384,1.3822079936768565e-05,1.0,0.5342060106299616,0.7735397118421389,0.5131223431082931,0.4743480867219502,0.5587998744556475,3.2170739290554238,0.24127347767353058,0.20000000298023224,0.6434147953987122,0.4106380717333631,0.010321378707885742
1,5,63,315,127,0.0001883495586472737,0.08363479762521275,leaky_relu,"[256, 128, 128]",32768,1.033904559392205e-05,1.0,0.5316088130478283,0.7715669740754172,0.5105317822113483,0.45834406236101033,0.5761308799874456,3.2148181913075122,0.2628801167011261,0.20000000298023224,0.6429636478424072,0.4124812052847054,0.03755831718444824
1,5,32,160,128,0.0018368510525412784,0.42972648833588295,relu,"[128, 256, 32, 32]",65536,2.1290680215985868e-06,4.0,0.5317296800759539,0.7718948771413628,0.5116376948201408,0.4625928539151254,0.5723155086507905,3.2004981756136095,0.5797904133796692,0.20000000298023224,0.6400996446609497,0.9092219874265732,0.04833388328552246
1,5,16,80,129,0.0015067793034360011,0.20709890013686194,relu,"[128, 256, 32]",131072,7.854479855210905e-07,1.0,0.5299496728287999,0.7705925287794299,0.5101355070836251,0.46291870808922847,0.5680783867550708,3.1912785292971355,0.27214309573173523,0.20000000298023224,0.6382557153701782,0.4126358883465261,0.038462162017822266
1,5,8,40,130,0.006088175926364204,0.12061475824290692,tanh,"[32, 256]",262144,6.355600172568471e-05,2.0,0.5230471746182422,0.7649457870361775,0.5048622400867053,0.4468168669420926,0.5802404959001922,3.1746047262161268,0.35851889848709106,0.20000000298023224,0.6349209547042847,0.63072655146566,0.020629405975341797
1,5,16,80,131,0.0003722481300972685,0.09436110809753433,relu,"[128, 128]",131072,2.0172114944829345e-07,2.0,0.5241323041449435,0.7658752530552608,0.5033810102520956,0.46086191015723704,0.5545431362548551,3.1781357053200052,0.41341349482536316,0.20000000298023224,0.6356271505355835,0.6297672026762289,0.008161544799804688
1,5,16,80,132,0.009266964911189106,0.3375854344804473,tanh,"[64, 32]",131072,0.0005702284242571565,4.0,0.5237929749115702,0.7641661794094249,0.5028105447643956,0.46810273405136704,0.5430774059398171,3.182156932619856,0.5763195157051086,0.20000000298023224,0.6364313960075378,0.9210097287265142,0.020128965377807617
1,5,8,40,133,0.0041685359278292216,0.20306290441571145,relu,"[64, 64, 256, 128]",262144,2.4058145493348935e-05,4.0,0.5286604639041932,0.7697202499312745,0.5100759915029673,0.46082194382671593,0.5711189140413512,3.190395784521166,0.5426030158996582,0.20000000298023224,0.6380791664123535,0.912609137939796,0.034951210021972656
1,5,8,40,134,0.0016722769544508128,0.3285374315797089,leaky_relu,"[128, 256, 256]",262144,1.7887737191236976e-05,2.0,0.5264979760398885,0.7684396762865374,0.5070558362161254,0.46182049670421765,0.5621150300129467,3.186962855056482,0.36794400215148926,0.20000000298023224,0.6373925805091858,0.6298136534539887,0.019089698791503906
1,5,63,315,135,0.006977367434384002,0.0948984877420562,relu,"[128, 32]",32768,4.747840046507737e-05,1.0,0.5370947971478047,0.7747990922016108,0.5136573028633367,0.4760178798633898,0.5577602102867903,3.24728305269356,0.2636345624923706,0.20000000298023224,0.6494566202163696,0.409388021572251,0.018130779266357422
1,5,32,160,136,0.001114812117925446,0.05483720878776455,tanh,"[256, 64, 32, 128]",65536,2.6672256493103235e-06,2.0,0.5310260268378532,0.7707048956948365,0.5095296456210402,0.4561901438486294,0.5769939974106477,3.202557814083132,0.3909628391265869,0.20000000298023224,0.6405115723609924,0.624876104837364,0.014573097229003906
1,5,16,80,137,0.001027069283091192,0.47990417106049266,tanh,"[128, 128, 256]",131072,1.2783602591739227e-05,2.0,0.5178380615671759,0.762936374613486,0.5015976436986791,0.46017981723494156,0.551208364392483,3.114578677496632,0.3579908013343811,0.20000000298023224,0.6229157447814941,0.6396832612862962,0.023566722869873047
1,5,63,315,138,0.008719796893450125,0.058454101121652516,relu,"[64, 128, 64, 64]",32768,1.3475886236935304e-06,1.0,0.5372846142437757,0.775203459639064,0.514532245406197,0.4652363169287124,0.5755129663776531,3.239240300070639,0.24538782238960266,0.20000000298023224,0.6478480696678162,0.4090719819211554,0.013771533966064453
1,5,125,625,139,0.003896663982739379,0.22346369457641407,tanh,"[64, 64, 64]",16384,0.00010267405960318269,2.0,0.530006880978249,0.7704577513980528,0.5089642169831402,0.45681043692538037,0.5745615755816235,3.2031464099415183,0.38641729950904846,0.20000000298023224,0.6406292915344238,0.6251950979499371,0.015538692474365234
1,5,125,625,140,0.003929442838771964,0.42237437001727646,leaky_relu,"[64, 64, 32, 64]",16384,6.536553290476305e-07,1.0,0.5337237537294576,0.7732539269010248,0.512635573619563,0.4728147859728769,0.5597806897092864,3.2135429499515453,0.25782352685928345,0.20000000298023224,0.6427085995674133,0.41080349760813384,0.014768362045288086
1,5,125,625,141,0.00012513102181394183,0.4071803074519049,tanh,"[64, 256, 128, 64]",16384,1.97866773870223e-05,1.0,0.5100899597652059,0.7589166839573722,0.4906033284068947,0.44263148758896026,0.5502373572913806,3.090744866568672,0.22411048412322998,0.20000000298023224,0.6181489825248718,0.42054069785153425,0.022822856903076172
1,5,32,160,142,0.0001352406217793819,0.10856078590649787,tanh,"[64, 256]",65536,0.00010421595195703778,2.0,0.519357073480363,0.7637007722252787,0.501436536569367,0.45244201737703105,0.5623308093687474,3.1549882418664064,0.4195319414138794,0.20000000298023224,0.6309976577758789,0.6356104363890599,0.008330345153808594
1,5,8,40,143,0.0003816514503350878,0.42693904283525225,leaky_relu,"[64, 64, 64, 64]",262144,2.592557287273017e-05,2.0,0.5032336949525884,0.7528361528683539,0.4863537823209338,0.4748838817603245,0.4983914629840323,3.084762050438493,0.4764767587184906,0.20000000298023224,0.6169524192810059,0.6773650980827279,0.016327619552612305
1,5,16,80,144,0.00014358665037865424,0.41106570457381175,tanh,"[64, 256]",131072,3.965158868108677e-05,4.0,0.5029781151302689,0.7581083330281169,0.49360245692432575,0.43041549306052157,0.5785338773588606,3.1092825068640337,0.5581122040748596,0.20000000298023224,0.6218565106391907,0.9316619104455867,0.010484695434570312
1,5,8,40,145,0.0002624295041552125,0.4852392723334767,relu,"[32, 32, 64]",262144,0.00038826884186650423,4.0,0.46395580056946517,0.7297201479777049,0.4625015559936877,0.3915529538145648,0.5648515045705991,2.9203775089922916,0.49046263098716736,0.20000000298023224,0.5840755105018616,1.02379167375318,0.009506464004516602
1,5,32,160,146,0.00041522121681606625,0.3053917276917471,leaky_relu,"[256, 32, 32, 256]",65536,1.9289241141542102e-07,1.0,0.5278074905476411,0.7677082313101792,0.5085781741867786,0.45881322773027045,0.5704519596688767,3.194613409122625,0.26468056440353394,0.20000000298023224,0.6389226913452148,0.41446936064392437,0.028832197189331055
1,5,8,40,147,0.008195108681050459,0.1979792293859629,leaky_relu,"[32, 256, 128, 256]",262144,1.9878561678309835e-07,2.0,0.5281012972623425,0.7690343931889349,0.5101831488706043,0.46949425003091383,0.5585939032523833,3.1845110180301814,0.409792959690094,0.20000000298023224,0.6369022130966187,0.6264085818900988,0.02580714225769043
1,5,32,160,148,0.0005238406382552482,0.08974947337146655,relu,"[128, 32]",65536,1.2605783160222485e-05,4.0,0.5306688033492405,0.77019647325005,0.5093791861563125,0.4612221524071614,0.568764957432618,3.2129546521163785,0.5607308745384216,0.20000000298023224,0.6425909399986267,0.9097188768430242,0.009624481201171875
1,5,125,625,149,0.0006021449762669827,0.4600375826952222,relu,"[128, 64]",16384,0.00045582699417023463,2.0,0.5315899636440764,0.7715507484304752,0.5105653164358095,0.4599182325654533,0.5737474989211032,3.203833055439099,0.4153723418712616,0.20000000298023224,0.6407666206359863,0.6243658993709896,0.042235374450683594
1,5,63,315,150,0.00024415309014675426,0.4748888669233385,tanh,"[64, 64, 256, 128]",32768,1.5882845884445526e-07,1.0,0.49464205315901566,0.7497576267471084,0.49243667657365925,0.44952783581968675,0.5444015065322296,2.923515991516173,0.23469984531402588,0.20000000298023224,0.5847032070159912,0.42933984282340487,0.014652252197265625
1,5,16,80,151,0.00012539479360963542,0.3805501448321941,leaky_relu,"[128, 128]",131072,4.979827860507908e-07,2.0,0.5073631285915945,0.753420850375356,0.4905807795815609,0.44002678627047903,0.5542586998312998,3.1184041035413133,0.45297276973724365,0.20000000298023224,0.623680830001831,0.6763602668308624,0.019118309020996094
1,5,8,40,152,0.00033596013249655307,0.3813484034207982,relu,"[128, 32, 128, 256]",262144,0.00010563411044208537,1.0,0.5023422372716982,0.7468932870322951,0.4856694022623113,0.4603174603174603,0.5139766173643533,3.070638134022979,0.3384982943534851,0.20000000298023224,0.6141276359558105,0.4450517043696412,0.017254114151000977
1,5,8,40,153,0.0012109102039117479,0.42487399628822,tanh,"[32, 64, 128, 256]",262144,2.74290449537789e-07,2.0,0.4927979560460307,0.7557137139066009,0.4942850927103554,0.43097586599352145,0.5793969947820629,2.9695161734593483,0.4203546643257141,0.20000000298023224,0.5939032435417175,0.6512648820301817,0.016011476516723633
1,5,32,160,154,0.0005270629305879201,0.32033955663294783,tanh,"[64, 32, 256, 256]",65536,8.625913917704975e-07,2.0,0.5198542889114407,0.7630966508610162,0.5020367928052826,0.46392472984102423,0.5469712424967633,3.150280369068975,0.3602718710899353,0.20000000298023224,0.6300560832023621,0.6411773923730564,0.032454490661621094
1,5,32,160,155,0.0006178863995029082,0.11996671621514271,relu,"[64, 32, 256]",65536,0.0001372975263575374,4.0,0.529648696747652,0.7704384111384674,0.510252521057992,0.46023798071236505,0.5724626309388363,3.192847919570686,0.5624855756759644,0.20000000298023224,0.6385695934295654,0.9102946467171178,0.01099705696105957
1,5,125,625,156,0.005797003325555912,0.2972536026056756,relu,"[128, 32]",16384,2.3573496861240193e-05,4.0,0.5364939824244085,0.7742708842963295,0.5136085654992563,0.482813686900076,0.5485993958178037,3.2313939447493265,0.5899796485900879,0.20000000298023224,0.6462787985801697,0.9037924589632427,0.008289337158203125
1,5,8,40,157,0.00033910255611075015,0.3945489551907954,leaky_relu,"[64, 256, 128]",262144,4.113139182820549e-07,1.0,0.5042118412359098,0.7530857833662457,0.4856744306443031,0.4749711692622144,0.49687119934089213,3.084958149716882,0.41274014115333557,0.20000000298023224,0.6169916391372681,0.45918159092518845,0.017972230911254883
1,5,16,80,158,0.003471229099236977,0.2422573098996721,relu,"[32, 256]",131072,2.4180784769631023e-06,1.0,0.5276207194080934,0.769096440172172,0.5084494858967156,0.4661292696087248,0.5592216250147122,3.194318962181822,0.2725650370121002,0.20000000298023224,0.6388638019561768,0.41381321721922737,0.010272979736328125
1,5,32,160,159,0.002514680094913143,0.17416830781200526,relu,"[64, 64, 256, 128]",65536,2.2941002989532083e-06,2.0,0.5336692961014693,0.7731108115534383,0.5124954380354877,0.4600258954199426,0.5784750284436424,3.217466425635421,0.36793404817581177,0.20000000298023224,0.6434932947158813,0.6233899164182992,0.017861127853393555
1,5,32,160,160,0.000983700373736826,0.3448391529836354,leaky_relu,"[32, 256]",65536,0.0005761061351255094,4.0,0.5271111166864382,0.7689907216649007,0.509031667745319,0.46706091457870896,0.5592902820824669,3.1871592523580903,0.5715388059616089,0.20000000298023224,0.6374318599700928,0.9154130257837695,0.021854162216186523
1,5,125,625,161,0.004751585460750109,0.05911102627406577,leaky_relu,"[64, 64, 32]",16384,4.936237158074946e-06,2.0,0.5377712686352529,0.7750869965818814,0.5145043261638381,0.47077068357769114,0.5671956530267959,3.2542469612621225,0.3996787965297699,0.20000000298023224,0.6508494019508362,0.6201480961822482,0.01088094711303711
1,5,16,80,162,0.0012716331861940646,0.48177345420371626,leaky_relu,"[32, 128, 32, 64]",131072,0.00012565588535421647,1.0,0.5188730278675596,0.7609597609665839,0.49766643224433504,0.4656303942848353,0.5344364235552591,3.176958513603233,0.3392651081085205,0.20000000298023224,0.6353917121887207,0.42278154621530595,0.03715205192565918
1,5,32,160,163,0.002203686158606965,0.3246525606316639,tanh,"[32, 64, 256, 32]",65536,4.648838543061944e-06,1.0,0.523090676872224,0.7659440613371646,0.502992106712354,0.4305707840686086,0.6047020283259446,3.166856122510789,0.21191419661045074,0.20000000298023224,0.6333712339401245,0.41566364998707817,0.016878843307495117
1,5,32,160,164,0.0006264942598017235,0.0732035854566363,leaky_relu,"[128, 256]",65536,0.0001734427748818565,2.0,0.5324895413367755,0.7714134739894314,0.5104524371566579,0.4597602672430733,0.5737082663109576,3.2195260641049437,0.4009758234024048,0.20000000298023224,0.6439052224159241,0.6236184417418067,0.042920589447021484
1,5,125,625,165,0.0005038979396528965,0.27698603370997543,leaky_relu,"[128, 64]",16384,2.640929748772925e-07,2.0,0.5323987763193219,0.7721136594237739,0.5112415722606981,0.48015059358684975,0.5466377653105261,3.2047158002150686,0.4303193688392639,0.20000000298023224,0.640943169593811,0.6232249485468443,0.03882718086242676
1,5,32,160,166,0.005974832614657362,0.18532990601355182,tanh,"[64, 32, 256]",65536,0.0004225849732332004,2.0,0.5252908592822246,0.7654452389405756,0.5038571486269987,0.4644225121404403,0.5506100670877634,3.1871592523580903,0.37858080863952637,0.20000000298023224,0.6374318599700928,0.6308345546830542,0.03331303596496582
1,5,63,315,167,0.002258554618380403,0.13381269488902936,tanh,"[64, 32]",32768,9.86282352667221e-05,2.0,0.5292315197376011,0.7686777037349761,0.5085419013146016,0.45267943242870917,0.580132606222292,3.2056965946302327,0.38884350657463074,0.20000000298023224,0.6411393284797668,0.6263589915959298,0.016028165817260742
1,5,63,315,168,0.006695812498704863,0.48239949275407124,tanh,"[128, 256, 128]",32768,2.2639126572005086e-05,1.0,0.5278051944260838,0.7668969789932615,0.5065725720592901,0.4547738497429135,0.5716877868884617,3.197947990924895,0.2398996353149414,0.20000000298023224,0.6395896077156067,0.41415879163616165,0.018636226654052734
1,5,125,625,169,0.0005915252163896938,0.15505010961260485,relu,"[32, 128, 64, 32]",16384,7.553714527668168e-05,1.0,0.532250615786573,0.7720876229928244,0.5110072502319283,0.46309917520022315,0.5699713601945937,3.21187580806202,0.2515001893043518,0.20000000298023224,0.6423751711845398,0.4112103027913732,0.022734880447387695
1,5,125,625,170,0.0017780985752075488,0.40180560941992527,leaky_relu,"[256, 32]",16384,1.3841696361503445e-06,2.0,0.5354692617612136,0.7740439704204506,0.5129261161032663,0.47009706199549006,0.5643414806387069,3.2235472914047945,0.416069895029068,0.20000000298023224,0.6447094678878784,0.6211949005086358,0.00824117660522461
1,5,32,160,171,0.0016824401746534238,0.09145404978354563,leaky_relu,"[64, 64, 64, 256]",65536,3.3448830244326965e-05,4.0,0.5338659778054908,0.773186638997723,0.5122898036270963,0.4778780597559837,0.552042057358076,3.223057043208822,0.5859155058860779,0.20000000298023224,0.6446114182472229,0.9057358351946018,0.014614105224609375
1,5,125,625,172,0.0033595136557025692,0.26334245367618786,relu,"[64, 256, 128]",16384,6.109641560343175e-07,2.0,0.536744698364225,0.7748325101437246,0.5139066134477359,0.477070695188963,0.5569069010161246,3.2404174917874116,0.39920157194137573,0.20000000298023224,0.648083508014679,0.6205170533839379,0.013326406478881836
1,5,63,315,173,0.0008635686701972185,0.23083496391353803,leaky_relu,"[128, 256]",32768,9.788218151337105e-06,4.0,0.5341641348891933,0.7728887592214662,0.512209995785018,0.471798641973269,0.5601926321158147,3.2208990570768856,0.5779486298561096,0.20000000298023224,0.6441798210144043,0.9057643542354649,0.0388185977935791
1,5,16,80,174,0.0003209930867870914,0.3136071526809154,leaky_relu,"[64, 256, 256]",131072,2.3321166041180113e-07,4.0,0.5208203347285566,0.764326273045578,0.5021370806555764,0.4547262731619607,0.5605849582172702,3.147239936184288,0.5493037700653076,0.20000000298023224,0.6294479966163635,0.9207922531159208,0.01642751693725586
1,5,125,625,175,0.0027177142297339753,0.2288770453578668,relu,"[64, 32]",16384,1.6843924969282981e-06,4.0,0.5359272342282227,0.7743030380400582,0.5135435594983503,0.47131325548043435,0.5640864686727608,3.232668888082074,0.5668929815292358,0.20000000298023224,0.6465337872505188,0.9041237558509067,0.01510000228881836
1,5,16,80,176,0.0007787890012422424,0.2137022692545419,relu,"[128, 64, 128, 128]",131072,2.2275943389606145e-05,4.0,0.5290952027625123,0.7700161107851996,0.5097357255317068,0.46632651400485003,0.5620561810977285,3.1922593237122996,0.5758537650108337,0.20000000298023224,0.638451874256134,0.9132799124136842,0.02179884910583496
1,5,63,315,177,0.002642344285058077,0.1263064923066173,tanh,"[64, 256, 32]",32768,0.00017467157403688868,1.0,0.5295578732281411,0.7693415984469747,0.5078198949242325,0.4555993580254608,0.5735611440229118,3.2037350057999046,0.23105695843696594,0.20000000298023224,0.6407470107078552,0.4142604257484824,0.013093948364257812
1,5,32,160,178,0.004005293135836786,0.2259908157947405,tanh,"[64, 256]",65536,2.7593655280391453e-05,2.0,0.5292606903132601,0.7687889971080877,0.5092429364622304,0.4614508226108433,0.5680783867550708,3.1990268349792537,0.39026349782943726,0.20000000298023224,0.6398053765296936,0.6262719437782217,0.013343572616577148
1,5,16,80,179,0.0011831782473980172,0.1589675178102117,leaky_relu,"[32, 256]",131072,1.2244683636110588e-05,2.0,0.5246979674246792,0.7665020464529027,0.5044792096235007,0.4563681678916705,0.5639295382321786,3.1838243725326008,0.3943285346031189,0.20000000298023224,0.6367648839950562,0.6290890830267201,0.007831096649169922
1,5,63,315,180,0.0011239056092522787,0.3551253299658419,tanh,"[128, 32]",32768,5.556822434007386e-06,2.0,0.525664336034805,0.765865157625904,0.5048965683775589,0.46399276732144323,0.5537094432892621,3.184314620728573,0.40283116698265076,0.20000000298023224,0.6368629336357117,0.6289558168012073,0.0076465606689453125
1,5,63,315,181,0.00039953790930096026,0.06659399257003726,leaky_relu,"[256, 64, 128, 32]",32768,0.00011654865471113563,2.0,0.5352943912331204,0.7738606819046997,0.5130542966320092,0.4689855731739017,0.566263878535839,3.224920582399956,0.41672858595848083,0.20000000298023224,0.6449841260910034,0.6212729299520706,0.016426801681518555
1,5,8,40,182,0.0002830411739477301,0.26980169723940706,tanh,"[64, 64, 256]",262144,0.0008540999598784198,1.0,0.4953747246467475,0.7557140211809665,0.494208120935138,0.4476847871086908,0.5515222252736475,3.038565471193709,0.4979099631309509,0.20000000298023224,0.6077131032943726,0.5555003760907588,0.016858816146850586
1,5,63,315,183,0.00010132513611890309,0.43970557874626215,tanh,"[64, 32, 128, 256]",32768,1.576099570605833e-05,1.0,0.41289099400343127,0.7412787040111142,0.48705161633293675,0.4273592868460411,0.5661265644003296,2.642022033899694,0.3433879613876343,0.20000000298023224,0.5284044146537781,0.4655882981403077,0.0147705078125
1,5,63,315,184,0.0003500312056333474,0.45711352622537355,relu,"[32, 128, 128]",32768,3.3363025567732426e-07,2.0,0.5224022242587779,0.764023897753842,0.5034141275184599,0.46998035263198185,0.5419690847032053,3.163129044128522,0.40161406993865967,0.20000000298023224,0.6326258182525635,0.6338839938699616,0.015049457550048828
1,5,63,315,185,0.00048484371288201334,0.27948541686169887,tanh,"[32, 64, 256, 256]",32768,2.24024863833254e-06,1.0,0.523700713269546,0.7672352558308231,0.504291553133515,0.44554783184376034,0.5808780258150574,3.1772529605440356,0.19381928443908691,0.20000000298023224,0.6354506015777588,0.4193522499630378,0.018467426300048828
1,5,32,160,186,0.008438229397227862,0.4553379539387971,leaky_relu,"[128, 64]",65536,1.6650977374999276e-06,2.0,0.5331708569425293,0.7729459294010943,0.5121711692870068,0.4773709636409865,0.5524441916120679,3.2173683759962266,0.4309046268463135,0.20000000298023224,0.6434736847877502,0.6228143259502344,0.008106708526611328
1,5,63,315,187,0.0063692800719115684,0.21110982412624063,relu,"[128, 32, 32]",32768,1.041751579291682e-07,1.0,0.5361568782764113,0.7745234135604373,0.514420670385977,0.4798298782661845,0.5543862058142728,3.227862965645448,0.2629711329936981,0.20000000298023224,0.6455726027488708,0.40962901891524256,0.010023832321166992
1,5,16,80,188,0.00901157916999016,0.11138406580942058,relu,"[256, 64]",131072,5.083658777229658e-07,4.0,0.5335086133845055,0.7727331941574677,0.5116446719261806,0.4731938228700486,0.5568970928635882,3.2216837522136608,0.5910014510154724,0.20000000298023224,0.6443367600440979,0.9061007662431944,0.008855581283569336
1,5,8,40,189,0.0017657529761165335,0.10605597521242294,tanh,"[128, 32, 64]",262144,2.8118728781987963e-06,2.0,0.5152441338885446,0.7628617670916025,0.5006725794856641,0.45487766763100745,0.5567205461179332,3.1227194797587474,0.4086934030056,0.20000000298023224,0.6245439052581787,0.6340133542652348,0.012883424758911133
1,5,63,315,190,0.0015417523849495084,0.2760583684743604,tanh,"[256, 32, 32, 64]",32768,9.607805229552408e-07,2.0,0.5288598551906973,0.7699289790521403,0.5094593496302049,0.472029317759668,0.5533367334928793,3.193632614707461,0.4051957130432129,0.20000000298023224,0.638726532459259,0.6262039947132808,0.013306379318237305
1,5,32,160,191,0.004775613443760935,0.18188375778830818,tanh,"[32, 256, 256, 128]",65536,0.00048712360397718614,1.0,0.5264481035117383,0.7663043030790376,0.5062518365180932,0.457856366564332,0.566087331790184,3.1832357766742145,0.22558365762233734,0.20000000298023224,0.6366471648216248,0.41645469818227854,0.01947951316833496
1,5,63,315,192,0.0002746598359901668,0.2328356302865241,relu,"[32, 64, 32, 32]",32768,0.00012987692325430427,4.0,0.5235612034854655,0.765389248303459,0.5029763197914404,0.4515031904769334,0.5676958688061516,3.171171796751443,0.5496008396148682,0.20000000298023224,0.6342343688011169,0.9206967107030586,0.012613296508789062
1,5,16,80,193,0.0067602807669158455,0.2733475134743123,tanh,"[128, 128, 256, 32]",131072,3.6497947106712436e-07,2.0,0.5206291399717464,0.7669545574210292,0.507650653396376,0.4630146066235015,0.5618109772843187,3.170975697473054,0.41655629873275757,0.20000000298023224,0.6341951489448547,0.6306301051967305,0.05765843391418457
1,5,63,315,194,0.0006482736956780299,0.09325964393642813,tanh,"[32, 256, 32, 64]",32768,6.169589762987487e-06,4.0,0.5281134526450154,0.7703769537641488,0.510368957302225,0.4624133811230585,0.569422103652556,3.19716329578812,0.5763272047042847,0.20000000298023224,0.6394326686859131,0.9105118310728847,0.015915632247924805
1,5,63,315,195,0.0002773174308351633,0.4166476276127101,leaky_relu,"[32, 64, 128]",32768,2.1543308631553318e-07,1.0,0.5206370699998588,0.763516364688751,0.5008458155199459,0.4536474708480917,0.5590058456589116,3.16175605115658,0.2949860394001007,0.20000000298023224,0.6323512196540833,0.4187055312213118,0.01116490364074707
1,5,63,315,196,0.0026114202802678165,0.07652531672945186,tanh,"[32, 128]",32768,3.2836778839018744e-06,2.0,0.5308898829970122,0.7706620651860199,0.5100316233309908,0.4618211320034361,0.5694809525677743,3.210011970847667,0.40181466937065125,0.20000000298023224,0.6420024037361145,0.6246098586060234,0.01628851890563965
1,5,8,40,197,0.00040019264664849116,0.38784439455077235,tanh,"[256, 32, 128]",262144,1.6629199714673072e-05,2.0,0.4965168727704256,0.7556353324282845,0.4934375956972366,0.4403710689402979,0.5610459413864805,3.019341483423986,0.5025554895401001,0.20000000298023224,0.603868305683136,0.6721332232422413,0.012843132019042969
1,5,125,625,198,0.0018630244930924985,0.34545813830095806,leaky_relu,"[256, 64, 256]",16384,0.0007383639424488547,2.0,0.5341989157055579,0.7730557007241314,0.5124553553286886,0.47481069321842445,0.5565832319824238,3.2238417383455973,0.4036695659160614,0.20000000298023224,0.6447683572769165,0.6225700366403034,0.014341354370117188
1,5,125,625,199,0.003181595625734682,0.32344177895834153,leaky_relu,"[128, 128]",16384,1.1238018903539476e-06,2.0,0.5362731318710434,0.7745834619796373,0.5138054901472022,0.47037106462050027,0.5660775236376476,3.2309033985301348,0.4129735231399536,0.20000000298023224,0.6461806893348694,0.6205584511166112,0.009214401245117188
1,5,32,160,200,0.0022646121507790273,0.2561909514350704,leaky_relu,"[32, 256, 256]",65536,1.6802313218327395e-07,4.0,0.5306401186688828,0.7717261402367317,0.5110685072690986,0.46063435332645813,0.5739044293616854,3.1990268349792537,0.5630025863647461,0.20000000298023224,0.6398053765296936,0.90952731277809,0.03504753112792969
1,5,125,625,201,0.006921400114139423,0.11701758677367462,relu,"[128, 64, 256, 256]",16384,0.00036654046260855205,4.0,0.534262077728497,0.7737404980775798,0.5128996086461284,0.46787039807230474,0.5675193220604967,3.2218798514920497,0.5745931267738342,0.20000000298023224,0.6443759799003601,0.9089554180781471,0.0229642391204834
1,5,8,40,202,0.005946510873996751,0.131225094342191,tanh,"[64, 64, 128]",262144,0.00012190237955968304,2.0,0.523456954700336,0.7667940131246249,0.5069970096761135,0.4557577180420237,0.571216995566715,3.1613635545765826,0.394551545381546,0.20000000298023224,0.6322727203369141,0.629414784033716,0.03524136543273926
1,5,125,625,203,0.00019809696548407947,0.3435182283183867,leaky_relu,"[64, 64]",16384,0.0003999883014064139,4.0,0.5263130547233804,0.7672775497488667,0.5079296684356547,0.4603167013332696,0.5665286986543214,3.178331804598394,0.5529358386993408,0.20000000298023224,0.6356663703918457,0.9148356287989836,0.009826421737670898
1,5,8,40,204,0.003461308417855467,0.27197165343673746,relu,"[128, 128, 32]",262144,3.621368362837066e-07,2.0,0.5284409563958514,0.7691142079128335,0.5080566827346423,0.47285354602139273,0.5489230648515045,3.195790302816178,0.42118707299232483,0.20000000298023224,0.6391580700874329,0.6274567950341994,0.03867745399475098
1,5,63,315,205,0.0001821130994860301,0.42029764982670764,relu,"[128, 32, 32, 256]",32768,0.0001075345831864857,2.0,0.5247029057338638,0.7653431657224294,0.506076472917675,0.45891121502785004,0.5640472360626152,3.1824510815374394,0.3628624677658081,0.20000000298023224,0.6364902257919312,0.6367955188569945,0.017661571502685547
1,5,8,40,206,0.0014487639605017517,0.40846611317438825,relu,"[128, 32, 64, 128]",262144,2.8863524363181956e-05,1.0,0.5182745030957314,0.7620231586620834,0.499145929663246,0.45187911939384784,0.5574561575581624,3.1325277219336076,0.3186277151107788,0.20000000298023224,0.6265055537223816,0.42095045484834837,0.014459848403930664
1,5,63,315,207,0.0003786198192365908,0.384906515897537,relu,"[32, 32]",32768,1.907120881664709e-06,2.0,0.5211453450026642,0.7654879852624928,0.5029100053888989,0.463818296279116,0.5491976931225234,3.1486132271794496,0.4431816637516022,0.20000000298023224,0.6297226548194885,0.632135483727898,0.007215023040771484
1,5,125,625,208,0.00024567362645341374,0.21091708201659898,relu,"[64, 32, 32]",16384,0.0001473276798674693,2.0,0.526968499164018,0.768485687186649,0.5089272449202534,0.4589184673822245,0.5711679548040332,3.1818627837022726,0.4095939099788666,0.20000000298023224,0.6363725662231445,0.6273070585064041,0.014421701431274414
1,5,63,315,209,0.00015585603560708144,0.3213663935880573,leaky_relu,"[32, 256]",32768,4.6834026790989816e-05,2.0,0.5201688013948269,0.7620160870106558,0.49761543016354615,0.46767555628413415,0.5316509082349249,3.148711276818644,0.43422409892082214,0.20000000298023224,0.6297422647476196,0.634255713129704,0.008796930313110352
1,5,125,625,210,0.0028049139930515017,0.07934716615569407,relu,"[128, 128]",16384,0.0006953506383164321,4.0,0.5357047615073415,0.7743504008848489,0.5132815839802003,0.4742036601285452,0.5593785554552945,3.2371806616011165,0.5935323238372803,0.20000000298023224,0.6474361419677734,0.9041261744918256,0.009790420532226562
1,5,32,160,211,0.0018765088252922237,0.19892883882270207,leaky_relu,"[256, 64, 32]",65536,5.949641056026687e-07,1.0,0.5335462689752548,0.7728168722435403,0.5121660771732756,0.46818743094820303,0.5652634469771274,3.2181527731097823,0.261665940284729,0.20000000298023224,0.6436305642127991,0.41058161651462866,0.013467550277709961
1,5,8,40,212,0.009673580961517304,0.26100297705973863,tanh,"[32, 256, 128, 128]",262144,7.161122858567749e-07,2.0,0.5105927606884773,0.7618036415089711,0.5001181530318068,0.4449855879137263,0.5708442857703323,3.113597883081468,0.3977029323577881,0.20000000298023224,0.6227195858955383,0.6421390330259711,0.019173860549926758
1,5,63,315,213,0.0005805936478157468,0.1154626501925016,leaky_relu,"[64, 128, 32]",32768,6.763217888741915e-06,2.0,0.532256107467454,0.772164768928288,0.511403072781734,0.46360700187407794,0.5701871395503942,3.200204026696026,0.41031593084335327,0.20000000298023224,0.6400408148765564,0.6232473217616473,0.010315656661987305
1,5,125,625,214,0.0002503921143020685,0.4076723483836289,leaky_relu,"[64, 256, 128, 32]",16384,2.577550644957009e-06,4.0,0.5281117005651799,0.768985051440953,0.5089218028913292,0.4643368523237471,0.5629781474361489,3.190003585964388,0.5733655095100403,0.20000000298023224,0.6380007266998291,0.913375880689328,0.02417445182800293
1,5,32,160,215,0.006630245464222379,0.26717108461389116,relu,"[256, 128, 256, 64]",65536,1.4562972555768048e-07,1.0,0.5361818099662368,0.7742420057608792,0.5135221994761056,0.465871602137568,0.5720310722272353,3.2400249952074143,0.24322623014450073,0.20000000298023224,0.6480050086975098,0.409548149479203,0.019958972930908203
1,5,8,40,216,0.0002472855649455563,0.24872589923854738,tanh,"[64, 256, 64]",262144,0.0005180355582560026,4.0,0.5073683015567259,0.7580555592901409,0.49918881475810273,0.4662143757022711,0.5371827062654478,3.1162461174093767,0.6206536293029785,0.20000000298023224,0.6232492327690125,0.9317793117077804,0.011941671371459961
1,5,63,315,217,0.001998953589810879,0.29275490845464963,leaky_relu,"[256, 32, 32]",32768,0.0003319352457937662,2.0,0.5355835709688077,0.7740629270470346,0.5133228137495741,0.4727130118890357,0.561565773470909,3.222076248793658,0.42283207178115845,0.20000000298023224,0.6444152593612671,0.6221628200456437,0.010761499404907227
1,5,125,625,218,0.0011376035245919424,0.4145475875618577,relu,"[256, 256]",16384,1.1863895964315382e-07,1.0,0.53517803875305,0.7736806096627905,0.5127345423902032,0.4721392131288283,0.5609674761661894,3.2308053488909403,0.26838740706443787,0.20000000298023224,0.6461610794067383,0.4099862506977129,0.011554956436157227
1,5,8,40,219,0.0006670845487014881,0.45118245852717936,relu,"[64, 64, 128, 256]",262144,5.6727597540424226e-05,4.0,0.5145893042675106,0.757994114205354,0.4944093360475642,0.43621528793298686,0.5705206167366315,3.1111460460551674,0.44812682271003723,0.20000000298023224,0.6222292184829712,0.9652444664856438,0.014623641967773438
1,5,32,160,220,0.00013339221133534156,0.2556613422262068,relu,"[32, 256, 64, 64]",65536,5.400796098829773e-07,1.0,0.5072719239153824,0.7573566183933377,0.4889547256415606,0.4255014742835563,0.5746498489544509,3.071128680242171,0.39203348755836487,0.20000000298023224,0.6142257452011108,0.4670094791989052,0.026577234268188477
1,5,32,160,221,0.002012756648002513,0.06461326973193714,tanh,"[128, 128]",65536,4.241045741266817e-07,1.0,0.5308285203979748,0.7701150110795645,0.5099196851231318,0.4651775894416769,0.5641845501981246,3.21521038986429,0.24118313193321228,0.20000000298023224,0.6430420875549316,0.41213593885628175,0.008909225463867188
1,5,125,625,222,0.0021818047549359543,0.3638846494445711,relu,"[32, 32, 64, 128]",16384,0.0007952610397900322,2.0,0.5332153848560639,0.7729305854037842,0.5126972487031153,0.47605877704736127,0.5554454862882028,3.207167637241369,0.37225693464279175,0.20000000298023224,0.6414335370063782,0.6283041338327751,0.01287531852722168
1,5,63,315,223,0.00012865016002545915,0.1528617772840814,tanh,"[256, 128, 256, 32]",32768,8.569294536922345e-06,4.0,0.525177299980687,0.7685669469406122,0.5072894958735817,0.4573758222712412,0.5694319118050923,3.1814702871222753,0.5669834017753601,0.20000000298023224,0.6362940669059753,0.9149570039869585,0.01722431182861328
1,5,125,625,224,0.0009891269273199538,0.18597866332380486,leaky_relu,"[256, 256, 64, 64]",16384,1.5342570245214055e-05,2.0,0.5372087541349484,0.774706913487397,0.5140785822966079,0.4727251777719252,0.563360665385068,3.241888534398548,0.41206154227256775,0.20000000298023224,0.6483777165412903,0.6204716263987915,0.018805503845214844
1,5,32,160,225,0.00011208739269281751,0.3624184927770154,tanh,"[64, 256]",65536,2.4379988089075332e-06,1.0,0.5044821452327182,0.7583581532681998,0.49505906891658547,0.43870826010544817,0.5680195378398525,3.069461240329426,0.43688490986824036,0.20000000298023224,0.6138922572135925,0.5215028880969695,0.009703397750854492
1,5,16,80,226,0.006864500374512432,0.42986562453533106,leaky_relu,"[256, 128, 256]",131072,1.493440982484375e-05,4.0,0.5319297975714807,0.7718764966316675,0.5120440467997247,0.4755592935239697,0.5545921770175369,3.2049118994934576,0.5938243865966797,0.20000000298023224,0.6409823894500732,0.9080196788617902,0.01897740364074707
1,5,125,625,227,0.00012207443791694772,0.0844142602194907,leaky_relu,"[64, 32, 128, 32]",16384,6.089059605888025e-06,4.0,0.5297367167664588,0.7696682286324985,0.5097153797871332,0.47230474405215195,0.5535623210012162,3.203244459580713,0.5661345720291138,0.20000000298023224,0.6406489014625549,0.9110296686805287,0.03299522399902344
1,5,32,160,228,0.009768942798695477,0.301252557135908,leaky_relu,"[128, 32, 128, 32]",65536,0.00031851658542849694,2.0,0.5323764283519867,0.7727576071076193,0.5117199081346827,0.46618881372604354,0.5671073796539684,3.210404467427664,0.36490052938461304,0.20000000298023224,0.6420809030532837,0.6343728178924051,0.013797998428344727
1,5,32,160,229,0.00021708723031994305,0.4312468090481352,relu,"[64, 64, 128]",65536,3.413801674959647e-06,4.0,0.516510485345372,0.7593551567931365,0.49717164376617723,0.45810771710825443,0.5435187728039547,3.1239947211147143,0.5250086188316345,0.20000000298023224,0.6247989535331726,0.9306035393754527,0.010914087295532227
1,5,125,625,230,0.00018038765212020607,0.12999183937353787,relu,"[128, 128, 32]",16384,2.247902533948839e-05,4.0,0.5321656469132411,0.7719698103719094,0.511436580176002,0.4674191060046283,0.5646063007571894,3.2113852618428282,0.576294481754303,0.20000000298023224,0.6422770619392395,0.907216039217067,0.020504474639892578
1,5,8,40,231,0.0001961837980163034,0.39761661892876776,leaky_relu,"[256, 32, 128, 64]",262144,4.036920637723078e-06,1.0,0.5017417571936398,0.7478477156634582,0.48868752192107934,0.4789737890503593,0.4988034053905606,3.1123229397487204,0.39861196279525757,0.20000000298023224,0.6224645972251892,0.47882314766555684,0.021189212799072266
1,5,8,40,232,0.00039745225609437337,0.3473720430619527,tanh,"[256, 128]",262144,8.179859067261097e-05,2.0,0.5164248649465597,0.7620721646725672,0.5002305878012465,0.45294814791247423,0.5585350543371651,3.138412488424592,0.46220043301582336,0.20000000298023224,0.6276825070381165,0.6496990290487484,0.010356903076171875
1,5,32,160,233,0.00031248209896307845,0.06423720059881685,tanh,"[128, 256]",65536,0.00011559114281880794,1.0,0.520003571502656,0.765103588301908,0.5036605701750475,0.46172522603534816,0.5539742634077445,3.145082248075571,0.25028449296951294,0.20000000298023224,0.6290164589881897,0.41615031872974606,0.011427164077758789
1,5,63,315,234,0.00025731156845013156,0.39406438480123795,relu,"[32, 256, 64, 64]",32768,3.4806159845309575e-07,4.0,0.5239313110449444,0.7655206856619043,0.5071089630931459,0.45930565725382827,0.5660186747224293,3.171956491888218,0.5378566980361938,0.20000000298023224,0.6343913078308105,0.9208524546386954,0.01416325569152832
1,5,125,625,235,0.0014250139127569583,0.30374432025486164,relu,"[256, 256, 64]",16384,2.5084688755463935e-06,1.0,0.5365742860461813,0.7745972398673389,0.5132526428680864,0.47473366566079256,0.5585742869473106,3.2386520022354723,0.26547086238861084,0.20000000298023224,0.6477304100990295,0.4093505878101274,0.016273021697998047
1,5,16,80,236,0.005765251798683992,0.3193830266077233,relu,"[64, 128, 128]",131072,1.2451399971669217e-06,1.0,0.5298170163941017,0.7713260523460804,0.5104257244769392,0.4659937787570475,0.5642237828082702,3.199419331559251,0.24443766474723816,0.20000000298023224,0.6398838758468628,0.4119618546523578,0.017457008361816406
1,5,125,625,237,0.007595022759502332,0.4683503285996444,leaky_relu,"[256, 32, 128]",16384,0.00033027220309169564,2.0,0.5316993582897681,0.7718581424927577,0.5105768889204646,0.46646707558498035,0.5639001137745694,3.20118482111119,0.3967481553554535,0.20000000298023224,0.6402369737625122,0.6300337965895604,0.011284828186035156
1,5,8,40,238,0.00014498685422264864,0.14433650162596234,relu,"[64, 64, 64, 256]",262144,3.642296226360169e-06,2.0,0.49317994343835747,0.7463197573786218,0.4860254373430136,0.44382486910570423,0.5370944328926204,3.0083566455787922,0.43832603096961975,0.20000000298023224,0.6016713380813599,0.6720409170297649,0.014172792434692383
1,5,125,625,239,0.0005436788803762573,0.2706767307554458,relu,"[256, 32, 128]",16384,1.1007719282686816e-07,4.0,0.5335404224247569,0.7730448410590671,0.5121227931700313,0.46954395662804294,0.5631939267919495,3.2116794107604116,0.5709853768348694,0.20000000298023224,0.6423358917236328,0.9114770032265228,0.015720129013061523
1,5,63,315,240,0.0017930292085457308,0.17828517026294843,tanh,"[256, 32, 64]",32768,3.5109808636725253e-05,2.0,0.5310161978895364,0.7706751902133976,0.5101957511656174,0.47452922516198703,0.5516595394091569,3.2068734883237857,0.3938746452331543,0.20000000298023224,0.6413747072219849,0.6249251775867105,0.011032342910766602
1,5,32,160,241,0.005439966119278077,0.0605853907246757,leaky_relu,"[128, 32, 256]",65536,6.54094291170834e-05,4.0,0.5364136705493222,0.7743375465398166,0.513172032042651,0.4771169652265543,0.5551218172545019,3.2311978454709376,0.5823197960853577,0.20000000298023224,0.6462395787239075,0.9038055443876913,0.010632991790771484
1,5,16,80,242,0.0017497636875921535,0.3566967229930362,leaky_relu,"[64, 128, 256, 32]",131072,0.0001588530357921855,4.0,0.5289041723724393,0.7693795210195039,0.5098843650463925,0.45625638960314757,0.5777982659186316,3.1953981042594,0.5262652039527893,0.20000000298023224,0.6390796303749084,0.9147343449937932,0.015134572982788086
1,5,8,40,243,0.0006982498638133501,0.4280537517961679,tanh,"[64, 32, 256, 32]",262144,1.500476378934014e-06,1.0,0.483018983668049,0.7550525413619323,0.4908890591242824,0.43734758669345564,0.5593687473027581,2.9959001690760227,0.43583396077156067,0.20000000298023224,0.5991800427436829,0.5032974029458178,0.013547420501708984
1,5,32,160,244,0.0025770507949132585,0.4900308543576455,leaky_relu,"[256, 32]",65536,1.3004470440665637e-05,4.0,0.5320851275293057,0.7718601982355843,0.5110806750905718,0.4650035374324672,0.5672937345521597,3.214229595449126,0.5643166899681091,0.20000000298023224,0.6428459286689758,0.907906149976966,0.010426998138427734
1,5,16,80,245,0.0004318883474042347,0.385487436362272,tanh,"[128, 256, 32]",131072,4.676208872795594e-07,4.0,0.5145222238215075,0.7636766433773522,0.504964018336563,0.4470112597294642,0.5801816469849739,3.164698434402072,0.5634323954582214,0.20000000298023224,0.6329396963119507,0.9233970190348886,0.014784812927246094
1,5,8,40,246,0.00026494896859833493,0.10051085850880245,leaky_relu,"[64, 256, 64]",262144,4.159695171756596e-07,2.0,0.516892658665495,0.7621653262126118,0.49762965475988535,0.45664498369680984,0.5466966142257444,3.134293211485547,0.44630300998687744,0.20000000298023224,0.626858651638031,0.6436101778182414,0.04727482795715332
1,5,16,80,247,0.0018180428690464762,0.35412598858914995,relu,"[64, 128, 64]",131072,0.00047045601846469674,1.0,0.5269807280978527,0.768278186285422,0.5071638599304998,0.4646297263762816,0.5582702342186826,3.1847071173085704,0.26984989643096924,0.20000000298023224,0.6369414329528809,0.41379300173114947,0.010645151138305664
1,5,16,80,248,0.0014682401805793553,0.09961731670160118,relu,"[32, 32, 32, 64]",131072,3.0550622921396154e-06,4.0,0.5271871939995967,0.7691284763837264,0.5085840123320854,0.46154891521575775,0.5662933029934482,3.183628273254212,0.5739209055900574,0.20000000298023224,0.636725664138794,0.9130581527834964,0.015098094940185547
1,5,32,160,249,0.004411532777725784,0.21043869853082142,relu,"[32, 64]",65536,5.279737860008038e-06,1.0,0.5309158932889828,0.7715175622939398,0.5111882716049383,0.46218487394957986,0.5718152928714347,3.204029154717488,0.2531670033931732,0.20000000298023224,0.6408058404922485,0.4116205430188902,0.009150981903076172
1,5,32,160,250,0.00023591052411142766,0.12299761225526262,leaky_relu,"[128, 256]",65536,2.877581799851998e-06,1.0,0.5273468093857695,0.7679158967251853,0.5056240967782052,0.4492178272895601,0.5782298246302326,3.193142068488269,0.24834778904914856,0.20000000298023224,0.6386284232139587,0.4140833022134807,0.02421259880065918
1,5,32,160,251,0.00024092042814918732,0.1317902419164708,tanh,"[128, 32, 32]",65536,0.00018180058131764525,4.0,0.5172273485900523,0.7641662313813972,0.5041301253097594,0.45661413562559694,0.5626839028600573,3.1646003847628776,0.5826991200447083,0.20000000298023224,0.6329200863838196,0.9218425568618941,0.013176918029785156
1,5,63,315,252,0.0002831716158306823,0.4907390732845361,leaky_relu,"[64, 64, 128]",32768,0.0007657251723903302,4.0,0.5223981265590215,0.764471342248318,0.5046656987038742,0.4598944718753025,0.5590941190317392,3.1660717253972335,0.5343269109725952,0.20000000298023224,0.6332143545150757,0.9290534569505403,0.010347604751586914
1,5,16,80,253,0.0006097846896657756,0.36956777026745175,leaky_relu,"[32, 128, 32, 64]",131072,1.0310561955823775e-06,1.0,0.5168288286572692,0.7627028805471947,0.4976157415865824,0.4656607967173876,0.5342794931146769,3.1567537314183456,0.33165526390075684,0.20000000298023224,0.6313507556915283,0.43329452675519475,0.015136480331420898
1,5,63,315,254,0.004337540911445376,0.10833059586633924,leaky_relu,"[256, 64, 32]",32768,0.0004965661540283358,1.0,0.5356709025541149,0.7743671736183728,0.5135774118157613,0.476324240925061,0.5571521048295343,3.2355132216883717,0.24274969100952148,0.20000000298023224,0.6471026539802551,0.4114961045557896,0.011882305145263672
1,5,63,315,255,0.0009350542318651814,0.33247827278953745,relu,"[256, 128, 128, 128]",32768,2.9968786991360487e-06,4.0,0.5333127920073858,0.7731051353169995,0.51277261097348,0.4748560396486448,0.557269802659971,3.2006942748919984,0.5853326916694641,0.20000000298023224,0.6401388645172119,0.9067920828965605,0.029091358184814453
1,5,16,80,256,0.00038565434282418026,0.29803552034718184,leaky_relu,"[64, 128, 64, 128]",131072,5.580539027513717e-05,1.0,0.5229112363569131,0.7636860985485665,0.5023517764822352,0.45552549892673894,0.5599081956922594,3.176958513603233,0.2878578007221222,0.20000000298023224,0.6353917121887207,0.4197688819462818,0.030243396759033203
1,5,16,80,257,0.009161724072283054,0.2925498944016115,tanh,"[256, 128]",131072,3.1916106950810793e-07,4.0,0.5248178267126967,0.7662364911510693,0.5057456984905895,0.4617516000972211,0.5590058456589116,3.1788220527943665,0.5737947821617126,0.20000000298023224,0.6357644200325012,0.9165161998982175,0.009588003158569336
1,5,16,80,258,0.00021078127329750182,0.30666599527133187,relu,"[32, 256]",131072,6.802981277924551e-05,1.0,0.491153896572878,0.752838437687088,0.49015332314612914,0.4357941014837882,0.5600062772176233,2.9992350489015123,0.3048449456691742,0.20000000298023224,0.5998470187187195,0.45157015170657794,0.007719516754150391
1,5,125,625,259,0.0021676915603638185,0.4190229248400514,leaky_relu,"[64, 256, 128, 32]",16384,3.681130402894731e-05,2.0,0.5350115691809006,0.7740770680891931,0.5133023657963113,0.4664363079537893,0.5706383145670682,3.2181527731097823,0.3905965983867645,0.20000000298023224,0.6436305642127991,0.6225566812170329,0.02111196517944336
1,5,32,160,260,0.0011608488711443053,0.3295884328184409,leaky_relu,"[256, 32, 256]",65536,1.5489760108564217e-07,1.0,0.5309270790796322,0.7714533822712917,0.5113473673047352,0.4653001158003088,0.5675095139079603,3.206677389045397,0.2707081437110901,0.20000000298023224,0.6413354873657227,0.4127280966438342,0.017687320709228516
1,5,63,315,261,0.004917895688362801,0.16520829701129386,relu,"[32, 256]",32768,0.00016373666709448495,1.0,0.5350956201480884,0.7736273521357379,0.5129012286469188,0.4616803503869641,0.5769057240378203,3.2315900440277154,0.25386175513267517,0.20000000298023224,0.6463180184364319,0.4111091447655696,0.00780940055847168
1,5,125,625,262,0.00027007100963765844,0.3616993462845218,leaky_relu,"[128, 128, 256]",16384,0.0002911595429163232,2.0,0.5310319462852662,0.7709905647151238,0.5100239936017062,0.46621555757733296,0.5629192985209306,3.1952997565969863,0.39837923645973206,0.20000000298023224,0.6390599608421326,0.6250658271101225,0.07266807556152344
1,5,16,80,263,0.0016376768432392614,0.12938551636840884,leaky_relu,"[128, 256, 64, 64]",131072,3.127398186691392e-06,2.0,0.5334631586599357,0.7726427362302062,0.5121743680749892,0.47771392677978763,0.5519930165953941,3.212268006618798,0.4303438365459442,0.20000000298023224,0.6424536108970642,0.6226449296110501,0.02175283432006836
1,5,32,160,264,0.00011384358906555697,0.27016934605525067,relu,"[256, 64]",65536,1.8017609040412637e-07,4.0,0.523336749449316,0.7658302905532068,0.5041275905217965,0.4589750815184574,0.5591333516418847,3.1734278325225738,0.5578903555870056,0.20000000298023224,0.6346855759620667,0.91686332914238,0.008644342422485352
1,5,32,160,265,0.0004866170975263906,0.257445864394498,relu,"[32, 128]",65536,7.122377115423252e-05,2.0,0.5224141463686113,0.7637928540421874,0.5040178649927027,0.45669492065515266,0.5622817686060654,3.1757816199096798,0.40719473361968994,0.20000000298023224,0.6351563334465027,0.6313826984761298,0.007429599761962891
1,5,125,625,266,0.00042338456732270017,0.3303677856284106,relu,"[256, 128, 128, 64]",16384,1.4609458534357591e-06,4.0,0.5328915375901456,0.772707310407715,0.5120891533368019,0.46842940243257536,0.564723998587626,3.204225253995877,0.588323175907135,0.20000000298023224,0.6408450603485107,0.9065275717513082,0.023216962814331055
1,5,16,80,267,0.00022301250483114366,0.3212910742038247,tanh,"[32, 32, 128, 64]",131072,0.0006345687915584448,2.0,0.4889969265000473,0.7546524967371664,0.49019639550772565,0.4169612522523762,0.5946388638236102,3.093491150535775,0.5101948380470276,0.20000000298023224,0.618698239326477,0.7017576147245441,0.012756586074829102
1,5,16,80,268,0.0011416795180099666,0.4503552397737808,relu,"[256, 128]",131072,0.0003235229829175439,1.0,0.5274966419731132,0.7685445085165586,0.5068022034878412,0.45517521457635324,0.5716387461257797,3.1924554229906885,0.26754236221313477,0.20000000298023224,0.6384910941123962,0.4139711971921635,0.018210649490356445
1,5,125,625,269,0.00030315089672998716,0.4347110451469159,leaky_relu,"[256, 256, 128]",16384,6.384476028723376e-05,4.0,0.5307951901381216,0.7716462208233398,0.5105147667796552,0.45199038447001194,0.586449056455726,3.189218890827613,0.5592541694641113,0.20000000298023224,0.6378437876701355,0.9086971750844572,0.0313868522644043
1,5,16,80,270,0.0034925161585005406,0.19206181696576363,tanh,"[128, 64, 256, 256]",131072,5.458759526679624e-06,1.0,0.5263820028071257,0.7678280587048071,0.5057449278134496,0.45417847633771363,0.5705206167366315,3.184805166947765,0.2208099216222763,0.20000000298023224,0.636961042881012,0.41467732984426936,0.017339706420898438
1,5,32,160,271,0.009627237308371612,0.3090321285531945,relu,"[32, 256, 32, 64]",65536,3.636943521238537e-05,2.0,0.5329944103783466,0.7730174607041019,0.5120507769752681,0.4623855676949104,0.5736690337008121,3.2101103185100808,0.3624979257583618,0.20000000298023224,0.6420220732688904,0.6291901011980315,0.013738393783569336
1,5,16,80,272,0.0012328109728069567,0.27294168693416576,leaky_relu,"[128, 128, 256, 32]",131072,0.0001411731506111225,4.0,0.5299900508122746,0.7708261865177515,0.5096618568594377,0.459600258507905,0.5719624151594805,3.192161274073105,0.5658082962036133,0.20000000298023224,0.6384322643280029,0.9099158604782324,0.01599907875061035
1,5,16,80,273,0.0009260492446250878,0.22572682875795408,relu,"[32, 32, 128]",131072,0.0006251903190290993,1.0,0.5171228487543316,0.7603487703674161,0.4960734693877551,0.42482732585777805,0.5960316214837773,3.1485148795170357,0.24933326244354248,0.20000000298023224,0.6297029852867126,0.42039381436837875,0.009807109832763672
1,5,63,315,274,0.002623931629285579,0.4508360292716771,relu,"[32, 128, 128]",32768,0.00012024900012747951,2.0,0.5315971746395249,0.7716183809697614,0.5122056023194489,0.47528351142859543,0.5553474047628388,3.2004981756136095,0.39063337445259094,0.20000000298023224,0.6400996446609497,0.6288137563554811,0.010991573333740234
1,5,125,625,275,0.0003437407182737798,0.31491424328354084,tanh,"[32, 64, 128, 32]",16384,3.8356263488389106e-07,1.0,0.5175453620506106,0.7629042463266442,0.4995533847732715,0.4844539054148697,0.5156243869904664,3.127819849136176,0.2828644812107086,0.20000000298023224,0.6255639791488647,0.418084496880079,0.01298069953918457
1,5,63,315,276,0.002780172130577256,0.4437364693473724,leaky_relu,"[128, 256, 128]",32768,0.0001831905223223279,4.0,0.5349356332086596,0.773761468539928,0.5133159617825883,0.4701874352299896,0.5651555572992271,3.224724483121567,0.5640013813972473,0.20000000298023224,0.6449449062347412,0.906161122920444,0.013238906860351562
1,5,8,40,277,0.00011924874543177019,0.2544525534832713,relu,"[128, 256, 64]",262144,1.657300016726089e-07,4.0,0.5059690124622914,0.752546470847016,0.4873722907598277,0.45118131936962896,0.5298756326258386,3.1140884293006597,0.5028844475746155,0.20000000298023224,0.6228176951408386,0.9415924684353811,0.02901601791381836
1,5,125,625,278,0.0006549570768273144,0.058960919187656245,leaky_relu,"[128, 32]",16384,9.112334648761203e-05,1.0,0.5346063426284692,0.7732028792049183,0.5120858053317443,0.4574121785279008,0.5816038291027502,3.2229589935696277,0.2494693398475647,0.20000000298023224,0.6445918083190918,0.41023971932989184,0.007621288299560547
1,5,125,625,279,0.0037809281728008164,0.16157891677096065,leaky_relu,"[64, 32]",16384,1.1794772221760208e-07,4.0,0.5366102736286152,0.7746646293336386,0.513623754466168,0.46908365694087506,0.5675095139079603,3.233944129438041,0.574345588684082,0.20000000298023224,0.6467888355255127,0.9033020470421014,0.016504764556884766
1,5,32,160,280,0.008509508950695967,0.3741616419787705,relu,"[256, 256, 32, 256]",65536,2.1127058878641992e-05,1.0,0.5348238351440091,0.7736859436321661,0.512796342555498,0.4552959347490318,0.5869198477774726,3.229334306279804,0.23860687017440796,0.20000000298023224,0.645866870880127,0.4132185259679229,0.016952037811279297
1,5,63,315,281,0.0012959376838640921,0.4774818183179268,leaky_relu,"[32, 256, 64, 128]",32768,4.569275371877076e-06,1.0,0.5286780853459743,0.7689063335757895,0.5105040921649378,0.4581877729257642,0.5763074267331005,3.1901016356035825,0.2481420934200287,0.20000000298023224,0.6380203366279602,0.4134950603699459,0.013704061508178711
1,5,8,40,282,0.0018947304792053365,0.1618223286216478,tanh,"[256, 128]",262144,1.1066434524716927e-05,4.0,0.5242739638972429,0.7648189000271294,0.504477903967414,0.4614483510404634,0.5563576444740869,3.1782337549591997,0.5714485049247742,0.20000000298023224,0.6356467604637146,0.9177892715682409,0.009808063507080078
1,5,63,315,283,0.00030450444328427163,0.20195939027079945,leaky_relu,"[128, 32, 256]",32768,2.0001203788344206e-07,4.0,0.5294902657547604,0.7701553437711403,0.5094299413958444,0.4653645241880536,0.5627133273176664,3.1990268349792537,0.568667471408844,0.20000000298023224,0.6398053765296936,0.9109635813977337,0.012745857238769531
1,5,125,625,284,0.0022181716996023232,0.22182919457977318,tanh,"[64, 256, 64, 256]",16384,1.9466566382890882e-07,1.0,0.5321963959953596,0.7707721226555293,0.5098620266615982,0.4555806018311229,0.5788281219349524,3.218839418607363,0.23226898908615112,0.20000000298023224,0.6437678933143616,0.4117603613836038,0.01668715476989746
1,5,8,40,285,0.00019314152355028375,0.4468775007967584,leaky_relu,"[64, 64]",262144,5.022110151506585e-06,2.0,0.48430620631926047,0.7486889942041602,0.48679741838461055,0.42397165081605775,0.5714818156851975,2.992859736191336,0.49958738684654236,0.20000000298023224,0.5985719561576843,0.7402740450791012,0.007353544235229492
1,5,63,315,286,0.0029607134692965424,0.38573031843730987,relu,"[128, 64, 32]",32768,3.5596514183076145e-05,2.0,0.5343733863878645,0.7736821613063458,0.5131275053757732,0.4674184655564333,0.5687453411275453,3.215700936083482,0.4015830159187317,0.20000000298023224,0.6431401968002319,0.6219415729213955,0.012285709381103516
1,5,8,40,287,0.004238081241953264,0.11592463740144002,relu,"[128, 128, 256]",262144,0.00012827261080683103,1.0,0.5307283090545143,0.7706145057087234,0.5107067510548523,0.46269631423019336,0.5698340460590843,3.201380920389579,0.2765767276287079,0.20000000298023224,0.6402761936187744,0.4130886041651319,0.01271367073059082
1,5,32,160,288,0.006455333212900984,0.10476000565360384,tanh,"[256, 32]",65536,6.227941834122703e-05,4.0,0.5302866460495275,0.7704156224627625,0.509317098760806,0.4625615566321015,0.5665875475695398,3.2045194029134603,0.5674279928207397,0.20000000298023224,0.640903890132904,0.9098240562893783,0.008333444595336914
1,5,16,80,289,0.0001479721880495132,0.08910630170943362,relu,"[128, 256, 128]",131072,0.0002986015021092686,1.0,0.5187537390694316,0.7619228201918937,0.49675824923510487,0.4495959571881481,0.5549746949664561,3.1657772784564306,0.3447380065917969,0.20000000298023224,0.6331554651260376,0.4447144695937907,0.013152837753295898
1,5,63,315,290,0.0010682385834196498,0.17506623311271813,tanh,"[256, 256, 64, 128]",32768,1.2709276838986248e-06,2.0,0.5330763880709655,0.7716837652222093,0.5113196736238501,0.46726415170924557,0.5645474518419711,3.2211935040176884,0.38924890756607056,0.20000000298023224,0.6442387104034424,0.6244364503282185,0.017030954360961914
1,5,125,625,291,0.0006951400734051618,0.2605299225609121,tanh,"[256, 32, 64]",16384,1.01265617007684e-06,2.0,0.5288901031277413,0.7692853313915964,0.5086967953545788,0.46614993833563384,0.5597904978618228,3.191572678214719,0.3954736292362213,0.20000000298023224,0.6383145451545715,0.6263215241952634,0.011411428451538086
1,5,32,160,292,0.00028091368217533666,0.05244855023681625,relu,"[32, 128, 32, 256]",65536,0.00024289958410278302,4.0,0.5271567879060289,0.7696254604611888,0.5083560146589229,0.45147660050704613,0.5816332535603593,3.187355351636479,0.555353581905365,0.20000000298023224,0.637471079826355,0.9114109154278667,0.013056278228759766
1,5,16,80,293,0.005197048041608015,0.35610561657007334,relu,"[128, 64]",131072,5.481129690211012e-05,2.0,0.5305170691242267,0.7714216283461902,0.5099832948850529,0.4641093290004987,0.5659205931970654,3.199419331559251,0.40490952134132385,0.20000000298023224,0.6398838758468628,0.6244006022601061,0.00799703598022461
1,5,125,625,294,0.003842689301703065,0.14130774806484434,relu,"[32, 128, 64]",16384,2.443581694929557e-07,2.0,0.5369529599332693,0.7748037329548229,0.5137114091597141,0.4658579409417398,0.5725214798540547,3.241103839261773,0.3890197277069092,0.20000000298023224,0.6482207775115967,0.6205644741719288,0.013993263244628906
1,5,16,80,295,0.008059767392858186,0.2149706177432651,relu,"[256, 32, 128, 128]",131072,0.00016513464175064443,1.0,0.5315950192027236,0.7719432487859452,0.5096462667379406,0.4636699061904647,0.5657440464514104,3.2087370275149194,0.21667510271072388,0.20000000298023224,0.6417474150657654,0.41725333468107456,0.036760807037353516
1,5,16,80,296,0.0008303722299520153,0.29339263928711684,relu,"[32, 256, 128, 32]",131072,2.8442904075706242e-05,4.0,0.5260966973098645,0.7673914245849939,0.5073464774582443,0.45421063649967824,0.5745615755816235,3.1743105772985434,0.5503489971160889,0.20000000298023224,0.6348621249198914,0.917263329965397,0.014797210693359375
1,5,125,625,297,0.0005747240504537851,0.4264395868938708,tanh,"[128, 64, 32]",16384,0.0001244047881608273,1.0,0.5223814980264454,0.7633052785752086,0.5043967426399525,0.45186088225930443,0.5707560123975048,3.15106506420575,0.23489336669445038,0.20000000298023224,0.6302130222320557,0.41678240829140056,0.012805938720703125
1,5,8,40,298,0.00241988091054316,0.13974791406911624,relu,"[256, 128, 64, 32]",262144,2.303421204591235e-05,4.0,0.5319243914436521,0.7713240670455985,0.5110719911053461,0.4644698749769441,0.5680685786025345,3.213444900312351,0.5785035490989685,0.20000000298023224,0.6426889896392822,0.909430826604986,0.017965316772460938
1,5,125,625,299,0.0002992510435586766,0.10268498510011627,relu,"[64, 128]",16384,0.000131189073268435,2.0,0.532263182338746,0.7714825668184846,0.510815084832078,0.46903148534020245,0.5607713131154616,3.2146220920291233,0.41162586212158203,0.20000000298023224,0.642924427986145,0.6236835927866726,0.008095026016235352
1,5,63,315,300,0.005315766798171986,0.2417557721244984,relu,"[64, 32, 256, 128]",32768,1.0780842779459193e-07,2.0,0.5345855608496554,0.7739920546048168,0.5132920628302622,0.47708547454971273,0.5554454862882028,3.221291553656883,0.35089030861854553,0.20000000298023224,0.6442583203315735,0.6270010856920967,0.017996788024902344
1,5,8,40,301,0.0005579931659940208,0.08151223196007393,leaky_relu,"[32, 32, 256]",262144,1.0157250893324953e-07,4.0,0.5137145068021857,0.7590884476341532,0.4930331809517383,0.4324618252840909,0.5733355565145749,3.130664182742474,0.5391588807106018,0.20000000298023224,0.6261328458786011,0.9267590079251807,0.012490034103393555
1,5,8,40,302,0.004958669500886295,0.47457241689956536,tanh,"[128, 256]",262144,1.1977221556703167e-06,2.0,0.5204674696806874,0.7639223409124739,0.5048313857145932,0.4498040328580523,0.5751991054964887,3.1577345258335097,0.36438944935798645,0.20000000298023224,0.6315469145774841,0.6325478783042552,0.022439002990722656
1,5,8,40,303,0.00021872871361285526,0.4867586910689125,leaky_relu,"[256, 256, 32]",262144,2.4386991832149934e-07,4.0,0.512559844427357,0.7565858391476359,0.4926910723410468,0.46059815061248166,0.5295911962022833,3.087410284766402,0.5226900577545166,0.20000000298023224,0.61748206615448,0.9352378600225232,0.013729333877563477
1,5,8,40,304,0.007370891695850951,0.40801705532266547,leaky_relu,"[256, 128, 128]",262144,6.819977323947758e-07,1.0,0.5283493298629242,0.7693892624093401,0.5103883003363913,0.4568494477814377,0.5781415512574052,3.187747550193257,0.24676452577114105,0.20000000298023224,0.6375495195388794,0.4136259342926884,0.014532089233398438
1,5,8,40,305,0.0007698144927373084,0.3420801401059094,relu,"[256, 256, 32, 128]",262144,0.0009111081378143803,4.0,0.5259753877901298,0.7674647546569624,0.5080744797371304,0.4591191980616656,0.568715916669936,3.181764734063078,0.5387243032455444,0.20000000298023224,0.6363529562950134,0.9170576133197293,0.017310380935668945
1,5,8,40,306,0.00020480685101971434,0.08115383583737025,relu,"[128, 256, 32, 128]",262144,4.117638334036904e-06,4.0,0.5225143808412196,0.7643812267925447,0.502652029659979,0.46035125500656665,0.5535132802385343,3.16999490305789,0.5446274280548096,0.20000000298023224,0.6339989900588989,0.9206546925947475,0.014470100402832031
1,5,16,80,307,0.00259169534601971,0.30607728383398525,tanh,"[256, 128]",131072,0.00015208806325956147,4.0,0.5259554468088335,0.7666382455358792,0.5059426575790007,0.45316805476857636,0.572629369531955,3.1860801102805123,0.5590466856956482,0.20000000298023224,0.6372160315513611,0.9153184507583374,0.029519319534301758
1,5,8,40,308,0.0005071423762470315,0.23377632696945955,leaky_relu,"[32, 128, 32]",262144,3.0408774454527417e-07,1.0,0.49097515442277917,0.7472850717810849,0.4804389626225203,0.46032316623829467,0.5023931892188788,2.996194317993606,0.523681104183197,0.20000000298023224,0.5992388725280762,0.5860472259742607,0.009954214096069336
1,5,8,40,309,0.00028721809330021277,0.34866039283179984,tanh,"[128, 128]",262144,3.7077682991996857e-06,1.0,0.49143437702759446,0.7551306064028467,0.4927370488900366,0.4649863357064527,0.5240103574090784,3.0057084112508834,0.47280338406562805,0.20000000298023224,0.6011416912078857,0.5356193479955105,0.008949041366577148
1,5,63,315,310,0.00013070120572784266,0.10344426098233012,relu,"[128, 128]",32768,2.8090378399700853e-05,2.0,0.5273577818851775,0.7683180158036501,0.5067916246515214,0.4460953233385545,0.5866059868963082,3.1964769483137587,0.383318156003952,0.20000000298023224,0.6392953991889954,0.6270960770165347,0.011671304702758789
1,5,16,80,311,0.00011720310344921485,0.26326815900980277,relu,"[64, 256]",131072,2.617585218356987e-06,4.0,0.5072290287298629,0.7561454705373811,0.4917787004825497,0.4533889537241659,0.5372709796382753,3.135666204457489,0.5251955986022949,0.20000000298023224,0.6271332502365112,0.9344562771807768,0.0210723876953125
1,5,125,625,312,0.000737353863977319,0.2548975657475888,relu,"[128, 32, 128]",16384,2.7002510768766175e-06,4.0,0.5330288298150097,0.7727093737262801,0.5123296332724463,0.4637962285750628,0.5722076189728903,3.207462084182172,0.5757471323013306,0.20000000298023224,0.6414924263954163,0.9092219494712597,0.02579498291015625
1,5,8,40,313,0.00035251880369331856,0.39321377314782346,relu,"[64, 256]",262144,1.0557736637031935e-07,1.0,0.49898056560693904,0.7519448973479694,0.48887486192204516,0.4419540958660918,0.5469418180391541,3.070932580963782,0.3658929169178009,0.20000000298023224,0.6141865253448486,0.46656828363223574,0.008531332015991211
1,5,16,80,314,0.0005275206527317058,0.3793516436726578,leaky_relu,"[64, 256, 128, 64]",131072,3.6129205419890736e-06,4.0,0.5232399042627299,0.7658822837255498,0.5059810017797234,0.4547338782214227,0.5702459884656126,3.150084269790586,0.5348668694496155,0.20000000298023224,0.6300168633460999,0.9211498499239331,0.015210151672363281
1,5,63,315,315,0.00013128921757897473,0.46643308512772585,relu,"[128, 256, 64]",32768,1.2026999073993706e-05,4.0,0.5240593664591492,0.7663348157854948,0.5063605116757025,0.4616676897231286,0.5606339989799521,3.168523562423534,0.5431332588195801,0.20000000298023224,0.6337047219276428,0.9189554995593263,0.013921976089477539
1,5,16,80,316,0.00021906945896643212,0.2275260858471339,tanh,"[32, 128]",131072,0.0005667626096990543,2.0,0.48833468629453075,0.7563276163070652,0.4936610190751808,0.45435653851862845,0.5404095884499196,3.0437638902103323,0.5131649971008301,0.20000000298023224,0.6087527871131897,0.6757978045658383,0.00871896743774414
1,5,8,40,317,0.002710967689299924,0.4284935388042625,leaky_relu,"[256, 128, 32, 32]",262144,5.9371833580770014e-05,1.0,0.5259037385235555,0.7665535210599209,0.5072989355991673,0.4569806662630615,0.5700694417199577,3.182353031898245,0.35216647386550903,0.20000000298023224,0.6364706158638,0.42244702369492654,0.015441179275512695
1,5,125,625,318,0.00018479649918180961,0.23480601572093357,tanh,"[32, 128]",16384,6.70792927769665e-05,4.0,0.5206539232155523,0.7643524627228983,0.5047493271975566,0.4697147587232138,0.5454313625485504,3.1743105772985434,0.5817092061042786,0.20000000298023224,0.6348621249198914,0.9184648133539275,0.009727239608764648
1,5,8,40,319,0.008372769322671987,0.10530940848022996,tanh,"[32, 32, 256]",262144,0.0002501901463418197,2.0,0.5203660804148523,0.7648101073121748,0.5043885621044043,0.4562262444157019,0.5639197300796422,3.174408626937738,0.3955265283584595,0.20000000298023224,0.6348817348480225,0.6307740436768007,0.0102386474609375
1,5,16,80,320,0.00029893001705019046,0.47655596735078404,leaky_relu,"[128, 64]",131072,7.770842229875451e-05,4.0,0.5143010906320962,0.7596615855499872,0.49288587604290823,0.46913886623887685,0.5191651300561027,3.151849759342525,0.571941614151001,0.20000000298023224,0.6303699612617493,0.9286434193652526,0.008109331130981445
1,5,32,160,321,0.0006456454121018375,0.41186435333059684,tanh,"[256, 128, 256, 32]",65536,3.0219504528649537e-05,1.0,0.5166285318213414,0.7613994954033368,0.4939256482763768,0.4278203157546939,0.5841931813723567,3.1343912611247413,0.27060025930404663,0.20000000298023224,0.6268782615661621,0.434642067005235,0.0383148193359375
1,5,125,625,322,0.005475311030378761,0.30793863179417896,tanh,"[128, 64]",16384,6.120890812450508e-05,1.0,0.5290985072583756,0.7675767774654833,0.5086487071297198,0.45514602808262145,0.5764055082584645,3.202557814083132,0.22505852580070496,0.20000000298023224,0.6405115723609924,0.4134051331918982,0.00840902328491211
1,5,63,315,323,0.0009797116869548548,0.22054444135149037,leaky_relu,"[128, 64]",32768,0.000583732745829055,1.0,0.5330121252355886,0.772111038037818,0.5119116970718994,0.46249673523336154,0.5731492016163835,3.218447220050585,0.2596481442451477,0.20000000298023224,0.6436894536018372,0.4110543689730028,0.016859054565429688
1,5,125,625,324,0.00020770836599532684,0.4430188751628621,relu,"[64, 64, 64, 128]",16384,3.7766983294179734e-07,4.0,0.5245373597278691,0.7662294703172158,0.5057605901419471,0.4647014845669123,0.5547785319157283,3.172937286303382,0.5136005878448486,0.20000000298023224,0.6345874667167664,0.9426686155140819,0.013315200805664062
1,5,8,40,325,0.00025485185262510046,0.40218114228560803,leaky_relu,"[128, 32, 64]",262144,9.352150666546269e-05,2.0,0.4873237413227061,0.7450042708460058,0.4829135401233093,0.4334890832078754,0.5450586527521676,2.9863863738419654,0.5056533813476562,0.20000000298023224,0.5972772836685181,0.7478586794620189,0.009967565536499023
1,5,16,80,326,0.002929334785049405,0.2568904922423375,leaky_relu,"[32, 256, 128]",131072,2.017170604807364e-05,4.0,0.528977532583589,0.770568976854066,0.5096688718479653,0.4610530827354118,0.5697457726862568,3.18804199713406,0.5583536624908447,0.20000000298023224,0.6376084089279175,0.9114988021386825,0.013801336288452148
1,5,32,160,327,0.009235985220104291,0.1838794236647257,tanh,"[64, 256]",65536,8.211689427726161e-06,1.0,0.5293491871819626,0.7685738627602978,0.5089127199038789,0.468694259100218,0.5566813135077877,3.2010867714719957,0.24251945316791534,0.20000000298023224,0.6402173638343811,0.41296377691226793,0.008732318878173828
1,5,8,40,328,0.004047507489986823,0.4527949783350985,relu,"[256, 32, 64]",262144,1.929265739606727e-06,4.0,0.5282432137191774,0.7685024303266923,0.5091394894754009,0.4675715821522654,0.5588194907607203,3.1895130397451963,0.5737186670303345,0.20000000298023224,0.6379026174545288,0.9141203201735182,0.010856151580810547
1,5,8,40,329,0.0026889032723522964,0.30573359081847834,tanh,"[32, 32, 32, 256]",262144,4.0088655048685216e-07,4.0,0.5065696234621614,0.7608288887101435,0.5048871872480415,0.4504643129169007,0.5742673310055318,3.1219347846219723,0.5728086829185486,0.20000000298023224,0.6243869662284851,0.9374320544174726,0.0180511474609375
1,5,125,625,330,0.004512971190089239,0.2059764737479408,relu,"[256, 256, 32]",16384,1.209876356320391e-07,1.0,0.5381801568441614,0.7753122742184565,0.5148076168740863,0.4718354740660849,0.566391384518812,3.2447328680048457,0.2490941435098648,0.20000000298023224,0.6489465832710266,0.40899898299211573,0.014612436294555664
1,5,8,40,331,0.0012556469846421532,0.3272899077187962,relu,"[256, 32]",262144,8.971812593047009e-07,4.0,0.5259322612686506,0.7665149803071161,0.5060630272317547,0.4601102896910444,0.5622131115383107,3.1881400467732544,0.5432882308959961,0.20000000298023224,0.6376280188560486,0.9161379830362733,0.01430201530456543
1,5,63,315,332,0.00010066482824570336,0.16350098715170364,relu,"[128, 256, 128]",32768,0.0002261818281389428,2.0,0.5290350380738688,0.7696369992371128,0.5086386654751266,0.45958676377454083,0.5694122955000196,3.2006942748919984,0.39858734607696533,0.20000000298023224,0.6401388645172119,0.6260000962971416,0.023299217224121094
1,5,8,40,333,0.00044122155655638225,0.20860544629534733,relu,"[128, 128]",262144,4.00122575286428e-05,2.0,0.5140979172937308,0.7593867262429888,0.49356121837368544,0.45951704545454547,0.5330534740476284,3.1434148081628264,0.42732828855514526,0.20000000298023224,0.6286829710006714,0.642189055450424,0.00870513916015625
1,5,8,40,334,0.00043836179442535955,0.11427338745955622,leaky_relu,"[32, 32, 128, 32]",262144,0.0009178383853850195,2.0,0.5052973865970584,0.754735606967513,0.49237269534679545,0.46121029366411953,0.5280513162540704,3.0973165765804564,0.4877314269542694,0.20000000298023224,0.619463324546814,0.6654991795116952,0.018377065658569336
1,5,125,625,335,0.00026076161672621034,0.23012576931810658,relu,"[64, 64]",16384,0.0002734473036485876,2.0,0.5290154533873084,0.7699018404714637,0.5088837157743044,0.46438022481366686,0.5628212169955668,3.1987326860616703,0.4130692183971405,0.20000000298023224,0.6397465467453003,0.6256817912881439,0.009356260299682617
1,5,125,625,336,0.00018974286767705178,0.05978143544796585,tanh,"[64, 128]",16384,9.591352702382698e-06,1.0,0.5253287512898805,0.7663936911917485,0.5057209144658352,0.458787631896352,0.5633508572325316,3.181372237483081,0.24250715970993042,0.20000000298023224,0.6362744569778442,0.4145472760495425,0.009173154830932617
1,5,32,160,337,0.004248678020019164,0.34671953087519386,relu,"[64, 256]",65536,1.0676922377834784e-05,2.0,0.5328945600999366,0.7724235923565859,0.5112867062844206,0.4596873311987725,0.5759347169367178,3.214229595449126,0.4028526842594147,0.20000000298023224,0.6428459286689758,0.6229655218749223,0.01165151596069336
1,5,32,160,338,0.001238183879507738,0.37840652187672663,leaky_relu,"[256, 128, 32]",65536,0.0005374736169298937,1.0,0.5323371916530208,0.771966788614177,0.5119675998041746,0.4686313490964199,0.5641355094354428,3.2094236730125,0.26616594195365906,0.20000000298023224,0.6418847441673279,0.4116748669809365,0.012378215789794922
1,5,63,315,339,0.00015007990411178388,0.4447822822119161,tanh,"[32, 64]",32768,0.000478174516764342,1.0,0.5037146371488145,0.758511287806757,0.4948269477902899,0.44510536916433513,0.5570540233041704,3.027972831905293,0.4135957956314087,0.20000000298023224,0.6055945754051208,0.5014818488417399,0.008067846298217773
1,5,8,40,340,0.0024841710116053676,0.36752095372632504,tanh,"[64, 128, 64]",262144,0.00028099968341470784,2.0,0.5160627280029055,0.7627399981313525,0.5004792412853756,0.437948793407887,0.5838400878810467,3.10339744234983,0.3849497437477112,0.20000000298023224,0.620679497718811,0.6353896582663057,0.030681133270263672
1,5,16,80,341,0.00040711316285088676,0.45582204867260623,leaky_relu,"[128, 64, 32, 128]",131072,2.84995811948189e-06,1.0,0.5104051021317043,0.7564864424499882,0.4924812030075188,0.4643614248479583,0.524226136764879,3.120659841289225,0.44667744636535645,0.20000000298023224,0.624131977558136,0.4650565379207695,0.014600038528442383
1,5,8,40,342,0.001690320879845449,0.20126871056022866,relu,"[128, 64, 64, 64]",262144,1.0292958060682192e-07,1.0,0.5276846893581325,0.7677849809503352,0.5078550674027015,0.4671795589894813,0.5562889874063321,3.192651820292297,0.3175821900367737,0.20000000298023224,0.6385303735733032,0.41620902021928635,0.020147323608398438
1,5,8,40,343,0.0003906657215406143,0.19264429067898076,tanh,"[256, 256, 256]",262144,8.901577399464651e-06,2.0,0.5174251446827927,0.762491576805528,0.49673208144202985,0.4367305646679015,0.5758464435638903,3.124092770753909,0.3819945454597473,0.20000000298023224,0.6248185634613037,0.6347550653911824,0.022951602935791016
1,5,125,625,344,0.00047364333594264343,0.05595725233821293,leaky_relu,"[256, 256]",16384,0.00020427227905510828,2.0,0.5372257211694955,0.7743077069678029,0.5136514543382389,0.4749698004748615,0.5591922005571031,3.242673229535323,0.41756924986839294,0.20000000298023224,0.6485346555709839,0.6204984000625342,0.03496146202087402
1,5,32,160,345,0.009692234411546083,0.4103254941489352,relu,"[64, 32]",65536,0.0001865510487272824,1.0,0.5319870223241191,0.7720703492023495,0.5116369034231478,0.4725310334513186,0.557799442896936,3.20540214768943,0.257816880941391,0.20000000298023224,0.6410804390907288,0.4131929587962895,0.007428884506225586
1,5,125,625,346,0.0024358508109955305,0.11773789589214874,leaky_relu,"[64, 256, 32]",16384,6.755828781708721e-05,4.0,0.5370905842136372,0.774897726779948,0.5141666704162486,0.47498150318810217,0.5603986033190789,3.2413982862025756,0.5822228789329529,0.20000000298023224,0.6482796669006348,0.9026382278879729,0.021019935607910156
1,5,32,160,347,0.0006128754042741254,0.07161100287839692,leaky_relu,"[32, 32, 32, 256]",65536,1.5738447664204301e-06,1.0,0.5282548652571423,0.7691768901157459,0.5092306606187896,0.46282483156881615,0.5659794421122837,3.192847919570686,0.25495782494544983,0.20000000298023224,0.6385695934295654,0.4128665275219035,0.02840113639831543
1,5,125,625,348,0.00020150252759050747,0.3994623402179295,leaky_relu,"[64, 64, 32]",16384,3.179457866784346e-07,4.0,0.5269283230593261,0.7677954758976948,0.5086124574331994,0.4702868852459016,0.5537388677468712,3.1788220527943665,0.5547519326210022,0.20000000298023224,0.6357644200325012,0.9155251477866461,0.009999513626098633
1,5,125,625,349,0.00014143691264717885,0.467124127078655,relu,"[128, 128]",16384,2.7088684766594297e-05,4.0,0.5266743440809667,0.7673153890604203,0.50788980894222,0.4575929902388762,0.570608890109459,3.184118521450184,0.5473051071166992,0.20000000298023224,0.6368237137794495,0.9149135231798696,0.008810043334960938
1,5,32,160,350,0.00015712164299215936,0.13923644093448556,tanh,"[256, 256, 256]",65536,0.0009285575015803083,4.0,0.526167314043193,0.7677303943741695,0.5057637507855747,0.45066662575369365,0.5762093452077367,3.1856879117237344,0.5491201877593994,0.20000000298023224,0.6371375918388367,0.9148970291942756,0.04217338562011719
1,5,16,80,351,0.003672052779868415,0.3364691755460184,relu,"[256, 128, 64, 64]",131072,3.4700795728932352e-06,4.0,0.5327017338394924,0.7723131061483672,0.5121410786486055,0.479350717101831,0.5497469496645612,3.2143276450883205,0.5888943076133728,0.20000000298023224,0.6428655385971069,0.9071962993097004,0.03391742706298828
1,5,32,160,352,0.0015978016493420587,0.3075736645811584,leaky_relu,"[32, 32, 128]",65536,1.9678445508456434e-05,2.0,0.5277854921292991,0.7682399089879481,0.5101080376846788,0.4652644172473445,0.5645180273843619,3.186766755778093,0.4078879952430725,0.20000000298023224,0.6373533606529236,0.6282614757966133,0.019491195678710938
1,5,16,80,353,0.00010489181397082971,0.09867637134729436,tanh,"[32, 64, 128, 32]",131072,6.748825634384438e-07,4.0,0.48901151846624724,0.7572578696979213,0.49743102493324265,0.45982666899772723,0.541733689042332,3.0654400130295754,0.6166552305221558,0.20000000298023224,0.6130880117416382,0.9341892125528058,0.01571035385131836
1,5,32,160,354,0.0014294673751901236,0.17804764557756397,relu,"[64, 128, 128, 128]",65536,5.003641903786301e-05,4.0,0.5327959747135633,0.7727148789313996,0.5120539844359389,0.47621296983602135,0.5537290595943348,3.211581361121217,0.5827188491821289,0.20000000298023224,0.6423162817955017,0.9066053456980266,0.015803813934326172
1,5,16,80,355,0.0006768332039957389,0.2889026278617716,tanh,"[128, 64]",131072,4.708740484244222e-06,1.0,0.5143255410196529,0.7613443819525839,0.498255639501816,0.45846622985947993,0.5456079092942053,3.1144806278574375,0.3229272961616516,0.20000000298023224,0.622896134853363,0.43814537822510385,0.009415626525878906
1,5,32,160,356,0.000375618719891242,0.4642936552632952,relu,"[256, 64, 256]",65536,0.0005879996006918038,4.0,0.5255686642774038,0.7681367936006851,0.5092115442613062,0.4592732175380224,0.5713346933971517,3.1582250720527014,0.5473209023475647,0.20000000298023224,0.6316450238227844,0.9220387813767987,0.019953250885009766
1,5,16,80,357,0.0030199748166023425,0.20364848484332776,tanh,"[32, 32, 128]",131072,0.00046282995329011384,4.0,0.5202697917319802,0.7655277102836273,0.5056751096670775,0.4509645684420875,0.5754933500725803,3.1638156896261025,0.5666499733924866,0.20000000298023224,0.632763147354126,0.9185261317993222,0.019735097885131836
1,5,125,625,358,0.0006231473006014643,0.12444437554745022,tanh,"[256, 128]",16384,1.1759678089345765e-06,4.0,0.5313948795315019,0.7710661949016036,0.5091347434715956,0.45892681390496437,0.5716779787359253,3.2077562330997553,0.5661476254463196,0.20000000298023224,0.6415512561798096,0.9085996080363427,0.05771493911743164
1,5,16,80,359,0.002834602287255849,0.08398922581341295,leaky_relu,"[32, 128, 256, 256]",131072,1.2409580146250894e-07,1.0,0.5322317409670116,0.7722331986276826,0.5112100771605632,0.47175429429279986,0.5578680999646907,3.212464105897187,0.2531508207321167,0.20000000298023224,0.6424928307533264,0.41107058576063565,0.022171497344970703
1,5,16,80,360,0.0008725856544372189,0.4577550302917413,relu,"[128, 32, 64, 64]",131072,1.639237363896504e-05,4.0,0.5243093898021949,0.7654442509800775,0.5075285997028952,0.4678349508940022,0.5545823688650006,3.162736845571744,0.4832148551940918,0.20000000298023224,0.6325473785400391,0.9494435455777682,0.012850522994995117
1,5,63,315,361,0.0006847838918304568,0.39604895032655235,tanh,"[128, 32, 32, 256]",32768,9.667408011507135e-07,2.0,0.5238477073290246,0.7662142866249411,0.5064820858717726,0.47084752048005934,0.5479520577504021,3.166365874314817,0.3860478401184082,0.20000000298023224,0.633273184299469,0.6325461275561924,0.013899087905883789
1,5,32,160,362,0.0011174789347027508,0.31904121282209535,relu,"[64, 128]",65536,2.800959696173015e-07,2.0,0.5288191529898584,0.7694584694396476,0.5086620307973367,0.46797116374871267,0.5571030640668524,3.193338167766658,0.4174371063709259,0.20000000298023224,0.638667643070221,0.626027302220718,0.008779764175415039
1,5,8,40,363,0.009390371501239113,0.08050067147460867,tanh,"[32, 128, 256]",262144,1.4035929086338341e-05,4.0,0.5189633493307062,0.7640143895404322,0.5036556835922299,0.47227206772501307,0.5395072384165719,3.167738867286759,0.5818670988082886,0.20000000298023224,0.6335477828979492,0.9195550792396566,0.012022972106933594
1,5,125,625,364,0.0001658842695621328,0.44702834948847225,leaky_relu,"[128, 32, 256, 256]",16384,3.260575746384245e-05,1.0,0.5244570946762703,0.7669403215498624,0.506192229686627,0.45896525589373327,0.5642532072658794,3.1780376556808108,0.2359275072813034,0.20000000298023224,0.6356075406074524,0.4177435279472452,0.01666116714477539
1,5,32,160,365,0.0008361616797787476,0.23826258450448373,leaky_relu,"[128, 256]",65536,1.1476701155875369e-07,1.0,0.5312329238907901,0.7705622463634034,0.5097958233192881,0.46174417586615835,0.5690101612460277,3.2146220920291233,0.265179842710495,0.20000000298023224,0.642924427986145,0.41229560835536677,0.0357508659362793
1,5,16,80,366,0.00020668970493405717,0.3820693749661535,relu,"[32, 128, 32, 64]",131072,7.068241313891828e-06,1.0,0.48261053883031296,0.7451604198912314,0.4786977523737242,0.40093496311795634,0.5938836360783083,2.9877593668139073,0.4292120635509491,0.20000000298023224,0.5975518822669983,0.5592231433755153,0.014261960983276367
1,5,8,40,367,0.000992478973567117,0.05034198509766533,tanh,"[32, 256, 64]",262144,1.5910332003833555e-06,2.0,0.5181711750786046,0.7647197970035926,0.5019765889721738,0.44517377447260587,0.5753952685472165,3.148907376097033,0.3979840874671936,0.20000000298023224,0.6297814846038818,0.6330761871022107,0.0142974853515625
1,5,16,80,368,0.0010851390319480067,0.1390247766745977,leaky_relu,"[128, 64]",131072,0.0006004955375127567,1.0,0.5254659830066888,0.7670865777506032,0.5035451985442569,0.4548864148883139,0.5638608811644239,3.1922593237122996,0.2965952157974243,0.20000000298023224,0.638451874256134,0.4193513896443881,0.008278369903564453
1,5,32,160,369,0.0003346729943097936,0.42058496365124404,leaky_relu,"[128, 256]",65536,0.00041593718221427997,2.0,0.5252633535273823,0.7668445332847701,0.5056984893996779,0.4546393850681779,0.5696771156185021,3.184314620728573,0.40805450081825256,0.20000000298023224,0.6368629336357117,0.628889824229676,0.010193586349487305
1,5,63,315,370,0.0029977005773016104,0.47865704593610836,relu,"[64, 64, 128]",32768,8.451412052738922e-06,2.0,0.5323777042979847,0.7726483951747207,0.5118248577770068,0.46827056898923225,0.5643120561810977,3.201773118946357,0.40300384163856506,0.20000000298023224,0.6403546333312988,0.624640754223375,0.01126861572265625
1,5,125,625,371,0.0022915763596702745,0.4172498693463644,leaky_relu,"[32, 64]",16384,3.311742079422442e-05,4.0,0.5322580030392875,0.7724889278597564,0.5121033833483092,0.47449188777602064,0.5561909058809683,3.207167637241369,0.5846846103668213,0.20000000298023224,0.6414335370063782,0.9074948490257612,0.009571313858032227
1,5,125,625,372,0.0017166943813538465,0.4113726708822299,tanh,"[128, 32, 64, 64]",16384,4.356820830347315e-06,4.0,0.5256159386313798,0.7698596766637255,0.5095674849384049,0.47042269889759597,0.5558181960845855,3.188532245330032,0.5887536406517029,0.20000000298023224,0.637706458568573,0.9149642946337647,0.013950109481811523
1,5,125,625,373,0.0010723732914293483,0.35921755830053714,tanh,"[256, 32, 256]",16384,0.0009906385736754095,1.0,0.5270085143268625,0.7658248169377151,0.5073108653677374,0.4590308440011435,0.5669406410608497,3.187747550193257,0.2211972326040268,0.20000000298023224,0.6375495195388794,0.41580914767919636,0.011183738708496094
1,5,8,40,374,0.00023002846692115806,0.16009699380990672,leaky_relu,"[128, 128, 256]",262144,9.995327103588236e-06,1.0,0.5099063039111692,0.7545548323103288,0.49206746006945995,0.4515476248996379,0.5405763270430382,3.107124520732097,0.36297833919525146,0.20000000298023224,0.6214249134063721,0.45563981831974065,0.014254331588745117
1,5,32,160,375,0.00019726105195626336,0.3824068531572802,leaky_relu,"[128, 128, 128, 32]",65536,1.7206469685652392e-05,1.0,0.49275751517931266,0.748245970357625,0.4771951109027813,0.3987295527103973,0.5941092235866452,2.932343439275869,0.4550081789493561,0.20000000298023224,0.5864686965942383,0.5356134771482264,0.027130603790283203
1,5,16,80,376,0.0002279204819296913,0.4935044596623243,relu,"[64, 128, 256, 32]",131072,1.0776544250117203e-05,2.0,0.5061242141508743,0.7550239693192238,0.4869942383077234,0.43382065454879987,0.5550237357291381,3.075051857902827,0.47378426790237427,0.20000000298023224,0.6150103807449341,0.6527860840616859,0.03067803382873535
1,5,8,40,377,0.005392720932298635,0.333712238085781,tanh,"[64, 256, 256]",262144,0.0007590689810129621,1.0,0.5217840345823361,0.7642494370780759,0.5046312296951683,0.4509404243491152,0.5728353407352191,3.1692102079211146,0.253515362739563,0.20000000298023224,0.6338420510292053,0.4172870999486034,0.016022443771362305
1,5,63,315,378,0.0005828551027840565,0.430946876326695,tanh,"[256, 128, 128]",32768,2.7811159540157583e-05,2.0,0.5263014645529471,0.7670265778161306,0.5056467668354001,0.46399488801140365,0.5555141433559575,3.176075768827263,0.37749215960502625,0.20000000298023224,0.635215163230896,0.629385033185197,0.013736248016357422
1,5,63,315,379,0.0007419994172971515,0.2265906448042478,tanh,"[32, 128, 128, 256]",32768,5.413359839576076e-05,2.0,0.5282887633338911,0.7687007120109027,0.5084630337616213,0.45353817289874127,0.5785240692063243,3.1973596930897283,0.3679257035255432,0.20000000298023224,0.6394719481468201,0.6289797331741602,0.033185720443725586
1,5,63,315,380,0.00010444815475588889,0.43323177167862825,relu,"[32, 128, 32]",32768,1.234234171248794e-05,2.0,0.5110448756346769,0.7535914186366489,0.4926383259496654,0.4741617070692408,0.5126132841617953,3.1154614222726016,0.48287805914878845,0.20000000298023224,0.6230922937393188,0.6587719525841538,0.010115623474121094
1,5,8,40,381,0.00031982160157130777,0.43745741699026824,relu,"[128, 256]",262144,0.0004366849914301661,1.0,0.5102144213442436,0.75655879371247,0.4939373471526726,0.47035548576548764,0.520008631174232,3.1116362942511397,0.38892605900764465,0.20000000298023224,0.6223272681236267,0.4588802095680483,0.013538360595703125
1,5,16,80,382,0.00584702943976291,0.2989639884203176,tanh,"[128, 128, 64]",131072,3.1970972102488385e-06,2.0,0.5264985299566999,0.7680592251314032,0.5080737444373808,0.4593868182574983,0.5683039742634077,3.1825494291998533,0.3902221918106079,0.20000000298023224,0.636509895324707,0.6276588888712538,0.027793407440185547
1,5,16,80,383,0.00021416171922062992,0.11822089863358741,leaky_relu,"[128, 256, 64, 256]",131072,1.561512610065524e-05,1.0,0.5259435531243223,0.7671092328287579,0.5066315189636648,0.4551985054443411,0.5711679548040332,3.1820588829806615,0.26524072885513306,0.20000000298023224,0.6364117860794067,0.415980042512216,0.02874469757080078
1,5,32,160,384,0.0036283651177265942,0.24890635613006457,leaky_relu,"[256, 256, 64]",65536,0.00020754830127733796,2.0,0.5356372921579111,0.7742177444818258,0.5128732160251656,0.47101984537351654,0.5628898740633215,3.233944129438041,0.38919132947921753,0.20000000298023224,0.6467888355255127,0.6237011543312314,0.021711111068725586
1,5,8,40,385,0.0026035603453989048,0.20631817310129708,relu,"[256, 256]",262144,0.0002605574998595173,2.0,0.5289658754897967,0.7694418420039814,0.5085565250543719,0.4554639847278484,0.575660088665699,3.2031464099415183,0.3832540512084961,0.20000000298023224,0.6406292915344238,0.6259531181250255,0.014198780059814453
1,5,63,315,386,0.009966938827573057,0.12131074424061246,tanh,"[128, 32, 128]",32768,6.0145108444708164e-05,2.0,0.5331216030571994,0.772627783718211,0.5105888706490478,0.4534505728750333,0.5842029895248931,3.2197221633833326,0.38440999388694763,0.20000000298023224,0.6439444422721863,0.6228009233273064,0.010717153549194336
1,5,8,40,387,0.0013825374777478641,0.49662122465043385,relu,"[64, 64, 64, 256]",262144,4.628286558531081e-05,2.0,0.5199801109838273,0.7619333906200655,0.5036972336043639,0.4469706756233045,0.5769155321903566,3.15596933430479,0.339214950799942,0.20000000298023224,0.6311938762664795,0.6392354615472008,0.03296041488647461
1,5,16,80,388,0.004929354073599646,0.2806369070407858,tanh,"[32, 128, 256]",131072,5.895468750181992e-06,2.0,0.5232489260657675,0.7665074290032056,0.5060058269299575,0.44722021443199617,0.582584644356389,3.177743208740008,0.3652913570404053,0.20000000298023224,0.6355486512184143,0.6300477523648251,0.011605262756347656
1,5,16,80,389,0.0041147730608364,0.26539530334164724,tanh,"[128, 128, 32, 128]",131072,0.00011858815263168677,4.0,0.5250620363654604,0.7684717714325289,0.507567353230772,0.46501489856728845,0.5586919847777473,3.172348690444996,0.5609413981437683,0.20000000298023224,0.634469747543335,0.9140325378041535,0.03739190101623535
1,5,16,80,390,0.006035023360433958,0.08238133188228897,relu,"[64, 64, 64]",131072,0.00037767308797961814,2.0,0.5333357304266211,0.7730526030166126,0.5121284931921987,0.45840082462082166,0.5801227980697555,3.2158970353618708,0.3811170756816864,0.20000000298023224,0.6431794166564941,0.6259702837393767,0.01674818992614746
1,5,8,40,391,0.0013151841913165091,0.06365842280340767,leaky_relu,"[256, 32, 128, 256]",262144,0.0007251153082796253,1.0,0.5302573461026393,0.769951717066596,0.5106343333244603,0.4661876448001555,0.5644493703166071,3.20697153796298,0.27050086855888367,0.20000000298023224,0.641394317150116,0.4126207146345645,0.015506982803344727
1,5,16,80,392,0.00016918176270652366,0.22948678885631424,tanh,"[32, 32, 64]",131072,1.7590903101476542e-06,1.0,0.48019746493432497,0.7449869897082668,0.48541894852135814,0.48399898591988766,0.4868472674487034,3.012181773600254,0.6699581146240234,0.20000000298023224,0.602436363697052,0.5774450970232017,0.014202356338500977
1,5,125,625,393,0.0037552322174583827,0.4827335683861735,leaky_relu,"[32, 64]",16384,6.630884013417107e-05,4.0,0.5336095438437142,0.7729154466368423,0.5116105889297553,0.47631770296092124,0.5525520812899682,3.2195260641049437,0.586033821105957,0.20000000298023224,0.6439052224159241,0.9082897993375154,0.01614999771118164
1,5,32,160,394,0.004226551538890519,0.4516717750992404,leaky_relu,"[128, 64, 256, 128]",65536,1.3313711019179e-07,1.0,0.5328084325304211,0.7723901048259011,0.5124739416565612,0.4772167852279167,0.553356349797952,3.2065793394062023,0.2357504665851593,0.20000000298023224,0.6413158774375916,0.41165870230276197,0.02413320541381836
1,5,16,80,395,0.002271269839184684,0.3671924469359016,relu,"[128, 256, 32, 64]",131072,2.874797523653556e-05,2.0,0.5306392601749753,0.7711382783196358,0.5113940872271692,0.4612903480201572,0.5737082663109576,3.200890672193607,0.4053837060928345,0.20000000298023224,0.6401781439781189,0.6246338231214953,0.017099618911743164
1,5,16,80,396,0.0005195154760245205,0.05441922767473638,leaky_relu,"[32, 64, 256]",131072,6.014405051938684e-06,2.0,0.5257639229232731,0.767670245293845,0.5077689034598214,0.4570318631298069,0.5711777629565695,3.1874534012756737,0.39284926652908325,0.20000000298023224,0.6374906897544861,0.6276898834090716,0.018405675888061523
1,5,8,40,397,0.0006043299914357659,0.4657609932335745,tanh,"[32, 64, 64, 32]",262144,1.622480179675041e-05,1.0,0.4818255470387226,0.7501185499567377,0.4882935219890351,0.4723462381166289,0.505355251284868,2.957158044618993,0.5890634059906006,0.20000000298023224,0.5914316177368164,0.5257198464889629,0.015277385711669922
1,5,16,80,398,0.005832715086325029,0.26231287942795817,leaky_relu,"[64, 64]",131072,1.9966050493674236e-05,1.0,0.5298816590944379,0.7712024409782098,0.5105166658018093,0.4565415790124985,0.5789654360704618,3.1930440188490747,0.24299180507659912,0.20000000298023224,0.6386088132858276,0.41195565264303297,0.01648712158203125
1,5,32,160,399,0.00015438426132240586,0.24030504107516465,relu,"[64, 64]",65536,7.276183610935797e-06,2.0,0.5102123380903866,0.7586976073635262,0.4913276268367064,0.4399885175185427,0.5562301384911138,3.1129115356071067,0.42555588483810425,0.20000000298023224,0.6225823163986206,0.648518491863732,0.010843276977539062
1,5,8,40,400,0.0033289012176463896,0.06301303699848158,leaky_relu,"[256, 256]",262144,1.4980208822442822e-06,1.0,0.5306731900867011,0.7699311695589404,0.5093509350935094,0.46810731723355636,0.5585644787947742,3.2105025170668586,0.2571016848087311,0.20000000298023224,0.6421005129814148,0.4123196191091611,0.012012720108032227
1,5,8,40,401,0.00036315075392632774,0.12198298999484061,tanh,"[32, 128, 32]",262144,1.5227737600871101e-07,4.0,0.49896513589548075,0.7583582531958003,0.4999891043325532,0.4499148972884786,0.5626054376397662,3.110263301279198,0.5734772682189941,0.20000000298023224,0.6220526695251465,0.9311169288018016,0.026654958724975586
1,5,16,80,402,0.00015373120892995967,0.3098054225269263,tanh,"[128, 128]",131072,0.0008296995507552178,4.0,0.5154670108822705,0.7612911919217553,0.5000630926199661,0.46257295314323826,0.5441661108713562,3.155870986642376,0.5997575521469116,0.20000000298023224,0.6311742067337036,0.9242766726820956,0.02277088165283203
1,5,8,40,403,0.002040354180902115,0.18075732888943452,tanh,"[32, 64]",262144,0.00017862548163321334,2.0,0.5159393016799948,0.7617010896724906,0.5013037314000242,0.46075489381993373,0.5496782925968065,3.135077906622322,0.42369943857192993,0.20000000298023224,0.6270155906677246,0.6356790608612187,0.020567655563354492
1,5,32,160,404,0.006295699993814639,0.27858639721047396,relu,"[64, 128, 256]",65536,0.0001985971352328186,2.0,0.5338426210113173,0.7732698047353866,0.5120273090664685,0.46618248574833326,0.5678724155518067,3.2135429499515453,0.3764192461967468,0.20000000298023224,0.6427085995674133,0.6261586861227094,0.02105402946472168
1,5,125,625,405,0.001692686211512573,0.3629383586561127,tanh,"[256, 32, 128]",16384,6.308024838432115e-07,1.0,0.5290092257378741,0.7680390564467564,0.507497166391237,0.4539930958683571,0.5752971870218526,3.202557814083132,0.2352590411901474,0.20000000298023224,0.6405115723609924,0.41373203843697554,0.01122903823852539
1,5,8,40,406,0.002359612909519871,0.459426289887931,leaky_relu,"[32, 128, 128, 32]",262144,2.6581527267340207e-05,1.0,0.5015169967688757,0.7548592651847137,0.48595418722840095,0.3890579299933956,0.6471222880458237,2.9211619061058474,0.20537061989307404,0.20000000298023224,0.5842323899269104,0.43476525848860964,0.028359174728393555
1,5,16,80,407,0.0001751054620487923,0.46757779917866127,relu,"[128, 128, 128, 128]",131072,1.0964685013829294e-05,1.0,0.5120500819168947,0.7558501830345986,0.4876784332079276,0.45057211282597126,0.5314449370316607,3.140079928337337,0.38251739740371704,0.20000000298023224,0.6280159950256348,0.45936239499333764,0.02368617057800293
1,5,32,160,408,0.00035545715528173484,0.34636119723374126,leaky_relu,"[32, 64, 128]",65536,5.7453008846648925e-05,2.0,0.5197337656997153,0.7633127437561981,0.4985239968812392,0.46117221309630024,0.5424594923300247,3.1611674552981937,0.4102332293987274,0.20000000298023224,0.6322335004806519,0.6335600718823704,0.02124762535095215
1,5,63,315,409,0.0002885896019737345,0.10742983791379446,tanh,"[256, 64, 64]",32768,2.9806886423649422e-06,4.0,0.5269033844737648,0.768893560459511,0.5075049012049254,0.46067712290748547,0.5649299697908902,3.1910824300187466,0.5630221366882324,0.20000000298023224,0.638216495513916,0.9129451437838113,0.031109333038330078
1,5,32,160,410,0.0035621051798295457,0.40438732990129617,relu,"[32, 128, 32, 256]",65536,8.733335826113738e-05,2.0,0.5291362654417356,0.7704909832174949,0.5121320337602592,0.4709387499794242,0.5612224881321354,3.178331804598394,0.3672809898853302,0.20000000298023224,0.6356663703918457,0.6348903737308943,0.04330086708068848
1,5,32,160,411,0.005169719620705258,0.3223473211894089,leaky_relu,"[32, 64, 256, 256]",65536,5.320106426986129e-07,1.0,0.5308975723673744,0.7716550165926397,0.5114231930770168,0.4737594821313573,0.5555926085762486,3.1968691468705366,0.23483622074127197,0.20000000298023224,0.6393738389015198,0.4122495510374804,0.0237579345703125
1,5,63,315,412,0.0003668373012297078,0.15137376396828361,tanh,"[64, 64, 32]",32768,2.604586186360076e-06,2.0,0.5246577755795855,0.7670838006531551,0.5062381852551985,0.45041436041711264,0.5778571148338499,3.1701910023362787,0.37735214829444885,0.20000000298023224,0.6340382099151611,0.6286853168869295,0.010061264038085938
1,5,16,80,413,0.0065855120370955835,0.47291866672350197,relu,"[256, 128]",131072,2.073534462724649e-05,2.0,0.5322408519792544,0.7723000273931206,0.5109063431987482,0.4683033269860987,0.5620365647926556,3.2101103185100808,0.41565072536468506,0.20000000298023224,0.6420220732688904,0.6237008168196088,0.011978387832641602
1,5,16,80,414,0.0020450129515746096,0.18561604484898514,leaky_relu,"[128, 32, 64]",131072,1.1396174026243237e-06,4.0,0.5309299839347721,0.770825954772298,0.5106896173665169,0.46185025660550966,0.5710796814312056,3.2070695876021746,0.5550184845924377,0.20000000298023224,0.6414139270782471,0.9097757327088454,0.0694272518157959
1,5,125,625,415,0.000517044409576476,0.42335735673040203,relu,"[32, 64, 32, 128]",16384,3.8621493923665935e-07,2.0,0.5271742529329939,0.7678999631790817,0.5097238739810149,0.455859033563069,0.5780238534269685,3.1805875423463057,0.36571574211120605,0.20000000298023224,0.6361175179481506,0.6323230386528638,0.013051271438598633
1,5,16,80,416,0.0008882928186420072,0.3937806372130838,relu,"[32, 32]",131072,0.0001919673358759894,4.0,0.5162160817560558,0.7609768245122732,0.49399360609681275,0.4197420771024832,0.6001608537015968,3.1584211713310903,0.5180549621582031,0.20000000298023224,0.6316842436790466,0.9243633370452043,0.007117033004760742
1,5,125,625,417,0.0010864990869349528,0.44987795125724916,leaky_relu,"[128, 64, 32, 128]",16384,1.4543668842541687e-05,4.0,0.531847088210569,0.7716906042744096,0.5121318903719492,0.4711528163386362,0.5609184354035074,3.1995173811984454,0.5885028839111328,0.20000000298023224,0.6399034857749939,0.9230555928727645,0.015145063400268555
1,5,8,40,418,0.006553976390474068,0.28583038729148813,tanh,"[256, 256, 64, 256]",262144,4.881030591091534e-06,4.0,0.5201280088763837,0.7640841479642655,0.5056019039036149,0.456348172190765,0.5667739024677312,3.141453219332498,0.5903348326683044,0.20000000298023224,0.6282906532287598,0.9239004111611748,0.018308639526367188
1,5,125,625,419,0.0003084693594548812,0.12253139799364496,tanh,"[64, 32, 128, 64]",16384,5.8433836118825395e-06,1.0,0.5286623425080683,0.7686751533324889,0.5088606266291132,0.4591778745974616,0.5705990819569225,3.1981443882265035,0.22743265330791473,0.20000000298023224,0.6396288871765137,0.41410041026184413,0.014041423797607422
1,5,8,40,420,0.00017704482151292668,0.2916968681722113,tanh,"[32, 32]",262144,2.5139777839797473e-05,1.0,0.39121604502272,0.692994973603402,0.4181210447741475,0.37942086207309955,0.4656126172074228,2.434971892312588,0.5733258724212646,0.20000000298023224,0.4869943857192993,0.6716729834785111,0.007814168930053711
1,5,32,160,421,0.00016015176891833935,0.0983604436036026,tanh,"[64, 32]",65536,0.00010024702715778739,2.0,0.5025108608450612,0.7595378780904852,0.4963951432069403,0.4491427845407406,0.5547589156106556,3.08691973854721,0.5133199095726013,0.20000000298023224,0.6173839569091797,0.6753523105052964,0.038347482681274414
1,5,16,80,422,0.0015297310084201022,0.49606069145818577,tanh,"[64, 64]",131072,4.507337973750581e-05,4.0,0.5164877294697174,0.7627604662621017,0.5029374588310694,0.4603757903656867,0.5541704264584723,3.1684255127843395,0.580307126045227,0.20000000298023224,0.6336851119995117,0.9233402118162229,0.008191347122192383
1,5,16,80,423,0.005683793159050545,0.3341687203623024,leaky_relu,"[64, 32, 256]",131072,0.0003410225412776987,2.0,0.5303459447040864,0.7707383590072074,0.5108352297050672,0.47250310522761946,0.5559358939150222,3.2031464099415183,0.39098694920539856,0.20000000298023224,0.6406292915344238,0.6333581402413192,0.010456562042236328
1,5,16,80,424,0.00013986427747276283,0.2600441405095697,tanh,"[32, 256]",131072,0.00020993099449388909,1.0,0.45253478724458357,0.7475545667436034,0.4848397809891392,0.44691554143500134,0.5297971674055475,2.9982539564631288,0.4946199655532837,0.20000000298023224,0.5996508002281189,0.5605025361053726,0.008780479431152344
1,5,63,315,425,0.0018481848447760181,0.4520282293630753,tanh,"[128, 256, 32, 32]",32768,3.1477011895921596e-07,1.0,0.5256649330291956,0.7661007597436936,0.5044466699192838,0.44747991678182564,0.5780336615795049,3.1862765075821207,0.2478441298007965,0.20000000298023224,0.6372553110122681,0.4152955593458177,0.023673057556152344
1,5,8,40,426,0.00010905743082054392,0.25524037907498354,leaky_relu,"[64, 256, 128]",262144,0.00010147475824518822,2.0,0.5000697964898472,0.7491510370268114,0.4858532393567909,0.4549399941791786,0.5212738828514261,3.045235230844688,0.48307448625564575,0.20000000298023224,0.6090470552444458,0.6879051150960973,0.012683391571044922
1,5,16,80,427,0.006790566369425742,0.10638042535123228,leaky_relu,"[64, 32]",131072,1.8622615013953134e-05,4.0,0.533289268820158,0.7726476981706878,0.5116566948628017,0.47138158438424543,0.5594570206755856,3.2129546521163785,0.5768877863883972,0.20000000298023224,0.6425909399986267,0.9067258253370291,0.009943723678588867
1,5,16,80,428,0.0013187674845622425,0.10122893156829751,leaky_relu,"[256, 32]",131072,1.8608135083116413e-06,4.0,0.5300698702799108,0.7698079689043308,0.509161530017732,0.4655008491723617,0.5618600180470007,3.2056965946302327,0.5681761503219604,0.20000000298023224,0.6411393284797668,0.9103361004911121,0.008154630661010742
1,5,125,625,429,0.00201996212159986,0.25172325777587273,relu,"[32, 64, 32]",16384,0.00018386943623935938,4.0,0.5351010574270263,0.7738342160496173,0.5131557399421366,0.47851058775621014,0.5532092275099062,3.226097476093509,0.5823825001716614,0.20000000298023224,0.6452195048332214,0.9074344257785721,0.01133418083190918
1,5,16,80,430,0.008260022224346124,0.2727021844079223,tanh,"[128, 64, 32, 64]",131072,0.0001383566210176824,4.0,0.5234227225177177,0.7678758999755323,0.5064256695133074,0.45616848659229736,0.5691278590764643,3.1832357766742145,0.5751054883003235,0.20000000298023224,0.6366471648216248,0.915817844729738,0.017205476760864258
1,5,8,40,431,0.008868163608750437,0.4008740972130512,leaky_relu,"[32, 64, 128, 128]",262144,8.527501359655956e-06,2.0,0.5257842260835005,0.766899903649264,0.5092361501687289,0.461258636609673,0.5683530150260897,3.1698968534186953,0.41209104657173157,0.20000000298023224,0.6339793801307678,0.6286309200226664,0.027365922927856445
1,5,63,315,432,0.0061910180770485025,0.14468374536018486,relu,"[32, 64, 256]",32768,6.875262413466666e-07,2.0,0.5358036504591039,0.7742965582341959,0.5135454317718212,0.47208606112445306,0.5629879555886853,3.2330613846620713,0.4133089780807495,0.20000000298023224,0.646612286567688,0.6209485287182543,0.01091146469116211
1,5,125,625,433,0.007547310964368315,0.3426814731123186,leaky_relu,"[256, 64, 128, 32]",16384,5.7996078471691816e-05,4.0,0.5354052088095275,0.7739746175992609,0.5126502505456669,0.464154214414658,0.5724626309388363,3.2311978454709376,0.5850259065628052,0.20000000298023224,0.6462395787239075,0.906177387808036,0.06479215621948242
1,5,8,40,434,0.00043310555393735116,0.1678147338720469,leaky_relu,"[128, 32, 64]",262144,2.271306562978507e-05,4.0,0.5111286231022787,0.7549689070948943,0.4922849890249618,0.4671857521601649,0.5202342186825689,3.1297814379665043,0.5646796226501465,0.20000000298023224,0.6259562969207764,0.9406960603895154,0.010752677917480469
1,5,125,625,435,0.0010033984166404946,0.2535703794173455,tanh,"[64, 64, 256, 32]",16384,1.7467881212297262e-05,1.0,0.5294589428098901,0.7686127682909323,0.5098708922238334,0.4595984251968504,0.5724920553964455,3.1945153594834306,0.22910912334918976,0.20000000298023224,0.6389030814170837,0.4132683184819979,0.014193058013916016
1,5,63,315,436,0.0013356331106324701,0.31089733724337976,leaky_relu,"[64, 32]",32768,1.4371346856620849e-05,4.0,0.5312125315673033,0.7715204248529351,0.5108360901330733,0.4626501038491839,0.5702263721605398,3.208638977875725,0.5740682482719421,0.20000000298023224,0.6417278051376343,0.9086082570124142,0.008169412612915039
1,5,63,315,437,0.003420287136392526,0.3983220833214759,tanh,"[32, 32]",32768,5.328385616900461e-06,2.0,0.5255213695609112,0.7657660743834627,0.5053478758026212,0.4580702257941064,0.5635077876731139,3.1834318759526035,0.3979353606700897,0.20000000298023224,0.636686384677887,0.6296893309801378,0.0073604583740234375
1,5,125,625,438,0.003975723588003979,0.29978022005498073,tanh,"[64, 256, 64, 32]",16384,1.5657333544000498e-06,4.0,0.5316849783152672,0.773633385922992,0.5124957356170016,0.46248085758039814,0.5746400408019146,3.2229589935696277,0.5508006811141968,0.20000000298023224,0.6445918083190918,0.9070124442970502,0.020668506622314453
1,5,8,40,439,0.005290080392069435,0.18700876502874952,leaky_relu,"[32, 32, 256]",262144,3.90797481029329e-07,2.0,0.5270672776509437,0.7685982312540909,0.5090441715089498,0.4697626966814031,0.5554945270508846,3.186766755778093,0.41454777121543884,0.20000000298023224,0.6373533606529236,0.626924394756793,0.010548830032348633
1,5,16,80,440,0.0030833039174911546,0.29612637187027013,tanh,"[32, 128, 32]",131072,4.722636920120487e-05,2.0,0.5216484203102789,0.7657300117630028,0.505724761756516,0.45221930095886176,0.573590568480521,3.1588136679110876,0.39025306701660156,0.20000000298023224,0.6317627429962158,0.6301342625158524,0.012915372848510742
1,5,125,625,441,0.00017959285246205443,0.14889170349501007,relu,"[128, 32, 64]",16384,7.364921004031988e-07,2.0,0.5302834668588546,0.7706575012844682,0.5105806835383475,0.46636607656938034,0.5640570442151517,3.195986402094567,0.41137048602104187,0.20000000298023224,0.6391972899436951,0.6253650237155871,0.011398792266845703
1,5,8,40,442,0.00039587580096881744,0.38880512514482696,tanh,"[256, 128]",262144,2.2194070891796154e-07,2.0,0.5198196286840645,0.762334327919372,0.5014596005709803,0.44538442209142065,0.5736886500058849,3.1578328734959236,0.43971461057662964,0.20000000298023224,0.63156658411026,0.6479435889090192,0.010848283767700195
1,5,63,315,443,0.0012254149990350393,0.4151022374860714,relu,"[32, 32]",32768,3.096698650676996e-06,4.0,0.5284186648490248,0.7689570109625747,0.5096412802319706,0.46157457882045855,0.5688826552630547,3.1935345650682665,0.5706813931465149,0.20000000298023224,0.6387069225311279,0.9123005134037269,0.009394407272338867
1,5,63,315,444,0.0007172966750006855,0.23503159465644463,relu,"[128, 256, 32, 256]",32768,1.168059868863212e-07,4.0,0.53339754455694,0.7730144882247459,0.5120014381052963,0.47249894242652973,0.55871160108282,3.207462084182172,0.5760664939880371,0.20000000298023224,0.6414924263954163,0.9087017503813271,0.016071796417236328
1,5,8,40,445,0.004439430302362845,0.1831320402901812,leaky_relu,"[128, 128]",262144,2.6920774401056745e-05,4.0,0.5281917792800916,0.769141089724069,0.5088548819274521,0.467765414127458,0.5578582918121543,3.196182501372956,0.5688818097114563,0.20000000298023224,0.6392365097999573,0.9118642974308602,0.014532327651977539
1,5,32,160,446,0.00017424815805100024,0.1500423626558015,leaky_relu,"[128, 32, 32]",65536,2.714176021272422e-07,1.0,0.5155929963190027,0.7591711220430764,0.49591388227243416,0.4485798858829785,0.554415630271882,3.130664182742474,0.40746572613716125,0.20000000298023224,0.6261328458786011,0.4907912099790291,0.01846027374267578
1,5,16,80,447,0.005015992558502116,0.26469197190739596,leaky_relu,"[128, 128, 64, 256]",131072,1.22706221241249e-06,1.0,0.5316307249550627,0.7719844393758134,0.5109515984399604,0.4541356824161995,0.5840166346267017,3.208246779318947,0.2351153939962387,0.20000000298023224,0.6416493654251099,0.4114485325225034,0.016469955444335938
1,5,125,625,448,0.0014556696326083686,0.16839625896326516,tanh,"[128, 128, 256]",16384,2.3554927504152892e-07,2.0,0.5339854613616825,0.7725627075337774,0.5115583207137514,0.47813778990450206,0.5500019616305073,3.224920582399956,0.4190863370895386,0.20000000298023224,0.6449841260910034,0.6225882578800629,0.05903172492980957
1,5,32,160,449,0.0010367517204330089,0.48400898073184273,relu,"[256, 128, 64, 256]",65536,0.00012767794762658363,2.0,0.5311547608907977,0.7709307770336091,0.5109696568741395,0.4694296602930547,0.5605751500647338,3.196182501372956,0.386256605386734,0.20000000298023224,0.6392365097999573,0.6312883873120347,0.017081737518310547
1,5,63,315,450,0.0008576270418512768,0.2838037380815621,tanh,"[64, 128, 64, 64]",32768,9.482069053218105e-07,4.0,0.5243017153397338,0.7685537799219976,0.5082163788651113,0.46873886785575225,0.5549550786613834,3.184118521450184,0.5710580945014954,0.20000000298023224,0.6368237137794495,0.9165496864040666,0.0162353515625
1,5,63,315,451,0.0008445058945965784,0.4426373951935237,tanh,"[64, 256]",32768,3.943529057824411e-07,2.0,0.525087155739424,0.7657766563556172,0.5059743106815542,0.45458595490249715,0.5704617678214131,3.17735101018323,0.3729338049888611,0.20000000298023224,0.6354702115058899,0.6296730882170491,0.009009599685668945
1,5,63,315,452,0.004499781517570854,0.4949783132767402,relu,"[256, 128]",32768,5.487921115961351e-07,2.0,0.53565898014625,0.7740483701809977,0.5129003157419937,0.474804583110636,0.5576425124563538,3.230315100694968,0.42105811834335327,0.20000000298023224,0.6460630297660828,0.6212166097596392,0.010520458221435547
1,5,16,80,453,0.0015883822007064846,0.05507953469422167,leaky_relu,"[128, 32]",131072,7.035264322302387e-07,4.0,0.5304291907177778,0.7704349958271235,0.5095060020683245,0.45892386904060056,0.5726195613794186,3.202557814083132,0.5644065141677856,0.20000000298023224,0.6405115723609924,0.9095616276320594,0.007726907730102539
1,5,32,160,454,0.008651847047209536,0.2117818100195808,tanh,"[256, 64, 32, 32]",65536,1.7519159190343512e-06,4.0,0.5300641331309879,0.772512537444909,0.5110393321901876,0.4660610811640819,0.5656263486209737,3.209031176432503,0.5413323044776917,0.20000000298023224,0.6418062448501587,0.9097088163988453,0.013808250427246094
1,5,125,625,455,0.0033221796687325053,0.4850703211447369,leaky_relu,"[128, 128, 32]",16384,4.1545365693987244e-06,2.0,0.5354174436664882,0.7741348793927627,0.5136294463677058,0.4700760722605027,0.5660775236376476,3.22099710671608,0.4122435450553894,0.20000000298023224,0.6441994309425354,0.6213460915188458,0.01353764533996582
1,5,32,160,456,0.0009428686280169561,0.40259187844814176,relu,"[128, 32]",65536,1.4757297840902416e-07,4.0,0.5296741593761694,0.7694909651498151,0.5097698692208348,0.4629227874954969,0.5671662285691867,3.195790302816178,0.5515176057815552,0.20000000298023224,0.6391580700874329,0.9116543510399896,0.011738061904907227
1,5,8,40,457,0.00013679229493234263,0.21926603445494341,tanh,"[32, 64, 64]",262144,2.347904199963859e-06,4.0,0.4566330522150863,0.7388080778882822,0.4859352862690796,0.4562565113696047,0.5197438110557495,2.804543036154761,0.5700188279151917,0.20000000298023224,0.5609086155891418,0.9580503116317549,0.010246753692626953
1,5,16,80,458,0.0009977585970000044,0.45480091257357186,tanh,"[256, 64, 256]",131072,5.358710671325669e-05,1.0,0.49524577517904206,0.7493763695333794,0.47953788760078625,0.4056904719888145,0.5862528934049982,2.97579343653033,0.17319199442863464,0.20000000298023224,0.5951586961746216,0.4335468204483811,0.013595342636108398
1,5,32,160,459,0.00017823294438281187,0.25894156170606614,tanh,"[256, 64]",65536,3.3332514591003557e-06,1.0,0.5141703562385331,0.7624509135952963,0.4971462529339085,0.440646623265402,0.5702656047706854,3.101337803880307,0.3129161596298218,0.20000000298023224,0.6202675700187683,0.4403829966122632,0.016916751861572266
1,5,63,315,460,0.0002534799733845084,0.44781126809135235,tanh,"[256, 128, 256]",32768,4.158005702254397e-05,1.0,0.5120183144011391,0.7575664396591457,0.49191079446232366,0.4423714077590056,0.5539448389501354,3.0950605408093255,0.19519232213497162,0.20000000298023224,0.6190121173858643,0.42527007328027683,0.014969110488891602
1,5,63,315,461,0.0005299491588072555,0.17277098699420756,relu,"[32, 128, 256]",32768,7.761342593514218e-07,4.0,0.5299105284316326,0.7705574597591847,0.5099712983875547,0.4597679419618593,0.5724822472439092,3.186374557221315,0.5581018328666687,0.20000000298023224,0.6372749209403992,0.9112575810333209,0.017627716064453125
1,5,8,40,462,0.001411575237083722,0.13279947287492966,tanh,"[32, 128]",262144,1.3785950472599815e-06,4.0,0.5166312622520823,0.7620371313424686,0.5014190774899656,0.4535628407494703,0.5605653419121974,3.1659733777348196,0.560199499130249,0.20000000298023224,0.6331946849822998,0.9218513931558918,0.008283853530883789
1,5,16,80,463,0.0021314927209870266,0.1429462772785422,leaky_relu,"[64, 64, 32, 64]",131072,2.408821301141639e-07,4.0,0.5311574874620753,0.771387472935979,0.5105897844924725,0.4646191705469372,0.5666562046372945,3.202557814083132,0.5697818994522095,0.20000000298023224,0.6405115723609924,0.9092926587141427,0.014496088027954102
1,5,125,625,464,0.0024236516228771134,0.1794262227151141,tanh,"[256, 128, 64, 64]",16384,0.00031007918886734445,4.0,0.527681097461222,0.7686623353029025,0.5063200509139766,0.46079898317083373,0.5618207854368551,3.198634636422476,0.5527135133743286,0.20000000298023224,0.6397269368171692,0.9126188116256194,0.016123056411743164
1,5,32,160,465,0.004283458902166759,0.3925951084933618,leaky_relu,"[256, 64, 64, 256]",65536,1.6950597791613183e-06,2.0,0.5337891293989449,0.7732786970412424,0.5132589982090242,0.46924695882529804,0.5663815763662756,3.207462084182172,0.38712021708488464,0.20000000298023224,0.6414924263954163,0.6258591312453682,0.015502214431762695
1,5,16,80,466,0.0017816531170971955,0.3744549206244998,relu,"[64, 128, 256]",131072,0.00016858827101227437,2.0,0.5282173924713831,0.7691901548854394,0.509791836663831,0.4572329492369978,0.5760033740044725,3.183333826313409,0.3830391466617584,0.20000000298023224,0.6366667747497559,0.6272079363291679,0.012973308563232422
1,5,63,315,467,0.00015146232677603637,0.46145046165202286,tanh,"[128, 128, 128, 128]",32768,4.01014539543516e-06,1.0,0.5045108723212105,0.7576235267822231,0.49207897629210456,0.4473766583997496,0.5467064223782808,3.0657341619471588,0.25521641969680786,0.20000000298023224,0.6131468415260315,0.42418842122354516,0.016451597213745117
1,5,125,625,468,0.001649927370251901,0.34941630722286054,tanh,"[128, 32]",16384,9.712051187212816e-05,1.0,0.5256925162549931,0.7645597539926138,0.5049298270950124,0.45586364390640927,0.5658323198242379,3.177743208740008,0.23623673617839813,0.20000000298023224,0.6355486512184143,0.41508184051409847,0.007756233215332031
1,5,16,80,469,0.00010657259068687732,0.3684622367003941,tanh,"[256, 256]",131072,7.497041437776274e-07,4.0,0.5183094794690424,0.7619419774432779,0.5017694256172227,0.47373694252533083,0.5333281023186472,3.16175605115658,0.6077823638916016,0.20000000298023224,0.6323512196540833,0.9240095088666079,0.029172897338867188
1,5,16,80,470,0.00237639384329205,0.11168902016763946,leaky_relu,"[128, 64]",131072,5.162986520760686e-07,4.0,0.5328156464165263,0.7718263999312642,0.5111208682038523,0.4665036714404838,0.5651751736042999,3.2189374682465575,0.5652962327003479,0.20000000298023224,0.6437875032424927,0.9072798832783895,0.008332967758178711
1,5,8,40,471,0.0002962161423828125,0.08681528856704868,leaky_relu,"[128, 256]",262144,2.1144511005923436e-06,2.0,0.5164745014169151,0.7601791696602267,0.496963272540859,0.4460561820535617,0.5609870924712621,3.1503784187081694,0.39699694514274597,0.20000000298023224,0.6300756931304932,0.6373183085258143,0.012218713760375977
1,5,63,315,472,0.00016388699158690365,0.24562111397445835,relu,"[256, 32]",32768,5.146874217005349e-07,1.0,0.5209594218182633,0.7642867518118137,0.49728613594595406,0.4414603536794067,0.5692749813645102,3.1608733063806103,0.3272362947463989,0.20000000298023224,0.6321746706962585,0.4393347011658615,0.024908781051635742
1,5,16,80,473,0.0020252344986684627,0.3032368315101019,tanh,"[64, 32, 32, 128]",131072,2.5896522581066425e-07,4.0,0.5157569647680997,0.7648587928929628,0.5044768550093559,0.4550940241055089,0.5658813605869198,3.138903034643784,0.5618990659713745,0.20000000298023224,0.6277806162834167,0.9258047336220456,0.012688159942626953
1,5,32,160,474,0.00011115817196738481,0.4708546485180994,leaky_relu,"[128, 256]",65536,1.8790925987133417e-06,1.0,0.5125963629382457,0.7591509717326018,0.49339339738393595,0.44985985800021,0.546255247361607,3.0940797463941614,0.3270009756088257,0.20000000298023224,0.6188159584999084,0.43878413009902656,0.011842012405395508
1,5,32,160,475,0.0005686902835075632,0.4273081700273198,leaky_relu,"[32, 128]",65536,0.0004993660291484655,1.0,0.5200415365447765,0.7638811996731317,0.5011304810873569,0.45148250098309084,0.5630468045039037,3.15351719925527,0.29834866523742676,0.20000000298023224,0.6307034492492676,0.4200201888160458,0.007691383361816406
1,5,32,160,476,0.0006318352548150002,0.4956773378402369,leaky_relu,"[64, 256]",65536,6.356949512082734e-07,2.0,0.5236452996179866,0.7659588914709179,0.5042452725620165,0.4601137641699504,0.5577405939817176,3.160480809800613,0.4157150387763977,0.20000000298023224,0.6320961713790894,0.6309033110720846,0.009125232696533203
1,5,8,40,477,0.0008627424925538981,0.19708056473029117,tanh,"[64, 64, 128, 32]",262144,9.436804901528977e-06,2.0,0.5113689885022153,0.7611012603129113,0.49482493533970745,0.4556561795712151,0.5413609792459493,3.1031032934322464,0.49046090245246887,0.20000000298023224,0.6206206679344177,0.6485679485615576,0.023733854293823242
1,5,63,315,478,0.0016638194910847048,0.3475123612481491,tanh,"[64, 128, 64, 64]",32768,1.4152054548407181e-05,4.0,0.5261008316105132,0.7690637959294264,0.5098338147712278,0.4673046121661818,0.5608792027933619,3.1743105772985434,0.5750437378883362,0.20000000298023224,0.6348621249198914,0.9146130250380372,0.01414632797241211
1,5,32,160,479,0.0017301425774993665,0.398107206403028,leaky_relu,"[128, 32, 64, 32]",65536,8.07345170690831e-05,1.0,0.5309701711568372,0.7702368757466465,0.5108766190471957,0.467135959421892,0.5636549099611597,3.200890672193607,0.28164345026016235,0.20000000298023224,0.6401781439781189,0.4127517841589437,0.01339268684387207
1,5,16,80,480,0.005416654624432823,0.4303520143933616,tanh,"[32, 64, 32, 128]",131072,3.4163957257343555e-07,1.0,0.5211603466154193,0.7635303551059847,0.5062859853794234,0.451816271389973,0.5756895131233081,3.1453763969931545,0.21335285902023315,0.20000000298023224,0.629075288772583,0.4192171206210621,0.012610912322998047
1,5,8,40,481,0.0008795052476352106,0.22256590932623982,leaky_relu,"[128, 256, 128]",262144,1.5110524539370406e-05,1.0,0.5242107284758911,0.7667528451537479,0.5046273827255535,0.44000992295120245,0.5914904468594295,3.1822549822590505,0.2630326747894287,0.20000000298023224,0.636451005935669,0.4168025485766987,0.014635324478149414
1,5,32,160,482,0.0009171392016227182,0.28432446824960006,leaky_relu,"[128, 256, 64, 128]",65536,5.613704541261328e-06,4.0,0.5316002293566142,0.7715950927763033,0.5115141524858117,0.47074391339835603,0.5600160853701597,3.198242437865698,0.5789591073989868,0.20000000298023224,0.6396484971046448,0.9084418754031562,0.016463041305541992
1,5,63,315,483,0.0002705590812505145,0.392263779332872,relu,"[256, 64]",32768,1.6727963445648596e-07,4.0,0.528908177560919,0.7694480175417235,0.5090590685765078,0.4635220784241087,0.5645180273843619,3.1896110893843908,0.5562097430229187,0.20000000298023224,0.6379222273826599,0.9116957261935656,0.009287357330322266
1,5,16,80,484,0.007771243514690218,0.145287128370792,tanh,"[128, 32]",131072,8.462093672086758e-07,2.0,0.5257545742481137,0.7660116414715793,0.5059059179533029,0.4502876993236005,0.5771999686139119,3.1866687061388985,0.3814692795276642,0.20000000298023224,0.6373337507247925,0.6290186519728314,0.011656045913696289
1,5,8,40,485,0.004786575788805125,0.22120362856918602,leaky_relu,"[64, 256]",262144,0.0005479642771772771,1.0,0.5272230894057324,0.7682943571926457,0.506192416367565,0.46696780075421657,0.5526109302051866,3.20118482111119,0.27569547295570374,0.20000000298023224,0.6402369737625122,0.41418504321826316,0.009083032608032227
1,5,125,625,486,0.002327590413549663,0.09618731038749415,relu,"[256, 32, 128, 32]",16384,0.00037655181881069295,1.0,0.5358932514238638,0.7739909663679938,0.5123706925694711,0.47403231052802774,0.5574561575581624,3.2374748105187,0.26817795634269714,0.20000000298023224,0.6474949717521667,0.40986142567479084,0.025801420211791992
1,5,63,315,487,0.005581543186122952,0.32378910011556455,tanh,"[64, 64]",32768,1.1267088748116004e-05,4.0,0.5316242543224409,0.7714833730454292,0.5105778712773651,0.4615201768495115,0.5713052689395426,3.2102083681492752,0.5625323057174683,0.20000000298023224,0.6420416831970215,0.9086453955555781,0.00805974006652832
1,5,63,315,488,0.0008689938551716721,0.06677782308973693,relu,"[128, 128]",32768,1.7251601326921936e-05,4.0,0.53537329551121,0.7736281448345778,0.5127056770425243,0.46942152802686926,0.5647828475028444,3.2269802208694784,0.5752913355827332,0.20000000298023224,0.6453960537910461,0.9046344878894397,0.029726505279541016
1,5,125,625,489,0.0004272233598225646,0.09785572872030714,tanh,"[64, 256]",16384,0.00013213590258407182,1.0,0.5299700625554037,0.7687807197477876,0.5092173552898948,0.45454615473485577,0.5788379300874887,3.2024597644439377,0.24005085229873657,0.20000000298023224,0.6404919624328613,0.41285278663577635,0.008512735366821289
1,5,8,40,490,0.00022106089814627063,0.07521390177666622,relu,"[64, 128]",262144,0.0001234308964548321,2.0,0.496416372300172,0.746401980934894,0.49072475276780025,0.4635735594284817,0.5212542665463533,3.044842734264691,0.4961738586425781,0.20000000298023224,0.6089685559272766,0.7008213018294412,0.0215909481048584
1,5,63,315,491,0.0040764999123570605,0.1256144670895113,leaky_relu,"[64, 256, 256, 32]",32768,1.3173418129273819e-05,1.0,0.5378464458902977,0.7750305163476218,0.5139203166081882,0.4821155399714674,0.5502177409863078,3.2476755492735574,0.2501426041126251,0.20000000298023224,0.6495351195335388,0.409251777876204,0.06210517883300781
1,5,8,40,492,0.008223095292064565,0.357091809891431,relu,"[256, 128, 64]",262144,1.7243156246943102e-07,4.0,0.5299814450357951,0.7705927258929353,0.5098379502178135,0.46272177048603613,0.5676370198909333,3.204813849854263,0.5604999661445618,0.20000000298023224,0.6409627795219421,0.9110804076669748,0.012495994567871094
1,5,32,160,493,0.00015533186805077694,0.07582839630591418,relu,"[32, 64, 128, 32]",65536,4.4320826378917094e-05,1.0,0.5102665246289358,0.7571940974063385,0.4858113777868438,0.46063563233548727,0.5138981521440621,3.1044762864041884,0.41167381405830383,0.20000000298023224,0.620895266532898,0.46832419630918914,0.01966261863708496
1,5,63,315,494,0.00012046872219743608,0.19924285756537297,leaky_relu,"[64, 128]",32768,9.640795664259282e-06,2.0,0.5208221379653648,0.7638471316244151,0.4999498593882845,0.4500270802753554,0.5623308093687474,3.1563615328615677,0.401849627494812,0.20000000298023224,0.6312723159790039,0.6322976741131704,0.007914066314697266
1,5,63,315,495,0.00017252982669805996,0.4239277233214112,leaky_relu,"[256, 256, 64]",32768,1.2945337428512235e-07,1.0,0.5236916934715822,0.7668562849509757,0.5038012691263627,0.45384421833964994,0.5661167562477931,3.16175605115658,0.29013657569885254,0.20000000298023224,0.6323512196540833,0.42338577441111463,0.030473709106445312
1,5,8,40,496,0.0002227778904367861,0.3349960896501996,tanh,"[32, 64, 256]",262144,0.0006701983073681839,2.0,0.4904565009184197,0.7557744563356134,0.49257310914072144,0.44472806587744396,0.5519537839852485,3.0746596593460493,0.5455325841903687,0.20000000298023224,0.6149319410324097,0.6921225128446398,0.02696824073791504
1,5,32,160,497,0.00040460239177552825,0.19825087527146468,leaky_relu,"[32, 128, 128, 32]",65536,1.700732520995165e-07,4.0,0.5250336053286287,0.7679111695003278,0.506731326309465,0.45046887279774755,0.5790537094432893,3.179508698291947,0.5523613691329956,0.20000000298023224,0.6359017491340637,0.9151109367921206,0.030135631561279297
1,5,16,80,498,0.0008202760933108274,0.16682468184912844,leaky_relu,"[32, 64]",131072,0.000448153659122798,1.0,0.5168993249317791,0.7609293883511673,0.4962190615539415,0.44945993488971847,0.553836949272235,3.1465532906867075,0.2900475859642029,0.20000000298023224,0.629310667514801,0.4216459792304504,0.009789705276489258
1,5,125,625,499,0.0002676752697771925,0.3600732873855217,leaky_relu,"[64, 64, 32, 256]",16384,1.07103499466958e-06,4.0,0.5272807210649039,0.7684372642434933,0.5093593250238326,0.4666030067087802,0.5607418886578525,3.1748008254945157,0.5650761723518372,0.20000000298023224,0.6349601745605469,0.9335100617202595,0.018214941024780273
1,5,63,315,500,0.003957768308836299,0.08786346228497752,tanh,"[256, 32, 128, 128]",32768,1.2029490896932364e-06,2.0,0.5340220361693871,0.7723022412043359,0.5123129556064735,0.4750450488203495,0.5559260857624858,3.226097476093509,0.3952726423740387,0.20000000298023224,0.6452195048332214,0.6228565245150042,0.024457216262817383
1,5,63,315,501,0.000482967337011273,0.17908240513901225,relu,"[128, 128, 32, 32]",32768,3.414747925455286e-05,2.0,0.5324480425286656,0.7717924648187237,0.5116983121883367,0.4768496945769403,0.552042057358076,3.206481289767008,0.43701016902923584,0.20000000298023224,0.6412962675094604,0.6236138122893384,0.014450550079345703
1,5,16,80,502,0.003583649171728538,0.4338104924031839,tanh,"[32, 256]",131072,3.097308998152538e-07,1.0,0.52101185775522,0.7629492342615354,0.5046977276414031,0.4563278444181935,0.5645376436894347,3.1547921425880174,0.23330628871917725,0.20000000298023224,0.6309584379196167,0.41672928764959566,0.015819787979125977
1,5,125,625,503,0.007325035097495996,0.33947936285834684,tanh,"[64, 32, 64, 32]",16384,0.00012634612883671641,1.0,0.5259060082685114,0.7644764628824876,0.5053141849854832,0.4515752895752896,0.5735709521754482,3.1942209125426277,0.22465837001800537,0.20000000298023224,0.6388441920280457,0.4154597493159756,0.01228952407836914
1,5,63,315,504,0.0007016221899259331,0.13549708513541564,leaky_relu,"[256, 128, 32, 128]",32768,8.153492655320327e-05,2.0,0.5356793517050374,0.7738964166640248,0.5132498252207562,0.47001541435247485,0.5652438306720546,3.232668888082074,0.4148288369178772,0.20000000298023224,0.6465337872505188,0.621522434291696,0.01434326171875
1,5,63,315,505,0.0010560487976139818,0.35272568538058635,tanh,"[64, 64]",32768,7.063609851143799e-07,4.0,0.5238794421902792,0.7664899647249903,0.5062394001606713,0.4644729083404311,0.556259562948723,3.172937286303382,0.5733054876327515,0.20000000298023224,0.6345874667167664,0.9163982646421058,0.007467746734619141
1,5,16,80,506,0.0003051162102360435,0.07828997397446916,leaky_relu,"[256, 64, 32]",131072,0.00020670145803345914,4.0,0.5273983228703669,0.7676860495713919,0.5072945860289688,0.45708711590805395,0.5698928949743026,3.1922593237122996,0.5608190298080444,0.20000000298023224,0.638451874256134,0.9140641694655578,0.010787248611450195
1,5,63,315,507,0.0015821247169760752,0.27179573528006945,relu,"[128, 128, 256, 32]",32768,7.182817767851002e-07,1.0,0.5348625565997706,0.773688173713182,0.5128086880250297,0.4756756303366828,0.5562301384911138,3.2258033271759254,0.2523403465747833,0.20000000298023224,0.6451606750488281,0.41018812788431236,0.039312124252319336
1,5,32,160,508,0.009577351294074794,0.35207962698592493,leaky_relu,"[256, 64]",65536,7.616569568303977e-06,2.0,0.5349632932994935,0.7739640227964506,0.5128786920153419,0.4619520362204353,0.5764251245635372,3.217858624192199,0.3924849331378937,0.20000000298023224,0.6435717344284058,0.6214012164558677,0.03865480422973633
1,5,8,40,509,0.0004555922326550306,0.11274843318430912,tanh,"[64, 32]",262144,0.00043196634671359077,1.0,0.5001909342760553,0.7530436836997615,0.4869172022829494,0.47681228906374856,0.4974596884930754,3.060241594012952,0.585477352142334,0.20000000298023224,0.612048327922821,0.5553120419198896,0.007343769073486328
1,5,32,160,510,0.0003263120694486918,0.48910943742249274,relu,"[64, 256, 64, 32]",65536,1.084780955669802e-06,2.0,0.5180215268220976,0.7608620272998999,0.49760190771603,0.4582046921692615,0.544411314684766,3.1473379858234827,0.43876534700393677,0.20000000298023224,0.6294676065444946,0.6355367009447707,0.026434898376464844
1,5,32,160,511,0.0010135428502736396,0.44124664517974016,leaky_relu,"[256, 32, 32]",65536,0.00011355172307907293,4.0,0.5301376543418678,0.7703935991170383,0.5105533015292701,0.4680301469746759,0.5615755816234455,3.197751891646506,0.5865814089775085,0.20000000298023224,0.6395503878593445,0.9108624507410996,0.017278194427490234
1,5,8,40,512,0.0009487349854354474,0.2948513086361006,relu,"[128, 64, 256, 32]",262144,6.564884600495143e-07,2.0,0.5220228348394125,0.7647465613307537,0.4992725962018665,0.44799127148034135,0.5638118404017419,3.172741187024993,0.4236072897911072,0.20000000298023224,0.6345482468605042,0.6330856909715038,0.02472710609436035
1,5,125,625,513,0.0076622970421011535,0.38318761064152346,tanh,"[256, 128]",16384,0.0004207198701878543,4.0,0.5235374946240764,0.7638758168582793,0.5020380057055606,0.44512366231579586,0.5756404723606261,3.1837263228934063,0.5438520312309265,0.20000000298023224,0.636745274066925,0.9193651667927942,0.014553308486938477
1,5,8,40,514,0.00033392530274026726,0.4420624217395144,tanh,"[64, 64]",262144,0.00013513306660998604,1.0,0.49074476865399785,0.7438577386056462,0.4822664206380185,0.4402147507530852,0.5332005963356742,3.00139273701023,0.489505797624588,0.20000000298023224,0.6002785563468933,0.5322598812583756,0.013971328735351562
1,5,32,160,515,0.0002540981378637279,0.30486575487389284,leaky_relu,"[256, 64, 32]",65536,1.1511899131333528e-07,1.0,0.519154718652353,0.7635025471787338,0.4956359183744613,0.44593863452807553,0.557799442896936,3.1341951618463524,0.3887949287891388,0.20000000298023224,0.6268390417098999,0.4581427864066532,0.014207839965820312
1,5,63,315,516,0.006323198758217038,0.2809264903345381,relu,"[128, 32, 256]",32768,0.00016743569819390388,2.0,0.5358042349322888,0.7740025081862384,0.5132754436693049,0.47145801006543353,0.5632331594020951,3.224037837623986,0.3886026442050934,0.20000000298023224,0.6448075771331787,0.6256345544642804,0.023512601852416992
1,5,125,625,517,0.0006796511307029347,0.4929774916683077,tanh,"[64, 128, 256]",16384,0.00020271912049817355,1.0,0.5251661679941984,0.7649357083816708,0.506029341343433,0.45493683172346855,0.5700498254148848,3.1778412583792024,0.22829732298851013,0.20000000298023224,0.6355682611465454,0.4154653780908591,0.012300491333007812
1,5,16,80,518,0.00022697851541853266,0.28201287296713246,tanh,"[256, 256]",131072,1.5747008066618455e-07,4.0,0.5229739084706931,0.7647876540853684,0.503768961131619,0.45948764379198564,0.5574953901683078,3.1706815485554705,0.5743405818939209,0.20000000298023224,0.6341363191604614,0.9188359240434417,0.014000415802001953
1,5,32,160,519,0.0003708023392711432,0.4917850608917831,tanh,"[32, 256]",65536,0.0003152254166301639,2.0,0.5152240235700682,0.7615085887458626,0.5010883302906896,0.45341338670224596,0.5599670446074777,3.158715618271893,0.44518837332725525,0.20000000298023224,0.6317431330680847,0.6416410084970655,0.017816543579101562
1,5,125,625,520,0.001885499911654258,0.22375891459046593,relu,"[256, 64, 128, 256]",16384,5.823340043523053e-05,2.0,0.5366984807128159,0.7747241283314101,0.5138009634164579,0.4775305979767009,0.556033975440386,3.2373767608795054,0.3867848217487335,0.20000000298023224,0.6474753618240356,0.6207837434560312,0.016289472579956055
1,5,32,160,521,0.006664282852831058,0.25303682378142206,leaky_relu,"[32, 64, 256]",65536,1.3441281611019824e-07,2.0,0.5322015173544576,0.7729911543964809,0.5122277552322387,0.46710568842921785,0.5669994899760681,3.196967196509731,0.41297340393066406,0.20000000298023224,0.6393934488296509,0.6258418018612399,0.012231588363647461
1,5,125,625,522,0.0008135178123529421,0.1404435294956804,tanh,"[64, 256, 32, 256]",16384,8.66469470515258e-07,1.0,0.5323894092807012,0.7713122950812232,0.5104528082565737,0.46313518696069034,0.5685393699242811,3.2264896746502867,0.23803406953811646,0.20000000298023224,0.6452979445457458,0.41182113543086746,0.013992547988891602
1,5,8,40,523,0.0014378068508318694,0.16311184983215,relu,"[64, 128, 128]",262144,1.2884377411081986e-05,1.0,0.5239397001834154,0.767053026980538,0.506309385709352,0.46147637572842176,0.5607909294205343,3.1689160590035312,0.2857666015625,0.20000000298023224,0.633783221244812,0.4163131539164241,0.019013166427612305
1,5,125,625,524,0.00045041078768600046,0.2755183107798855,leaky_relu,"[128, 128]",16384,2.143019820807792e-07,2.0,0.5327406866542262,0.7720625983558874,0.5108993193655561,0.4603721625555687,0.5738848130566127,3.2109930632860504,0.41026756167411804,0.20000000298023224,0.6421986222267151,0.6232277981670641,0.05752372741699219
1,5,63,315,525,0.00025838282630939876,0.3330269931907171,relu,"[128, 32, 32, 128]",32768,7.883381367800853e-05,2.0,0.5260185753553889,0.7670626401359659,0.5089764799593848,0.45955109460207066,0.5703146455333673,3.1745066765769323,0.404880166053772,0.20000000298023224,0.6349013447761536,0.6311263614743066,0.040871620178222656
1,5,125,625,526,0.00013035793806254583,0.18898680251003852,leaky_relu,"[64, 128]",16384,0.00014921198193015113,4.0,0.5284289902386163,0.7690270281880709,0.5087718537720922,0.45587104292095554,0.575562007140335,3.1929459692098803,0.5521060824394226,0.20000000298023224,0.6385892033576965,0.9118006400153946,0.012967586517333984
1,5,63,315,527,0.001132183596470704,0.3277815401945435,leaky_relu,"[128, 64, 32]",32768,8.843721058491327e-05,4.0,0.5321567823721116,0.7722455137845459,0.5118729311312541,0.46584080762578933,0.5679999215347797,3.205206048411041,0.5868446826934814,0.20000000298023224,0.6410412192344666,0.9071853745203019,0.018770456314086914
1,5,32,160,528,0.0003685520024173446,0.4386135216926595,relu,"[64, 256, 128]",65536,0.00021512952576128067,2.0,0.5226152877580926,0.7655826990713916,0.5031793207453986,0.4570908974379516,0.5596041429636314,3.1608733063806103,0.3976258933544159,0.20000000298023224,0.6321746706962585,0.6317303769809874,0.0326235294342041
1,5,8,40,529,0.0008012504591996282,0.4905468944882229,leaky_relu,"[256, 64]",262144,0.0006986106536328149,2.0,0.5184080108935738,0.7630492558734489,0.49789988505094035,0.449058269802351,0.5586625603201381,3.1297814379665043,0.4518180191516876,0.20000000298023224,0.6259562969207764,0.6393232777594884,0.011858224868774414
1,5,16,80,530,0.0001181027045355211,0.4921037915745704,relu,"[256, 64, 256, 64]",131072,0.00015796287235173568,2.0,0.51156498409458,0.7560391837655344,0.4920067977009265,0.4315409481961489,0.5721781945152811,3.105359031180158,0.3932921290397644,0.20000000298023224,0.6210718154907227,0.6519659722326989,0.0347442626953125
1,5,32,160,531,0.00011759231566579276,0.1384378437780241,leaky_relu,"[128, 32, 128, 256]",65536,0.0004085658008354814,2.0,0.522860215186563,0.7660570033353113,0.5059415858055007,0.45985705920572406,0.5622915767586018,3.177743208740008,0.3954119086265564,0.20000000298023224,0.6355486512184143,0.6297960166853703,0.04223442077636719
1,5,8,40,532,0.002234551794964106,0.13771982005630407,leaky_relu,"[64, 256, 32, 256]",262144,8.978904428699636e-05,2.0,0.5286368813799738,0.7702043503227485,0.5091917437421198,0.46245936033568763,0.5664306171289576,3.18313772703502,0.4013085961341858,0.20000000298023224,0.6366275548934937,0.6258878795736473,0.01961803436279297
1,5,32,160,533,0.000806020811938897,0.23893368022356776,relu,"[64, 64, 256]",65536,0.00017637906718317547,1.0,0.5292904220070155,0.7700978110743791,0.5099189204919391,0.4690745850665129,0.5585546706422378,3.1939267636250444,0.2683086097240448,0.20000000298023224,0.6387853622436523,0.4128396551549362,0.011375188827514648
1,5,125,625,534,0.00798908078634138,0.22831647603675687,relu,"[64, 64, 128]",16384,2.92968522094972e-07,2.0,0.5371373403063522,0.774843119544863,0.5136687552347694,0.48153773544428713,0.5503942877319629,3.244340669448068,0.42620474100112915,0.20000000298023224,0.6488681435585022,0.6202724105959441,0.03703045845031738
1,5,32,160,535,0.00015254312557786,0.12903870259668396,tanh,"[32, 256, 32, 32]",65536,3.2881442184578306e-05,1.0,0.50085765180477,0.7572576824328763,0.4929440043994643,0.4499052830982951,0.5450880772097768,3.066714956362323,0.43578580021858215,0.20000000298023224,0.6133430004119873,0.49737334552946394,0.055304765701293945
1,5,63,315,536,0.0001495972997262714,0.09099050062597029,leaky_relu,"[128, 64, 256]",32768,3.875730413442701e-06,1.0,0.5292809111944148,0.7694480203555695,0.5084050186359628,0.4637500707453733,0.562576013182157,3.209619772290889,0.2566084563732147,0.20000000298023224,0.6419239640235901,0.4127975568468206,0.013671875
1,5,8,40,537,0.006257077472607009,0.38656915786818896,relu,"[32, 64]",262144,1.3274663193705129e-06,4.0,0.5257378158810205,0.7666322005293167,0.5080275988716776,0.46190648203893236,0.5643807132488524,3.1850012662261538,0.5574960112571716,0.20000000298023224,0.6370002627372742,0.9154331394486683,0.007851600646972656
1,5,32,160,538,0.0011760292276437193,0.15217472074513896,tanh,"[256, 128, 32]",65536,4.8036449675094895e-05,2.0,0.5304977389968846,0.7695478787283518,0.509779033180778,0.46827273623017046,0.5593589391502216,3.2024597644439377,0.4061782956123352,0.20000000298023224,0.6404919624328613,0.6254406874581773,0.013791322708129883
1,5,32,160,539,0.00044802801869924636,0.19385338783660017,relu,"[32, 32]",65536,4.382574436646578e-07,2.0,0.5181615845238451,0.7620801858406253,0.4984407256116309,0.4513419348680338,0.556514574914669,3.1459649928515407,0.44198331236839294,0.20000000298023224,0.6291930079460144,0.6419771191151445,0.007228374481201172
1,5,16,80,540,0.00032470728213763436,0.2678440474760967,relu,"[32, 64, 64, 32]",131072,9.963461043144837e-07,4.0,0.5102659238516323,0.7561110111837241,0.49167560658282167,0.4598843713439056,0.5281886303895799,3.1292908917473126,0.515390932559967,0.20000000298023224,0.6258581876754761,0.9341218996742024,0.02138233184814453
1,5,32,160,541,0.0007572861667397043,0.15578230871406204,relu,"[64, 32]",65536,0.0007095218711736103,2.0,0.5265493079791453,0.7684783356898399,0.5066261683932671,0.469820937562873,0.5496881007493428,3.1782337549591997,0.427817165851593,0.20000000298023224,0.6356467604637146,0.6280265040089718,0.022120952606201172
1,5,16,80,542,0.0001079217973568618,0.29880426892277273,relu,"[32, 32, 32]",131072,1.8704169501241466e-07,2.0,0.47353312595783215,0.7322507533159657,0.4789389128859009,0.42173747508454457,0.5540919612381812,2.851720409814709,0.4480099380016327,0.20000000298023224,0.570344090461731,0.7316545427605545,0.05281519889831543
1,5,32,160,543,0.001795434799613266,0.12548005989925992,leaky_relu,"[32, 128]",65536,0.0009417695257957573,4.0,0.5307554425243755,0.7708883122044959,0.5106243984443389,0.45922276099234666,0.5749833261406881,3.2114833114820227,0.5491623878479004,0.20000000298023224,0.6422966718673706,0.9099829322733638,0.0076940059661865234
1,5,125,625,544,0.00012381548316980608,0.14945952020514047,tanh,"[256, 128]",16384,1.3638538323900276e-07,1.0,0.5260675492906018,0.7677069074919334,0.5068055278084203,0.454777159425712,0.572276276040645,3.1840204718109897,0.22922319173812866,0.20000000298023224,0.6368041038513184,0.4141048711394968,0.0102081298828125
1,5,8,40,545,0.00039409783746014544,0.302042309540976,leaky_relu,"[256, 32, 128]",262144,4.5222073255422606e-07,2.0,0.5124391406966388,0.7568512048275278,0.49111691184396133,0.4702450932000323,0.5139275766016713,3.1349798569831275,0.5036766529083252,0.20000000298023224,0.6269959807395935,0.6710126043133038,0.011106491088867188
1,5,16,80,546,0.00029502990976442627,0.3711930131067366,leaky_relu,"[128, 64, 256, 32]",131072,0.0008925320341000532,4.0,0.5187302673264794,0.7619305724933787,0.5028940288552359,0.46256021740025527,0.5509337361214641,3.1261524092234314,0.5126152634620667,0.20000000298023224,0.6252304911613464,0.9299392865621645,0.014826297760009766
1,5,8,40,547,0.006016849161489067,0.3252666999625431,relu,"[64, 32, 32, 32]",262144,6.653866267537269e-06,2.0,0.5276477364845047,0.7679471699636556,0.5096136360612257,0.4651552568721914,0.5634685550629683,3.1800972941503334,0.43576088547706604,0.20000000298023224,0.6360194683074951,0.6288077781113325,0.01248931884765625
1,5,63,315,548,0.0058986742327729776,0.40382292044332646,tanh,"[64, 128, 256]",32768,1.915348313835737e-07,2.0,0.5293601989531734,0.7697886414754012,0.5103527059831501,0.46818405108891437,0.5608693946408254,3.200204026696026,0.4168385863304138,0.20000000298023224,0.6400408148765564,0.6263363579661911,0.013283252716064453
1,5,32,160,549,0.00011661137584132308,0.15549928318455436,relu,"[64, 64]",65536,3.848643443090903e-06,1.0,0.49716872716800464,0.7497247172092096,0.4872552866797471,0.43860778372607817,0.5480403311232296,3.0136528162113905,0.38238731026649475,0.20000000298023224,0.6027305722236633,0.4829080744346036,0.05929207801818848
1,5,32,160,550,0.0005026113960242043,0.4863919932551733,relu,"[32, 64, 32, 64]",65536,3.9780994763484077e-07,1.0,0.5122443985228319,0.7550023915111086,0.4900423167265316,0.4587747069393343,0.5258837145435286,3.152732504118495,0.37978556752204895,0.20000000298023224,0.630546510219574,0.4308428883321045,0.012891292572021484
1,5,16,80,551,0.00018585824459499458,0.4859224802405273,tanh,"[32, 128, 64, 256]",131072,4.518893273271351e-06,1.0,0.48233998938519157,0.7523099946934081,0.4901973311914715,0.4583760071009149,0.5267664482718035,3.011789277020257,0.5967568755149841,0.20000000298023224,0.6023578643798828,0.5599960235008996,0.016339540481567383
1,5,63,315,552,0.0001668801673998481,0.1755283679555364,leaky_relu,"[256, 64]",32768,2.4591170063907915e-05,1.0,0.5254804410652439,0.7672670977066429,0.5038770128973123,0.4522289020405935,0.5688434226529091,3.1805875423463057,0.2794639468193054,0.20000000298023224,0.6361175179481506,0.419016576050178,0.009931802749633789
1,5,32,160,553,0.0070021838967979635,0.35847529737829753,tanh,"[128, 128, 32]",65536,6.065188144783183e-07,4.0,0.5277972613644064,0.7712899730950705,0.5098763798981851,0.4512693461035871,0.5859782651339793,3.196574997952953,0.5393169522285461,0.20000000298023224,0.6393150091171265,0.9107314062621764,0.013339042663574219
1,5,63,315,554,0.0011866632767327295,0.14382747626871067,relu,"[256, 32, 64]",32768,2.3855244339175047e-05,2.0,0.5359802470384752,0.7739150181447898,0.5130092128568094,0.4809040440009267,0.5497077170544157,3.2237433906831834,0.4339955449104309,0.20000000298023224,0.6447486877441406,0.6214045536813209,0.011478662490844727
1,5,32,160,555,0.00044368103933290593,0.3691568910524235,relu,"[32, 32, 256, 256]",65536,5.9130789957736816e-05,2.0,0.5197271727311499,0.7638841278043541,0.5037139990611452,0.47450793375531086,0.5367511475538468,3.1344893107639358,0.37075075507164,0.20000000298023224,0.6268978714942932,0.640582952344491,0.06502699851989746
1,5,32,160,556,0.0001952243346297604,0.47402201204880584,relu,"[64, 128, 256, 64]",65536,8.151245291135876e-07,1.0,0.5136031846399807,0.7572128775061865,0.4933430701137244,0.4517704816427721,0.5433422260582996,3.1375297436486225,0.37476861476898193,0.20000000298023224,0.6275059580802917,0.43118920275535405,0.017412424087524414
1,5,63,315,557,0.0001358683853538198,0.33553477139638366,relu,"[32, 64, 256]",32768,9.392816259790673e-07,2.0,0.5178231592458407,0.760908399815271,0.4982673158748958,0.4507038900439634,0.5570540233041704,3.1542038447528506,0.39684417843818665,0.20000000298023224,0.6308407783508301,0.6343451695774446,0.011558294296264648
1,5,16,80,558,0.00574330630274389,0.48733831686872964,relu,"[32, 32, 32, 256]",131072,0.0009786735906275577,4.0,0.5265958894990967,0.767469695842325,0.5094184242235109,0.45639241391093643,0.5763858919533916,3.1700929526970842,0.46764057874679565,0.20000000298023224,0.63401859998703,0.9828077105113171,0.013067960739135742
1,5,8,40,559,0.007742829902174125,0.0971207373621926,relu,"[32, 32, 128, 128]",262144,2.909009328787826e-06,1.0,0.5278392442370713,0.7695204865648543,0.5097617931291907,0.475617318032397,0.549187884969987,3.1851973655045427,0.27104905247688293,0.20000000298023224,0.6370394825935364,0.4135022900471565,0.0590977668762207
1,5,8,40,560,0.0001510087419731686,0.25786783677877584,relu,"[256, 32]",262144,2.629462950087391e-07,1.0,0.4893552610019153,0.7448800066178113,0.48834409441864574,0.4641471755131615,0.5152026364314017,2.9037034078880635,0.5163424015045166,0.20000000298023224,0.5807406902313232,0.6075986013925437,0.02335381507873535
1,5,32,160,561,0.00021657907919688362,0.4383311416606223,leaky_relu,"[32, 256]",65536,0.0009527232449729143,2.0,0.5129130630825431,0.7600820314105274,0.49441462353111854,0.47279529567606754,0.5181058495821727,3.118207706239705,0.46053433418273926,0.20000000298023224,0.6236415505409241,0.6400049503920867,0.01107931137084961
1,5,16,80,562,0.0005601640369792725,0.23690698729342086,leaky_relu,"[64, 256, 256]",131072,4.87349925507817e-06,1.0,0.5266738570147259,0.7680121964247882,0.5064881834830383,0.45593638133517556,0.569647691160893,3.188532245330032,0.2418184131383896,0.20000000298023224,0.637706458568573,0.4140426402582773,0.016337156295776367
1,5,63,315,563,0.00276073972281858,0.31171438377165017,relu,"[256, 128, 256, 32]",32768,1.1319303402696327e-07,1.0,0.5357169432427857,0.7743488286905993,0.513189448441247,0.46818611949110733,0.5677645258739064,3.2311978454709376,0.24921222031116486,0.20000000298023224,0.6462395787239075,0.4098494759605035,0.0192873477935791
1,5,32,160,564,0.00016141294180760415,0.379762597714254,relu,"[128, 128]",65536,0.0009976513927480322,2.0,0.5185386735112325,0.7623267523851226,0.4981295655604275,0.4632108010558184,0.5387422025187336,3.140079928337337,0.4360416829586029,0.20000000298023224,0.6280159950256348,0.6377946115362297,0.016985654830932617
1,5,63,315,565,0.0013531327533345622,0.4261716782261959,tanh,"[128, 64, 128, 128]",32768,0.0001400075066942381,4.0,0.5253282587261738,0.7678012039257311,0.5075585605195705,0.46387826524729403,0.5603201380987877,3.1680333142275616,0.5672726035118103,0.20000000298023224,0.6336066722869873,0.9161137402574444,0.015336751937866211
1,5,125,625,566,0.0031093254981728706,0.16507013420646938,tanh,"[128, 32, 128, 128]",16384,0.0002687434273762916,4.0,0.5295301265785738,0.7699098334649889,0.5072949230087849,0.4516588439775503,0.5785633018164699,3.208638977875725,0.5456138849258423,0.20000000298023224,0.6417278051376343,0.9110320334979086,0.01405024528503418
1,5,125,625,567,0.00012173081514918532,0.18824685968668065,relu,"[32, 256]",16384,1.7344536329616698e-06,1.0,0.5241607988996285,0.7655782978678467,0.5024712849807108,0.4534538564774611,0.5633704735376045,3.1642081862061,0.26857537031173706,0.20000000298023224,0.6328416466712952,0.415812754461739,0.008528709411621094
1,5,125,625,568,0.00013413125797385808,0.30021743809918777,relu,"[64, 64, 32, 32]",16384,0.0008133438505007753,4.0,0.5252370971056739,0.7663565634464811,0.5076461530292572,0.4624556594646888,0.562625053944839,3.172348690444996,0.5534934401512146,0.20000000298023224,0.634469747543335,0.9182973269412786,0.012832164764404297
1,5,8,40,569,0.00045192404042343704,0.19945215448939368,tanh,"[128, 32, 64, 64]",262144,0.0002957530783534499,2.0,0.4921519085764181,0.7567680499724727,0.4949101431086475,0.44530269761606023,0.5569559417788066,3.050237252559703,0.5408376455307007,0.20000000298023224,0.610047459602356,0.6803731642557372,0.013431787490844727
1,5,16,80,570,0.003281686863442781,0.13337910158610355,relu,"[128, 32, 256]",131072,0.0005967053481763812,4.0,0.5335706337799504,0.7730065245361019,0.5123232539088934,0.46908527637371594,0.5643414806387069,3.2155045387818735,0.5578176975250244,0.20000000298023224,0.643100917339325,0.9104089756862035,0.01176762580871582
1,5,8,40,571,0.0023122529253243227,0.2641974211306235,leaky_relu,"[128, 32]",262144,9.327175433607815e-06,4.0,0.5263195359805324,0.7668466789864872,0.5076911479742283,0.4633021211851444,0.5614873082506179,3.190199685242777,0.5664175748825073,0.20000000298023224,0.6380399465560913,0.9149703597479006,0.01030874252319336
1,5,16,80,572,0.0005871549397271843,0.06349288336922661,tanh,"[32, 256]",131072,6.332293477158402e-06,4.0,0.5183380919785217,0.7628055213685423,0.5027531281571317,0.45367147356207527,0.5637431833339872,3.163717639986908,0.5640707015991211,0.20000000298023224,0.6327435374259949,0.9203215434251076,0.025343894958496094
1,5,16,80,573,0.0003926079969082512,0.34092332993427316,relu,"[256, 256, 128]",131072,1.2503139873743143e-05,1.0,0.52129025541827,0.7659113305025236,0.5007785121667766,0.4615359166287581,0.5473145278355369,3.1432187088844374,0.32579222321510315,0.20000000298023224,0.6286437511444092,0.42656645924267994,0.02383732795715332
1,5,32,160,574,0.00041236246450453525,0.32669961294120237,tanh,"[64, 128]",65536,2.0974631590642827e-06,1.0,0.5130998526299375,0.7604197867005688,0.49927354145229885,0.45409487086797606,0.5544352465769548,3.099768413606757,0.25347399711608887,0.20000000298023224,0.6199536919593811,0.4197103647206576,0.008734464645385742
1,5,8,40,575,0.00020028691806281608,0.3208291047506537,relu,"[32, 32, 64, 256]",262144,5.67645114518355e-07,1.0,0.4311638562798422,0.7262116572125501,0.4815547338550176,0.42871141597256246,0.5492565420377418,2.8474047355740555,0.35441717505455017,0.20000000298023224,0.5694809556007385,0.5125493012529155,0.0714421272277832
1,5,125,625,576,0.0026645831479400915,0.4088023661494449,leaky_relu,"[64, 64, 64, 64]",16384,2.0614375197895305e-06,4.0,0.5333272186477789,0.773243376506473,0.5128205128205128,0.47678457025322857,0.5547491074581192,3.2085409282365305,0.5795788764953613,0.20000000298023224,0.6417081952095032,0.9068330011529057,0.015891551971435547
1,5,125,625,577,0.001612283434760601,0.48949906086928724,leaky_relu,"[256, 64, 64]",16384,1.6958365975753408e-05,4.0,0.5342510931172851,0.7737263232091468,0.5132338290596756,0.47305636902102877,0.5608693946408254,3.220016312300916,0.6035572290420532,0.20000000298023224,0.6440032720565796,0.9052038873044996,0.011310100555419922
1,5,16,80,578,0.009540890555905988,0.09402226456801582,relu,"[64, 64]",131072,1.0571709550111711e-07,4.0,0.5332960833740966,0.7732026195254315,0.5121270527903995,0.461041408225115,0.5759445250892542,3.2156028864442874,0.5653899312019348,0.20000000298023224,0.6431205868721008,0.905622326359144,0.008250951766967773
1,5,63,315,579,0.00023175959150686603,0.48753097265860273,leaky_relu,"[128, 64]",32768,0.00021455490129485585,4.0,0.5255396703706793,0.766876557735892,0.5065396336743585,0.4613017312913387,0.5616148142335909,3.1791164997351693,0.5577104091644287,0.20000000298023224,0.6358233094215393,0.9156240182662049,0.00919198989868164
1,5,16,80,580,0.0029826627000268707,0.18498625636267652,tanh,"[256, 256, 64, 64]",131072,3.190938887573814e-05,1.0,0.5291940310883285,0.7692616203516704,0.5086734088868561,0.4476104585296047,0.5890286005727962,3.1963788986745643,0.2258368283510208,0.20000000298023224,0.6392757892608643,0.4131935933288781,0.0202178955078125
1,5,16,80,581,0.007865071395429104,0.05338735593353265,tanh,"[128, 256]",131072,8.743716509580741e-06,2.0,0.5271102267384363,0.7678625644027446,0.5075246817498358,0.4610233035063406,0.5644591784691435,3.1834318759526035,0.4002297520637512,0.20000000298023224,0.636686384677887,0.6274265458179842,0.0394444465637207
1,5,63,315,582,0.003195103755619058,0.1571049575003229,tanh,"[128, 32]",32768,7.641926421930626e-07,1.0,0.5304041548978136,0.7693728444849357,0.5083796630215169,0.46790859536709467,0.556514574914669,3.2077562330997553,0.25596344470977783,0.20000000298023224,0.6415512561798096,0.41240368090230023,0.009317159652709961
1,5,63,315,583,0.0004292980622284985,0.0674545067827875,leaky_relu,"[128, 256, 128, 64]",32768,1.8039036552078905e-06,2.0,0.5363252444309305,0.7742271639508682,0.5130983182406209,0.47331521198660786,0.5601828239632782,3.235905718268369,0.41454631090164185,0.20000000298023224,0.6471811532974243,0.6207746570605791,0.021574974060058594
1,5,32,160,584,0.00022391842010985988,0.37739986502895506,leaky_relu,"[64, 32, 128, 128]",65536,2.3332233376898864e-05,4.0,0.5192992737729075,0.7610504540904688,0.5020833704303852,0.45967557874144116,0.5531111459845424,3.1703871016146676,0.530168354511261,0.20000000298023224,0.6340774297714233,0.9413244257851962,0.06733202934265137
1,5,125,625,585,0.0007944831688574304,0.3580200042356618,tanh,"[128, 64, 64]",16384,5.762750146445221e-06,1.0,0.5276111904945443,0.7675638326565114,0.5066075457562743,0.4556530596254799,0.5703931107536584,3.188238096412449,0.22743357717990875,0.20000000298023224,0.6376476287841797,0.4140865044198801,0.011179208755493164
1,5,8,40,586,0.0001376808171082469,0.14192110872532526,relu,"[64, 32]",262144,0.00015539606813552215,4.0,0.2885123213367499,0.5808147658839089,0.3586598302432411,0.28358098322518843,0.48780846639726944,1.815096708907236,0.4400021731853485,0.20000000298023224,0.36301934719085693,1.124442526909625,0.007859468460083008
1,5,63,315,587,0.0017618587203677572,0.45953453319195187,relu,"[128, 256, 128, 128]",32768,1.6260996144697793e-07,4.0,0.5331561374548538,0.7727816422208107,0.5128661581322487,0.46943996350067624,0.5651457491466907,3.201773118946357,0.5706931948661804,0.20000000298023224,0.6403546333312988,0.9074130194559165,0.01744389533996582
1,5,63,315,588,0.00468957920806593,0.3871390913358876,relu,"[64, 64, 256]",32768,6.527446512448728e-06,1.0,0.5339743933817245,0.7735462852384364,0.5125868094957106,0.477077242847728,0.5538075248146259,3.2155045387818735,0.2720453143119812,0.20000000298023224,0.643100917339325,0.41083614045769495,0.01154470443725586
1,5,125,625,589,0.00045863773746336817,0.36430800256856466,leaky_relu,"[64, 128]",16384,0.0003368355792975537,1.0,0.5298167918597217,0.7699811321687693,0.5091280617320464,0.4687051368789294,0.5571815292871435,3.200596225252804,0.277413010597229,0.20000000298023224,0.6401192545890808,0.41268601122780413,0.008207321166992188
1,5,125,625,590,0.004603700705879768,0.0927454203811422,leaky_relu,"[64, 256, 256, 64]",16384,0.0002707766762689628,4.0,0.5352222932351074,0.7739146204545844,0.5131830012585312,0.47508999340187585,0.5579171407273726,3.234924923853205,0.578183114528656,0.20000000298023224,0.6469849944114685,0.9054689037752599,0.06484675407409668
1,5,8,40,591,0.0041056903400797816,0.3084178533685541,relu,"[64, 256, 64, 32]",262144,8.440424908628941e-05,1.0,0.5260488852203402,0.7669173994569819,0.508482255661372,0.4574156228935116,0.5723841657185452,3.1736239318009627,0.24377793073654175,0.20000000298023224,0.6347247958183289,0.41475840611209763,0.014701604843139648
1,5,125,625,592,0.00010190332497156489,0.2497674507811044,relu,"[256, 256]",16384,6.856717969864255e-05,2.0,0.5311314481084815,0.7705452645996168,0.5092578356651805,0.4611779869360087,0.5685295617717446,3.2099139212084724,0.4009625315666199,0.20000000298023224,0.6419827938079834,0.6245438771495926,0.015625715255737305
1,5,63,315,593,0.0031660713446772233,0.225025437457598,tanh,"[256, 128]",32768,2.0340846879443335e-06,2.0,0.5322919538356079,0.7708375609602712,0.5105142453911969,0.46381747659956407,0.5676664443485425,3.2171719786946182,0.40307483077049255,0.20000000298023224,0.6434344053268433,0.6241730985282669,0.05058121681213379
1,5,63,315,594,0.003529383659687435,0.3230871556508518,tanh,"[256, 64, 64]",32768,4.566892041686719e-05,2.0,0.529448767582952,0.7697254492208513,0.508282616757193,0.4577515146276491,0.5713543097022244,3.1934362174058526,0.37429168820381165,0.20000000298023224,0.638687252998352,0.6260228735710576,0.01156926155090332
1,5,32,160,595,0.001703991825440467,0.38917656543682516,relu,"[64, 32, 64, 256]",65536,2.714722474810739e-06,4.0,0.5256614547811794,0.7697980356318564,0.5095929804502422,0.4562671588776349,0.5770332300207933,3.1772529605440356,0.45706406235694885,0.20000000298023224,0.6354506015777588,0.9680242204522089,0.014564990997314453
1,5,8,40,596,0.00012124542394148497,0.382988565685963,tanh,"[64, 128, 32, 64]",262144,3.917371519305979e-06,4.0,0.4175866243088473,0.7418910268580402,0.4857833193145647,0.4190544616435238,0.5777884577660952,2.597100696010877,0.6180902123451233,0.20000000298023224,0.5194201469421387,0.9643843489254651,0.06369781494140625
1,5,16,80,597,0.0019575652663972767,0.4055406836353123,leaky_relu,"[32, 256]",131072,2.66556024272813e-07,1.0,0.5235081179268802,0.7646851667749412,0.5024993824526734,0.46348354170291384,0.5486876691906313,3.1810780885654975,0.29803919792175293,0.20000000298023224,0.6362156271934509,0.4169415596563747,0.008402347564697266
1,5,63,315,598,0.0034373302411156415,0.11888233265096881,tanh,"[64, 128, 128, 256]",32768,1.7836703430382234e-05,2.0,0.5333532899581176,0.772370294786343,0.5114241784960847,0.46979799638692726,0.5611440229118443,3.222468447350436,0.4062769114971161,0.20000000298023224,0.6444936990737915,0.6234845564342845,0.015913963317871094
1,5,125,625,599,0.0003171785884687164,0.31372642340674256,relu,"[256, 32]",16384,0.000488501112643543,1.0,0.5310677341137258,0.770940106627936,0.510398490082262,0.4672676295112966,0.5623013849111381,3.203244459580713,0.26834163069725037,0.20000000298023224,0.6406489014625549,0.4119508514059984,0.008891105651855469
1,5,8,40,600,0.003159965982594821,0.24437160827965893,tanh,"[32, 256, 128, 256]",262144,1.1848482560020763e-06,4.0,0.5200472154242395,0.7651276494972855,0.5042126452321783,0.44826875672540506,0.5761112636823728,3.164698434402072,0.5578371286392212,0.20000000298023224,0.6329396963119507,0.921151476695083,0.016889572143554688
1,5,8,40,601,0.0001152098269539969,0.06247482634950513,relu,"[32, 32, 128, 64]",262144,1.0029897547678827e-05,1.0,0.4567769469257731,0.7351554312297967,0.47719189024641456,0.4474106629355262,0.5112205265016282,2.854270296480204,0.47700342535972595,0.20000000298023224,0.5708540678024292,0.5848142803919602,0.054984092712402344
1,5,125,625,602,0.0014951257156625881,0.45662896219108284,relu,"[256, 256, 256, 32]",16384,3.1460445050899837e-06,4.0,0.5355951387364113,0.7740415186228161,0.513587880381322,0.4774663913354967,0.5556220330338577,3.2233511921264055,0.5798394083976746,0.20000000298023224,0.6446702480316162,0.9043808841509828,0.06618046760559082
1,5,32,160,603,0.005646445519886724,0.3904842328439771,relu,"[64, 256, 256]",65536,1.0210089529239047e-05,2.0,0.5326337636363635,0.7730027501708198,0.5121504116901722,0.4605150853124731,0.5768272588175292,3.2065793394062023,0.37687692046165466,0.20000000298023224,0.6413158774375916,0.6238532946802794,0.03857779502868652
1,5,8,40,604,0.002877611600629518,0.1951138875280476,tanh,"[128, 128]",262144,0.000605454373605045,1.0,0.5172018240519433,0.7633958286859823,0.5015901503054936,0.4547339708568284,0.5592118168621758,3.126839054721012,0.23704461753368378,0.20000000298023224,0.6253678202629089,0.4178381482709445,0.011640787124633789
1,5,63,315,605,0.005110039942677204,0.3370541540362255,leaky_relu,"[256, 256]",32768,0.0007574622683234178,2.0,0.5326936723762562,0.7726042617350523,0.5117030860817184,0.4654080976863753,0.5682255090431166,3.21187580806202,0.3954934775829315,0.20000000298023224,0.6423751711845398,0.6235097130463934,0.011923551559448242
1,5,125,625,606,0.0001909735919531883,0.27522620569615824,relu,"[256, 128]",16384,3.089349276794835e-05,2.0,0.5319864004115986,0.7713107262659936,0.5103559637000018,0.4724346983766451,0.554896229746165,3.201773118946357,0.4089718163013458,0.20000000298023224,0.6403546333312988,0.6239502909858003,0.016704797744750977
1,5,32,160,607,0.002677966302875813,0.3961221751958305,tanh,"[256, 128, 64]",65536,0.000653754267421287,4.0,0.5255561353731851,0.7665473839059211,0.5044377979332982,0.4589412757747498,0.559947428302405,3.1736239318009627,0.5401009917259216,0.20000000298023224,0.6347247958183289,0.9175338458479856,0.0574648380279541
1,5,32,160,608,0.0009020320633120867,0.11355667793464311,leaky_relu,"[128, 32, 64, 256]",65536,2.5312175060474595e-06,1.0,0.5322387474851814,0.7715216892797948,0.5118964899636178,0.4570677682638284,0.5816724861705049,3.212464105897187,0.2452327162027359,0.20000000298023224,0.6424928307533264,0.4116842281227231,0.05935859680175781
1,5,125,625,609,0.0001945122595239319,0.3699538777657102,tanh,"[32, 64]",16384,0.00021697487608126514,4.0,0.5153712665477794,0.7622953064919606,0.5024827993450778,0.4619269299731868,0.5508454627486367,3.1747027758553212,0.5897425413131714,0.20000000298023224,0.6349405646324158,0.9229089597618553,0.008521080017089844
1,5,8,40,610,0.007554414169923746,0.3717701961451143,tanh,"[256, 256]",262144,1.020091089154206e-06,4.0,0.5221807578147869,0.7639557313053538,0.50494423824909,0.46217515274949084,0.556436109694378,3.1690141086427257,0.5674557089805603,0.20000000298023224,0.6338028311729431,0.9194922937118337,0.013345718383789062
1,5,8,40,611,0.0010428736957464524,0.3726823379746284,leaky_relu,"[256, 128, 32]",262144,7.479640578759189e-06,4.0,0.5267357565082434,0.7676197596213482,0.5075156127254136,0.4592503752889129,0.5671171878065048,3.1818627837022726,0.5254736542701721,0.20000000298023224,0.6363725662231445,0.9161757249957307,0.057007551193237305
1,5,8,40,612,0.0007499098567739913,0.3767557666517391,tanh,"[256, 128, 256]",262144,7.891696565739872e-07,1.0,0.5034973858478137,0.7555400149171883,0.49450782326139936,0.4496579631949128,0.5492957746478874,3.022970512167059,0.2531718611717224,0.20000000298023224,0.6045941114425659,0.42263369317090105,0.038190364837646484
1,5,32,160,613,0.002075776736757285,0.403295537015039,leaky_relu,"[256, 256, 128, 64]",65536,3.05408081109432e-05,2.0,0.5342032135111373,0.7732236992347414,0.512867292342777,0.4638278969412362,0.5735022951076935,3.21364099959074,0.395981103181839,0.20000000298023224,0.6427282094955444,0.6222686804020464,0.0208280086517334
1,5,16,80,614,0.0013467850848791825,0.33112781684010584,relu,"[256, 32]",131072,0.0005519339933535062,4.0,0.5304346476206366,0.7701419120465964,0.5100215012327082,0.46070109095511974,0.5711679548040332,3.204617750575874,0.554081380367279,0.20000000298023224,0.6409235596656799,0.9107932660156797,0.05678224563598633
1,5,16,80,615,0.0036630056400439167,0.29768727275603024,leaky_relu,"[128, 32, 64, 64]",131072,9.31077653507096e-07,1.0,0.5310354320054999,0.7704457060577361,0.5115274741486836,0.46998611647374866,0.5611244066067715,3.200400125974415,0.2506141662597656,0.20000000298023224,0.6400800347328186,0.41195755346903895,0.013969182968139648
1,5,32,160,616,0.0007736446337967559,0.09658495629180641,tanh,"[32, 256]",65536,1.0246832646948698e-07,1.0,0.52200235446726,0.7653843056750984,0.5046406707421135,0.4555768881303973,0.5655478834006826,3.1672486190907865,0.24132834374904633,0.20000000298023224,0.6334497332572937,0.4156098963076531,0.008809328079223633
1,5,32,160,617,0.001711985046916223,0.10548275864392058,tanh,"[256, 128, 32]",65536,5.0323351646762143e-05,1.0,0.5305137690538044,0.7689872897951566,0.5086015600233958,0.46679506618038763,0.5586331358625289,3.210404467427664,0.2507474422454834,0.20000000298023224,0.6420809030532837,0.41249695430320515,0.013396263122558594
1,5,125,625,618,0.0019464524355151096,0.49522844872527294,relu,"[64, 256, 32]",16384,1.8394331708419139e-06,4.0,0.5334979571219961,0.7731273153241894,0.5125475697124826,0.47481202064218264,0.5567990113382243,3.211777460399606,0.568213701248169,0.20000000298023224,0.6423555016517639,0.9093739088423756,0.012075185775756836
1,5,16,80,619,0.007197280946137583,0.17339060674357373,tanh,"[32, 64]",131072,4.345340943532423e-07,1.0,0.5239621392277442,0.7648958390487272,0.5056434010660005,0.4623933917087409,0.5578190592020087,3.176370215768066,0.24443350732326508,0.20000000298023224,0.6352740526199341,0.4151327207655871,0.011535406112670898
1,5,125,625,620,0.0031250908984603648,0.13668756224461912,relu,"[32, 128]",16384,1.0420010807312668e-05,1.0,0.536185856882955,0.7742147221348693,0.5132397859587075,0.48264065860969774,0.5479814822080114,3.237573158181114,0.26238471269607544,0.20000000298023224,0.6475146412849426,0.4096593768390211,0.0076863765716552734
1,5,125,625,621,0.0056161490476446824,0.06593556871143376,leaky_relu,"[32, 64, 32, 32]",16384,4.8445484280362104e-05,1.0,0.5371013931763242,0.7745302964797721,0.5138139063414024,0.47163175800303314,0.5642826317234886,3.2432618253937093,0.26131871342658997,0.20000000298023224,0.6486523747444153,0.40936081237391503,0.024493932723999023
1,5,8,40,622,0.00012751869181721817,0.27660460559871836,tanh,"[32, 256, 32]",262144,1.6883689950947087e-05,2.0,0.48024035929937886,0.7458683292481014,0.4856251880624778,0.45370827867036956,0.5223723959355016,2.9010551735601546,0.5853635668754578,0.20000000298023224,0.5802110433578491,0.6956259664905895,0.05378556251525879
1,5,32,160,623,0.0027724641875063664,0.3103402575347251,relu,"[256, 128, 128, 128]",65536,9.128132461372003e-05,4.0,0.5342215509059077,0.7735768476922442,0.5132454902100486,0.47001492525140487,0.5652340225195183,3.2103064177884697,0.5684601068496704,0.20000000298023224,0.6420612931251526,0.908730881555742,0.017481565475463867
1,5,125,625,624,0.0007856390959374246,0.20212131762802826,leaky_relu,"[128, 64, 128]",16384,2.2497816130342866e-07,1.0,0.5345968232757125,0.7734281422311403,0.5129077109735469,0.467524499911203,0.5680489622974616,3.2248225327607614,0.25902217626571655,0.20000000298023224,0.6449645161628723,0.41015396403992294,0.011892080307006836
1,5,32,160,625,0.00253694401361727,0.43266564197194846,relu,"[32, 32]",65536,3.400208737280726e-06,2.0,0.5267981325577729,0.7682575490233005,0.5078099180741333,0.45613555402787326,0.5726882184471733,3.1796067479311416,0.40314990282058716,0.20000000298023224,0.6359213590621948,0.6273339318347064,0.007491111755371094
1,5,8,40,626,0.0005116016898466549,0.08956485387792465,tanh,"[32, 128, 256]",262144,0.00010646156531724974,2.0,0.5146726523285603,0.7604813147577316,0.4957126795414215,0.45930500121327744,0.5383891090274235,3.1401779779765313,0.4623349905014038,0.20000000298023224,0.6280356049537659,0.6407429332768512,0.06220436096191406
1,5,63,315,627,0.007087719322900146,0.34809277669062866,leaky_relu,"[32, 64, 256, 64]",32768,4.409956912281964e-07,4.0,0.5325130832345187,0.7732687240983523,0.5124322572513998,0.4735292160255557,0.5582996586762917,3.206186842826205,0.5589561462402344,0.20000000298023224,0.6412373781204224,0.9125442088962167,0.015439987182617188
1,5,8,40,628,0.00024911097947682184,0.13020380560639755,tanh,"[32, 64, 256, 64]",262144,1.874958271990846e-07,1.0,0.4977836078657095,0.7531083736417721,0.4906288870617503,0.4302967997692461,0.5706383145670682,3.0257167961341622,0.4631228446960449,0.20000000298023224,0.6051433682441711,0.5229620526951821,0.01548910140991211
1,5,125,625,629,0.0008271193135724893,0.18262840134516972,relu,"[64, 32, 128, 32]",16384,2.0580572250087012e-07,1.0,0.5338819956482052,0.7725213505662579,0.5123212572525012,0.4795098089520584,0.5499529208678253,3.2237433906831834,0.2572785019874573,0.20000000298023224,0.6447486877441406,0.4107276009266446,0.013167619705200195
1,5,63,315,630,0.008937504190259873,0.14758273439551461,leaky_relu,"[32, 128, 256, 256]",32768,2.3191300707947566e-06,2.0,0.5358290053697019,0.7744191225027071,0.5141121163739578,0.4692286519218937,0.5684903291615991,3.2273724194262563,0.4035660922527313,0.20000000298023224,0.6454744935035706,0.6214239635063071,0.018804550170898438
1,5,8,40,631,0.00015915385459079945,0.36641747366507027,relu,"[32, 256, 128]",262144,3.24657906612675e-06,4.0,0.48580602290857894,0.7403255957590522,0.4803291911266773,0.42868691534819264,0.5461179332260976,3.039056017412901,0.4690905809402466,0.20000000298023224,0.6078112125396729,0.9612045519956869,0.014418601989746094
1,5,63,315,632,0.00030075876165612357,0.390990807244733,tanh,"[32, 128, 64]",32768,4.613876494584688e-07,1.0,0.5056518375679899,0.7569566833522328,0.4961133646646772,0.45554935678655817,0.5446074777354938,3.0261092927141595,0.2398974746465683,0.20000000298023224,0.6052218675613403,0.4225692320606138,0.054506778717041016
1,5,8,40,633,0.0003589294161247282,0.2612454571617014,relu,"[64, 64, 128]",262144,1.4779788235246463e-06,4.0,0.5111862391298992,0.7577826097787622,0.49161416195317537,0.4520474670002304,0.5387716269763427,3.1162461174093767,0.531692624092102,0.20000000298023224,0.6232492327690125,0.9368038292158262,0.01063847541809082
1,5,8,40,634,0.00044637218150676996,0.3914726890336202,relu,"[256, 128, 32, 128]",262144,1.4217151727609156e-06,4.0,0.5170083162261974,0.7605661218813913,0.49703045775272137,0.4533994242649675,0.5499529208678253,3.1246810685890756,0.5291265845298767,0.20000000298023224,0.6249362230300903,0.9287240368966624,0.06381893157958984
1,5,8,40,635,0.001396256297826346,0.48862823470681965,tanh,"[128, 64]",262144,0.0007167376658678002,4.0,0.5207747681851093,0.76297110347104,0.503211412934543,0.4527434960560774,0.5663423437561301,3.1726431373857986,0.5661113858222961,0.20000000298023224,0.634528636932373,0.9215285212721708,0.00832056999206543
1,5,63,315,636,0.0015677165371465929,0.4586117078315982,tanh,"[128, 32, 256, 64]",32768,2.3538981355641075e-05,4.0,0.5221604346565244,0.7676176202567967,0.5082184588276126,0.4651170366991904,0.56012397504806,3.171465945669026,0.5630687475204468,0.20000000298023224,0.6342931985855103,0.9194092326294451,0.017572879791259766
1,5,16,80,637,0.00014642931838138728,0.22055730370535415,relu,"[32, 256]",131072,0.00011968430473553417,2.0,0.49778072787119765,0.7476364906854236,0.48633845936045583,0.4429803352675693,0.53910510416258,2.9933499843873084,0.4130317270755768,0.20000000298023224,0.5986700057983398,0.6667092762206113,0.008182287216186523
1,5,32,160,638,0.002650630524399405,0.4705763894615946,tanh,"[32, 64]",65536,1.1338899836567312e-06,1.0,0.5207467468101286,0.7625875574462828,0.5023946680210464,0.4602656304846491,0.5530130644591784,3.16175605115658,0.25278440117836,0.20000000298023224,0.6323512196540833,0.41658190890723984,0.007506847381591797
1,5,16,80,639,0.0004542195631410563,0.47836932093085793,leaky_relu,"[256, 256, 32]",131072,1.3477218400143736e-05,4.0,0.5263644399101634,0.7672754372842,0.5076467101363367,0.4595552870282775,0.5669798736709953,3.1896110893843908,0.5344572067260742,0.20000000298023224,0.6379222273826599,0.9160333125994146,0.014317035675048828
1,5,63,315,640,0.002753662427463499,0.1880303658555924,relu,"[32, 128]",32768,5.2269617013768e-06,1.0,0.5335302584867735,0.7725402311468557,0.5123248161658013,0.4701982413151619,0.5627427517752757,3.224626135459153,0.27262720465660095,0.20000000298023224,0.6449252367019653,0.41093405082472834,0.007573843002319336
1,5,8,40,641,0.008596608596307618,0.18922019023535436,relu,"[256, 128, 128]",262144,0.00024535641409181337,1.0,0.5300878449445403,0.7711713977175209,0.5107245161741074,0.4602839782136448,0.5735807603279847,3.201380920389579,0.22846712172031403,0.20000000298023224,0.6402761936187744,0.4124280408033557,0.058931827545166016
1,5,16,80,642,0.0007872433497772853,0.1222027594086204,relu,"[256, 64, 32]",131072,2.3929673896559592e-06,1.0,0.5175625913489339,0.7587987667912636,0.495732933951312,0.4521200071124905,0.548658244733022,3.168131363866756,0.4548158049583435,0.20000000298023224,0.6336262822151184,0.5138704976570079,0.013050317764282227
1,5,32,160,643,0.0007681910485506462,0.10787465092495559,leaky_relu,"[256, 256]",65536,1.3067942668073116e-06,1.0,0.5341868492094,0.7721609066243122,0.5110199781099136,0.47584048716539096,0.5518164698497391,3.2235472914047945,0.25969740748405457,0.20000000298023224,0.6447094678878784,0.41071369716706657,0.011092901229858398
1,5,32,160,644,0.0003628292267597311,0.08761037418356564,tanh,"[256, 64, 128]",65536,0.0008183464116068695,4.0,0.5260818805567259,0.7680493121931735,0.5072291205987413,0.45669742784213624,0.5703342618384402,3.1835302236150174,0.5622479319572449,0.20000000298023224,0.6367060542106628,0.9135039437092638,0.014011144638061523
1,5,63,315,645,0.0004082494409854584,0.08868755581157012,tanh,"[256, 32, 256]",32768,3.9099572859529384e-05,1.0,0.5280925235179681,0.7676198959605944,0.5075325830546314,0.45688132453034597,0.5708148613127232,3.1935345650682665,0.2332671582698822,0.20000000298023224,0.6387069225311279,0.41382341665103656,0.011461734771728516
1,5,125,625,646,0.0033426795778267147,0.206893100749433,relu,"[64, 128, 256, 128]",16384,2.9351318132922096e-06,1.0,0.5362877921051452,0.7743206806848317,0.5136712615599371,0.46256403004305335,0.5774745968849307,3.2388481015138613,0.25421079993247986,0.20000000298023224,0.6477696299552917,0.4095762957107736,0.017404794692993164
1,5,8,40,647,0.0020835018006809696,0.14820254050394877,leaky_relu,"[256, 32, 64]",262144,0.0003633143927696706,2.0,0.5288132395041331,0.7690726102292238,0.5094602668791077,0.4641944043423207,0.5645082192318255,3.1917690755163273,0.43430617451667786,0.20000000298023224,0.6383538246154785,0.6269405175033606,0.05269575119018555
1,5,63,315,648,0.0015774790923820804,0.15944125570367412,relu,"[128, 64, 32, 128]",32768,1.4039049037706255e-07,4.0,0.5348743148291545,0.7736712561868494,0.5127036182787948,0.47410604192355116,0.5581427282357095,3.2216837522136608,0.5702221989631653,0.20000000298023224,0.6443367600440979,0.9077439896650418,0.013015270233154297
1,5,32,160,649,0.0009530848009217161,0.42900472946600426,leaky_relu,"[256, 256]",65536,3.16216887955636e-05,2.0,0.5310294038921215,0.7707953673426026,0.5096019431047739,0.45942688805570436,0.5720801129899172,3.1990268349792537,0.41418713331222534,0.20000000298023224,0.6398053765296936,0.6247254847184726,0.010974407196044922
1,5,8,40,650,0.00028048603712291464,0.07282036301476486,tanh,"[64, 256, 32]",262144,7.729648901359834e-06,1.0,0.5000797300366414,0.7556683448038297,0.4947234201811227,0.4446504423740349,0.5575051983208443,3.0096315889115397,0.47078409790992737,0.20000000298023224,0.601926326751709,0.5457984316067949,0.011144876480102539
1,5,16,80,651,0.004621599770851315,0.12087207796119635,relu,"[128, 64, 128]",131072,0.000665728202896668,1.0,0.5296482405757257,0.7706102527491568,0.5070094806723062,0.46322998401480053,0.5599278119973322,3.2101103185100808,0.24844728410243988,0.20000000298023224,0.6420220732688904,0.41499709839178067,0.011135578155517578
1,5,125,625,652,0.000263869093368568,0.42206875283999506,leaky_relu,"[64, 32]",16384,8.912608636331105e-07,4.0,0.5268535877684871,0.7673251632423825,0.5078722686689032,0.46375778008298757,0.561261720742281,3.185393762806151,0.5544692873954773,0.20000000298023224,0.6370787620544434,0.9155281546958745,0.007764577865600586
1,5,32,160,653,0.00021335837989241787,0.42452473916309474,leaky_relu,"[32, 256, 32]",65536,0.00039695700406515525,2.0,0.5124481131380525,0.7561129963278814,0.4867818049136463,0.4829333745197598,0.49069206324296755,3.137431694009428,0.511601984500885,0.20000000298023224,0.6274863481521606,0.655014838379256,0.015516281127929688
1,5,32,160,654,0.00021108648493905016,0.20024829184470205,tanh,"[32, 64, 64]",65536,0.0007835109691316076,4.0,0.5123809373398953,0.7605640291016201,0.5013689918920351,0.4559957586273376,0.5567695868806152,3.140864623474112,0.5998037457466125,0.20000000298023224,0.6281729340553284,0.9283003232965399,0.010096549987792969
1,5,8,40,655,0.0005969011138643102,0.45349474816589064,leaky_relu,"[128, 256, 256]",262144,1.4438163765987928e-07,4.0,0.5220220642579096,0.7635853649494926,0.503009174795908,0.4558020953670876,0.5611244066067715,3.16509063295885,0.5057814717292786,0.20000000298023224,0.6330181360244751,0.930289231439108,0.07633113861083984
1,5,16,80,656,0.006729288334458382,0.35914509137277495,tanh,"[64, 128, 256]",131072,2.765217786451192e-07,1.0,0.5246012270004754,0.7667130524199397,0.5065429349610086,0.46239815999611267,0.5600062772176233,3.1774490598224245,0.23574800789356232,0.20000000298023224,0.635489821434021,0.41548223125868655,0.01269674301147461
1,5,63,315,657,0.00037761349443625095,0.4462896832094409,relu,"[128, 128, 256, 128]",32768,1.4697775902490976e-05,2.0,0.5282602598543378,0.7692817828194017,0.509771207537726,0.461452247525933,0.5693926791949468,3.1830396773958256,0.35418254137039185,0.20000000298023224,0.6366079449653625,0.628210087992481,0.01981496810913086
1,5,125,625,658,0.0005140972296373362,0.2178414521651092,relu,"[32, 64, 256, 32]",16384,2.0957847854498255e-07,4.0,0.5302672875154908,0.7714492569448842,0.5116140377034156,0.4626567370149183,0.5721585782102083,3.191180479657941,0.5635441541671753,0.20000000298023224,0.6382361054420471,0.9108656745364982,0.014204263687133789
1,5,16,80,659,0.0051397216744914626,0.2499190584250196,tanh,"[64, 128, 256, 128]",131072,1.9839267851809265e-06,4.0,0.5211533749362561,0.7668165674093802,0.5049427690715872,0.4504803883106793,0.5743850288359684,3.175094974412099,0.5676774978637695,0.20000000298023224,0.6350190043449402,0.9178461139323436,0.019168376922607422
1,5,63,315,660,0.005102995266548861,0.1434023498185529,leaky_relu,"[256, 256, 128, 32]",32768,5.966817221958591e-06,2.0,0.5382514648255781,0.7751470422233105,0.5145913881679995,0.46780509725877895,0.5717760602612891,3.2468908541367822,0.3875293731689453,0.20000000298023224,0.6493781805038452,0.6203667621150659,0.018946409225463867
1,5,125,625,661,0.0005492837272884796,0.07099631634577698,tanh,"[128, 32]",16384,1.5567451734233675e-07,1.0,0.5297950002130797,0.7689052216497518,0.5081753978577228,0.4578358737199755,0.5709521754482326,3.2067754386845913,0.24472807347774506,0.20000000298023224,0.6413550972938538,0.4126910955535785,0.007873773574829102
1,5,8,40,662,0.0005673776901738661,0.37633527107473425,tanh,"[256, 128, 32, 256]",262144,4.821490260885267e-07,2.0,0.5021009402509043,0.7587974170712064,0.4967405531105586,0.4371677589150581,0.5751108321236612,3.000215843316677,0.44952067732810974,0.20000000298023224,0.6000431776046753,0.6523485667025797,0.01624464988708496
1,5,16,80,663,0.000833959242712137,0.3607149419463078,leaky_relu,"[32, 128, 64]",131072,2.5522373682701903e-06,4.0,0.5225258495355046,0.7654206279990949,0.5054377236623898,0.4553088438797333,0.5679704970771705,3.165188980621264,0.5264667868614197,0.20000000298023224,0.633037805557251,0.9198718846987769,0.010756731033325195
1,5,63,315,664,0.002460702350561634,0.2480800606197333,tanh,"[128, 128]",32768,1.1263194601072419e-07,1.0,0.5303148135498853,0.7689419416880039,0.5089454383820424,0.46537526723514255,0.5615167327082271,3.2113852618428282,0.24204394221305847,0.20000000298023224,0.6422770619392395,0.41261577125182874,0.05154752731323242
1,5,63,315,665,0.0005414378878368893,0.1914160523041165,relu,"[32, 64]",32768,0.0005015767297867289,2.0,0.5281237853689621,0.7692970298833317,0.5085513935038227,0.4582949689543641,0.5711875711091059,3.190003585964388,0.3987272083759308,0.20000000298023224,0.6380007266998291,0.6265284110431678,0.00923609733581543
1,5,32,160,666,0.00029029411297559093,0.20458484439560998,leaky_relu,"[64, 256, 128, 32]",65536,1.7794511216371425e-06,1.0,0.5228519074726338,0.7653414976650234,0.505945735197689,0.4613905229814468,0.560025893522696,3.170289051975473,0.3510240316390991,0.20000000298023224,0.6340578198432922,0.44064406411196666,0.01848602294921875
1,5,16,80,667,0.0035746887881504836,0.06884758842639067,leaky_relu,"[128, 256, 256, 64]",131072,0.0007374946615958496,1.0,0.5305099138933177,0.7687420439063347,0.5044669098675856,0.46493527976510485,0.5513456785279924,3.2165836808594515,0.2611188292503357,0.20000000298023224,0.6433167457580566,0.41657410453780075,0.020345211029052734
1,5,8,40,668,0.003746505018613177,0.070522863278097,leaky_relu,"[128, 32, 32]",262144,0.0003266142828737881,4.0,0.5300319380647972,0.7703783796023421,0.5102071489828216,0.46442080187995943,0.5660088665698929,3.200007927417637,0.5638696551322937,0.20000000298023224,0.6400015950202942,0.9103888278519346,0.010637521743774414
1,5,16,80,669,0.0043661740024859485,0.08271950759602459,tanh,"[32, 256]",131072,1.9699742179179653e-06,2.0,0.5276669480914984,0.7684178637748229,0.5083305269501409,0.46361946330423537,0.5625858213346934,3.1858840110021234,0.40310049057006836,0.20000000298023224,0.6371768116950989,0.6268988325543569,0.05137968063354492
1,5,125,625,670,0.0006657332526528953,0.4790401227877632,tanh,"[32, 256]",16384,2.496775322451476e-05,2.0,0.5211820033082564,0.7642279303736795,0.5042110621879661,0.46282936267195723,0.5537192514417985,3.168523562423534,0.3978980779647827,0.20000000298023224,0.6337047219276428,0.6311274899221906,0.008323192596435547
1,5,63,315,671,0.0032393397907833354,0.1273734843281441,relu,"[32, 256, 256]",32768,0.000642301636593936,1.0,0.5347128455425473,0.772495914470511,0.512001172633662,0.4803190209357489,0.5481580289536663,3.2309033985301348,0.25897061824798584,0.20000000298023224,0.6461806893348694,0.411319666140039,0.014717578887939453
1,5,16,80,672,0.000662721971950135,0.47180805031735756,leaky_relu,"[32, 32]",131072,4.095915148228186e-05,4.0,0.5102543388886781,0.7581537667290915,0.49215814720114953,0.4323959037271924,0.5710894895837421,3.1103613509183923,0.5256121754646301,0.20000000298023224,0.6220722794532776,0.9346230471796901,0.05179929733276367
1,5,32,160,673,0.008399694862988718,0.49425159883732983,leaky_relu,"[128, 128, 64]",65536,2.1063322520175448e-05,2.0,0.5337300945023988,0.7734038042447267,0.5130643425486494,0.46616119517825083,0.5704617678214131,3.2091295240949167,0.38815999031066895,0.20000000298023224,0.6418259143829346,0.6240206273284252,0.013707160949707031
1,5,16,80,674,0.00040278393095646755,0.2912703310948825,relu,"[128, 32, 32]",131072,2.8958002030572733e-07,1.0,0.508653744262587,0.7513976754449149,0.48737227318093246,0.4727718664134103,0.5029032131507709,3.1127151383054983,0.4680212140083313,0.20000000298023224,0.6225430369377136,0.5424516063233384,0.010339498519897461
1,5,8,40,675,0.004467209509319392,0.2711412961843966,leaky_relu,"[64, 256, 256]",262144,4.300547624128788e-07,4.0,0.5250060126284547,0.7671525530790171,0.507879768186916,0.46642865936230454,0.5574169249480168,3.17332948486016,0.5510644912719727,0.20000000298023224,0.6346659064292908,0.9173056361992262,0.015203475952148438
1,5,63,315,676,0.0005935202219395785,0.48354286681321296,tanh,"[256, 256]",32768,2.506139808769034e-07,4.0,0.5259899834738222,0.7667191238934875,0.50652938221999,0.4534341085271318,0.5737082663109576,3.1861781599197068,0.5521081686019897,0.20000000298023224,0.6372356414794922,0.9160176656470582,0.0613245964050293
1,5,8,40,677,0.0010956058609500434,0.3965910823757767,tanh,"[32, 256]",262144,1.260529889338367e-07,1.0,0.5059685421328745,0.7602093494310065,0.4960076261773786,0.44752623688155924,0.5562693711012594,3.0720114250181405,0.36939188838005066,0.20000000298023224,0.6144022941589355,0.4746431264227606,0.010198593139648438
1,5,125,625,678,0.006827718182221201,0.28231855219146057,relu,"[64, 32, 256]",16384,5.0934729285250534e-05,2.0,0.5360108137543169,0.7742799059428916,0.5139285384381914,0.4659164320521921,0.5729726548707286,3.2289418096998066,0.38484811782836914,0.20000000298023224,0.6457883715629578,0.6227803779146933,0.014384269714355469
1,5,125,625,679,0.00037333482934432945,0.3655628838012448,relu,"[64, 32]",16384,1.995977509023917e-06,1.0,0.527708767357497,0.7691456307781549,0.5076325869117577,0.45186545746756973,0.5791027502059712,3.1937306643466554,0.2614937424659729,0.20000000298023224,0.6387461423873901,0.4135395118106954,0.008339881896972656
1,5,8,40,680,0.00011326288183773338,0.20408645919739749,tanh,"[256, 256, 128, 32]",262144,2.8044489858118895e-06,4.0,0.5114484677438959,0.7601783844168755,0.5019572151876364,0.45669930699596417,0.5571717211346071,3.1115382446119453,0.6161035299301147,0.20000000298023224,0.6223076581954956,0.9305539340464802,0.018448591232299805
1,5,32,160,681,0.005571324432383138,0.48313443903474007,leaky_relu,"[128, 128, 128, 64]",65536,1.8464792752976072e-05,4.0,0.5333628994109753,0.7729500983300865,0.5129903459480207,0.47068266513780255,0.5636549099611597,3.2089331267933083,0.5743111968040466,0.20000000298023224,0.6417866349220276,0.9070052422628411,0.05542588233947754
1,5,8,40,682,0.0009291206653024797,0.4610503655174912,relu,"[32, 256, 128, 128]",262144,1.2535380288350672e-06,4.0,0.5147546505503928,0.7587599456519529,0.4951175703644271,0.4625474864142008,0.5326219153360273,3.1217386853435833,0.5054515600204468,0.20000000298023224,0.6243477463722229,0.945734395456649,0.015279531478881836
1,5,32,160,683,0.00030694568971679527,0.4803298488531324,relu,"[256, 256]",65536,0.0004422002600145966,1.0,0.5246416028567593,0.7668874610035412,0.5041739001150064,0.45489911384314313,0.5654203774177096,3.1845110180301814,0.2721669673919678,0.20000000298023224,0.6369022130966187,0.4158485708317511,0.011184930801391602
1,5,125,625,684,0.0003542920677799642,0.3918732577534279,tanh,"[64, 128, 256]",16384,6.258569920161272e-05,4.0,0.5237154576276672,0.7666884632917764,0.5062784048941144,0.4544610680353828,0.5714327749225155,3.174114179996935,0.5522652864456177,0.20000000298023224,0.6348228454589844,0.919087771859323,0.012320280075073242
1,5,125,625,685,0.0013774601859320049,0.37883888297312923,relu,"[32, 32, 256]",16384,1.5010779501826347e-07,2.0,0.5296840983431522,0.7708748191645686,0.5116721649947261,0.47169374125903063,0.5590548864215936,3.181176138204692,0.4090195894241333,0.20000000298023224,0.636235237121582,0.6383952238171634,0.010385274887084961
1,5,125,625,686,0.0039946355326170154,0.17778681957253833,tanh,"[64, 128]",16384,6.188964981982386e-07,1.0,0.5329515788366038,0.7713132134050502,0.5112309741663573,0.4608098638679149,0.5740417434971948,3.218250822748977,0.23593994975090027,0.20000000298023224,0.6436501741409302,0.41152788517198163,0.04915165901184082
1,5,32,160,687,0.0016553131966785494,0.07756592567728192,relu,"[32, 64]",65536,7.084283570145121e-05,4.0,0.5304116842989904,0.770970569899692,0.5107804380469567,0.46128238987245684,0.5721781945152811,3.20785428273895,0.5766684412956238,0.20000000298023224,0.6415708661079407,0.9087848948723356,0.009611368179321289
1,5,8,40,688,0.00020903330245021726,0.07657289633054526,tanh,"[128, 128, 64]",262144,2.173608432742948e-05,2.0,0.5122751878073589,0.7610303249680127,0.4996394476065217,0.4646909455959642,0.5402722743144102,3.11075354947517,0.49883294105529785,0.20000000298023224,0.622150719165802,0.6559382021672692,0.011116743087768555
1,5,125,625,689,0.001501008688088235,0.4977028238529982,relu,"[128, 32]",16384,1.292002438745735e-06,1.0,0.5321822864286214,0.772524477518533,0.5117246763847362,0.4671488506957381,0.5657048138412648,3.2033425092199073,0.264731228351593,0.20000000298023224,0.640668511390686,0.4111310192544265,0.01013636589050293
1,5,63,315,690,0.0002923697684720311,0.20526441961522018,leaky_relu,"[256, 64, 64, 32]",32768,3.3869810573777584e-05,2.0,0.5322713260630859,0.7713913220725994,0.5111047823119104,0.474034631671628,0.554464671034564,3.2029503106631294,0.4274330139160156,0.20000000298023224,0.6405900716781616,0.6245422207358362,0.014276504516601562
1,5,63,315,691,0.0030118491711746123,0.35368814651018377,tanh,"[64, 128, 32]",32768,0.00042778710759411363,2.0,0.524644104439931,0.7635829230604434,0.5040668464282383,0.4606802698993967,0.5564753423045236,3.183628273254212,0.3726637065410614,0.20000000298023224,0.636725664138794,0.6314258406561575,0.062038421630859375
1,5,63,315,692,0.00017196454934370741,0.24672328544805922,tanh,"[128, 64, 64]",32768,0.0008454036793519639,1.0,0.5134294247612666,0.760433727238177,0.49664294177457713,0.4344138184490996,0.5796814312056181,3.0854486959360736,0.2721013128757477,0.20000000298023224,0.6170897483825684,0.42650724790297295,0.011169910430908203
1,5,125,625,693,0.0001100312826145362,0.4760703804274558,tanh,"[64, 32, 256, 64]",16384,1.1685798595372398e-05,2.0,0.4982672344420787,0.7583392602537706,0.49738407153254316,0.43177321761231535,0.5865079053709443,2.9273411195376347,0.42992183566093445,0.20000000298023224,0.5854682326316833,0.6471395514446241,0.013469696044921875
1,5,8,40,694,0.00020127615225327562,0.15172922605064448,tanh,"[64, 64]",262144,3.703478826382288e-05,4.0,0.4887882877007273,0.7556345714753973,0.4929054308318244,0.4492216815551843,0.5460002353956609,3.0542587778827732,0.6030232310295105,0.20000000298023224,0.6108517646789551,0.9358644678329934,0.007544994354248047
1,5,16,80,695,0.00011163136680603913,0.3989319244053487,leaky_relu,"[256, 32]",131072,9.138597720329959e-06,2.0,0.5130747687179092,0.7571689653261873,0.4908491168333688,0.4841889312977099,0.49769508415394875,3.1303700338248905,0.5235479474067688,0.20000000298023224,0.6260740160942078,0.7050561179666326,0.00858926773071289
1,5,32,160,696,0.007052297467398699,0.4541071114576235,leaky_relu,"[64, 64]",65536,0.0002776457314855246,4.0,0.5325203429265083,0.7727628942998146,0.5124778988001242,0.4733745023562755,0.5586233277099926,3.20697153796298,0.5803872346878052,0.20000000298023224,0.641394317150116,0.908551308369224,0.00758814811706543
1,5,125,625,697,0.00042117747815903673,0.1941528811764871,leaky_relu,"[128, 128, 64, 128]",16384,1.235316148363168e-07,1.0,0.5337248641649793,0.7726949383726867,0.5123552531857518,0.4651417690732207,0.5702361803130762,3.2259994264543144,0.2571607530117035,0.20000000298023224,0.6451998949050903,0.41060069102636526,0.014722108840942383
1,5,8,40,698,0.000265704892519091,0.26916910607877265,leaky_relu,"[32, 128]",262144,4.4033942316210945e-05,4.0,0.4775038532177477,0.7474644600660668,0.4888758580249043,0.4361862555011849,0.5560437835929224,2.9115500612325955,0.53513503074646,0.20000000298023224,0.5823100209236145,0.9630192738338125,0.012985467910766602
1,5,8,40,699,0.003856170401134943,0.1565612385125955,tanh,"[32, 64, 64, 128]",262144,0.00024143325147679104,4.0,0.5196619385611626,0.7655863688794552,0.504651539570063,0.44635342031827435,0.5804660834085291,3.161952150434969,0.5573058128356934,0.20000000298023224,0.6323904395103455,0.9191795993956875,0.056798696517944336
1,5,32,160,700,0.0021075268444599835,0.1817328965119548,leaky_relu,"[128, 32]",65536,0.000802598679784926,4.0,0.5333197502263176,0.7726016014242295,0.5120869527260029,0.46137933204335585,0.5753168033269254,3.21766252491381,0.5661495923995972,0.20000000298023224,0.6435325145721436,0.9067358814513418,0.00813150405883789
1,5,8,40,701,0.0022841822739066075,0.34059383422403955,relu,"[32, 64]",262144,3.1684348016905525e-06,4.0,0.5219650638485318,0.7630981040560436,0.5039592983255696,0.4554859356310549,0.5639785789948605,3.159107816828671,0.5340499877929688,0.20000000298023224,0.6318215727806091,0.9231926439597807,0.06329488754272461
1,5,125,625,702,0.007290251405205209,0.16734949179614994,leaky_relu,"[32, 128, 64]",16384,2.6534774398316648e-05,4.0,0.5353211075331319,0.773654724506115,0.5124340550208059,0.4728640382159266,0.5592314331672487,3.2374748105187,0.5677065253257751,0.20000000298023224,0.6474949717521667,0.9055080141749545,0.05622386932373047
1,5,8,40,703,0.00021187261416484994,0.29961737258426496,relu,"[64, 64, 256]",262144,1.6072180713319493e-05,2.0,0.489318180251958,0.7452683247206089,0.4837881585846841,0.4520403207252959,0.5203323002079329,2.985209182125193,0.4665686786174774,0.20000000298023224,0.5970418453216553,0.6799210193036626,0.01136922836303711
1,5,32,160,704,0.0004915755000594867,0.2461967635807717,tanh,"[64, 256, 256]",65536,3.6811730617607635e-07,2.0,0.5258029080687585,0.7674401982127004,0.5062198130581327,0.4542860706601391,0.5715602809054886,3.1858840110021234,0.3549865782260895,0.20000000298023224,0.6371768116950989,0.6324640885163244,0.013897895812988281
1,5,125,625,705,0.0002288217043353589,0.4062165237277,tanh,"[64, 256]",16384,2.565694981780569e-07,2.0,0.522315804013266,0.7643894890374422,0.5042977490833322,0.44724560032177035,0.5780336615795049,3.166365874314817,0.36175647377967834,0.20000000298023224,0.633273184299469,0.6310686481467149,0.0521852970123291
1,5,63,315,706,0.0002390699116409401,0.2540233254818102,tanh,"[256, 128, 128]",32768,6.597262700542177e-06,1.0,0.5250413392493216,0.7665934384326677,0.5050787607219481,0.45106596245036434,0.5737867315312488,3.1705832008930566,0.2043004184961319,0.20000000298023224,0.6341166496276855,0.41647083018231007,0.012348413467407227
1,5,8,40,707,0.00012969338680819914,0.06160785451636222,tanh,"[32, 32]",262144,2.9225642969396636e-05,1.0,0.3118255496727241,0.6048519610567136,0.3593915343915344,0.3466698261091466,0.3730825061791361,2.2021263509671933,0.5507382154464722,0.20000000298023224,0.4404252767562866,0.7036781286537598,0.007513523101806641
1,5,16,80,708,0.0046489539201005885,0.06903559416094818,tanh,"[32, 128, 64]",131072,2.7308977976654622e-05,4.0,0.5256142960993154,0.7692556190198427,0.5080374155551706,0.4548401104184113,0.5753266114794617,3.1858840110021234,0.5530149936676025,0.20000000298023224,0.6371768116950989,0.9121096409650028,0.012306451797485352
1,5,63,315,709,0.00016773045042875793,0.31852554411576983,relu,"[32, 64, 32, 256]",32768,1.1772035013947481e-05,1.0,0.5158145535235081,0.761601982452235,0.49978706576625903,0.44868993929557904,0.5640178116050061,3.1463571914083186,0.2522321939468384,0.20000000298023224,0.6292714476585388,0.42314490467173155,0.012938976287841797
1,5,8,40,710,0.0006861142012040581,0.060205087333645275,relu,"[256, 32, 256]",262144,2.084528330989449e-06,2.0,0.5274552767019389,0.768187182123352,0.5070736834849738,0.45211719878314843,0.5772392012240575,3.1944170118210167,0.398593932390213,0.20000000298023224,0.6388834118843079,0.6279292153762132,0.012641668319702148
1,5,8,40,711,0.00024125812104603954,0.36513746627556704,relu,"[256, 128, 64]",262144,3.5857457509728447e-07,1.0,0.5114788288780802,0.756155888332456,0.49258878611396595,0.4609768400174405,0.5288555847620542,3.1334104667095772,0.48215511441230774,0.20000000298023224,0.6266821026802063,0.5630269319332335,0.014581918716430664
1,5,125,625,712,0.0023479377850576647,0.18767415578014146,tanh,"[64, 32, 64]",16384,0.0002381277132171666,1.0,0.526562646137263,0.7658834626788371,0.5038103525564961,0.45641891353856445,0.5621836870807014,3.191180479657941,0.23801952600479126,0.20000000298023224,0.6382361054420471,0.4145037824997948,0.00996088981628418
1,5,8,40,713,0.00047442655140277664,0.10970363766037111,tanh,"[128, 64, 256]",262144,7.85561353299522e-06,4.0,0.5170661372721194,0.7623040605586229,0.5028662406603819,0.4498734353591417,0.5700105928047393,3.1514575607857473,0.560676097869873,0.20000000298023224,0.6302915215492249,0.922243525670048,0.013230562210083008
1,5,32,160,714,0.006794283185343762,0.11727131566163582,tanh,"[64, 32, 256]",65536,5.539297980297175e-07,4.0,0.5311391585470191,0.7713857572596441,0.5097871514980514,0.4630101223653021,0.5670779551963592,3.218447220050585,0.585045337677002,0.20000000298023224,0.6436894536018372,0.9093039672831845,0.010495185852050781
1,5,16,80,715,0.003691533797402922,0.3038614117493201,tanh,"[256, 32]",131072,6.706732865382247e-06,1.0,0.5210893129801828,0.7639657162852508,0.5051766324460351,0.45420809520081423,0.5690297775511005,3.128408146971343,0.2540031373500824,0.20000000298023224,0.6256816387176514,0.4169467496413145,0.008604288101196289
1,5,125,625,716,0.00020333734633865835,0.21294512932932286,leaky_relu,"[256, 128]",16384,1.4363842052052483e-06,1.0,0.5317205448204754,0.7707934310198723,0.5096937739032125,0.46358392647696783,0.5659892502648202,3.2135429499515453,0.2516387104988098,0.20000000298023224,0.6427085995674133,0.411677291821543,0.009633302688598633
1,5,125,625,717,0.0005323232291471781,0.2831518337239914,tanh,"[256, 32, 32]",16384,4.574460680685194e-06,4.0,0.5269870968745988,0.7689977822773948,0.5085456014846299,0.45081004040725664,0.5832417905763271,3.1860801102805123,0.5629065632820129,0.20000000298023224,0.6372160315513611,0.9143649706376942,0.011773109436035156
1,5,125,625,718,0.0019588852687125926,0.10694942851357689,tanh,"[32, 256]",16384,5.717022096995158e-07,4.0,0.5334861415305736,0.7731172532040328,0.5116776624590114,0.46111229155354094,0.5746988897171329,3.219035517885752,0.5762712955474854,0.20000000298023224,0.6438071131706238,0.9057660314744842,0.00847315788269043
1,5,16,80,719,0.006158954690392628,0.06088483860524337,relu,"[256, 256]",131072,1.410058071499496e-06,2.0,0.5345335225180249,0.7733645292344945,0.5120415824429685,0.467999577712991,0.5652340225195183,3.222272348072047,0.4107467234134674,0.20000000298023224,0.6444544792175293,0.62184267443053,0.011044025421142578
1,5,125,625,720,0.00031539279232724776,0.17987663153488476,relu,"[64, 64, 32, 256]",16384,0.0007929510654310688,1.0,0.5312315144220912,0.771162175073384,0.5111202727204217,0.46632908115803695,0.5654301855702459,3.204225253995877,0.2598370611667633,0.20000000298023224,0.6408450603485107,0.4119736772316613,0.013593196868896484
1,5,63,315,721,0.0025619254847994667,0.14239438253333023,tanh,"[64, 128]",32768,1.8713029387790417e-05,4.0,0.5311676159553816,0.770894538030713,0.5094093613695919,0.4492250994374574,0.5882145239122759,3.2156028864442874,0.5536288619041443,0.20000000298023224,0.6431205868721008,0.9094841830661875,0.05451703071594238
1,5,8,40,722,0.0085882842702385,0.23233391748264015,tanh,"[64, 32]",262144,8.244751857160994e-07,1.0,0.5176170064927083,0.7628148259028066,0.5038266354594342,0.4507264662853073,0.5711091058888148,3.132821870851191,0.23162101209163666,0.20000000298023224,0.6265643835067749,0.41713809663534135,0.012239217758178711
1,5,8,40,723,0.00012293187893999718,0.4368376456969714,tanh,"[256, 32]",262144,0.00019249370816100728,2.0,0.47033458932447536,0.7520767523340406,0.49017254027686474,0.4765296482225886,0.5046196398446389,2.974322095895974,0.5845302939414978,0.20000000298023224,0.5948644280433655,0.6935013356282322,0.010969400405883789
1,5,16,80,724,0.00046586942181223824,0.08705730362515343,tanh,"[256, 256, 32]",131072,0.0005238878384151833,4.0,0.5242794262876873,0.767301718146959,0.5065154096663576,0.45206692382910246,0.5758758680214995,3.178527903876783,0.5569506883621216,0.20000000298023224,0.6357055902481079,0.9155500983975822,0.014604330062866211
1,5,32,160,725,0.0005847345278261316,0.0848522895085056,leaky_relu,"[32, 32, 32]",65536,2.205633661020544e-06,4.0,0.5262538107899551,0.7685577530963074,0.5076903686770132,0.4558246252058344,0.5728745733453646,3.176566315046455,0.5554710030555725,0.20000000298023224,0.6353132724761963,0.9129426820205488,0.01228022575378418
1,5,63,315,726,0.00011230246200996541,0.11095107747908639,relu,"[256, 256, 64, 128]",32768,4.258528066852506e-05,4.0,0.5323506390123902,0.7720587731730311,0.5112525623044557,0.45646494925598563,0.5809859154929577,3.211091112925245,0.5615867972373962,0.20000000298023224,0.6422182321548462,0.907533844215844,0.018100500106811523
1,5,32,160,727,0.00011883692617408676,0.2507487122486637,tanh,"[128, 32, 256]",65536,8.800758423396415e-07,1.0,0.4964594652746984,0.7559098204038381,0.4933019986414133,0.43285328199622375,0.5733747891247205,2.9626506125531997,0.3881901502609253,0.20000000298023224,0.5925301313400269,0.4855525577513569,0.011333465576171875
1,5,125,625,728,0.00013223207284982738,0.30937466922556006,leaky_relu,"[32, 256]",16384,0.00040335891913504665,1.0,0.5200685975375529,0.7621827210946556,0.4955932684293593,0.45218756067568444,0.5482168778688846,3.1590097671894766,0.29044169187545776,0.20000000298023224,0.631801962852478,0.41889366567604885,0.00909876823425293
1,5,63,315,729,0.00011605173849359443,0.10205872244127766,leaky_relu,"[32, 128, 256]",32768,3.04719221988119e-06,2.0,0.5234884655810975,0.7670718488311234,0.5051595334921801,0.46484503791625453,0.5531307622896151,3.1672486190907865,0.400418758392334,0.20000000298023224,0.6334497332572937,0.6287389069134998,0.013638496398925781
1,5,63,315,730,0.0007105636122327603,0.09584697878164802,tanh,"[64, 64, 256]",32768,0.0002551032212840164,2.0,0.528887679730875,0.7692511076193624,0.508986939071372,0.46798864524622535,0.5578582918121543,3.2031464099415183,0.39520421624183655,0.20000000298023224,0.6406292915344238,0.6261003487892769,0.012176275253295898
1,5,32,160,731,0.0004177878007092417,0.14635725168285135,leaky_relu,"[128, 64, 64]",65536,0.00015616562344763878,2.0,0.529737916245545,0.7705138534346029,0.509630539536018,0.4722661644695543,0.5534151987131704,3.20118482111119,0.42423388361930847,0.20000000298023224,0.6402369737625122,0.6258136983009266,0.011198282241821289
1,5,8,40,732,0.0016276611977401193,0.2526257096654872,tanh,"[64, 128, 32, 32]",262144,0.00014252660420389316,2.0,0.5044459890339558,0.7588590372397317,0.4977517628934415,0.433329698687893,0.5846737808466397,2.97824557157985,0.43199482560157776,0.20000000298023224,0.5956491231918335,0.6602708650208702,0.015543222427368164
1,5,32,160,733,0.002863586034212119,0.29675982419914726,relu,"[64, 64, 32]",65536,1.818192025720544e-05,2.0,0.532010618037764,0.7719040728014398,0.5118439225014922,0.4604573139663403,0.576140688139982,3.206481289767008,0.3986150324344635,0.20000000298023224,0.6412962675094604,0.6235137894335152,0.05667924880981445
1,5,32,160,734,0.009058656092331294,0.21736812318452198,tanh,"[64, 64, 64, 128]",65536,1.4928765699073177e-07,4.0,0.5287623013221918,0.7705169396823139,0.5098705062030245,0.47353327053757654,0.5522480285613401,3.2003020763352206,0.571800172328949,0.20000000298023224,0.6400604248046875,0.9102946691011886,0.013863086700439453
1,5,16,80,735,0.0018539473518410217,0.3900613311775786,tanh,"[32, 32]",131072,0.00031199526267296966,1.0,0.5113216274206079,0.7625682306306272,0.5032706602536073,0.4540569967809127,0.5644493703166071,3.0430772447127517,0.28657498955726624,0.20000000298023224,0.6086154580116272,0.4279855574094944,0.010159730911254883
1,5,8,40,736,0.0018350384399501679,0.31797845464885777,tanh,"[64, 32]",262144,0.00011218042823156569,4.0,0.5158883486129906,0.761971355700906,0.5006441901135634,0.456294538734071,0.5545431362548551,3.1628348952109384,0.5772097706794739,0.20000000298023224,0.6325669884681702,0.9265465382156715,0.007848501205444336
1,5,63,315,737,0.002693831076403709,0.3599738167724357,tanh,"[256, 128, 64]",32768,1.5403995486620024e-06,4.0,0.5299656217108967,0.7716050580232049,0.5105361261175876,0.4728503950173473,0.5547491074581192,3.202557814083132,0.5753129124641418,0.20000000298023224,0.6405115723609924,0.9094282613205991,0.012558221817016602
1,5,16,80,738,0.00010946198735896706,0.1712547024807797,tanh,"[64, 64]",131072,3.905881588580101e-05,4.0,0.47924120062304043,0.750021947131388,0.4852128348391357,0.4310606233762276,0.5549256542037742,2.9785397204974333,0.5906760096549988,0.20000000298023224,0.5957079529762268,0.9474234403837676,0.00777745246887207
1,5,125,625,739,0.0015236892891229389,0.3546606904279057,leaky_relu,"[128, 32]",16384,3.589262723499032e-06,2.0,0.5345346016579189,0.773640936854128,0.51268603827073,0.46744854770443606,0.5676174035858605,3.2228606459072138,0.4068538248538971,0.20000000298023224,0.6445721387863159,0.6219612044951163,0.007950067520141602
1,5,16,80,740,0.0006400607216264957,0.19271776922925937,relu,"[32, 128]",131072,0.00015998439547721592,4.0,0.521071378451338,0.764508582787917,0.5024525702172761,0.4424913567156266,0.5812115030012946,3.1526344544793004,0.5360593199729919,0.20000000298023224,0.6305269002914429,0.9185924696049594,0.0076904296875
1,5,125,625,741,0.008161612618798601,0.1492492915066176,tanh,"[64, 256]",16384,0.00022306080136677401,4.0,0.5320109498251097,0.771805240099499,0.5112236493945713,0.4619355247324086,0.5722860841931814,3.215406489142679,0.5460143685340881,0.20000000298023224,0.6430813074111938,0.9081438929519524,0.009256362915039062
1,5,63,315,742,0.000478933059022882,0.13618704795411304,leaky_relu,"[256, 128, 64]",32768,4.3212508669534464e-05,4.0,0.5345763724246577,0.7732457185160216,0.5126271171347664,0.4693982387475538,0.5646259170622622,3.218447220050585,0.5800187587738037,0.20000000298023224,0.6436894536018372,0.9052354966650817,0.01219034194946289
1,5,8,40,743,0.0001765353223035061,0.4355730894125011,tanh,"[128, 128, 64]",262144,0.0002994116199946061,1.0,0.4769545636319478,0.7525129560316473,0.48880490467792054,0.42737766551136697,0.5708540939228687,3.030326619292399,0.4727077782154083,0.20000000298023224,0.6060653328895569,0.5690034208322423,0.05160975456237793
1,5,32,160,744,0.0004991029058451199,0.3506766435896503,relu,"[256, 64, 256, 32]",65536,3.396512350888124e-07,2.0,0.5290817644047076,0.7695839551174162,0.5081763785952268,0.44834878070727974,0.5864294401506532,3.191965174794716,0.40672340989112854,0.20000000298023224,0.6383930444717407,0.6270658071663414,0.016997575759887695
1,5,8,40,745,0.005659645896074289,0.2816682023086822,relu,"[32, 64, 128]",262144,8.60492354247874e-05,2.0,0.5256519468413807,0.767719935477706,0.5083348689207592,0.46914379101233583,0.5546706422378281,3.1726431373857986,0.3949967324733734,0.20000000298023224,0.634528636932373,0.6289020862148698,0.010506629943847656
1,5,16,80,746,0.001057087983117889,0.44766174720616475,leaky_relu,"[128, 32, 128, 32]",131072,0.00023161156629927267,1.0,0.5011992334949943,0.7536989760282211,0.4845383681441467,0.3778396149265364,0.6752128369100396,3.0008041411518436,0.2537834048271179,0.20000000298023224,0.6001608371734619,0.46269784094918875,0.05356001853942871
1,5,32,160,747,0.0014871508140397133,0.31434309449216113,relu,"[32, 256, 32]",65536,0.000228551841680253,1.0,0.5290326864611109,0.7700306811432664,0.5085793730816895,0.4647702087240313,0.5615069245556907,3.193632614707461,0.2515779733657837,0.20000000298023224,0.638726532459259,0.4128885883152043,0.011104822158813477
1,5,8,40,748,0.00979210313924125,0.34587409923085694,tanh,"[32, 32]",262144,6.0794918348512335e-05,2.0,0.5141669982197707,0.7619393986257583,0.5031092223149756,0.46168530580476014,0.552699203578014,3.127427352556179,0.4337795376777649,0.20000000298023224,0.6254854798316956,0.6346330322286353,0.050206899642944336
1,5,8,40,749,0.0002758048490173398,0.06529398293608846,leaky_relu,"[256, 64, 128]",262144,4.4526044209131144e-07,1.0,0.518564729049554,0.7607904563625515,0.4963207485298297,0.4477630779668505,0.5566911216603241,3.1647964840412666,0.384380578994751,0.20000000298023224,0.6329593062400818,0.473004226024848,0.012015581130981445
1,5,8,40,750,0.0028067646967277096,0.3808838353815921,tanh,"[256, 256, 128]",262144,0.0006570339620233655,2.0,0.5193657857214883,0.7634222560130224,0.5033074336180969,0.46000990718108214,0.555602416728785,3.123210025977939,0.4070649743080139,0.20000000298023224,0.624642014503479,0.6324534576003439,0.016428232192993164
1,5,63,315,751,0.0006390908328776765,0.4807585914520899,relu,"[128, 128]",32768,4.356983011804854e-05,1.0,0.5277440644235138,0.7685704206452688,0.5076198026779423,0.4606904160404208,0.5651947899093727,3.1953981042594,0.2870764136314392,0.20000000298023224,0.6390796303749084,0.4142797594409229,0.009266138076782227
1,5,63,315,752,0.0036350344152740557,0.12813198764796388,tanh,"[128, 64, 32]",32768,1.0064173871626376e-06,1.0,0.5323622402240987,0.7711784326326283,0.5091471478202398,0.46886945896184745,0.5569951743889521,3.219624113744138,0.2525201141834259,0.20000000298023224,0.6439248323440552,0.4115486198111605,0.012636661529541016
1,5,32,160,753,0.0053482195868889484,0.05309450516243827,relu,"[128, 256, 256]",65536,0.000386857236127619,4.0,0.535240240199324,0.7736284407573604,0.5116160212325267,0.47118036631488547,0.559643375573777,3.22590137681512,0.5504996180534363,0.20000000298023224,0.6451802849769592,0.9096644774083416,0.021782398223876953
1,5,63,315,754,0.0018076357564141827,0.2798771614496737,tanh,"[256, 256, 128, 256]",32768,0.0003478251914508725,2.0,0.528126187865142,0.7685239354317663,0.5062075743278208,0.45470098824264676,0.5708737102279414,3.1960844517337614,0.3941139280796051,0.20000000298023224,0.6392168998718262,0.6280209174320441,0.11159372329711914
1,5,16,80,755,0.0013700399043127338,0.2943894917222472,tanh,"[128, 64]",131072,3.7259733638295457e-07,2.0,0.5220802613830234,0.7643118055011076,0.5036561132204534,0.4508203709301154,0.5705206167366315,3.159107816828671,0.37894126772880554,0.20000000298023224,0.6318215727806091,0.6308156387102254,0.018071889877319336
1,5,125,625,756,0.0019213290232762902,0.3359440179307135,tanh,"[256, 256, 256, 64]",16384,9.2729339734271e-06,1.0,0.5325003676749909,0.770228015499393,0.5106247619900988,0.469999752575279,0.5589371885911569,3.223057043208822,0.24981126189231873,0.20000000298023224,0.6446114182472229,0.4120656932893163,0.02520442008972168
1,5,63,315,757,0.00036505894705194606,0.3176381838021257,leaky_relu,"[256, 128]",32768,1.630156168997814e-07,1.0,0.5303483937136516,0.7703497027619153,0.509194087629773,0.4616556587218021,0.5676468280434698,3.210404467427664,0.2605334520339966,0.20000000298023224,0.6420809030532837,0.4123381774178754,0.00998377799987793
1,5,63,315,758,0.00019370617082877648,0.4927671270498796,relu,"[256, 128, 64, 64]",32768,5.159576864605508e-06,2.0,0.525793589018973,0.7669075337528817,0.5058100396429058,0.458654835904024,0.5637726077915963,3.184805166947765,0.42481809854507446,0.20000000298023224,0.636961042881012,0.6318365023847868,0.015514612197875977
1,5,125,625,759,0.009421069624680386,0.4882467277495593,relu,"[64, 32]",16384,2.1963507186480036e-05,2.0,0.5341428348590633,0.7733473362398737,0.5117655777295356,0.46059383876586996,0.5757287457334537,3.2131507513947675,0.4060806632041931,0.20000000298023224,0.6426301598548889,0.622482746599365,0.008262157440185547
1,5,63,315,760,0.002845319635045348,0.062132281828532976,tanh,"[256, 64]",32768,2.6095965460822718e-05,4.0,0.533397312235997,0.7723886616717336,0.5111866162439223,0.4691641328667317,0.5614775000980815,3.2191335675249464,0.5633625984191895,0.20000000298023224,0.6438267230987549,0.9069112176172842,0.008721590042114258
1,5,16,80,761,0.00012647792284580943,0.3738902338770927,leaky_relu,"[128, 256, 32, 128]",131072,1.093134935854773e-06,4.0,0.5107178231126578,0.7554529793238604,0.4892442740845542,0.45372458604066235,0.530797598964259,3.1257602106666535,0.5347711443901062,0.20000000298023224,0.625152051448822,0.9349465884575497,0.055545806884765625
1,5,8,40,762,0.004168770771583771,0.4128680225944664,relu,"[32, 64]",262144,1.1853715594323164e-05,4.0,0.5232840062287877,0.7654683247535863,0.5047189601946764,0.45907078757300895,0.5604476440817607,3.1642081862061,0.5476340651512146,0.20000000298023224,0.6328416466712952,0.9194641536030157,0.009331703186035156
1,5,125,625,763,0.00013272177841405208,0.11873188181178398,tanh,"[32, 256]",16384,3.5724314878904464e-05,4.0,0.5217505452954632,0.7658276297613847,0.5050490198198354,0.4516812735444046,0.5727176429047824,3.1851973655045427,0.5522323846817017,0.20000000298023224,0.6370394825935364,0.9164456242423241,0.010459423065185547
1,5,125,625,764,0.00010687763334517638,0.37579606008266303,leaky_relu,"[64, 256]",16384,3.5465243854737617e-06,4.0,0.5251426088401171,0.767169691901094,0.5069880776259682,0.4556247262716636,0.5714033504649064,3.171465945669026,0.5456445217132568,0.20000000298023224,0.6342931985855103,0.9153589708498561,0.05605745315551758
1,5,16,80,765,0.00796272469859302,0.29011443573859386,relu,"[128, 128, 256, 32]",131072,2.749659437552786e-06,2.0,0.5332252949674413,0.772950126179945,0.5121893108083201,0.472790950511648,0.5587508336929656,3.219820213022527,0.40888553857803345,0.20000000298023224,0.6439640522003174,0.6229608000033348,0.018084287643432617
1,5,16,80,766,0.003255828132836333,0.3270938946573111,tanh,"[256, 256]",131072,3.203998805829249e-05,2.0,0.5267624854748129,0.7668429201093818,0.5062901620056114,0.451569503278928,0.5761014555298364,3.181960833341467,0.3749653100967407,0.20000000298023224,0.6363921761512756,0.6281235547539784,0.052048444747924805
1,5,63,315,767,0.0004364130370312502,0.11333430783943614,tanh,"[128, 64]",32768,0.0003504284287206539,2.0,0.5285333319757821,0.7680208128054065,0.5071958263780082,0.4490652191991049,0.5826140688139982,3.2009887218328013,0.3789621591567993,0.20000000298023224,0.64019775390625,0.6269004973289923,0.008458852767944336
1,5,32,160,768,0.0015508008994186613,0.05050773196633001,relu,"[64, 32, 256]",65536,4.067690924347882e-06,2.0,0.5338664007868886,0.7729405488469384,0.5123727252912472,0.46879604079672454,0.5648809290282083,3.2245280858199585,0.41891881823539734,0.20000000298023224,0.6449056267738342,0.6223176558346329,0.010380029678344727
1,5,16,80,769,0.0015610113720474787,0.24293619989270931,relu,"[256, 128, 32]",131072,2.483232847125892e-06,1.0,0.5302780339434116,0.7705312351853664,0.5104981112184837,0.4622764589830077,0.569951743889521,3.18892444388681,0.28153014183044434,0.20000000298023224,0.6377848982810974,0.41296171409814664,0.012745857238769531
1,5,16,80,770,0.005209044953815985,0.44382781728849513,relu,"[128, 128, 64]",131072,2.9712343189803496e-05,4.0,0.5314837346543219,0.7717057871970854,0.5116155275893732,0.46703381251265436,0.565606732315901,3.198634636422476,0.5789560675621033,0.20000000298023224,0.6397269368171692,0.9090751540511666,0.05264616012573242
1,5,16,80,771,0.00019185866313244063,0.22818701081831105,leaky_relu,"[32, 256, 64, 64]",131072,3.066942085729642e-07,4.0,0.5092075808237032,0.7551330071424076,0.4886069685313899,0.45130434059952296,0.5326317234885637,3.0984934702740095,0.5395140051841736,0.20000000298023224,0.619698703289032,0.9333946909062265,0.020650625228881836
1,5,32,160,772,0.0008836253958365445,0.4408282355536922,relu,"[256, 64, 128]",65536,2.271136931272703e-06,2.0,0.5300053636819746,0.7705129394277443,0.5103096736360151,0.47243357916628387,0.5547883400682647,3.1918671251555217,0.42116037011146545,0.20000000298023224,0.6383734345436096,0.6256869681155847,0.023085355758666992
1,5,125,625,773,0.00016326711663761193,0.40649978209443666,tanh,"[128, 256, 128, 64]",16384,1.74628309445145e-07,1.0,0.5175982667341678,0.7624344198413551,0.49970897449889046,0.4658177625555292,0.5389187492643885,3.117030812546152,0.2342222034931183,0.20000000298023224,0.623406171798706,0.4192263469203475,0.06796050071716309
1,5,125,625,774,0.0008538853291641509,0.13426829209947191,tanh,"[64, 128, 128, 32]",16384,5.543683303451954e-05,4.0,0.5305663581642471,0.7720469577383458,0.5114765037127876,0.4733030163961784,0.5563478363215505,3.2034405588591017,0.5787065029144287,0.20000000298023224,0.6406881213188171,0.9081658425573005,0.013954877853393555
1,5,63,315,775,0.0005453399016918657,0.10409748006388284,leaky_relu,"[128, 64]",32768,1.650904720164372e-05,4.0,0.5327279201048248,0.7719750612967591,0.5108241926641544,0.4561876932328972,0.5803287692730197,3.2162892339186486,0.561410665512085,0.20000000298023224,0.6432578563690186,0.9071714698587854,0.05411815643310547
1,5,63,315,776,0.000754206682828489,0.37786840029471214,tanh,"[32, 32, 64]",32768,4.204936951036146e-06,2.0,0.5196729237364587,0.7645518433341405,0.5054739515409431,0.44921767773812793,0.5778374985287771,3.1531247026752727,0.3851521909236908,0.20000000298023224,0.6306249499320984,0.6316777531543847,0.009905338287353516
1,5,125,625,777,0.00035697350396501004,0.47699486464155094,relu,"[256, 32, 256]",16384,1.278776169056063e-07,1.0,0.5291676475723401,0.7698014045387949,0.5105313684806604,0.4650113230660123,0.5659304013496018,3.1953981042594,0.2684612274169922,0.20000000298023224,0.6390796303749084,0.41514626430466167,0.011662960052490234
1,5,32,160,778,0.0001878958198677748,0.2512581120267259,relu,"[32, 64]",65536,0.00014455239731782398,1.0,0.49834432235294235,0.7519027314959842,0.48631460099321683,0.4418345594717187,0.5407528737886932,3.045431330123077,0.36704686284065247,0.20000000298023224,0.609086275100708,0.47581794241962044,0.00787496566772461
1,5,16,80,779,0.000897130881472383,0.21678455977284483,leaky_relu,"[64, 64, 32]",131072,0.0002468618275081188,4.0,0.5260522410574873,0.7672760056930752,0.5080894646077696,0.45972064510493676,0.5678331829416611,3.1868648054172874,0.5431229472160339,0.20000000298023224,0.6373729705810547,0.9160077890519551,0.010152339935302734
1,5,8,40,780,0.00016201584932334443,0.31233479118141566,relu,"[128, 128, 128]",262144,1.1557659892987253e-05,4.0,0.5036661720671972,0.7556161964731436,0.48808031815981284,0.4530130600932264,0.5290321315077092,3.0666169067231284,0.5446867346763611,0.20000000298023224,0.6133233904838562,0.9368068515400892,0.01997828483581543
1,5,8,40,781,0.002155831747552828,0.258126898709992,tanh,"[32, 64]",262144,7.683547599055703e-07,2.0,0.5150831878932888,0.7620071604817015,0.5014282117399873,0.44979050170558094,0.5664600415865667,3.1371375450918446,0.4371383488178253,0.20000000298023224,0.6274275183677673,0.644805800358682,0.010128498077392578
1,5,8,40,782,0.0005095007891732557,0.16901376009980199,tanh,"[64, 64, 64, 128]",262144,1.149279221038461e-06,1.0,0.4987414095037049,0.7566891129159372,0.49352229285910404,0.4334280562995719,0.5729628467181922,2.942347780729118,0.4176231324672699,0.20000000298023224,0.5884695649147034,0.48808686451696975,0.013788938522338867
1,5,32,160,783,0.0017440329518431227,0.23925737778153855,relu,"[32, 64, 256, 64]",65536,1.3582767610476897e-06,4.0,0.5301946133343269,0.7715568549327956,0.5111975452698907,0.4569355810683437,0.58008356545961,3.19382871398585,0.53769451379776,0.20000000298023224,0.6387657523155212,0.9108910406611901,0.016443252563476562
1,5,32,160,784,0.001157206362313645,0.24050419263321515,tanh,"[32, 32]",65536,9.898309557942484e-07,1.0,0.5192269216067437,0.7636139612706397,0.50167122995413,0.45870858666319864,0.5535132802385343,3.137235594731039,0.253039687871933,0.20000000298023224,0.6274471282958984,0.41758272011753644,0.007401466369628906
1,5,125,625,785,0.0010780224041744273,0.07362302228519052,tanh,"[256, 256]",16384,8.258041993511724e-05,2.0,0.5323206865343367,0.7703871361702007,0.5102590853764563,0.4582149214577933,0.5756404723606261,3.2158970353618708,0.37385469675064087,0.20000000298023224,0.6431794166564941,0.6244667359816284,0.013189315795898438
1,5,16,80,786,0.00082208575200064,0.17555542333835716,tanh,"[64, 128, 64]",131072,2.3529311148452994e-07,2.0,0.518012856765573,0.7652614131486281,0.5026048946606013,0.44231314019889967,0.5819274981364511,3.1321355233768298,0.3589980900287628,0.20000000298023224,0.6264271140098572,0.6316136146425158,0.01191091537475586
1,5,32,160,787,0.00015637787232818088,0.47322177701003093,leaky_relu,"[32, 64]",65536,7.024199472221353e-05,4.0,0.5035176793212641,0.7575777761147473,0.4979596935376416,0.4326575207664033,0.5864784809133352,2.9991367012390984,0.5076077580451965,0.20000000298023224,0.5998273491859436,0.9470412982268287,0.0075397491455078125
1,5,125,625,788,0.001265614220539916,0.14555009746691527,relu,"[256, 128, 128, 32]",16384,6.455525951233068e-07,2.0,0.5378883462194047,0.7750294492747671,0.5145853700291482,0.475873447043237,0.5601533995056691,3.241888534398548,0.41109925508499146,0.20000000298023224,0.6483777165412903,0.6198855639963219,0.015738487243652344
1,5,125,625,789,0.00010035705586315118,0.21640440001318845,leaky_relu,"[64, 64, 128, 32]",16384,0.00019601009718675462,2.0,0.5249985269748783,0.7669539162129129,0.5039977049057639,0.43743008292616037,0.5944623170779552,3.1810780885654975,0.399148553609848,0.20000000298023224,0.6362156271934509,0.6310582165341309,0.01350092887878418
1,5,16,80,790,0.0001031626000726455,0.28847167314380173,tanh,"[256, 256, 256, 64]",131072,2.953208457140583e-06,4.0,0.5167406709329546,0.7627846435105807,0.500070969071221,0.46895207343987494,0.5356134018596257,3.1391971835613672,0.6172381043434143,0.20000000298023224,0.6278394460678101,0.9292595848951489,0.019951343536376953
1,5,16,80,791,0.0001292889647801452,0.28903368848894406,leaky_relu,"[256, 32, 256]",131072,1.5207058751442537e-05,2.0,0.5121183114857362,0.7592930566835289,0.493906626257817,0.4631174985834235,0.5290811722703912,3.1322335730160242,0.4541539251804352,0.20000000298023224,0.6264467239379883,0.6489966192280654,0.05513501167297363
1,5,63,315,792,0.007479681028008839,0.23596856394268523,tanh,"[256, 256, 64, 32]",32768,8.702033904197232e-05,2.0,0.5301151979643587,0.7705855054083051,0.5074782167699176,0.4578031946361664,0.569245556906901,3.2101103185100808,0.4044857919216156,0.20000000298023224,0.6420220732688904,0.6257953574992399,0.01998305320739746
1,5,16,80,793,0.0009762810609661236,0.1576303718790637,relu,"[32, 128, 64]",131072,1.2195396148657474e-07,2.0,0.5253004142209273,0.7673646444329564,0.5066956704913311,0.45104357210099727,0.5780140452744321,3.1774490598224245,0.39860549569129944,0.20000000298023224,0.635489821434021,0.6281657200941103,0.010752201080322266
1,5,16,80,794,0.0004892887701391952,0.25858932073510005,leaky_relu,"[256, 256, 256]",131072,7.536353079337283e-06,2.0,0.5303234788790682,0.7704335960470662,0.509496284062758,0.45369037041576027,0.5809564910353486,3.2033425092199073,0.3926531672477722,0.20000000298023224,0.640668511390686,0.6250249034159554,0.022686004638671875
1,5,8,40,795,0.007823849547836473,0.252064764499774,relu,"[128, 32]",262144,6.953123315111082e-06,1.0,0.5253006613311777,0.7674615299536084,0.5087503730098826,0.4603398983481576,0.5685393699242811,3.1697007541403064,0.27171507477760315,0.20000000298023224,0.6339401602745056,0.414693655757112,0.0499265193939209
1,5,16,80,796,0.003303098609930628,0.46503292585761946,relu,"[32, 64, 64, 256]",131072,0.0008390706721391159,1.0,0.5251765508720148,0.7665482732615667,0.505556504636626,0.45677761507104125,0.5659990584173565,3.1806855919855,0.21804781258106232,0.20000000298023224,0.6361371278762817,0.4195726300222202,0.013826847076416016
1,5,8,40,797,0.00018162485857844968,0.2446729394451836,relu,"[64, 256, 32]",262144,3.00253662504352e-05,1.0,0.4965289105345889,0.7476464015313065,0.48610050120176634,0.46287523951458376,0.5117795911962023,3.053081586166001,0.44257649779319763,0.20000000298023224,0.6106163263320923,0.5212021294794019,0.011629819869995117
1,5,63,315,798,0.000322458125271925,0.4226152450078141,leaky_relu,"[32, 128]",32768,6.146759242291578e-05,1.0,0.5214333752305781,0.7653246515791089,0.5022089806719742,0.45880692189743716,0.5546804503903645,3.174408626937738,0.3072265684604645,0.20000000298023224,0.6348817348480225,0.4208464444240174,0.010228395462036133
1,5,16,80,799,0.00013893672492529017,0.4187309621337066,leaky_relu,"[256, 128, 32]",131072,5.834358570140075e-07,1.0,0.5100017651064495,0.7567356906496515,0.4888747216435601,0.45077827454876634,0.5340048648436581,3.124092770753909,0.5054543018341064,0.20000000298023224,0.6248185634613037,0.5545225202932031,0.012202739715576172
1,5,63,315,800,0.007420166100165496,0.05177233015653248,relu,"[256, 32, 256, 256]",32768,0.0008696195151852167,4.0,0.5326217659692618,0.7730887560529122,0.51121545019511,0.47283487538551305,0.5563772607791596,3.213052701755573,0.5860747694969177,0.20000000298023224,0.6426105499267578,0.9104492974377655,0.01748037338256836
1,5,125,625,801,0.0008768965016138263,0.2789531249093831,tanh,"[32, 32]",16384,5.658649931370412e-06,1.0,0.5228602368970771,0.7636408157611161,0.5039180750402187,0.4506652227722772,0.571442583075052,3.170975697473054,0.23361535370349884,0.20000000298023224,0.6341951489448547,0.4158663996637038,0.05332493782043457
1,5,125,625,802,0.000649483043115757,0.34161466659946116,tanh,"[128, 32, 128]",16384,8.812736637380183e-06,1.0,0.5257752516087718,0.7663576065535466,0.5060679068184465,0.46562834775442935,0.5541998509160815,3.1745066765769323,0.23638398945331573,0.20000000298023224,0.6349013447761536,0.4152783317261733,0.010587215423583984
1,5,32,160,803,0.00014724665040120234,0.19592830508018683,tanh,"[32, 64, 32, 64]",65536,6.793981136557955e-06,4.0,0.49531019773051843,0.7590645829510319,0.5009706366067417,0.45114122962089964,0.5631743104868767,3.07044203474459,0.6181607246398926,0.20000000298023224,0.6140884160995483,0.9342359352838605,0.01669907569885254
1,5,63,315,804,0.0008431251589807703,0.3499554855195922,leaky_relu,"[32, 256]",32768,3.836654623728826e-06,2.0,0.529117223470245,0.7697279270525719,0.5096699473686565,0.46837065954386686,0.5589568048962298,3.194024813264239,0.4207063317298889,0.20000000298023224,0.6388049721717834,0.6264960575914733,0.010120868682861328
1,5,16,80,805,0.0002203079220686153,0.2688863798847167,tanh,"[32, 64]",131072,7.295632619309848e-07,1.0,0.48306034594510394,0.7537212923145322,0.4905237433850806,0.4444170117871934,0.5473047196830005,3.0004119425950657,0.4465625584125519,0.20000000298023224,0.6000823974609375,0.5264808871287822,0.05235934257507324
1,5,63,315,806,0.00022535655453394566,0.16387068346220307,tanh,"[256, 128, 64, 32]",32768,8.541445812015869e-07,4.0,0.5263139160557129,0.7688587444809623,0.5074011046164961,0.45608612986769115,0.5717270194986073,3.1930440188490747,0.5636043548583984,0.20000000298023224,0.6386088132858276,0.9141637663603849,0.014650821685791016
1,5,125,625,807,0.003826732036344683,0.4323034923087641,leaky_relu,"[256, 32, 128]",16384,1.334750747935463e-06,4.0,0.5358673445626463,0.7744458263442087,0.5142790733017759,0.47245058022552006,0.5642335909608066,3.2285496111430287,0.5824426412582397,0.20000000298023224,0.6457099318504333,0.9095184015069724,0.011081695556640625
1,5,16,80,808,0.0004195983567654267,0.28001394676663327,tanh,"[128, 128]",131072,1.7625703509682995e-05,4.0,0.520347461403935,0.7635970876956165,0.5037857149333986,0.4684175027400725,0.5449311467691945,3.1676408176475643,0.5826016068458557,0.20000000298023224,0.6335281729698181,0.9203704560830522,0.00869441032409668
1,5,16,80,809,0.00024223980926493932,0.3646971042583446,relu,"[128, 64]",131072,0.00015315138210913258,2.0,0.5088888158010013,0.7568085535510685,0.4880110861934051,0.44020757588901943,0.5474616501235827,3.096335484142073,0.47532790899276733,0.20000000298023224,0.6192671060562134,0.6796017056813708,0.008121013641357422
1,5,125,625,810,0.0015200396651195824,0.41602250425703474,relu,"[128, 256]",16384,5.625856691218632e-05,1.0,0.5344965279056556,0.7736010828289865,0.5122320203114243,0.4632057291047084,0.5728647651928283,3.2285496111430287,0.2574528455734253,0.20000000298023224,0.6457099318504333,0.4102370640567325,0.05144524574279785
1,5,8,40,811,0.00036120188648842115,0.23645984802535458,leaky_relu,"[128, 256, 128]",262144,4.773319490530886e-07,4.0,0.5217511653024254,0.7653979913552378,0.503470599435703,0.45049872994238277,0.5705598493467771,3.152241957899303,0.5224887728691101,0.20000000298023224,0.6304484009742737,0.9197724118276316,0.013016223907470703
1,5,16,80,812,0.003908751566442062,0.2868163507301669,relu,"[64, 256, 64, 32]",131072,6.900677574172647e-06,1.0,0.5303477015752279,0.7702192008508713,0.5106512015768326,0.46819471588260786,0.5615755816234455,3.2056965946302327,0.2502421438694,0.20000000298023224,0.6411393284797668,0.41229971284756706,0.01509404182434082
1,5,8,40,813,0.0004135546673764192,0.10368844945987057,tanh,"[64, 128]",262144,1.8167135380804497e-07,1.0,0.502138611207697,0.7578030471135324,0.4950681113159196,0.4570197719009911,0.5400270705010004,3.0369963789433783,0.4400272071361542,0.20000000298023224,0.6073992848396301,0.51206015141482,0.010352134704589844
1,5,32,160,814,0.007485853277015683,0.17688659070765644,tanh,"[64, 64]",65536,1.1420216692732304e-05,4.0,0.530529917087459,0.7707404678403296,0.5091630190758835,0.47192751814977013,0.5527776687983051,3.2056965946302327,0.58449786901474,0.20000000298023224,0.6411393284797668,0.9097042483904432,0.007554054260253906
1,5,125,625,815,0.0016062260154830594,0.43941977682757755,leaky_relu,"[64, 64, 64]",16384,7.353323742803726e-06,4.0,0.532854200193535,0.7727024034093761,0.5123112087124098,0.4716853450410154,0.5605947663698065,3.2108947156236365,0.589239239692688,0.20000000298023224,0.6421789526939392,0.9076716562289114,0.0111236572265625
1,5,32,160,816,0.00010726412081633977,0.4391516596277311,leaky_relu,"[32, 64]",65536,7.407215319635333e-06,2.0,0.4689863412083419,0.7412159371162534,0.48547590479113767,0.4616241841048591,0.5119267134842481,2.98403228843164,0.49446141719818115,0.20000000298023224,0.5968064665794373,0.7109208472680781,0.007615327835083008
1,5,125,625,817,0.004057439498603711,0.13723698674466572,leaky_relu,"[128, 256, 32]",16384,6.27658680656254e-06,1.0,0.5381025682720038,0.7753432491531977,0.5145616807246345,0.47104939328003653,0.5669308329083134,3.2435559743112927,0.24983467161655426,0.20000000298023224,0.6487112045288086,0.40900909089107673,0.014714241027832031
1,5,125,625,818,0.00020281873623061175,0.4624029905723618,relu,"[256, 32, 256, 256]",16384,0.0006126213923249193,2.0,0.5285268625323309,0.7689240842169266,0.5099842068001524,0.47458443138049866,0.5510906665620464,3.188238096412449,0.3331834673881531,0.20000000298023224,0.6376476287841797,0.6397939360040266,0.01589369773864746
1,5,16,80,819,0.0024536811675206494,0.4373107229980481,tanh,"[256, 256, 128, 256]",131072,4.0271929274495666e-05,1.0,0.5235593192772271,0.7649403339954302,0.5012940702823949,0.45661092081402377,0.5556710737965397,3.1647964840412666,0.22178800404071808,0.20000000298023224,0.6329593062400818,0.4169698245932998,0.05942344665527344
1,5,8,40,820,0.0037949098881718134,0.16952153268086945,tanh,"[32, 128, 32, 128]",262144,1.430964268596156e-07,4.0,0.5185044525049607,0.7646083274043695,0.5041773696652131,0.4462092717632664,0.5794558436972812,3.160579157463027,0.5521911978721619,0.20000000298023224,0.6321158409118652,0.9208390840805359,0.01305699348449707
1,5,63,315,821,0.0003422214497738839,0.16638980423065247,tanh,"[256, 64, 32]",32768,9.796777420307096e-05,4.0,0.5263099486474718,0.7682910142957435,0.5071133782779216,0.44923927030504884,0.582104044882106,3.184412968390987,0.5526180267333984,0.20000000298023224,0.6368826031684875,0.9140847563855836,0.011083364486694336
1,5,63,315,822,0.009196797323710187,0.0751392951043598,relu,"[32, 128]",32768,1.4657624630625362e-07,4.0,0.5361294084559973,0.774541664741451,0.5137790813945737,0.46972590383474594,0.5669504492133862,3.2422810309785453,0.6035048961639404,0.20000000298023224,0.6484562158584595,0.9039441778298858,0.05266618728637695
1,5,32,160,823,0.001144516144039038,0.1900587648190915,leaky_relu,"[128, 256, 256]",65536,0.0003714160547624499,4.0,0.5346433977874698,0.773145657618492,0.5123310329866996,0.47506181117210744,0.5559457020675586,3.2302170510557735,0.572277307510376,0.20000000298023224,0.6460434198379517,0.9070687156066107,0.055937767028808594
1,5,125,625,824,0.004715381599833196,0.16584763033094269,leaky_relu,"[256, 128, 64]",16384,1.7115256105042944e-06,2.0,0.5384472888663798,0.7753628485751957,0.5147303907177989,0.47702520572256124,0.5589077641335478,3.2527756206277667,0.42483893036842346,0.20000000298023224,0.6505551338195801,0.6197406971546755,0.012062311172485352
1,5,16,80,825,0.004862010840891831,0.28571715554695837,leaky_relu,"[256, 64]",131072,3.615376859503268e-05,1.0,0.5307137838086097,0.7713651708271216,0.5104403006239365,0.4655640702298962,0.5648907371807447,3.2075601338213664,0.2594326138496399,0.20000000298023224,0.6415120363235474,0.41176160484279956,0.009298563003540039
1,5,125,625,826,0.0016358128026987642,0.0569773746150319,relu,"[64, 32]",16384,7.406393718437421e-07,1.0,0.5362902687083209,0.7743936289756459,0.5137320112863423,0.46779909470191205,0.5696673074659657,3.232080590246907,0.25874313712120056,0.20000000298023224,0.6464161276817322,0.40944223711436284,0.007817268371582031
1,5,125,625,827,0.003061980820985245,0.16822026761941372,relu,"[128, 32, 256, 64]",16384,5.1061452453543256e-06,4.0,0.535986864271741,0.7748610718449486,0.5141073532958108,0.47949042207378867,0.5541115775432539,3.2429673784529065,0.5530738234519958,0.20000000298023224,0.6485934853553772,0.9078851418266197,0.014325618743896484
1,5,125,625,828,0.0013031079522442823,0.3841192019389624,relu,"[256, 64]",16384,2.3645915890518385e-06,2.0,0.5350970789398848,0.7738715064688416,0.5128615378989089,0.48027774685993646,0.5501883165286987,3.2218798514920497,0.4351440668106079,0.20000000298023224,0.6443759799003601,0.6215431001997438,0.05152297019958496
1,5,125,625,829,0.00011586039891358393,0.05212776873458588,leaky_relu,"[64, 256, 64]",16384,7.579848992702227e-07,2.0,0.532005950001876,0.7715668923536392,0.5116929334011184,0.46251663814413385,0.5725705206167366,3.206186842826205,0.4040107727050781,0.20000000298023224,0.6412373781204224,0.6236060405236797,0.011766910552978516
1,5,16,80,830,0.0019863657331189097,0.10144859058301899,relu,"[128, 128, 256]",131072,7.1736870559873556e-06,2.0,0.5332508074475973,0.7723241694685272,0.5116071507471524,0.46550615100104525,0.5678429910941974,3.2187413689681685,0.40282443165779114,0.20000000298023224,0.6437482833862305,0.6228441271609251,0.014876604080200195
1,5,125,625,831,0.0003486175792954785,0.3717442338494188,relu,"[256, 32]",16384,1.4465443218538346e-06,2.0,0.5309982463995804,0.7711607509788131,0.5102366816644924,0.4658860708208411,0.5639197300796422,3.1980460405640896,0.4226609766483307,0.20000000298023224,0.6396092176437378,0.6244987742131687,0.010578393936157227
1,5,16,80,832,0.009372195338137353,0.13594562513919173,leaky_relu,"[128, 32]",131072,0.00036256403885202745,2.0,0.5325347617712972,0.772745062514099,0.510067410178584,0.46352512909329996,0.5669994899760681,3.2181527731097823,0.3787214756011963,0.20000000298023224,0.6436305642127991,0.6311970402505147,0.010204315185546875
1,5,63,315,833,0.000311319421178799,0.3317021858019997,tanh,"[32, 32]",32768,1.8321095087145974e-06,4.0,0.515986681946547,0.7630444363568541,0.5028304608062306,0.46517562293605524,0.5471183647848091,3.1609713560198047,0.5947476625442505,0.20000000298023224,0.6321942806243896,0.9219808075267031,0.00749659538269043
1,5,125,625,834,0.0023937661053580563,0.4489086738775984,leaky_relu,"[64, 128, 64, 64]",16384,0.00023347828576681954,1.0,0.5343229731833032,0.773429642744472,0.513017592767662,0.4649509432759212,0.5721683863627447,3.21521038986429,0.24450954794883728,0.20000000298023224,0.6430420875549316,0.4108216803348604,0.015885591506958008
1,5,32,160,835,0.0014158250206327912,0.0773373675879701,tanh,"[128, 64]",65536,1.516528927559194e-06,2.0,0.5295087100261603,0.7690287501534715,0.5083068315276916,0.4608133219552266,0.5667150535525128,3.2021656155263543,0.394385427236557,0.20000000298023224,0.640433132648468,0.6260434619222123,0.05102825164794922
1,5,32,160,836,0.004671448219292056,0.20750619980988233,relu,"[128, 32, 32, 256]",65536,8.064378465718588e-06,2.0,0.5339843667738674,0.7736574162261907,0.5132538622670245,0.4711950861482192,0.5635568284357958,3.206186842826205,0.4019261598587036,0.20000000298023224,0.6412373781204224,0.622762931654109,0.013756513595581055
1,5,125,625,837,0.0006726576207197207,0.2677355871763625,relu,"[256, 128, 32]",16384,0.0006241355988500707,4.0,0.5354182203739553,0.773830467237422,0.5133109376456126,0.4687360700247194,0.5672545019420142,3.2250186320391503,0.5786788463592529,0.20000000298023224,0.6450037360191345,0.9047241056515893,0.012091636657714844
1,5,16,80,838,0.0004979435965311873,0.08071056488434775,tanh,"[256, 256, 128, 128]",131072,5.073399742356472e-06,2.0,0.5261154804019467,0.7678001428894174,0.5070312770600256,0.45386475676681237,0.5743065636156773,3.1772529605440356,0.38323739171028137,0.20000000298023224,0.6354506015777588,0.6277058669783611,0.06479549407958984
1,5,125,625,839,0.003531908816028591,0.4359340786627877,relu,"[32, 64, 64, 128]",16384,4.5492262561202746e-07,1.0,0.5322245808587861,0.7723129791886072,0.5127469453650947,0.4734534220295488,0.5591529679469575,3.201773118946357,0.2653474509716034,0.20000000298023224,0.6403546333312988,0.4125513774649281,0.014361143112182617
1,5,63,315,840,0.0011074069015907333,0.3491907063981273,tanh,"[32, 32]",32768,0.0006768215231284737,1.0,0.5229657461717443,0.7632921132400915,0.503937897701589,0.45248836991476477,0.568588410686963,3.163717639986908,0.24575617909431458,0.20000000298023224,0.6327435374259949,0.4164624225097582,0.0073680877685546875
1,5,125,625,841,0.001359958970459773,0.2909491952068221,leaky_relu,"[64, 32, 64]",16384,0.00030587024195927377,1.0,0.534098332375669,0.7733331795772636,0.5136227715566001,0.46442220777367227,0.5744831103613324,3.2219781991544636,0.2500329613685608,0.20000000298023224,0.644395649433136,0.4106976721392378,0.015723466873168945
1,5,16,80,842,0.008530295217009447,0.31982559769816393,leaky_relu,"[256, 64, 256, 32]",131072,1.3295593283981078e-07,2.0,0.5326330348088256,0.7727963213688899,0.5125287751700051,0.46561753818047785,0.569951743889521,3.206677389045397,0.3803102374076843,0.20000000298023224,0.6413354873657227,0.6234130757217657,0.06735825538635254
1,5,8,40,843,0.009862899720971437,0.4687055355192593,tanh,"[128, 256, 32, 64]",262144,4.272900059962924e-06,4.0,0.489995136269916,0.7623181345013818,0.5066057935319433,0.450300159423938,0.5790046686806073,3.0082582979163783,0.5555643439292908,0.20000000298023224,0.601651668548584,0.9331807746481814,0.01557469367980957
1,5,16,80,844,0.00018414592905645913,0.34429371338438447,tanh,"[256, 128, 256]",131072,6.943014439431413e-07,2.0,0.5162307684128681,0.7615331567822072,0.4988659886598866,0.4608943657287301,0.5436560869394641,3.1267410050818176,0.4716774523258209,0.20000000298023224,0.6253482103347778,0.6416126812747014,0.013263463973999023
1,5,32,160,845,0.0006915463229417396,0.19738403236051766,leaky_relu,"[32, 32, 256]",65536,2.0248884031978786e-06,1.0,0.5248023252182308,0.7659616542345874,0.5065792104947406,0.46312291279017803,0.5590352701165209,3.1851973655045427,0.26411572098731995,0.20000000298023224,0.6370394825935364,0.4147513525874362,0.010415792465209961
1,5,32,160,846,0.00867791585118279,0.33339042637147726,tanh,"[128, 32, 64]",65536,0.0008795760421580481,1.0,0.5204651907726083,0.7595670261178077,0.5015759924521597,0.44103182220634957,0.5813880497469497,3.1713678960298317,0.20250825583934784,0.20000000298023224,0.6342735886573792,0.4291117553509551,0.05165505409240723
1,5,63,315,847,0.0041401357887289325,0.3258921123254023,relu,"[32, 32]",32768,1.169123980037637e-06,2.0,0.5320948453639924,0.7723129879307691,0.5117095601340272,0.4688428753388419,0.5632037349444858,3.2099139212084724,0.4087180495262146,0.20000000298023224,0.6419827938079834,0.6234061256022417,0.007505893707275391
1,5,32,160,848,0.0002865945650500341,0.4171112172392571,leaky_relu,"[64, 64]",65536,8.172354586546806e-07,4.0,0.5204067389005619,0.7628213143065312,0.5007888081067771,0.4358644639146797,0.5884401114206128,3.156459582500762,0.5141130685806274,0.20000000298023224,0.631291925907135,0.9217733581188947,0.010015010833740234
1,5,63,315,849,0.004742057701166042,0.07993908173966838,tanh,"[256, 128, 128, 128]",32768,3.7645354537529143e-06,4.0,0.5338968010490338,0.7726541978418205,0.5120161555612412,0.47925861302131445,0.5495802110714426,3.226882171230284,0.6040211915969849,0.20000000298023224,0.645376443862915,0.9069437398757682,0.018688440322875977
1,5,63,315,850,0.0009396113741646315,0.46941421159881186,relu,"[32, 256, 64, 128]",32768,0.0001471061344711556,4.0,0.5270383036505826,0.7688198472836403,0.510123959747902,0.45855112836082507,0.5747675467848876,3.178724003155172,0.538929283618927,0.20000000298023224,0.6357448101043701,0.9359322473171193,0.013871908187866211
1,5,8,40,851,0.0022253676067930843,0.2232401205856046,tanh,"[128, 128]",262144,0.00043335759294385715,1.0,0.5151152128569156,0.760456111790311,0.5006798701947514,0.4493780949038874,0.565204598061909,3.1281139980537596,0.24450723826885223,0.20000000298023224,0.6256228089332581,0.4187697852287845,0.008775711059570312
1,5,125,625,852,0.00011296227805683504,0.22726854748366254,leaky_relu,"[64, 64]",16384,6.197925908075606e-06,4.0,0.5240510722134878,0.7661977444223473,0.504570241832069,0.45067913089756345,0.5731001608537016,3.169798803779501,0.5408158898353577,0.20000000298023224,0.6339597702026367,0.9162930671803654,0.008753299713134766
1,5,32,160,853,0.0012817821143051137,0.4913662620576693,tanh,"[64, 32, 128, 256]",65536,0.00016203790448508592,1.0,0.5082220858742936,0.7560005453939254,0.4754915070335363,0.38944239314099754,0.6103515241869042,3.12389667147552,0.20500865578651428,0.20000000298023224,0.6247793436050415,0.4258147271691366,0.014403581619262695
1,5,32,160,854,0.0032133625417862938,0.2738761304222008,tanh,"[64, 64]",65536,0.0003835629782700951,4.0,0.526040700332615,0.7666528938759543,0.5057172691733476,0.45147845113175855,0.5747675467848876,3.186570656499704,0.5518560409545898,0.20000000298023224,0.6373141407966614,0.9154010674153619,0.007803440093994141
1,5,125,625,855,0.0010087250496143903,0.29366706920208313,leaky_relu,"[32, 32, 128]",16384,2.2017475342098684e-07,1.0,0.5292976505973945,0.7698269954441603,0.510405531726473,0.4691310317610399,0.559643375573777,3.18892444388681,0.26420119404792786,0.20000000298023224,0.6377848982810974,0.4129146853522296,0.05892515182495117
1,5,16,80,856,0.000636556392455904,0.11220006556755356,leaky_relu,"[32, 64, 256, 64]",131072,2.0359332755214617e-05,1.0,0.5229399745394407,0.7644505499721536,0.5028233652433555,0.45042974603445735,0.5690101612460277,3.17156429333144,0.27638524770736694,0.20000000298023224,0.6343128681182861,0.42000541648614437,0.018934011459350586
1,5,63,315,857,0.00014908869685289775,0.35287987922556946,relu,"[128, 256, 128, 128]",32768,1.5543902329378504e-06,1.0,0.5213307514448403,0.7653062952636774,0.5017967900760918,0.44377172413273114,0.577278433834203,3.156655681779151,0.26478150486946106,0.20000000298023224,0.6313311457633972,0.4203307131611308,0.020065784454345703
1,5,32,160,858,0.0012245616188684921,0.4141556780734667,relu,"[32, 256, 128]",65536,4.572933540316159e-07,2.0,0.5281083734282894,0.769449452723328,0.5097146653737722,0.46995860927152316,0.5568186276432971,3.1747027758553212,0.4022069275379181,0.20000000298023224,0.6349405646324158,0.6274794965532287,0.028952598571777344
1,5,32,160,859,0.006411549250776858,0.27781552479269084,leaky_relu,"[32, 256, 32, 32]",65536,0.00035379119405919526,4.0,0.5327716766490173,0.7730379063601598,0.5115413868787622,0.4592949293290356,0.5771999686139119,3.2033425092199073,0.5166149735450745,0.20000000298023224,0.640668511390686,0.9181309277342807,0.016402721405029297
1,5,63,315,860,0.0020634687080419447,0.23954622386957508,relu,"[128, 256, 256, 32]",32768,6.443462475395991e-06,1.0,0.5363263773096569,0.7743074671054866,0.5136803748517415,0.47545185123345995,0.5585939032523833,3.2379653567378917,0.2644316852092743,0.20000000298023224,0.647593080997467,0.4098309351457022,0.08091306686401367
1,5,16,80,861,0.0007380406838688041,0.3300346063148749,leaky_relu,"[64, 128, 256]",131072,8.732675898815701e-07,2.0,0.5255365058731083,0.76690729744996,0.5058578730718777,0.469424249038736,0.5484228490721488,3.1860801102805123,0.40837860107421875,0.20000000298023224,0.6372160315513611,0.6289507836272976,0.013012886047363281
1,5,8,40,862,0.004397330774697342,0.051251377259533576,tanh,"[64, 64, 64, 256]",262144,3.738060400162997e-05,1.0,0.5245713364367534,0.7660982163998711,0.5048415164971003,0.45638993461462257,0.5648024638079171,3.177939308018397,0.23275640606880188,0.20000000298023224,0.6355878710746765,0.4149133195192472,0.017488718032836914
1,5,16,80,863,0.0006939250063940615,0.17168626864357456,relu,"[256, 64]",131072,1.3258070486908784e-05,2.0,0.5272221770702021,0.7685833156828403,0.5065119920290371,0.4634217808888165,0.5584369728118012,3.18892444388681,0.42381182312965393,0.20000000298023224,0.6377848982810974,0.6278968122007427,0.009510993957519531
1,5,125,625,864,0.0014410570737410262,0.26253880683012404,relu,"[128, 256, 128]",16384,2.1652247566559845e-05,4.0,0.5358369202026915,0.7743603570168139,0.5143493860450605,0.4713787384914508,0.5659402095021382,3.2261955257327033,0.5886447429656982,0.20000000298023224,0.6452391147613525,0.904053399627751,0.013776063919067383
1,5,125,625,865,0.000552765678808222,0.07445672414755766,leaky_relu,"[64, 256, 64]",16384,5.215790000200418e-07,2.0,0.535640944212109,0.7740207561325319,0.5136420437234235,0.467115883482046,0.5704617678214131,3.227078270508673,0.40364643931388855,0.20000000298023224,0.6454156637191772,0.6210675802511074,0.05327415466308594
1,5,63,315,866,0.0006218001164228661,0.36606427126109814,leaky_relu,"[64, 64, 32, 128]",32768,8.041041149036778e-07,2.0,0.5290426986485038,0.7692538975234164,0.510769367133487,0.46590504834901847,0.5651947899093727,3.1944170118210167,0.4028050899505615,0.20000000298023224,0.6388834118843079,0.6294467517143467,0.01493215560913086
1,5,8,40,867,0.00045962623433676715,0.49937642683271216,tanh,"[32, 64, 256]",262144,5.196352460018772e-05,1.0,0.49187962769295696,0.7533738278135067,0.48838554300068193,0.43609428232283526,0.5549256542037742,3.034446194254664,0.49427884817123413,0.20000000298023224,0.6068892478942871,0.5555904398207114,0.020433664321899414
1,5,125,625,868,0.0009696889089781857,0.4443438495054322,relu,"[64, 128]",16384,0.0007728581497070122,4.0,0.5326283524264545,0.7723105106040978,0.5115360768983849,0.4636181761662987,0.5705010004315587,3.2067754386845913,0.5703122615814209,0.20000000298023224,0.6413550972938538,0.9072472988336167,0.00933384895324707
1,5,125,625,869,0.0012825942782881267,0.2438631249009593,leaky_relu,"[64, 32, 32]",16384,0.00011119239439247044,4.0,0.5339609151089196,0.7734478566961414,0.5130329396016858,0.4759683157682755,0.5563576444740869,3.2148181913075122,0.5899279117584229,0.20000000298023224,0.6429636478424072,0.9059402615041215,0.00996708869934082
1,5,16,80,870,0.0031445692429853925,0.16218512236046415,leaky_relu,"[256, 256, 256]",131072,0.0002910079164210485,1.0,0.5332821158024577,0.7724489243039633,0.5103774560728918,0.4712834611008214,0.5565439993722783,3.2219781991544636,0.2647264003753662,0.20000000298023224,0.644395649433136,0.4121174672393652,0.0621190071105957
1,5,8,40,871,0.0002971219681572824,0.4658399305218535,tanh,"[128, 128, 128]",262144,1.0145074102523116e-05,4.0,0.5118946822839268,0.7595657244495787,0.4985149302547602,0.45371532470875975,0.5531307622896151,3.1319391260752214,0.631419837474823,0.20000000298023224,0.6263878345489502,0.9416154346580555,0.012651920318603516
1,5,63,315,872,0.004463468666248188,0.24733362525571145,leaky_relu,"[64, 32, 256, 128]",32768,1.4128423206241466e-07,2.0,0.5347231971706368,0.7738954087300317,0.5128385164381005,0.4688469976436175,0.5659402095021382,3.225705277536731,0.3456210792064667,0.20000000298023224,0.645141065120697,0.6260059923500652,0.06289219856262207
1,5,63,315,873,0.00027179878287075657,0.05652629372164116,tanh,"[32, 256, 256, 64]",32768,0.0007239047885455522,2.0,0.5291401621123009,0.7688592588615932,0.5080536710905645,0.45204327382545206,0.579907018713955,3.1988307357008647,0.3940419554710388,0.20000000298023224,0.6397661566734314,0.6259852211020498,0.017659902572631836
1,5,16,80,874,0.0013618090530613948,0.47760275130423435,relu,"[32, 256, 32]",131072,7.650554163086807e-05,2.0,0.521279032038206,0.7636197953349676,0.5005236070709331,0.4602778738044677,0.5484816979873671,3.1521439082601086,0.4311779737472534,0.20000000298023224,0.6304287910461426,0.6327639616000151,0.013189077377319336
1,5,8,40,875,0.00027406597715509126,0.2655653807349177,tanh,"[256, 32, 64, 64]",262144,4.0615208089296304e-07,1.0,0.4964620154166062,0.7525574537561212,0.4876495416968456,0.4236031762102431,0.5745125348189415,2.994428828441667,0.44807130098342896,0.20000000298023224,0.5988857746124268,0.5437851341719475,0.014240503311157227
1,5,32,160,876,0.0018274664110148788,0.06534221352080348,relu,"[128, 64, 256]",65536,7.950671405332101e-05,4.0,0.5357911208818295,0.7740422402419873,0.5129294111775089,0.47724873979380744,0.5543763976617364,3.228843760060612,0.5834263563156128,0.20000000298023224,0.6457687616348267,0.9041782059059253,0.013236045837402344
1,5,8,40,877,0.009296206327694064,0.2943150609373457,tanh,"[32, 64, 64, 32]",262144,3.4419224683334195e-06,4.0,0.5181777896706145,0.7648702327153097,0.5074117892685642,0.45587269828367777,0.5720899211424536,3.1584211713310903,0.5505428910255432,0.20000000298023224,0.6316842436790466,0.92464571200626,0.013011932373046875
1,5,8,40,878,0.002340286786356048,0.1510951427874423,relu,"[256, 32]",262144,1.7910703691799529e-06,2.0,0.528704284393375,0.7692104652484246,0.5098444597264138,0.4606355613597689,0.5708246694652596,3.1951036573185974,0.4042997360229492,0.20000000298023224,0.6390207409858704,0.6261450673670583,0.008595705032348633
1,5,16,80,879,0.009953750189371446,0.17326655900093152,relu,"[256, 64, 128]",131072,1.1021548380007448e-06,2.0,0.5339052482228832,0.7735643695968745,0.5132613300794273,0.47743824738179025,0.554896229746165,3.213052701755573,0.4141063094139099,0.20000000298023224,0.6426105499267578,0.6220750975110269,0.0570681095123291
1,5,32,160,880,0.00047009993538690706,0.3385313177880951,leaky_relu,"[256, 64, 256, 128]",65536,1.8459944643803512e-07,2.0,0.5296841244170256,0.7703228105971703,0.5096889308136922,0.4664576291892332,0.5617521283691004,3.1920632244339107,0.38968726992607117,0.20000000298023224,0.6384126543998718,0.6269892942634634,0.05845332145690918
1,5,16,80,881,0.00011033392092648172,0.09528391040349769,tanh,"[256, 256, 32]",131072,4.69604143392962e-06,1.0,0.511484882279208,0.7595719350641935,0.4969180768799731,0.44325679395887485,0.5653615285024912,3.0931970016181918,0.4087167978286743,0.20000000298023224,0.6186394095420837,0.49141519584129706,0.056765079498291016
1,5,125,625,882,0.0012616493081236948,0.4576365348123621,relu,"[64, 32]",16384,1.050709147000316e-05,1.0,0.5305290151830754,0.771542650494932,0.5101848443770143,0.470345786502905,0.557397308642944,3.1935345650682665,0.2648457884788513,0.20000000298023224,0.6387069225311279,0.41183854533961045,0.009566545486450195
1,5,125,625,883,0.007173050135509736,0.07919856732688627,tanh,"[64, 256]",16384,6.944266710656212e-05,4.0,0.5347883472309283,0.7729613065272298,0.5124254903838699,0.4788894477073761,0.5510122013417552,3.2263916250110922,0.5973608493804932,0.20000000298023224,0.6452783346176147,0.9060082856280277,0.012909412384033203
1,5,16,80,884,0.0011675669076168839,0.2906231280514854,tanh,"[32, 128, 32]",131072,0.00010964429035470138,4.0,0.5154081297163423,0.7637259909935256,0.5041697147037308,0.4491313614548354,0.5745811918866962,3.1666600232324003,0.5656778216362,0.20000000298023224,0.6333320140838623,0.9236620410510392,0.01145315170288086
1,5,16,80,885,0.0003451773545954754,0.15388195645091124,tanh,"[128, 32, 64, 32]",131072,0.00022244616658682396,1.0,0.5071607659766396,0.7571336100873197,0.49446756674449294,0.4346907814498617,0.5733061320569658,3.000215843316677,0.3737232983112335,0.20000000298023224,0.6000431776046753,0.46910291261112497,0.10355329513549805
1,5,32,160,886,0.0010630684343984102,0.1478508270523612,relu,"[128, 128]",65536,1.6531158367509146e-06,2.0,0.5325004914383846,0.7717294701226034,0.5110614942579859,0.46755318283175185,0.5634979795205775,3.218839418607363,0.4122042953968048,0.20000000298023224,0.6437678933143616,0.6234017368661094,0.009105920791625977
1,5,16,80,887,0.0010474760897042162,0.14170930175517263,relu,"[32, 64, 256]",131072,1.0750301778721311e-07,4.0,0.5260702138866874,0.7678056510647076,0.5066732575383095,0.4606002246830364,0.5629879555886853,3.1724470381074097,0.557805061340332,0.20000000298023224,0.6344894170761108,0.9141501168929898,0.010951995849609375
1,5,63,315,888,0.0003468253161397365,0.08538819764544664,leaky_relu,"[32, 64, 128, 64]",32768,0.0001174112513627068,4.0,0.5301450982556629,0.7708154900677681,0.5110127436047472,0.4691726609853922,0.5610459413864805,3.1942209125426277,0.5692659616470337,0.20000000298023224,0.6388441920280457,0.9093242668330102,0.014601707458496094
1,5,8,40,889,0.0023035834944334682,0.11015716465499761,leaky_relu,"[64, 64, 32]",262144,1.2019814578582348e-05,1.0,0.5221399548015505,0.765252701121303,0.5014373032517652,0.444133380749529,0.5757189375809173,3.15351719925527,0.32030826807022095,0.20000000298023224,0.6307034492492676,0.42174203432042645,0.010199546813964844
1,5,8,40,890,0.0013097032051810958,0.2178690557512994,leaky_relu,"[32, 32]",262144,0.00045711912587018155,2.0,0.5139883328467926,0.7570554411986606,0.4946938633375991,0.44470879181079687,0.5573384597277257,3.131056381299252,0.4127110242843628,0.20000000298023224,0.6262112855911255,0.6429759096489438,0.007589101791381836
1,5,16,80,891,0.0011517953744629263,0.10926209321131403,relu,"[128, 32]",131072,1.193467813747549e-07,2.0,0.5258999883505653,0.767418736770336,0.5044970297791901,0.4472832063094832,0.5784946447487151,3.188238096412449,0.406572163105011,0.20000000298023224,0.6376476287841797,0.6289695160017321,0.007752895355224609
1,5,63,315,892,0.004350572139787535,0.18424049642281493,relu,"[128, 64, 64]",32768,0.0002516182263863066,2.0,0.5359572479697366,0.7743079003776138,0.5132203782082949,0.4697763474151628,0.5655184589430735,3.2325708384428795,0.39180776476860046,0.20000000298023224,0.6465141773223877,0.6218861132307141,0.01274251937866211
1,5,16,80,893,0.00013633516880193176,0.2451696616364103,tanh,"[64, 256, 64, 128]",131072,3.462715492500383e-07,1.0,0.5071061819377622,0.7590740253396902,0.49242488124350003,0.4713378652269833,0.5154870728549571,3.0178704408128496,0.5176135897636414,0.20000000298023224,0.6035740971565247,0.5059208685636493,0.019010066986083984
1,5,8,40,894,0.0002558750099599002,0.31690695370645583,tanh,"[128, 64]",262144,2.6928324429834703e-07,1.0,0.48702252567573806,0.754408746816233,0.4879266316240015,0.47866126947283005,0.4975577700184393,3.012377872878643,0.5760005712509155,0.20000000298023224,0.6024755835533142,0.5529003374755881,0.05258774757385254
1,5,125,625,895,0.006519606501172061,0.286480509336998,leaky_relu,"[64, 64, 32]",16384,1.2226115917954452e-06,4.0,0.5358520614559394,0.7745012335652723,0.5136037533878425,0.47948188026773486,0.5529542155439602,3.2335516328580436,0.5783181190490723,0.20000000298023224,0.6467103362083435,0.9037823343619326,0.010322093963623047
1,5,63,315,896,0.00038534496053145687,0.48113709259525567,relu,"[64, 128]",32768,3.364094816837444e-07,2.0,0.5258968259568813,0.7668518506306303,0.5064977842972774,0.45860009384668,0.5655674997057554,3.1870609046956764,0.4171913266181946,0.20000000298023224,0.6374121904373169,0.6288811444731102,0.007967710494995117
1,5,8,40,897,0.0028881858763819637,0.37996127018738574,leaky_relu,"[32, 128, 256]",262144,3.77276986418999e-06,4.0,0.5231013816007021,0.7650164732114239,0.5052491010886189,0.4677989323397465,0.5492173094275962,3.1636195903477136,0.5706908702850342,0.20000000298023224,0.6327239274978638,0.9199771414218783,0.015139579772949219
1,5,63,315,898,0.00016630739180502913,0.2220457555682237,leaky_relu,"[32, 256]",32768,0.00025602635618022905,1.0,0.5204847057068925,0.7624124098072861,0.49915172676201347,0.4591111586887244,0.5468437365137903,3.163913739265297,0.2779156267642975,0.20000000298023224,0.6327827572822571,0.41827131494838216,0.05548262596130371
1,5,32,160,899,0.0010295060458396907,0.18341261090490402,relu,"[256, 32]",65536,7.694087198347417e-05,4.0,0.5325915179320609,0.7718656794989645,0.5108930247444886,0.4569545134509892,0.5792694887990898,3.217858624192199,0.5568954348564148,0.20000000298023224,0.6435717344284058,0.9074713657404517,0.008661031723022461
1,5,125,625,900,0.0004941878390787891,0.45409799988481364,tanh,"[256, 256]",16384,8.139739612834103e-06,2.0,0.5282784047710855,0.7679703614401833,0.5073431824531992,0.4571597167584579,0.569902703126839,3.189414990106002,0.38570061326026917,0.20000000298023224,0.6378830075263977,0.6270670855296467,0.016097545623779297
1,5,63,315,901,0.0005211758776691502,0.41986548621061603,leaky_relu,"[256, 128, 256]",32768,2.472593921174768e-07,1.0,0.5309995076731223,0.771198968019102,0.5109315444427505,0.45957573525378304,0.575208913649025,3.202852261023935,0.2665390372276306,0.20000000298023224,0.6405704617500305,0.41215688020752084,0.05875349044799805
1,5,125,625,902,0.0001754562684350929,0.23570366573858265,relu,"[32, 32, 32, 32]",16384,1.127404904283096e-05,4.0,0.5242422778002251,0.7659625510096466,0.5073523697685062,0.453134880851392,0.5763074267331005,3.174408626937738,0.5416445732116699,0.20000000298023224,0.6348817348480225,0.9216751233336644,0.018932819366455078
1,5,32,160,903,0.0006541446490132445,0.41068388914686316,leaky_relu,"[128, 128, 64, 128]",65536,0.0008957933003261135,1.0,0.5276004030604207,0.7677135110108108,0.5076511503477795,0.4653870050031065,0.5583585075915101,3.1922593237122996,0.28368502855300903,0.20000000298023224,0.638451874256134,0.41427520014954516,0.016765117645263672
1,5,32,160,904,0.0064759731342329445,0.20052016933587385,relu,"[256, 128, 64, 128]",65536,1.3342716405070946e-05,4.0,0.5361353457241795,0.7746648627024647,0.5136000652259581,0.47716197449816944,0.5560633998979952,3.2306092496125514,0.5751485824584961,0.20000000298023224,0.6461218595504761,0.904087246588182,0.015085458755493164
1,5,8,40,905,0.001021034813639031,0.40039580028279576,leaky_relu,"[128, 64, 32, 128]",262144,7.890997724815174e-06,1.0,0.5177090176530015,0.7601702700552069,0.4988236346558125,0.458508066505501,0.546912393581545,3.144493652217185,0.33755847811698914,0.20000000298023224,0.6288987398147583,0.429641645218879,0.05672311782836914
1,5,16,80,906,0.004555198733068358,0.30287743312096216,relu,"[32, 64, 128]",131072,3.517888227026012e-07,1.0,0.5277334826014672,0.7690732918653298,0.5094223196885418,0.4653182706577891,0.5627623680803484,3.1840204718109897,0.2428082674741745,0.20000000298023224,0.6368041038513184,0.413172333886341,0.010409355163574219
1,5,32,160,907,0.0012421101153904388,0.4351561204853403,leaky_relu,"[256, 32]",65536,0.00019432812599796994,4.0,0.5306339582746878,0.7705800129496666,0.5103209142072631,0.46278162185457417,0.5687453411275453,3.204225253995877,0.5595549941062927,0.20000000298023224,0.6408450603485107,0.9098458693121876,0.008474111557006836
1,5,8,40,908,0.0007275378475503963,0.3398785417092321,tanh,"[256, 256, 128, 32]",262144,8.985946786940753e-06,1.0,0.5066444624959405,0.7570073443369424,0.4936713550091997,0.42533708781660723,0.5881654831495939,3.008552744857181,0.3506995439529419,0.20000000298023224,0.6017105579376221,0.4718662338317823,0.060573577880859375
1,5,32,160,909,0.0019042804687654392,0.38933087938569894,leaky_relu,"[128, 256, 64]",65536,4.4735437197789606e-05,1.0,0.5317368006046264,0.7719403323189553,0.5110531887448737,0.4675662917324565,0.563458746910432,3.209031176432503,0.2507690489292145,0.20000000298023224,0.6418062448501587,0.4113757875098585,0.015072345733642578
1,5,125,625,910,0.0089728421612136,0.23316398132003147,tanh,"[256, 128]",16384,0.0005582843358553748,4.0,0.5249174344214038,0.7654127267080827,0.5021006135605076,0.4484854562143733,0.5702754129232218,3.1884341956908377,0.5400440692901611,0.20000000298023224,0.6376868486404419,0.9167804771104975,0.010611534118652344
1,5,8,40,911,0.003035457389061174,0.4030727883929995,leaky_relu,"[32, 256]",262144,9.114696316935613e-07,2.0,0.5210768603297499,0.763762797539498,0.5013355950283513,0.452252309099944,0.5623700419788928,3.164894533680461,0.40936198830604553,0.20000000298023224,0.6329789161682129,0.6324175432036196,0.00992727279663086
1,5,32,160,912,0.00309726955795573,0.37591592784027733,leaky_relu,"[256, 32, 32, 256]",65536,6.653463714064621e-07,4.0,0.5328101269658078,0.7727415393146163,0.5124102282603723,0.48012927117801363,0.5493448154105692,3.211777460399606,0.6020317673683167,0.20000000298023224,0.6423555016517639,0.9241678486519888,0.013741254806518555
1,5,63,315,913,0.0009667292656265426,0.40993884875921693,tanh,"[32, 64, 256, 128]",32768,3.0116182766615244e-07,1.0,0.5226788434136415,0.7653601993499635,0.5026116561394078,0.4625806026023715,0.5502275491388442,3.1745066765769323,0.21975786983966827,0.20000000298023224,0.6349013447761536,0.41670971788076333,0.06351757049560547
1,5,63,315,914,0.0029676593032878606,0.10001908919585167,leaky_relu,"[64, 32]",32768,1.3759157863913354e-07,2.0,0.5359690483692003,0.7742499516886246,0.5133288009446452,0.4718302910705476,0.5628310251481031,3.2345324272732077,0.4159691333770752,0.20000000298023224,0.6469064950942993,0.6209840653689931,0.007851839065551758
1,5,16,80,915,0.005926362518530979,0.18988327498223861,tanh,"[32, 256]",131072,0.0001996747213492583,4.0,0.5240816656578563,0.7660289715149202,0.5053912081835775,0.4515949726708458,0.5737376907685668,3.182156932619856,0.5558892488479614,0.20000000298023224,0.6364313960075378,0.9159333381199548,0.008016586303710938
1,5,8,40,916,0.003060028907011901,0.1250461591615842,leaky_relu,"[256, 64]",262144,3.223463236898005e-05,1.0,0.5284943863333379,0.7690514344042325,0.5092715001391594,0.4574674208569018,0.5743065636156773,3.1975557923681173,0.2585695683956146,0.20000000298023224,0.6395111680030823,0.4134769888823841,0.008898258209228516
1,5,16,80,917,0.0023850853577531564,0.10258538433379508,leaky_relu,"[64, 128, 64, 64]",131072,3.8431688787787465e-05,4.0,0.5327058483315872,0.7726046099905566,0.5122991821481285,0.4720823514820786,0.5600062772176233,3.209031176432503,0.5719577074050903,0.20000000298023224,0.6418062448501587,0.9066435883042296,0.057384490966796875
1,5,63,315,918,0.006202349382842289,0.3154940203606017,tanh,"[256, 256, 256]",32768,6.418638746726673e-07,4.0,0.5320956046494298,0.7715918051943184,0.5113011307800738,0.46767751539456454,0.5639001137745694,3.2153084395034845,0.5941383242607117,0.20000000298023224,0.6430616974830627,0.9086810698505101,0.01735234260559082
1,5,8,40,919,0.0021891405346939844,0.32927473490189624,leaky_relu,"[32, 256, 128, 64]",262144,0.0004682330520201028,2.0,0.5234269540133544,0.7656478048974057,0.5072150672865826,0.4584188139124098,0.5676370198909333,3.1614619022389965,0.3992929756641388,0.20000000298023224,0.6322923898696899,0.6299531496250689,0.03262972831726074
1,5,8,40,920,0.0024963580646057294,0.4988602730155515,relu,"[64, 32]",262144,4.927399539362385e-07,1.0,0.508967511344651,0.7561679021312449,0.48702192702720537,0.44151400840584104,0.5429891325669897,3.0714228291597543,0.39209046959877014,0.20000000298023224,0.6142845749855042,0.4488200449198514,0.00967264175415039
1,5,125,625,921,0.009477303908363198,0.15840675688495798,leaky_relu,"[32, 32, 32]",16384,0.0009686511430315607,2.0,0.5337841087488083,0.772499472229792,0.5120114224522577,0.4696637307226351,0.562752559927812,3.2160931346402597,0.3578786551952362,0.20000000298023224,0.6432186365127563,0.6274008240919208,0.009879827499389648
1,5,8,40,922,0.0063462748895165505,0.1931397810308153,leaky_relu,"[128, 256]",262144,0.0003581978919313706,4.0,0.5284383866934039,0.7693152749316046,0.5097932676136511,0.4549015684403331,0.5797500882733728,3.1954961538985946,0.5529651641845703,0.20000000298023224,0.6390992403030396,0.9115223564000309,0.011989593505859375
1,5,63,315,923,0.0001036506735521392,0.39991333610808727,leaky_relu,"[32, 32]",32768,2.9802447319658194e-07,4.0,0.49997445100584503,0.7534260931472678,0.4875213253581632,0.419649112874118,0.5815842127976775,3.0280708815444877,0.5066894888877869,0.20000000298023224,0.605614185333252,0.9448319145446995,0.00754547119140625
1,5,16,80,924,0.0001454831760947638,0.1627147548094891,leaky_relu,"[64, 256, 256]",131072,9.45499505646699e-05,1.0,0.5158385609327634,0.757515021581568,0.49418690741679716,0.45546429782552955,0.5401055357212915,3.148907376097033,0.3030634820461273,0.20000000298023224,0.6297814846038818,0.42828042940438865,0.01729106903076172
1,5,32,160,925,0.00019862925978709437,0.23414008254376317,tanh,"[32, 64]",65536,8.3566723894557e-06,1.0,0.49573238990410395,0.7575310598772901,0.4932728404066377,0.42533595798659724,0.5870375456079093,3.0118873266594512,0.388296902179718,0.20000000298023224,0.6023774743080139,0.4989312129006847,0.0075225830078125
1,5,63,315,926,0.0005973611262848134,0.36776020389151726,relu,"[64, 32, 32]",32768,2.086968410952325e-07,4.0,0.5280570718046326,0.768600784229924,0.5107137934254348,0.4671265078370926,0.5632723920122406,3.1830396773958256,0.5768505930900574,0.20000000298023224,0.6366079449653625,0.9141568554304063,0.05169534683227539
1,5,63,315,927,0.00017892034314714883,0.41357486464118437,leaky_relu,"[32, 64, 256, 128]",32768,2.212973692423668e-06,4.0,0.5169213682732948,0.7600477389275462,0.49658736995560265,0.42976344086021506,0.5880183608615481,3.157342327276732,0.4927936792373657,0.20000000298023224,0.6314684748649597,0.9411386770706149,0.018088579177856445
1,5,125,625,928,0.00040998708760940715,0.4714997235346711,leaky_relu,"[32, 128, 32]",16384,4.765398730089997e-06,1.0,0.5248944240204286,0.7658909471238475,0.5061945825125348,0.45469246814527786,0.5708540939228687,3.1810780885654975,0.25658971071243286,0.20000000298023224,0.6362156271934509,0.41540401245141917,7.657078266143799
1,5,63,315,929,0.005039635006513817,0.4604017523658715,tanh,"[256, 32, 128, 32]",32768,4.188740237307606e-07,1.0,0.5296714125728874,0.7690510312065852,0.508851457746815,0.4561837428346983,0.5752677625642434,3.1987326860616703,0.2291416972875595,0.20000000298023224,0.6397465467453003,0.413399516257735,1.3700079917907715
1,5,32,160,930,0.00791915136924636,0.3633649614785746,relu,"[128, 128]",65536,1.589350362777164e-05,2.0,0.5341870302224492,0.7731590333787697,0.512167767913846,0.4735434972723108,0.5576523206088901,3.222664546628825,0.42192575335502625,0.20000000298023224,0.6445329189300537,0.6223599423698625,1.2566931247711182
1,5,63,315,931,0.004583756515258595,0.3381731075626976,leaky_relu,"[256, 256, 128]",32768,4.384955740024873e-06,1.0,0.5367233669151885,0.7746407849005872,0.5144383610031791,0.4678214641354277,0.5713739260072973,3.242477130256934,0.2546783983707428,0.20000000298023224,0.6484954357147217,0.4094114890739867,1.2737796306610107
1,5,63,315,932,0.0028980236209980967,0.1956891968058398,tanh,"[256, 32]",32768,6.468161563449668e-05,1.0,0.5295841686106096,0.7677518509945159,0.507132234076948,0.4524031103146463,0.576925340342893,3.205990743547816,0.24309371411800385,0.20000000298023224,0.6411981582641602,0.41316682736259736,0.9040577411651611
1,5,125,625,933,0.0045472389575747585,0.19126700171963662,relu,"[128, 32]",16384,0.00023067701590908705,1.0,0.5358746861140592,0.7739834490587076,0.5129678354722654,0.4716754443712969,0.5621836870807014,3.236886512683533,0.24491135776042938,0.20000000298023224,0.6473773121833801,0.41010779933405817,1.5633084774017334
1,5,8,40,934,0.0011034293287041862,0.13228237858613057,tanh,"[64, 256, 32, 128]",262144,8.39442013939854e-07,1.0,0.5088047092491367,0.7596489068177925,0.4927913577152283,0.4191875421292284,0.5977480481776453,3.0681862969966787,0.2287326455116272,0.20000000298023224,0.6136372685432434,0.4227212954967766,0.8761775493621826
1,5,125,625,935,0.001325828452788451,0.3501811129752533,relu,"[256, 256]",16384,4.913458984562372e-05,4.0,0.5361397135677357,0.7741317112789742,0.5135439433075039,0.4669996546989055,0.5703931107536584,3.2321786398861017,0.5808995366096497,0.20000000298023224,0.6464357376098633,0.9038260169666041,1.5770263671875
1,5,16,80,936,0.0021191886689894204,0.4453444891293062,leaky_relu,"[128, 256]",131072,0.000872432052263513,4.0,0.5294023511603233,0.7699336396946725,0.5095825208565857,0.4572548652840453,0.5754345011573619,3.1956922531769836,0.549531877040863,0.20000000298023224,0.6391384601593018,0.9129298217636423,0.8040609359741211
1,5,63,315,937,0.0037150896563907577,0.49975127405910874,leaky_relu,"[256, 64, 256]",32768,2.8558042859203507e-07,1.0,0.5342147970130657,0.7737730329891888,0.5130478798890004,0.4757430472901614,0.5567009298128605,3.222664546628825,0.26383593678474426,0.20000000298023224,0.6445329189300537,0.4104609425517164,1.1274540424346924
1,5,16,80,938,0.00012803529360328077,0.2477899624144243,leaky_relu,"[32, 256, 256]",131072,2.4722671226941154e-05,2.0,0.511100871795545,0.7567897447235383,0.4925721667411934,0.4565182809922891,0.5348091333516419,3.1288986931905347,0.4197479784488678,0.20000000298023224,0.6257797479629517,0.6392245655674546,0.9449107646942139
1,5,125,625,939,0.0006137967794268719,0.3415636605119977,leaky_relu,"[256, 256]",16384,0.00010802915728211885,1.0,0.5344342115282831,0.7730707712372753,0.5121669211555265,0.46555735626835254,0.5691474753815371,3.225214731317539,0.2688816487789154,0.20000000298023224,0.6450429558753967,0.4105300609866412,1.3944897651672363
1,5,63,315,940,0.001169557168793691,0.18101911090058875,tanh,"[256, 128, 256]",32768,4.937593927063284e-05,1.0,0.5319568762101506,0.7705537031427759,0.5095592604243123,0.4594270948224246,0.5719722233120169,3.215406489142679,0.2337075173854828,0.20000000298023224,0.6430813074111938,0.41200760554989524,1.2054762840270996
1,5,125,625,941,0.0014785454370918806,0.4977815514944199,leaky_relu,"[128, 64]",16384,4.244680850867804e-06,1.0,0.5322538060364131,0.7727999673314139,0.5119247535051414,0.4648629177506504,0.5695888422456746,3.2063832401278134,0.258994460105896,0.20000000298023224,0.6412766575813293,0.41099364245207753,1.3819618225097656
1,5,16,80,942,0.0003387208581361714,0.14599880464862586,relu,"[128, 32, 256]",131072,4.040524248703494e-07,1.0,0.5233286226197991,0.7657365653902299,0.5020091474792359,0.45017511090357226,0.5673329671623053,3.1654831295388473,0.2652811110019684,0.20000000298023224,0.6330966353416443,0.416921486437468,0.8228113651275635
1,5,16,80,943,0.000783358228313123,0.12380025565816653,tanh,"[256, 128, 256, 32]",131072,0.000542165854619043,2.0,0.5276914970910821,0.7681949268851733,0.5077070229337377,0.46104951366929514,0.5648711208756718,3.191572678214719,0.41825684905052185,0.20000000298023224,0.6383145451545715,0.6281530380590437,1.0825691223144531
1,5,32,160,944,0.00017049562080042176,0.4277388944151944,relu,"[256, 64, 256]",65536,2.5496399674840675e-07,1.0,0.5215419158526229,0.7640068711007977,0.4994632557631775,0.4657132193268187,0.5384871905527875,3.1764682654072605,0.3080799877643585,0.20000000298023224,0.6352936625480652,0.4229031264190325,1.044013261795044
1,5,125,625,945,0.000673066536735159,0.26680965031474657,relu,"[32, 256, 128, 64]",16384,5.702700689140066e-06,2.0,0.532373767401408,0.7721893618803954,0.5116915655775344,0.46904398002468306,0.5628702577582486,3.205206048411041,0.4047149121761322,0.20000000298023224,0.6410412192344666,0.6248454337655279,1.9154675006866455
1,5,63,315,946,0.00023109305467107364,0.28954546964796435,leaky_relu,"[128, 128, 128, 64]",32768,1.0030469727725687e-07,2.0,0.5291716639328838,0.7697485174894132,0.5097795715616268,0.4709251577398519,0.5556220330338577,3.190003585964388,0.40929198265075684,0.20000000298023224,0.6380007266998291,0.6266309249985236,1.1711173057556152
1,5,63,315,947,0.0005361863164967807,0.35593413357791603,leaky_relu,"[64, 128, 64, 32]",32768,9.216643450288581e-07,4.0,0.5287331669914689,0.7694063893266846,0.5093944601923979,0.46744607116230674,0.5596139511161677,3.190591883799555,0.5789135694503784,0.20000000298023224,0.6381183862686157,0.9125711538759012,1.163635015487671
1,5,8,40,948,0.0002932189843489425,0.4483680748127301,relu,"[32, 256, 32]",262144,5.308428332161759e-05,4.0,0.5012407830319369,0.7505936793628987,0.48642188014450854,0.4502634413540301,0.5288948173721998,3.0817216175538062,0.49662381410598755,0.20000000298023224,0.6163443326950073,0.95111672409407,0.7038817405700684
1,5,16,80,949,0.0003305132444094344,0.20492583634809614,leaky_relu,"[128, 32, 32]",131072,0.00041226106204354134,2.0,0.5164233829642181,0.7581429049476304,0.49752478648135,0.466639177383192,0.5327886539291459,3.1517517097033307,0.46216320991516113,0.20000000298023224,0.6303503513336182,0.6802707409212357,0.6643979549407959
1,5,32,160,950,0.0002487420012304011,0.4363790659958595,tanh,"[64, 64]",65536,0.00026549501959001275,4.0,0.5119251444331384,0.7609592475720014,0.4994229561616402,0.44009481933476907,0.5772392012240575,3.152241957899303,0.5729082226753235,0.20000000298023224,0.6304484009742737,0.9260152312500657,0.6549327373504639
1,5,125,625,951,0.0025037949928468587,0.3948967076189899,relu,"[32, 128, 64]",16384,0.00021918973035628435,4.0,0.5326167414887928,0.7728072589197627,0.5114996906728775,0.4769588381010553,0.55143395190082,3.2139354465315426,0.5604036450386047,0.20000000298023224,0.6427870988845825,0.9136607436860845,1.640183687210083
1,5,16,80,952,0.007032094993577484,0.37336645977120664,tanh,"[128, 64, 256]",131072,2.423923518002482e-05,2.0,0.5251004009869009,0.7668811549346191,0.5075295241996041,0.4734375397991153,0.546912393581545,3.172741187024993,0.414808452129364,0.20000000298023224,0.6345482468605042,0.6294681586791396,0.8497211933135986
1,5,32,160,953,0.00014299598150599926,0.3043940724360018,relu,"[256, 128, 32]",65536,0.00021109109792294146,4.0,0.5251335791864139,0.7668882090896978,0.5071237913418536,0.4614970079145486,0.5627623680803484,3.166561973593206,0.5434867143630981,0.20000000298023224,0.6333124041557312,0.9167938313720282,0.9183526039123535
1,5,125,625,954,0.0004690603890970119,0.3704212626524854,leaky_relu,"[32, 32, 32, 128]",16384,7.80356377369091e-05,4.0,0.5246126399325531,0.7668800324746972,0.5094389490422402,0.4562840045636938,0.5766114794617286,3.168327463145145,0.49098485708236694,0.20000000298023224,0.6336655020713806,0.9452245997304077,1.8833191394805908
1,5,125,625,955,0.0001406425090205903,0.2408175407198918,tanh,"[32, 32, 64, 32]",16384,4.214766712787516e-05,2.0,0.5144211900877443,0.7615115982741882,0.49620159997196106,0.44838398074395475,0.5554356781356664,3.1365489492334584,0.4450610280036926,0.20000000298023224,0.6273097991943359,0.6386204575060246,1.893265962600708
1,5,32,160,956,0.00010817518198988993,0.07214907105101853,relu,"[64, 64]",65536,0.0009316559171848643,2.0,0.5081368536390284,0.7559065828578034,0.49153564964332613,0.44872833306334037,0.5433716505159089,3.105947627038544,0.4258907735347748,0.20000000298023224,0.621189534664154,0.6604687961540917,0.660240650177002
1,5,63,315,957,0.0005769072358585589,0.3288686830190416,leaky_relu,"[256, 64, 128]",32768,0.00044994187431955256,1.0,0.5323651125215878,0.7716756598432022,0.5110115731389532,0.4667699319584452,0.5645180273843619,3.21275825481477,0.27634796500205994,0.20000000298023224,0.6425516605377197,0.4117356673163063,1.0286998748779297
1,5,125,625,958,0.0002520895306494394,0.09012611061832229,tanh,"[64, 128, 32]",16384,1.8912018600263029e-06,1.0,0.5260072307695157,0.7674344114185767,0.5070571448218952,0.45127604883870376,0.5785731099690062,3.1792145493743638,0.238256573677063,0.20000000298023224,0.6358429193496704,0.4140397041875873,1.6353487968444824
1,5,63,315,959,0.0025571053963289714,0.2502678020937756,tanh,"[32, 256]",32768,0.00028643304679156173,2.0,0.5260864997005341,0.7657799294474987,0.5045033983775488,0.45621520452995384,0.5642237828082702,3.1858840110021234,0.3801121115684509,0.20000000298023224,0.6371768116950989,0.6295828716486179,0.8984508514404297
1,5,32,160,960,0.0029384686177744957,0.06844099034295056,leaky_relu,"[128, 32, 32]",65536,9.265055050118343e-05,2.0,0.5352650928427556,0.7737568452469902,0.51294960806271,0.4720596237241743,0.5615951979285182,3.2251166816783448,0.41935038566589355,0.20000000298023224,0.6450233459472656,0.6216735672228633,0.726290225982666
1,5,32,160,961,0.00023669491794726537,0.38799362054380515,relu,"[32, 128, 128]",65536,0.000531837973609092,4.0,0.5199571079099058,0.7624337252663687,0.4994032923685193,0.4662193192835638,0.5376731138922672,3.1511631138449445,0.5506874918937683,0.20000000298023224,0.6302326321601868,0.9240488181151051,0.8254451751708984
1,5,8,40,962,0.0007334934526413558,0.19448206001481494,tanh,"[32, 32]",262144,1.100650012630983e-05,1.0,0.4766279414427617,0.7540544236502615,0.49083300559873794,0.44664441674373717,0.5447251755659304,2.9937424809673057,0.4253111779689789,0.20000000298023224,0.598748505115509,0.5266187373847921,0.5397026538848877
1,5,125,625,963,0.0002351382721220679,0.3613488506707699,tanh,"[256, 128, 256, 256]",16384,5.415781390996888e-06,1.0,0.5277672182777268,0.7677606939378203,0.5045653632863552,0.4588298589920663,0.560428027776688,3.1910824300187466,0.18932591378688812,0.20000000298023224,0.638216495513916,0.41874216664552527,1.898005723953247
1,5,63,315,964,0.006904079705092259,0.23223943717988682,relu,"[32, 128, 64]",32768,4.7060605957991015e-07,2.0,0.5347418381433339,0.7736195713470704,0.5129475912560314,0.4751277270028681,0.5573090352701165,3.222468447350436,0.4049242436885834,0.20000000298023224,0.6444936990737915,0.6225187834773321,1.0367846488952637
1,5,16,80,965,0.001100811850113975,0.2026789671942112,relu,"[32, 128]",131072,3.3496596688107085e-06,2.0,0.5252123004860333,0.7660898685852015,0.5047974413646056,0.46133610470592057,0.5572992271175802,3.1942209125426277,0.4036710858345032,0.20000000298023224,0.6388441920280457,0.6290107762702726,0.5945847034454346
1,5,16,80,966,0.001972555623914385,0.07387484448051859,tanh,"[64, 256, 128]",131072,2.176306736058372e-06,1.0,0.527883448603087,0.7686899613042004,0.5083700946299804,0.46233484599012087,0.5645866844521166,3.1840204718109897,0.2406931221485138,0.20000000298023224,0.6368041038513184,0.41334809938812456,0.8616166114807129
1,5,8,40,967,0.00020538204203545188,0.21850022199246216,relu,"[64, 256, 64, 32]",262144,7.329879069955577e-05,1.0,0.5012942238946029,0.7502779735248175,0.4853897552202923,0.4655934997432687,0.5069441719957629,3.1023185982954713,0.4951266348361969,0.20000000298023224,0.6204637289047241,0.5566491348044056,0.824974775314331
1,5,63,315,968,0.0014834115784485005,0.4210485139041548,relu,"[128, 32]",32768,1.2621363886346316e-06,2.0,0.5309561746353167,0.7715209584855622,0.5105324441621679,0.4638540698233578,0.5676566361960061,3.200890672193607,0.42299237847328186,0.20000000298023224,0.6401781439781189,0.6241444330759096,0.9685328006744385
1,5,32,160,969,0.00010564611473648149,0.27428798447886327,relu,"[32, 128]",65536,9.578257080992613e-05,2.0,0.48466113688825607,0.7395191330405738,0.48101933806350716,0.470772726845896,0.4917219192592883,2.9268508713416623,0.4511743485927582,0.20000000298023224,0.5853701829910278,0.6801556454507762,0.7780530452728271
1,5,16,80,970,0.00026022877500895164,0.25959827274738695,tanh,"[128, 32, 128, 64]",131072,0.0003024736015227073,4.0,0.5117311942655645,0.7603657295603115,0.5006149593619638,0.4398455196999517,0.5808682176625211,3.1485148795170357,0.5873318910598755,0.20000000298023224,0.6297029852867126,0.9366587310060148,0.9354782104492188
1,5,63,315,971,0.0008043020146999118,0.17070061564439423,tanh,"[32, 64, 32, 64]",32768,1.0915132060271821e-07,2.0,0.5273802208450102,0.7684121478559436,0.507674991580552,0.46303511381272633,0.5618404017419278,3.1964769483137587,0.38684630393981934,0.20000000298023224,0.6392953991889954,0.6281153703101634,1.288750410079956
1,5,16,80,972,0.00012600849263957601,0.34298612479418183,relu,"[64, 256, 128, 64]",131072,1.0531427577320735e-06,2.0,0.5152690218320211,0.7578345212894522,0.4943622693706356,0.45348275608019056,0.5433422260582996,3.153713298533659,0.4348318874835968,0.20000000298023224,0.6307426691055298,0.6473530329612768,0.9197821617126465
1,5,16,80,973,0.0012013584531886106,0.24635369221799075,relu,"[256, 32, 128]",131072,5.615341182197719e-07,4.0,0.5294421678675517,0.7702607447226864,0.509465325800048,0.45883268237864344,0.5726587939895641,3.1954961538985946,0.5671571493148804,0.20000000298023224,0.6390992403030396,0.9103616370206873,0.8642995357513428
1,5,125,625,974,0.0028189161527167566,0.3345962613901921,tanh,"[256, 64]",16384,7.704462912815122e-06,2.0,0.5329487573396089,0.7718904097643416,0.5110541338106526,0.4632409806657365,0.5698732786692299,3.2205068585201078,0.3971894085407257,0.20000000298023224,0.6441013813018799,0.6234953859296785,1.3407588005065918
1,5,125,625,975,0.00010599557380405743,0.15869727212576,tanh,"[128, 32, 128]",16384,8.91741321380552e-05,2.0,0.5214574487257414,0.7649636577467601,0.5015394270693584,0.4675700197573157,0.5408313390089843,3.156165433583179,0.40726032853126526,0.20000000298023224,0.6312330961227417,0.631138162431171,1.5774173736572266
1,5,63,315,976,0.0019831454816419147,0.17016914831794105,relu,"[128, 256, 32, 32]",32768,1.356856699548968e-05,2.0,0.5361250766291585,0.7744471542148733,0.5136102106431626,0.4676830888926474,0.5695398014829927,3.230511199973357,0.4014836847782135,0.20000000298023224,0.646102249622345,0.6207514423616702,1.1412763595581055
1,5,32,160,977,0.007254242438741272,0.22516961423597376,leaky_relu,"[64, 64, 32, 128]",65536,2.1841706299097548e-07,1.0,0.533778123788275,0.773608731847901,0.5131683888552924,0.46380760761077927,0.5742869473106046,3.2189374682465575,0.24831919372081757,0.20000000298023224,0.6437875032424927,0.41036705546850705,0.8341455459594727
1,5,125,625,978,0.0006056808509764419,0.18023776412443637,relu,"[128, 32, 128, 128]",16384,8.520933673131186e-05,4.0,0.5340109193231836,0.773551019774483,0.5127533795422288,0.48219885789323635,0.54744203381851,3.2205068585201078,0.5840394496917725,0.20000000298023224,0.6441013813018799,0.9077455410264595,1.819227695465088
1,5,32,160,979,0.0005627241667258435,0.06969658690109204,relu,"[64, 32, 64, 256]",65536,1.370153600099614e-05,2.0,0.5307373970172304,0.771082666986527,0.5107424653698326,0.4733330542882257,0.5545725607124642,3.2051079987718465,0.4076620936393738,0.20000000298023224,0.6410216093063354,0.624268887928709,0.967771053314209
1,5,32,160,980,0.00023850285340217383,0.2414725701007885,tanh,"[64, 64]",65536,1.8291533319187733e-07,4.0,0.5153747238702607,0.7614638144949021,0.5008059645920457,0.466252948586792,0.5408901879242026,3.1483187802386468,0.5960559844970703,0.20000000298023224,0.6296637654304504,0.9233375817900936,0.6446843147277832
1,5,8,40,981,0.00018948091377536831,0.12747531424983988,tanh,"[32, 32, 32]",262144,4.997957727519428e-06,1.0,0.43160795350587045,0.7366164940105446,0.47408660436396666,0.4121038716453587,0.5580152222527365,2.782965260997932,0.5015357732772827,0.20000000298023224,0.5565930604934692,0.5767009903756133,0.5673532485961914
1,5,32,160,982,0.0002788211591860993,0.4213452834962493,relu,"[128, 32, 32, 128]",65536,3.2662018912694674e-06,2.0,0.5230150909443575,0.7641915473595986,0.5051108374384237,0.4578881056425632,0.5631939267919495,3.1768604639640383,0.3807622492313385,0.20000000298023224,0.6353721022605896,0.6322086474642832,0.9210453033447266
1,5,63,315,983,0.005236414767571219,0.4634454474647144,leaky_relu,"[128, 64, 64, 128]",32768,1.0588020107649902e-05,1.0,0.5340498362058593,0.7737168372900536,0.5134509846120736,0.4729095774554825,0.5615951979285182,3.216387283557843,0.24882753193378448,0.20000000298023224,0.6432774662971497,0.410322364499352,1.124826431274414
1,5,32,160,984,0.0005514740285020011,0.1348621001336927,relu,"[128, 64, 128, 256]",65536,1.0595221600690496e-06,1.0,0.5310000739218231,0.7708208861822508,0.5103928796188079,0.4711129920998473,0.5568186276432971,3.1985365867832813,0.2733205258846283,0.20000000298023224,0.6397073268890381,0.41206284551576705,1.039562702178955
1,5,8,40,985,0.007405334935361411,0.41576707878599795,tanh,"[32, 64, 256]",262144,1.4843110919746563e-05,4.0,0.5110326207332926,0.7632097695782989,0.5059342632049021,0.4624958364813596,0.5583781238965828,3.1543999440312396,0.5663371682167053,0.20000000298023224,0.6308799982070923,0.9259305771445091,0.7381658554077148
1,5,125,625,986,0.000723772249682561,0.2121551740667295,leaky_relu,"[64, 64]",16384,0.0006152255447448094,1.0,0.5329333380013195,0.7725772719154281,0.5114757375961613,0.47648517994869494,0.5520126329004669,3.2149162409467067,0.2699185609817505,0.20000000298023224,0.6429832577705383,0.41084882355628677,1.3696246147155762
1,5,16,80,987,0.0020592386898328117,0.11953205934733489,leaky_relu,"[32, 32]",131072,0.0002634674197754175,1.0,0.5242673163288989,0.7676254903309555,0.5076738414485684,0.44967499300043134,0.5828494644748715,3.1732314352209654,0.2538745701313019,0.20000000298023224,0.6346462965011597,0.415241150424528,0.543018102645874
1,5,63,315,988,0.008025823283651303,0.46991487071701465,leaky_relu,"[256, 256, 256]",32768,2.1218579040756967e-07,4.0,0.5353902747675519,0.7744164962706832,0.5139943637235268,0.4731155302249239,0.5626054376397662,3.21766252491381,0.5757708549499512,0.20000000298023224,0.6435325145721436,0.9042229478087682,1.3203649520874023
1,5,8,40,989,0.0019340561135952387,0.44577467611563837,leaky_relu,"[128, 256]",262144,9.978641715492558e-05,1.0,0.5228039590671749,0.7656020549995287,0.5046766516745994,0.45483022966612624,0.5667935187728039,3.169798803779501,0.29366588592529297,0.20000000298023224,0.6339597702026367,0.4198501685266754,0.7901151180267334
1,5,8,40,990,0.0004784889134329322,0.21572816341489243,leaky_relu,"[128, 32, 64, 256]",262144,2.2284555193369323e-07,2.0,0.5126464765374814,0.7576256077294119,0.4930827245948583,0.4607413719642096,0.5303071913374396,3.1333124170703828,0.3962388336658478,0.20000000298023224,0.6266624927520752,0.6382791456200048,0.8651947975158691
1,5,8,40,991,0.0007066621824654706,0.3157062693310227,tanh,"[128, 64, 128, 64]",262144,0.0008591684965890595,2.0,0.49869094942199876,0.758675425672839,0.4959808434655162,0.4282577232120577,0.5891462984032327,3.026599540910132,0.46731990575790405,0.20000000298023224,0.6053199172019958,0.6676971545276106,0.7966222763061523
1,5,8,40,992,0.001218086526665963,0.4585667819883237,tanh,"[64, 128, 256]",262144,0.0005108573977307724,1.0,0.49592154724315096,0.757046493361438,0.49395478204146714,0.458942565889711,0.5347502844364236,3.0714228291597543,0.3228679895401001,0.20000000298023224,0.6142845749855042,0.43214798905526847,0.8542883396148682
1,5,125,625,993,0.005266031260026031,0.18644881081649095,leaky_relu,"[32, 32]",16384,1.381259600628658e-07,1.0,0.5358932458717707,0.774193712290705,0.5135670959927049,0.4777786218947049,0.555151241712111,3.2317861433061044,0.25990724563598633,0.20000000298023224,0.6463572382926941,0.40991207958600673,1.3238513469696045
1,5,63,315,994,0.0003820356784576244,0.17634335868354956,tanh,"[64, 256, 256]",32768,9.848607740470014e-06,1.0,0.5284231606190058,0.7687041513842356,0.5077033166938244,0.4529079694205596,0.5775824865628311,3.200007927417637,0.2005717158317566,0.20000000298023224,0.6400015950202942,0.41540836171224815,1.1078295707702637
1,5,32,160,995,0.0014045501652455066,0.19067839727537134,tanh,"[128, 128]",65536,4.5924401863008205e-05,2.0,0.5278846587166488,0.7680464624047091,0.5073673075998444,0.4576227084565346,0.569245556906901,3.192161274073105,0.37964820861816406,0.20000000298023224,0.6384322643280029,0.627057627399418,0.8073744773864746
1,5,125,625,996,0.00043950297671350785,0.12339283439225164,relu,"[32, 128, 128, 256]",16384,1.602672865245961e-06,1.0,0.5331240719154072,0.7721459262384086,0.5114154433970284,0.47018271263686995,0.5605751500647338,3.224724483121567,0.24711187183856964,0.20000000298023224,0.6449449062347412,0.41144192208234126,1.8209009170532227
1,5,8,40,997,0.0017228510803006737,0.2663465841272499,tanh,"[64, 128, 64]",262144,1.7844890551114382e-07,1.0,0.5064952992047612,0.7606138071760747,0.4957990107790344,0.4642899950343316,0.5318961120483345,2.9810899051861477,0.2575262784957886,0.20000000298023224,0.5962179899215698,0.4213291049564828,0.7076942920684814
1,5,125,625,998,0.0012517299980608235,0.3111704905803565,leaky_relu,"[128, 256]",16384,7.207800768719791e-05,1.0,0.5355563433748299,0.7739155340766435,0.5127357162960878,0.4647469625944705,0.5717760602612891,3.231001448169329,0.25861793756484985,0.20000000298023224,0.6462002992630005,0.4097970003067121,1.3374557495117188
1,5,16,80,999,0.0005711716453566234,0.4843441748064074,tanh,"[256, 256, 128, 64]",131072,1.6162716452490733e-06,1.0,0.5073732929251868,0.760223116628499,0.4943141611124825,0.42574271459349133,0.5892149554709875,2.9660832439946643,0.28284764289855957,0.20000000298023224,0.5932166576385498,0.43914382312211675,1.1171128749847412
2,15,125,1875,824,0.004715381599833196,0.16584763033094269,leaky_relu,"[256, 128, 64]",16384,1.7115256105042944e-06,2.0,0.5408558559442561,0.7764747385739472,0.515734499843771,0.47323754444025756,0.566616972027149,3.266016792267311,0.405346155166626,0.20000000298023224,0.6532033681869507,0.6181447834886067,3.2321109771728516
2,15,63,945,660,0.005102995266548861,0.1434023498185529,leaky_relu,"[256, 256, 128, 32]",32768,5.966817221958591e-06,2.0,0.5399960934425359,0.7761354549567908,0.5159552762588754,0.4797551392097674,0.5580642630154184,3.2622897138850435,0.4111977219581604,0.20000000298023224,0.6524579524993896,0.6186645544759943,2.7581748962402344
2,15,125,1875,330,0.004512971190089239,0.2059764737479408,relu,"[256, 256, 32]",16384,1.209876356320391e-07,1.0,0.5407850343628384,0.7763896181874808,0.5162181951308805,0.48387152122439175,0.5531994193573698,3.2622897138850435,0.2702846825122833,0.20000000298023224,0.6524579524993896,0.40802269780886985,3.3169918060302734
2,15,125,1875,817,0.004057439498603711,0.13723698674466572,leaky_relu,"[128, 256, 32]",16384,6.27658680656254e-06,1.0,0.5403757614614266,0.7760258920627671,0.5160097479695442,0.4727389980489955,0.5679999215347797,3.2617991676658518,0.24599076807498932,0.20000000298023224,0.6523598432540894,0.4080307035175562,3.2274129390716553
2,15,125,1875,788,0.001265614220539916,0.14555009746691527,relu,"[256, 128, 128, 32]",16384,6.455525951233068e-07,2.0,0.5400841853706005,0.7761216148037324,0.5151520542218506,0.47126072027209553,0.5680587704499981,3.2617011180266573,0.40681523084640503,0.20000000298023224,0.6523402333259583,0.6186449964912919,3.8361599445343018
2,15,63,945,491,0.0040764999123570605,0.1256144670895113,leaky_relu,"[64, 256, 256, 32]",32768,1.3173418129273819e-05,1.0,0.5401036523746361,0.776058913877923,0.5156273645791606,0.47201623286666555,0.5681176193652163,3.2608183732506877,0.2517161965370178,0.20000000298023224,0.6521636843681335,0.40811836493128,2.3342278003692627
2,15,125,1875,161,0.004751585460750109,0.05911102627406577,leaky_relu,"[64, 64, 32]",16384,4.936237158074946e-06,2.0,0.5404397256370536,0.7761309850785735,0.5153432933747044,0.4812161230758758,0.5546804503903645,3.2618972173050462,0.4124317765235901,0.20000000298023224,0.6523794531822205,0.6185850792636615,3.194457769393921
2,15,125,1875,98,0.00790222061659122,0.11459560922858276,relu,"[256, 256]",16384,1.608718759331238e-07,1.0,0.5404905958941204,0.7761749643459475,0.5155775562970984,0.4692394950884561,0.5720703048373809,3.2652320971305357,0.25829383730888367,0.20000000298023224,0.6530464291572571,0.4080888102374402,2.5814883708953857
2,15,63,945,138,0.008719796893450125,0.058454101121652516,relu,"[64, 128, 64, 64]",32768,1.3475886236935304e-06,1.0,0.5400408511718318,0.7760529427528502,0.5155530387155858,0.469595493121207,0.5714818156851975,3.2584642878403622,0.2428147941827774,0.20000000298023224,0.6516928672790527,0.4083686198827738,2.145571231842041
2,15,125,1875,344,0.00047364333594264343,0.05595725233821293,leaky_relu,"[256, 256]",16384,0.00020427227905510828,2.0,0.5388126751548972,0.77531832518941,0.5145724055210441,0.47322192953572606,0.563841264859351,3.247773598912752,0.41197431087493896,0.20000000298023224,0.6495547294616699,0.619575462381904,2.6829543113708496
2,15,125,1875,59,0.0007626239252959497,0.15305977555506683,relu,"[256, 256, 64, 64]",16384,1.8966550977696662e-05,2.0,0.5397696213297947,0.7758935468061539,0.5152509694805337,0.4656618538084414,0.5766605202244105,3.25954342991794,0.40706995129585266,0.20000000298023224,0.6519086956977844,0.6191205655159546,3.9577245712280273
2,15,125,1875,224,0.0009891269273199538,0.18597866332380486,leaky_relu,"[256, 256, 64, 64]",16384,1.5342570245214055e-05,2.0,0.5397105192326687,0.775876119841458,0.5149461756373938,0.4786844078908561,0.5571521048295343,3.255325805316481,0.4157487750053406,0.20000000298023224,0.6510651707649231,0.6188079450652311,3.949215888977051
2,15,125,1875,534,0.00798908078634138,0.22831647603675687,relu,"[64, 64, 128]",16384,2.92968522094972e-07,2.0,0.5393447448166321,0.7757260913076571,0.5152202072538861,0.47579332114969264,0.5617717446741731,3.2550316563988977,0.4238795340061188,0.20000000298023224,0.6510063409805298,0.6192481516837662,3.291299343109131
2,15,125,1875,621,0.0056161490476446824,0.06593556871143376,leaky_relu,"[32, 64, 32, 32]",16384,4.8445484280362104e-05,1.0,0.5385466995025174,0.7751172617059836,0.5149012276886021,0.47514430732484075,0.561918866962219,3.25552190459487,0.2539221942424774,0.20000000298023224,0.6511043906211853,0.4089674665833507,4.282958507537842
2,15,63,945,135,0.006977367434384002,0.0948984877420562,relu,"[128, 32]",32768,4.747840046507737e-05,1.0,0.5386587856100826,0.7750824176250521,0.5146735839336232,0.4772136835224511,0.5585154380320922,3.25797403964439,0.26134002208709717,0.20000000298023224,0.6515948176383972,0.40876762812113937,1.5452485084533691
2,15,125,1875,346,0.0024358508109955305,0.11773789589214874,leaky_relu,"[64, 256, 32]",16384,6.755828781708721e-05,4.0,0.5391710711257366,0.7758883496810738,0.5153674303012677,0.4678881465775893,0.5735709521754482,3.2560124508140618,0.5660085082054138,0.20000000298023224,0.6512024998664856,0.9014600190237452,3.30423641204834
2,15,125,1875,294,0.003842689301703065,0.14130774806484434,relu,"[32, 128, 64]",16384,2.443581694929557e-07,2.0,0.5389363022460609,0.7756498089222276,0.5152594777571455,0.4709216402760861,0.5688139981953,3.260327827031496,0.3985835611820221,0.20000000298023224,0.6520655751228333,0.6193930530918506,3.2822177410125732
2,15,125,1875,172,0.0033595136557025692,0.26334245367618786,relu,"[64, 256, 128]",16384,6.109641560343175e-07,2.0,0.539298897972007,0.775791526269454,0.5152594650168648,0.47687132745726496,0.5603691788614696,3.2546391598189004,0.3965587913990021,0.20000000298023224,0.6509278416633606,0.619565357603599,3.284348249435425
2,15,63,945,931,0.004583756515258595,0.3381731075626976,leaky_relu,"[256, 256, 128]",32768,4.384955740024873e-06,1.0,0.539212714951186,0.775618523899275,0.5152924758692872,0.4736387705767238,0.5649790105535721,3.2534622661253474,0.24932628870010376,0.20000000298023224,0.6506924629211426,0.40851360239540735,2.24269437789917
2,15,125,1875,520,0.001885499911654258,0.22375891459046593,relu,"[256, 64, 128, 256]",16384,5.823340043523053e-05,2.0,0.5387067066555394,0.7754292851698952,0.5150113305710876,0.47310203243687127,0.5650672839263996,3.2554238549556755,0.40305694937705994,0.20000000298023224,0.6510847806930542,0.6196806183006873,3.9223883152008057
2,15,125,1875,279,0.0037809281728008164,0.16157891677096065,leaky_relu,"[64, 32]",16384,1.1794772221760208e-07,4.0,0.5392824406828799,0.7756150716231364,0.51488370862329,0.4677569269723242,0.5725705206167366,3.259935628474718,0.5715439915657043,0.20000000298023224,0.6519871354103088,0.901715849989173,2.6533093452453613
2,15,125,1875,235,0.0014250139127569583,0.30374432025486164,relu,"[256, 256, 64]",16384,2.5084688755463935e-06,1.0,0.5390977455277817,0.7757684047542718,0.5153815811050982,0.47013446968165534,0.5702656047706854,3.2558160535124534,0.258649080991745,0.20000000298023224,0.6511632204055786,0.4083900423175548,3.305732250213623
2,15,125,1875,18,0.0003887649918076629,0.1329007755495173,leaky_relu,"[256, 256, 128]",16384,5.2230266232289456e-05,1.0,0.5394953271932708,0.775770790486655,0.5152418656994131,0.47455009456479547,0.5635666365883322,3.2554238549556755,0.25833550095558167,0.20000000298023224,0.6510847806930542,0.4082974373744746,3.3105170726776123
2,15,125,1875,156,0.005797003325555912,0.2972536026056756,relu,"[128, 32]",16384,2.3573496861240193e-05,4.0,0.5379793205463897,0.7750714739414383,0.5150289778116647,0.4792921400515268,0.5565243830672054,3.2486563436887215,0.5853292942047119,0.20000000298023224,0.6497312784194946,0.9023253387264433,2.660412549972534
2,15,63,945,118,0.005521362740364479,0.15042965063500463,relu,"[256, 32, 128, 128]",32768,0.0001904036160246266,4.0,0.5378876060847116,0.7744535167170361,0.5141426278537411,0.4649582004790685,0.5749637098356154,3.2515987269342137,0.5537551641464233,0.20000000298023224,0.6503197550773621,0.9043604599891225,2.207178831100464
2,15,63,945,47,0.003407035383710923,0.1964007710948773,relu,"[128, 64, 32, 32]",32768,2.645776459778152e-06,4.0,0.5398265841984077,0.7759922257085747,0.5152258546210868,0.47105382915095567,0.5685393699242811,3.2608183732506877,0.5768126249313354,0.20000000298023224,0.6521636843681335,0.900767789689485,2.189082622528076
2,15,32,480,241,0.005439966119278077,0.0605853907246757,leaky_relu,"[128, 32, 256]",65536,6.54094291170834e-05,4.0,0.5389630773082771,0.7754207741281195,0.5146359312111233,0.4821569366836927,0.5518066616972027,3.253364216486153,0.5775092840194702,0.20000000298023224,0.6506728529930115,0.9025680162036839,1.537041425704956
2,15,63,945,860,0.0020634687080419447,0.23954622386957508,relu,"[128, 256, 256, 32]",32768,6.443462475395991e-06,1.0,0.5394070867591527,0.7757771155911236,0.5153382298806247,0.4657852208631726,0.5766899446820197,3.250912081436633,0.25087711215019226,0.20000000298023224,0.6501824259757996,0.40883616114673865,2.7860655784606934
2,15,63,945,583,0.0004292980622284985,0.0674545067827875,leaky_relu,"[128, 256, 128, 64]",32768,1.8039036552078905e-06,2.0,0.5391449739980765,0.7757278949467357,0.5153412422752492,0.4770825329480348,0.5602710973361058,3.255718003873259,0.40947842597961426,0.20000000298023224,0.6511436104774475,0.6190192923137451,2.3239872455596924
2,15,125,1875,826,0.0016358128026987642,0.0569773746150319,relu,"[64, 32]",16384,7.406393718437421e-07,1.0,0.5392297849493752,0.7757370566001636,0.5149304533815863,0.466241957163195,0.5749735179881518,3.254541110179706,0.2604026198387146,0.20000000298023224,0.6509082317352295,0.40852041624504276,2.6486568450927734
2,15,125,1875,646,0.0033426795778267147,0.206893100749433,relu,"[64, 128, 256, 128]",16384,2.9351318132922096e-06,1.0,0.5392418537891035,0.7755382139144669,0.5149610931358131,0.47190956169441134,0.5666562046372945,3.256306599731645,0.24829664826393127,0.20000000298023224,0.6512613296508789,0.4088780644675273,3.9277782440185547
2,15,125,1875,199,0.003181595625734682,0.32344177895834153,leaky_relu,"[128, 128]",16384,1.1238018903539476e-06,2.0,0.5389448087924265,0.7756256443360546,0.5153504990072917,0.46921324068184195,0.5715504727529522,3.2514026276558248,0.41292136907577515,0.20000000298023224,0.6502805352210999,0.6193094181801199,2.663644313812256
2,15,125,1875,620,0.0031250908984603648,0.13668756224461912,relu,"[32, 128]",16384,1.0420010807312668e-05,1.0,0.538512066433083,0.775293418301097,0.5150777950061487,0.47192194644023516,0.566921024755777,3.2510101310758275,0.26008978486061096,0.20000000298023224,0.6502020359039307,0.4087556819498312,2.6529793739318848
2,15,32,480,215,0.006630245464222379,0.26717108461389116,relu,"[256, 128, 256, 64]",65536,1.4562972555768048e-07,1.0,0.5386462015358884,0.7754501134127809,0.5141591257651957,0.4636150882142041,0.5770724626309388,3.254933308736484,0.2401975691318512,0.20000000298023224,0.6509866714477539,0.4088071067163731,2.114727020263672
2,15,63,945,187,0.0063692800719115684,0.21110982412624063,relu,"[128, 32, 32]",32768,1.041751579291682e-07,1.0,0.5388839426163141,0.775475667858401,0.5146204475647214,0.46561170043829003,0.5751598728863432,3.2548352590972893,0.24092824757099152,0.20000000298023224,0.6509670615196228,0.40862782946344384,1.8640363216400146
2,15,125,1875,935,0.001325828452788451,0.3501811129752533,relu,"[256, 256]",16384,4.913458984562372e-05,4.0,0.5389194205944224,0.7755807428607844,0.5147541280745319,0.47839599757428747,0.557093255914316,3.254541110179706,0.5959268808364868,0.20000000298023224,0.6509082317352295,0.9014531165771802,2.696744680404663
2,15,32,480,904,0.0064759731342329445,0.20052016933587385,relu,"[256, 128, 64, 128]",65536,1.3342716405070946e-05,4.0,0.5394326258356482,0.7759444636464061,0.5152398837146314,0.4772932557205941,0.5597414570991408,3.2570912948684203,0.5567994117736816,0.20000000298023224,0.6514182686805725,0.9039579116969341,1.9088265895843506
2,15,63,945,822,0.009196797323710187,0.0751392951043598,relu,"[32, 128]",32768,1.4657624630625362e-07,4.0,0.5393271727702045,0.7759346249864902,0.5152538728261551,0.4742302046740224,0.5640472360626152,3.2559144011748673,0.5943334698677063,0.20000000298023224,0.6511828899383545,0.9012226430860655,1.5399770736694336
2,15,63,945,976,0.0019831454816419147,0.17016914831794105,relu,"[128, 256, 32, 32]",32768,1.356856699548968e-05,2.0,0.5398103478874362,0.7760422439700203,0.5154446287993787,0.4685063372372854,0.5728353407352191,3.260720323611493,0.3956882953643799,0.20000000298023224,0.6521440744400024,0.6191785539312937,2.275104284286499
2,15,63,945,24,0.002145039422706095,0.21549372983027976,relu,"[128, 128, 32]",32768,4.072031106841297e-05,4.0,0.5395230256210937,0.7759751187046005,0.5148129939182053,0.4803510143056169,0.5546019851700734,3.259739529196329,0.5924826860427856,0.20000000298023224,0.6519479155540466,0.9009399983319712,1.8752102851867676
2,15,125,1875,678,0.006827718182221201,0.28231855219146057,relu,"[64, 32, 256]",16384,5.0934729285250534e-05,2.0,0.5364211681668871,0.7741498253631678,0.5136011934182266,0.4739050398845752,0.560555533759661,3.2369845623227276,0.3869595527648926,0.20000000298023224,0.6473969221115112,0.6239891773039271,3.3051388263702393
2,15,125,1875,827,0.003061980820985245,0.16822026761941372,relu,"[128, 32, 256, 64]",16384,5.1061452453543256e-06,4.0,0.5387815830527558,0.7754570712477538,0.5145501111002043,0.47198893309104006,0.5655478834006826,3.255718003873259,0.5434725284576416,0.20000000298023224,0.6511436104774475,0.9050690443992165,3.911811113357544
2,15,63,945,554,0.0011866632767327295,0.14382747626871067,relu,"[256, 32, 64]",32768,2.3855244339175047e-05,2.0,0.5392036362264526,0.7755952648663983,0.5150626714723762,0.4743295462051655,0.5634489387578956,3.2524814717101833,0.40803876519203186,0.20000000298023224,0.6504963040351868,0.619573585095395,2.0118980407714844
2,15,125,1875,96,0.005514259508431941,0.05782779582689655,tanh,"[256, 32, 32, 32]",16384,2.5623158995401248e-05,4.0,0.5381396524983451,0.7752231214226188,0.5143743193765377,0.4735652102157858,0.5628800659107851,3.25306976954535,0.5879162549972534,0.20000000298023224,0.6506139636039734,0.9022477334120662,3.9268834590911865
2,15,63,945,914,0.0029676593032878606,0.10001908919585167,leaky_relu,"[64, 32]",32768,1.3759157863913354e-07,2.0,0.5386991650623475,0.7753846621932083,0.5151450695365287,0.4782407757526868,0.5582211934560006,3.254541110179706,0.420764297246933,0.20000000298023224,0.6509082317352295,0.6197436831811153,1.507397174835205
2,15,63,945,892,0.004350572139787535,0.18424049642281493,relu,"[128, 64, 64]",32768,0.0002516182263863066,2.0,0.5373331127884993,0.7747408275081191,0.5136404971203395,0.47078675557298816,0.565077092078936,3.2515006772950192,0.4069536030292511,0.20000000298023224,0.650300145149231,0.6209017212849516,1.7936420440673828
2,15,125,1875,175,0.0027177142297339753,0.2288770453578668,relu,"[64, 32]",16384,1.6843924969282981e-06,4.0,0.5382112950214313,0.7752517192108138,0.5145466336202684,0.47021480411099026,0.56810781121268,3.2476755492735574,0.5803755521774292,0.20000000298023224,0.6495351195335388,0.9022259037825503,2.5492143630981445
2,15,32,480,51,0.008338215899586315,0.06995158544472498,relu,"[64, 32]",65536,1.2963009537614925e-06,2.0,0.5386813707207545,0.7755280304261667,0.51502531762715,0.46761789678379656,0.5731295853113108,3.257483493425198,0.39997947216033936,0.20000000298023224,0.6514967083930969,0.6194007432027238,0.9753782749176025
2,15,125,1875,486,0.002327590413549663,0.09618731038749415,relu,"[256, 32, 128, 32]",16384,0.00037655181881069295,1.0,0.5373130792999705,0.7743946910461081,0.5137860406491256,0.4638837959157868,0.5757189375809173,3.243850123228876,0.24330608546733856,0.20000000298023224,0.6487700343132019,0.409454371338337,3.748868227005005
2,15,125,1875,993,0.005266031260026031,0.18644881081649095,leaky_relu,"[32, 32]",16384,1.381259600628658e-07,1.0,0.5379678661447738,0.7748986981940705,0.5145092057185426,0.4695360808054647,0.5690101612460277,3.2481657974695297,0.2511909604072571,0.20000000298023224,0.6496331691741943,0.4096363178209716,2.5345566272735596
2,15,125,1875,933,0.0045472389575747585,0.19126700171963662,relu,"[128, 32]",16384,0.00023067701590908705,1.0,0.5348046137988202,0.7736807568485704,0.5128689593263086,0.4545344335083612,0.5883812625053945,3.2294323559189984,0.23568573594093323,0.20000000298023224,0.6458864808082581,0.4106182194975837,2.558668613433838
2,15,125,1875,807,0.003826732036344683,0.4323034923087641,leaky_relu,"[256, 32, 128]",16384,1.334750747935463e-06,4.0,0.5389295961817151,0.7756262142721027,0.5152798232695139,0.4658049893809237,0.5765133979363647,3.251696776573408,0.5549479722976685,0.20000000298023224,0.6503393650054932,0.9169491803203186,3.254115581512451
2,15,125,1875,895,0.006519606501172061,0.286480509336998,leaky_relu,"[64, 64, 32]",16384,1.2226115917954452e-06,4.0,0.5379724574394161,0.7752723270117293,0.513911268664733,0.47264943191174047,0.5630664208089764,3.2514026276558248,0.5647689700126648,0.20000000298023224,0.6502805352210999,0.9025114267490411,3.264073610305786
2,15,125,1875,864,0.0014410570737410262,0.26253880683012404,relu,"[128, 256, 128]",16384,2.1652247566559845e-05,4.0,0.5392088892631981,0.7759504075469197,0.5148682863761246,0.47471026490066226,0.5624485071991839,3.252088975130186,0.575128972530365,0.20000000298023224,0.6504178047180176,0.902012883157194,3.277017116546631
2,15,63,945,630,0.008937504190259873,0.14758273439551461,leaky_relu,"[32, 128, 256, 256]",32768,2.3191300707947566e-06,2.0,0.5384801362078665,0.7754280160773425,0.514519188676492,0.4684563542228628,0.5706285064145318,3.2502254359390523,0.41012105345726013,0.20000000298023224,0.6500450968742371,0.6205358347562947,2.4619967937469482
2,15,63,945,516,0.006323198758217038,0.2809264903345381,relu,"[128, 32, 256]",32768,0.00016743569819390388,2.0,0.5341110458095113,0.7737629229374537,0.5125841931785612,0.47164166804021757,0.561310761504963,3.2281571145630314,0.3989860415458679,0.20000000298023224,0.6456314325332642,0.6227838465612677,1.8905935287475586
2,15,63,945,432,0.0061910180770485025,0.14468374536018486,relu,"[32, 64, 256]",32768,6.875262413466666e-07,2.0,0.5385552224175799,0.7752420717962122,0.5150775836830291,0.4701890215261018,0.5694417199576288,3.2536583654037363,0.4126910865306854,0.20000000298023224,0.6507316827774048,0.6197041345304887,1.9386017322540283
2,15,32,480,876,0.0018274664110148788,0.06534221352080348,relu,"[128, 64, 256]",65536,7.950671405332101e-05,4.0,0.53890104603936,0.7757414715602879,0.5148483332575379,0.47997184866111553,0.5551904743222567,3.2556199542340645,0.5783114433288574,0.20000000298023224,0.6511240005493164,0.9026428974134513,1.6748733520507812
2,15,63,945,563,0.00276073972281858,0.31171438377165017,relu,"[256, 128, 256, 32]",32768,1.1319303402696327e-07,1.0,0.5389993003143947,0.7757544952170671,0.5148679055840931,0.47409651483383136,0.5633116246223862,3.2480677478303353,0.2513207495212555,0.20000000298023224,0.6496135592460632,0.4084764159945472,2.6018691062927246
2,15,125,1875,210,0.0028049139930515017,0.07934716615569407,relu,"[128, 128]",16384,0.0006953506383164321,4.0,0.5375012118288017,0.7749097369832672,0.5143221053403219,0.48258933177425456,0.5505217937149358,3.250127386299858,0.6058724522590637,0.20000000298023224,0.650025486946106,0.9035491860873038,2.658304214477539
2,15,63,945,123,0.004969340415564749,0.15705187361813897,leaky_relu,"[32, 256, 64]",32768,1.8893124805112303e-07,2.0,0.538496679930136,0.7754100770047372,0.5144126361792913,0.47491552721808505,0.5610753658440896,3.2546391598189004,0.4015011191368103,0.20000000298023224,0.6509278416633606,0.6197539520780936,1.8690953254699707
2,15,63,945,504,0.0007016221899259331,0.13549708513541564,leaky_relu,"[256, 128, 32, 128]",32768,8.153492655320327e-05,2.0,0.5387956155886261,0.7753684327122972,0.5151602375332675,0.46959996770677753,0.5705108085840951,3.2538544646821252,0.4068771004676819,0.20000000298023224,0.650770902633667,0.619791699664787,2.2597427368164062
2,15,63,945,254,0.004337540911445376,0.10833059586633924,leaky_relu,"[256, 64, 32]",32768,0.0004965661540283358,1.0,0.5352920505730858,0.7732047469251259,0.5107279471168223,0.46862431912192326,0.5611440229118443,3.2337477321364325,0.24180789291858673,0.20000000298023224,0.6467495560646057,0.4103362107116499,1.9004769325256348
2,15,63,945,452,0.004499781517570854,0.4949783132767402,relu,"[256, 128]",32768,5.487921115961351e-07,2.0,0.5385512833655812,0.7752991330174781,0.5144568306010929,0.46406770036437056,0.5771215033936208,3.2517948262126026,0.41010767221450806,0.20000000298023224,0.6503589749336243,0.6195432318160036,1.671715497970581
2,15,125,1875,865,0.000552765678808222,0.07445672414755766,leaky_relu,"[64, 256, 64]",16384,5.215790000200418e-07,2.0,0.5387384529633614,0.7757300015432113,0.5151152322650342,0.4760157731855845,0.561212679979599,3.2447328680048457,0.407961368560791,0.20000000298023224,0.6489465832710266,0.6191631104840533,3.2835614681243896
2,15,32,480,384,0.0036283651177265942,0.24890635613006457,leaky_relu,"[256, 256, 64]",65536,0.00020754830127733796,2.0,0.5367258850013893,0.7747332229215134,0.5132812116287065,0.47110411697689475,0.5637529914865236,3.244340669448068,0.40183231234550476,0.20000000298023224,0.6488681435585022,0.6210844191813077,1.8407394886016846
2,15,32,480,16,0.006501162373021521,0.1408932710135244,relu,"[64, 64, 64, 32]",65536,0.00013308372980812483,1.0,0.5374616271495071,0.7745592153470121,0.5132276795537931,0.47333935272239297,0.5604574522342971,3.2408096903441894,0.2303037792444229,0.20000000298023224,0.6481619477272034,0.41089538144655613,1.323089361190796
2,15,125,1875,602,0.0014951257156625881,0.45662896219108284,relu,"[256, 256, 256, 32]",16384,3.1460445050899837e-06,4.0,0.5386395950606684,0.7755366238150192,0.5150924285758904,0.4724916709642036,0.566136372552866,3.2502254359390523,0.5714164972305298,0.20000000298023224,0.6500450968742371,0.9016860928843762,3.9348866939544678
2,15,63,945,217,0.001998953589810879,0.29275490845464963,leaky_relu,"[256, 32, 32]",32768,0.0003319352457937662,2.0,0.5375949717695405,0.7743696957140521,0.5140264831354046,0.4691127191491428,0.5684510965514535,3.2498332373822745,0.3970614969730377,0.20000000298023224,0.6499666571617126,0.6224557209465745,1.8778057098388672
2,15,125,1875,998,0.0012517299980608235,0.3111704905803565,leaky_relu,"[128, 256]",16384,7.207800768719791e-05,1.0,0.5386976177150163,0.7752522679468186,0.5147430125183184,0.46798349813792217,0.5718839499391895,3.2521870247693805,0.25937166810035706,0.20000000298023224,0.6504374146461487,0.4087821230182998,2.6599645614624023
2,15,125,1875,170,0.0017780985752075488,0.40180560941992527,leaky_relu,"[256, 32]",16384,1.3841696361503445e-06,2.0,0.5385545805507514,0.7752790791593847,0.5147444342129032,0.46727887945860763,0.5729432304131193,3.2425751798961286,0.40134546160697937,0.20000000298023224,0.6485150456428528,0.6198021869772792,2.5985424518585205
2,15,125,1875,837,0.0006726576207197207,0.2677355871763625,relu,"[256, 128, 32]",16384,0.0006241355988500707,4.0,0.5381971503423371,0.7751579757097395,0.5148588612597552,0.47951464690054324,0.5558280042371219,3.242673229535323,0.5909483432769775,0.20000000298023224,0.6485346555709839,0.9023386948919365,3.1936450004577637
2,15,125,1875,455,0.0033221796687325053,0.4850703211447369,leaky_relu,"[128, 128, 32]",16384,4.1545365693987244e-06,2.0,0.5385375194439591,0.7752784963686309,0.5143090440802818,0.461534264087993,0.5807112872219389,3.2538544646821252,0.3906559348106384,0.20000000298023224,0.650770902633667,0.6198217241979861,3.305420398712158
2,15,125,1875,433,0.007547310964368315,0.3426814731123186,leaky_relu,"[256, 64, 128, 32]",16384,5.7996078471691816e-05,4.0,0.535960379701296,0.774361619772201,0.5133785815150549,0.47928113358395563,0.552699203578014,3.2345324272732077,0.5486350655555725,0.20000000298023224,0.6469064950942993,0.9052960459067947,4.023085355758667
2,15,63,945,988,0.008025823283651303,0.46991487071701465,leaky_relu,"[256, 256, 256]",32768,2.1218579040756967e-07,4.0,0.5385906599921174,0.7756056511680455,0.5148668532873959,0.4744287178808823,0.5628408333006395,3.2496371381038855,0.5715053677558899,0.20000000298023224,0.6499274373054504,0.9019250302925748,2.6051204204559326
2,15,63,945,488,0.0008689938551716721,0.06677782308973693,relu,"[128, 128]",32768,1.7251601326921936e-05,4.0,0.5384391283027505,0.7753958571147714,0.5147504837536538,0.482335593714369,0.5518360861548118,3.2468908541367822,0.6012564301490784,0.20000000298023224,0.6493781805038452,0.9019674515526818,1.654223918914795
2,15,125,1875,702,0.007290251405205209,0.16734949179614994,leaky_relu,"[32, 128, 64]",16384,2.6534774398316648e-05,4.0,0.5377973636482243,0.7750109549846919,0.5142810950635913,0.4743198913151529,0.5615951979285182,3.2522853724317944,0.5924757122993469,0.20000000298023224,0.6504570841789246,0.903053170809951,3.187063217163086
2,15,63,945,181,0.00039953790930096026,0.06659399257003726,leaky_relu,"[256, 64, 128, 32]",32768,0.00011654865471113563,2.0,0.5385181517552907,0.7753937192653677,0.5145428740815263,0.47459733545436467,0.5618305935893915,3.249931287021469,0.4108865559101105,0.20000000298023224,0.6499862670898438,0.6194719342547684,2.147136926651001
2,15,32,480,960,0.0029384686177744957,0.06844099034295056,leaky_relu,"[128, 32, 32]",65536,9.265055050118343e-05,2.0,0.5384538250389627,0.7751979584142137,0.5142509265101894,0.4701174826538405,0.5675291302130331,3.252383422070989,0.40096205472946167,0.20000000298023224,0.6504766941070557,0.6197369996771498,1.165039300918579
2,15,32,480,753,0.0053482195868889484,0.05309450516243827,relu,"[128, 256, 256]",65536,0.000386857236127619,4.0,0.537832233411225,0.7747734128404775,0.5144869756188688,0.4804241088523363,0.5537486758994076,3.2465964071959794,0.5726798176765442,0.20000000298023224,0.6493192911148071,0.9034355575210832,1.8931398391723633
2,15,125,1875,590,0.004603700705879768,0.0927454203811422,leaky_relu,"[64, 256, 256, 64]",16384,0.0002707766762689628,4.0,0.5372910978139434,0.7746652383148032,0.5133985173420446,0.47539545260835775,0.5580054141002001,3.245125364584843,0.5995476245880127,0.20000000298023224,0.6490250825881958,0.9053140016370805,3.8431098461151123
2,15,125,1875,218,0.0011376035245919424,0.4145475875618577,relu,"[256, 256]",16384,1.1863895964315382e-07,1.0,0.5381521148275399,0.7752133703526721,0.5143527866847154,0.4749470536937835,0.5608890109458983,3.2471850030543656,0.2653690278530121,0.20000000298023224,0.6494370102882385,0.4087818098127166,2.7107620239257812
2,15,125,1875,429,0.00201996212159986,0.25172325777587273,relu,"[32, 64, 32]",16384,0.00018386943623935938,4.0,0.5374333292373874,0.7747662943757949,0.5145028115880134,0.47078841957859774,0.5671662285691867,3.2456156127808153,0.5740945935249329,0.20000000298023224,0.6491231322288513,0.9066299312387566,3.2780959606170654
2,15,125,1875,828,0.0013031079522442823,0.3841192019389624,relu,"[256, 64]",16384,2.3645915890518385e-06,2.0,0.5379147234094285,0.775206870284715,0.5146118862456385,0.46760940493654957,0.5721193456000627,3.2415943854809646,0.4091487228870392,0.20000000298023224,0.648318886756897,0.6197543627610881,2.6612071990966797
2,15,63,945,261,0.004917895688362801,0.16520829701129386,relu,"[32, 256]",32768,0.00016373666709448495,1.0,0.537342308699402,0.774652544503281,0.5137558366398491,0.46452441547939016,0.5746596571069873,3.2468908541367822,0.24362321197986603,0.20000000298023224,0.6493781805038452,0.40988033587002165,1.5587685108184814
2,15,16,240,50,0.004302895120069144,0.09940845727841122,relu,"[256, 64, 128, 32]",131072,9.086893922015441e-06,2.0,0.5391433976389933,0.7758543422021915,0.5151655119322556,0.4785066541043458,0.5579073325748362,3.254541110179706,0.40493831038475037,0.20000000298023224,0.6509082317352295,0.6195058517586259,1.5449063777923584
2,15,125,1875,259,0.0021676915603638185,0.4190229248400514,leaky_relu,"[64, 256, 128, 32]",16384,3.681130402894731e-05,2.0,0.5369198571937748,0.774752781711097,0.5134912303623642,0.47487979467179986,0.5589371885911569,3.2447328680048457,0.400674968957901,0.20000000298023224,0.6489465832710266,0.6258728289146787,3.9430274963378906
2,15,32,480,82,0.0061122041161582865,0.27762076056247287,relu,"[256, 128, 32, 128]",65536,3.515977802314336e-06,2.0,0.5387104460760184,0.7756138418041749,0.5152461868101533,0.4656476458242585,0.5766703283769469,3.249539088464691,0.3737538754940033,0.20000000298023224,0.6499078273773193,0.6214458853730112,1.9159939289093018
2,15,32,480,508,0.009577351294074794,0.35207962698592493,leaky_relu,"[256, 64]",65536,7.616569568303977e-06,2.0,0.538439532360826,0.7753490492589762,0.5148009094772258,0.46517611850491264,0.5762780022754914,3.251108180715022,0.3924529552459717,0.20000000298023224,0.6502216458320618,0.6196401265062335,1.3257780075073242
2,15,125,1875,83,0.007705966840351215,0.07152331793408857,leaky_relu,"[128, 256, 256, 32]",16384,0.0002845945883588978,1.0,0.5350740978389503,0.7735123700512909,0.5121888943225242,0.45832010223444214,0.5804072344933109,3.2239397879847917,0.22980812191963196,0.20000000298023224,0.6447879672050476,0.4110964988938655,4.044856071472168
2,15,63,945,276,0.002780172130577256,0.4437364693473724,leaky_relu,"[128, 256, 128]",32768,0.0001831905223223279,4.0,0.537056999095701,0.7746539468807343,0.5142575199249675,0.4702429824490095,0.5673623916199144,3.2452234142240375,0.5845080614089966,0.20000000298023224,0.6490446925163269,0.9030312048186456,2.155681610107422
2,15,63,945,2,0.0024744839195957693,0.33126942885127564,leaky_relu,"[128, 128, 128, 128]",32768,2.4658632538627263e-06,2.0,0.5385610073189834,0.7755026623076431,0.5153455508942372,0.46869728661622245,0.5723057004982541,3.2527756206277667,0.3964928984642029,0.20000000298023224,0.6505551338195801,0.6199836959301586,2.3694543838500977
2,15,63,945,648,0.0015774790923820804,0.15944125570367412,relu,"[128, 64, 32, 128]",32768,1.4039049037706255e-07,4.0,0.5382561199335264,0.7752891880446964,0.5147171915685895,0.47528716061892146,0.5612813370473537,3.24483091764404,0.5727789402008057,0.20000000298023224,0.6489661931991577,0.9042107011923078,2.23480224609375
2,15,63,945,507,0.0015821247169760752,0.27179573528006945,relu,"[128, 128, 256, 32]",32768,7.182817767851002e-07,1.0,0.5382035186065169,0.7754529341609138,0.5147587998160222,0.47640430681913026,0.5598297304719683,3.2506179325190496,0.2602521479129791,0.20000000298023224,0.6501235961914062,0.40871795519401294,2.2722346782684326
2,15,32,480,280,0.008509508950695967,0.3741616419787705,relu,"[256, 256, 32, 256]",65536,2.1127058878641992e-05,1.0,0.5377845089859001,0.7753786780691299,0.5144116011089553,0.46472575909849884,0.5759935658519362,3.246106159000007,0.21990838646888733,0.20000000298023224,0.6492212414741516,0.4128856590334901,2.282214641571045
2,15,125,1875,883,0.007173050135509736,0.07919856732688627,tanh,"[64, 256]",16384,6.944266710656212e-05,4.0,0.5355977239844517,0.7735519395894078,0.513057730832271,0.4787736650691683,0.5526305465102593,3.2301187033933596,0.6025973558425903,0.20000000298023224,0.6460237503051758,0.9051011769243742,2.552142858505249
2,15,63,945,964,0.006904079705092259,0.23223943717988682,relu,"[32, 128, 64]",32768,4.7060605957991015e-07,2.0,0.5379745936985454,0.7752983421223857,0.5148809127728758,0.4700284286489507,0.5691965161442191,3.250912081436633,0.3879685699939728,0.20000000298023224,0.6501824259757996,0.6216401118183431,1.8377165794372559
2,15,63,945,872,0.004463468666248188,0.24733362525571145,leaky_relu,"[64, 32, 256, 128]",32768,1.4128423206241466e-07,2.0,0.5377063294867064,0.7751524312069786,0.5144350978507894,0.4801935160228886,0.553935030797599,3.246302258278396,0.3489512503147125,0.20000000298023224,0.6492604613304138,0.6270261276029718,2.1392173767089844
2,15,63,945,671,0.0032393397907833354,0.1273734843281441,relu,"[32, 256, 256]",32768,0.000642301636593936,1.0,0.5360633195362733,0.7740651587393981,0.5133965071238055,0.4714493193622765,0.563537212130723,3.2458120100824237,0.24356727302074432,0.20000000298023224,0.6491624116897583,0.4101799952679391,2.0616838932037354
2,15,32,480,823,0.001144516144039038,0.1900587648190915,leaky_relu,"[128, 256, 256]",65536,0.0003714160547624499,4.0,0.5370070811727319,0.7749233356265867,0.5139842215336596,0.4781592119590448,0.5556122248813213,3.235905718268369,0.5670344829559326,0.20000000298023224,0.6471811532974243,0.9044466892081584,1.9076006412506104
2,15,125,1875,278,0.0006549570768273144,0.058960919187656245,leaky_relu,"[128, 32]",16384,9.112334648761203e-05,1.0,0.5389612095484383,0.7754308452429629,0.5151338688383217,0.47106168142240434,0.5683039742634077,3.2517948262126026,0.25632283091545105,0.20000000298023224,0.6503589749336243,0.40851171144839943,2.6153011322021484
2,15,125,1875,624,0.0007856390959374246,0.20212131762802826,leaky_relu,"[128, 64, 128]",16384,2.2497816130342866e-07,1.0,0.5379357083332051,0.7752627590221339,0.5145768187745635,0.47650485112357205,0.5592608576248578,3.244340669448068,0.2607514262199402,0.20000000298023224,0.6488681435585022,0.4088188061917056,3.2159440517425537
2,15,63,945,300,0.005315766798171986,0.2417557721244984,relu,"[64, 32, 256, 128]",32768,1.0780842779459193e-07,2.0,0.5364533289959363,0.7744299785121768,0.511891763809453,0.48631231406198966,0.5403115069245557,3.2447328680048457,0.36850830912590027,0.20000000298023224,0.6489465832710266,0.6266729875672368,2.1264257431030273
2,15,63,945,742,0.000478933059022882,0.13618704795411304,leaky_relu,"[256, 128, 64]",32768,4.3212508669534464e-05,4.0,0.5378674170350578,0.7750032991596376,0.5144477832444929,0.48070318957656943,0.5532876927301973,3.244536768726457,0.5937934517860413,0.20000000298023224,0.6489073634147644,0.9023969649094655,1.9179089069366455
2,15,32,480,93,0.0062287969856592955,0.47379780278919265,relu,"[256, 128, 256, 128]",65536,6.557284691036152e-05,4.0,0.5371469806935264,0.7748670196896562,0.5142510884689618,0.47408014300610757,0.5618600180470007,3.2360037679075635,0.5484185814857483,0.20000000298023224,0.6472007632255554,0.9045311249945451,2.2467234134674072
2,15,125,1875,739,0.0015236892891229389,0.3546606904279057,leaky_relu,"[128, 32]",16384,3.589262723499032e-06,2.0,0.5380237587009697,0.7751605178270139,0.5142093095013438,0.4725598980807956,0.5639099219271058,3.243359875032904,0.40675991773605347,0.20000000298023224,0.6486719846725464,0.6201229596382134,2.5714588165283203
2,15,16,240,719,0.006158954690392628,0.06088483860524337,relu,"[256, 256]",131072,1.410058071499496e-06,2.0,0.539211512174363,0.7756228149539848,0.51450386347455,0.46380224124489106,0.5776511436305858,3.2532661668469585,0.40738680958747864,0.20000000298023224,0.6506532430648804,0.6192898067357405,1.486628770828247
2,15,125,1875,810,0.0015200396651195824,0.41602250425703474,relu,"[128, 256]",16384,5.625856691218632e-05,1.0,0.5372173137397666,0.7746780468807288,0.5140225325435328,0.4719765705753991,0.564292439876025,3.2391422504314447,0.2619911730289459,0.20000000298023224,0.6478284597396851,0.4093252545452758,2.8668766021728516
2,15,125,1875,939,0.0006137967794268719,0.3415636605119977,leaky_relu,"[256, 256]",16384,0.00010802915728211885,1.0,0.5383889158079618,0.7748320506932115,0.5147166658519134,0.47057963123979163,0.5679901133822434,3.249539088464691,0.2579793930053711,0.20000000298023224,0.6499078273773193,0.40897931305104723,2.7214269638061523
2,15,63,945,286,0.0029607134692965424,0.38573031843730987,relu,"[128, 64, 32]",32768,3.5596514183076145e-05,2.0,0.5378622538365458,0.7751571315319516,0.5146171442981429,0.47572265885173837,0.5604378359292244,3.2450273149456486,0.40773338079452515,0.20000000298023224,0.6490054726600647,0.620142900227724,1.8106093406677246
2,15,125,1875,834,0.0023937661053580563,0.4489086738775984,leaky_relu,"[64, 128, 64, 64]",16384,0.00023347828576681954,1.0,0.535418725974763,0.7737680602382482,0.5132581061913323,0.47573230166306585,0.5572109537447526,3.220310759241719,0.2548689842224121,0.20000000298023224,0.6440621614456177,0.41009705119646706,3.7659242153167725
2,15,63,945,31,0.0009062943201635176,0.21263957605745748,leaky_relu,"[128, 256, 128, 256]",32768,8.652332954053757e-06,4.0,0.5372208282278922,0.7751545718221284,0.5148830309254822,0.481552950417951,0.5531699948997607,3.2377692574595027,0.5915748476982117,0.20000000298023224,0.6475538611412048,0.9026272981953212,2.5107243061065674
2,15,125,1875,201,0.006921400114139423,0.11701758677367462,relu,"[128, 64, 256, 256]",16384,0.00036654046260855205,4.0,0.5367896524680612,0.774616498032372,0.514169566743665,0.4606126489886245,0.5818196084585507,3.23992694556822,0.5018075704574585,0.20000000298023224,0.6479853987693787,0.9162532927574746,3.7927536964416504
2,15,125,1875,577,0.001612283434760601,0.48949906086928724,leaky_relu,"[256, 64, 64]",16384,1.6958365975753408e-05,4.0,0.5380436886642502,0.7751797378007041,0.5146284038914308,0.470337950858275,0.5681274275177528,3.2417904847593535,0.5705354809761047,0.20000000298023224,0.6483581066131592,0.9028774591752016,3.1567935943603516
2,15,32,480,623,0.0027724641875063664,0.3103402575347251,relu,"[256, 128, 128, 128]",65536,9.128132461372003e-05,4.0,0.5387321835578661,0.7756331518690307,0.5147389849964576,0.4741281038840886,0.5629585311310762,3.2492446415238883,0.5669011473655701,0.20000000298023224,0.6498489379882812,0.9027706204551719,2.0402746200561523
2,15,63,945,937,0.0037150896563907577,0.49975127405910874,leaky_relu,"[256, 64, 256]",32768,2.8558042859203507e-07,1.0,0.5374476978503394,0.7750550148795704,0.5143631510256795,0.4794950274275734,0.5547000666954373,3.2423790806177397,0.2638187110424042,0.20000000298023224,0.6484758257865906,0.4098856141011241,2.0813071727752686
2,15,63,945,101,0.0007119952653185405,0.28744831600319165,leaky_relu,"[256, 256, 64]",32768,6.676699044449235e-07,4.0,0.5377435957392979,0.7752544344397295,0.5145327331877535,0.4715030138686966,0.5662050296206207,3.237867307098697,0.5772703886032104,0.20000000298023224,0.6475734710693359,0.9021658837853719,2.133713960647583
2,15,125,1875,126,0.003279901256775766,0.4795521682531856,relu,"[64, 128, 32]",16384,1.3822079936768565e-05,1.0,0.5369260703098445,0.7746897111854403,0.5139711842924387,0.472944570368844,0.5627917925379575,3.2342382783556243,0.2500438988208771,0.20000000298023224,0.646847665309906,0.41082691401833665,3.182908296585083
2,15,32,480,613,0.002075776736757285,0.403295537015039,leaky_relu,"[256, 256, 128, 64]",65536,3.05408081109432e-05,2.0,0.5378439101751733,0.7752055605477232,0.5146752875459084,0.46656671903284713,0.573845580446467,3.2383575552946695,0.3901512622833252,0.20000000298023224,0.6476715207099915,0.6200370921580338,2.1162543296813965
2,15,125,1875,198,0.0018630244930924985,0.34545813830095806,leaky_relu,"[256, 64, 256]",16384,0.0007383639424488547,2.0,0.5362519212969176,0.7738414417170147,0.5137251743056861,0.4724037464403878,0.5629683392836126,3.246106159000007,0.4024267792701721,0.20000000298023224,0.6492212414741516,0.6220025622791847,3.154548168182373
2,15,32,480,930,0.00791915136924636,0.3633649614785746,relu,"[128, 128]",65536,1.589350362777164e-05,2.0,0.5378680069269365,0.7751167198963687,0.5145584470989761,0.4704228556570351,0.5678331829416611,3.2492446415238883,0.4163663685321808,0.20000000298023224,0.6498489379882812,0.6198372722317469,1.2004292011260986
2,15,32,480,643,0.0007681910485506462,0.10787465092495559,leaky_relu,"[256, 256]",65536,1.3067942668073116e-06,1.0,0.5372309812396839,0.7744274958343884,0.5137536046854214,0.47144800013108523,0.5644003295539253,3.243654023950487,0.26145321130752563,0.20000000298023224,0.6487308144569397,0.409265889344488,1.673511266708374
2,15,63,945,173,0.0008635686701972185,0.23083496391353803,leaky_relu,"[128, 256]",32768,9.788218151337105e-06,4.0,0.5375511500482111,0.7750397886429092,0.5140679235009868,0.47829684478930085,0.5556220330338577,3.245517563141621,0.5810388922691345,0.20000000298023224,0.6491035223007202,0.9026591290020429,1.683713436126709
2,15,125,1875,759,0.009421069624680386,0.4882467277495593,relu,"[64, 32]",16384,2.1963507186480036e-05,2.0,0.5359759635943154,0.7738755623750279,0.5130892824055693,0.46626790038326466,0.5703636862960493,3.233944129438041,0.4091654121875763,0.20000000298023224,0.6467888355255127,0.6215713376533831,2.900827169418335
2,15,125,1875,841,0.001359958970459773,0.2909491952068221,leaky_relu,"[64, 32, 64]",16384,0.00030587024195927377,1.0,0.5371728596377954,0.7748017029334326,0.5143393952284732,0.46910666364900255,0.5692259406018282,3.2408096903441894,0.2506582736968994,0.20000000298023224,0.6481619477272034,0.4096515205474332,3.151353359222412
2,15,63,945,983,0.005236414767571219,0.4634454474647144,leaky_relu,"[128, 64, 64, 128]",32768,1.0588020107649902e-05,1.0,0.5364785263354385,0.7746363427159033,0.514030561443725,0.46831431681651414,0.5696378830083565,3.2306092496125514,0.24160796403884888,0.20000000298023224,0.6461218595504761,0.4095296333406171,2.111938953399658
2,15,63,945,500,0.003957768308836299,0.08786346228497752,tanh,"[256, 32, 128, 128]",32768,1.2029490896932364e-06,2.0,0.5379576081859091,0.7751350439126985,0.5147595505617978,0.4750713432439607,0.5616834713013457,3.2522853724317944,0.41784119606018066,0.20000000298023224,0.6504570841789246,0.6201219474152944,2.193908214569092
2,15,125,1875,978,0.0006056808509764419,0.18023776412443637,relu,"[128, 32, 128, 128]",16384,8.520933673131186e-05,4.0,0.5371768369200696,0.7752372758846573,0.5147379697850849,0.4644111126014881,0.5772980501392758,3.238750051874667,0.5505127906799316,0.20000000298023224,0.6477500200271606,0.906113476478982,3.759352445602417
2,15,63,945,25,0.0003313540983201674,0.16981050471746426,relu,"[256, 128, 256]",32768,7.219339223284897e-06,4.0,0.5368656238881937,0.7747596533990985,0.514036372787367,0.47435163759714033,0.5609674761661894,3.2347285265515966,0.5852217078208923,0.20000000298023224,0.6469457149505615,0.9030185826852064,2.239287853240967
2,15,125,1875,448,0.0014556696326083686,0.16839625896326516,tanh,"[128, 128, 256]",16384,2.3554927504152892e-07,2.0,0.536921738719233,0.7746918714133355,0.514117027612578,0.45905202312138726,0.5841931813723567,3.2317861433061044,0.3955443203449249,0.20000000298023224,0.6463572382926941,0.6205261169739312,3.161933660507202
2,15,32,480,836,0.004671448219292056,0.20750619980988233,relu,"[128, 32, 32, 256]",65536,8.064378465718588e-06,2.0,0.5376531481249341,0.7751843413365967,0.5145686841202902,0.47124411709529285,0.5666660127898309,3.24483091764404,0.3761575520038605,0.20000000298023224,0.6489661931991577,0.6230699850707642,1.6200685501098633
2,15,63,945,588,0.00468957920806593,0.3871390913358876,relu,"[64, 64, 256]",32768,6.527446512448728e-06,1.0,0.5372408819349327,0.7750787702075053,0.5147301604117559,0.4679819562390638,0.5718545254815803,3.2447328680048457,0.2530380189418793,0.20000000298023224,0.6489465832710266,0.40945025256384515,1.7973227500915527
2,15,125,1875,869,0.0012825942782881267,0.2438631249009593,leaky_relu,"[64, 32, 32]",16384,0.00011119239439247044,4.0,0.5373798037784323,0.7752143984886349,0.5141400352262793,0.45828631090843486,0.5854976656596963,3.236690413405144,0.5511602759361267,0.20000000298023224,0.6473380923271179,0.9029512780187569,3.1332430839538574
2,15,16,240,879,0.009953750189371446,0.17326655900093152,relu,"[256, 64, 128]",131072,1.1021548380007448e-06,2.0,0.5384644410024957,0.7756868374613933,0.5149144165093609,0.4811182495185835,0.5538173329671623,3.2478716485519463,0.41284844279289246,0.20000000298023224,0.649574339389801,0.6193561740820281,1.4269816875457764
2,15,63,945,849,0.004742057701166042,0.07993908173966838,tanh,"[256, 128, 128, 128]",32768,3.7645354537529143e-06,4.0,0.5380763471721165,0.7751370337586236,0.5142355548728302,0.46535439951068003,0.5745910000392326,3.253364216486153,0.5853321552276611,0.20000000298023224,0.6506728529930115,0.9025370175717152,2.352264642715454
2,15,63,945,55,0.005078295469207668,0.3751678352084564,relu,"[128, 64, 128]",32768,5.394989352108009e-07,1.0,0.538307948508491,0.7753315784992958,0.5148917468336448,0.4703210789680705,0.5687943818902271,3.2519909254909916,0.25820448994636536,0.20000000298023224,0.6503981947898865,0.40913764646954176,1.7952404022216797
2,15,125,1875,629,0.0008271193135724893,0.18262840134516972,relu,"[64, 32, 128, 32]",16384,2.0580572250087012e-07,1.0,0.5376005584608403,0.7748714014848803,0.5143335654374251,0.47979587851205285,0.5542292753736906,3.24728305269356,0.2582923471927643,0.20000000298023224,0.6494566202163696,0.40959492192842134,3.745702028274536
2,15,32,480,768,0.0015508008994186613,0.05050773196633001,relu,"[64, 32, 256]",65536,4.067690924347882e-06,2.0,0.5377975789441019,0.7751398842445371,0.5143012492490913,0.4650637187651169,0.5751991054964887,3.2442426198088734,0.4030328094959259,0.20000000298023224,0.6488485336303711,0.6199032010656643,1.4399187564849854
2,15,32,480,171,0.0016824401746534238,0.09145404978354563,leaky_relu,"[64, 64, 64, 256]",65536,3.3448830244326965e-05,4.0,0.5374074613652723,0.7752848463046874,0.5147172014757013,0.4687847485214252,0.5706285064145318,3.2460081093608126,0.5613602995872498,0.20000000298023224,0.6492016315460205,0.9036240211015423,1.7015938758850098
2,15,32,480,404,0.006295699993814639,0.27858639721047396,relu,"[64, 128, 256]",65536,0.0001985971352328186,2.0,0.5370312829260955,0.7743830250458743,0.5136032263068093,0.4684814332721584,0.5683432068735533,3.24149633584177,0.3764380216598511,0.20000000298023224,0.6482992768287659,0.6211057321288875,1.685514211654663
2,15,32,480,465,0.004283458902166759,0.3925951084933618,leaky_relu,"[256, 64, 64, 256]",65536,1.6950597791613183e-06,2.0,0.5379354306240548,0.7753932718999615,0.5145849527472078,0.4795435097559116,0.555151241712111,3.2462042086392016,0.3903713822364807,0.20000000298023224,0.6492408514022827,0.6253228893210437,1.9722626209259033
2,15,125,1875,921,0.009477303908363198,0.15840675688495798,leaky_relu,"[32, 32, 32]",16384,0.0009686511430315607,2.0,0.533224029512966,0.7727502464838487,0.5112346835072272,0.46686065832880774,0.5649299697908902,3.220801007437691,0.3708523213863373,0.20000000298023224,0.6441602110862732,0.6244735989397947,3.14359450340271
2,15,32,480,977,0.007254242438741272,0.22516961423597376,leaky_relu,"[64, 64, 32, 128]",65536,2.1841706299097548e-07,1.0,0.53741753454735,0.7752518231186836,0.5147026429242547,0.4751217973723306,0.5614775000980815,3.248950492606305,0.2533641755580902,0.20000000298023224,0.6497901082038879,0.40946790975504604,1.4167799949645996
2,15,32,480,673,0.008399694862988718,0.49425159883732983,leaky_relu,"[128, 128, 64]",65536,2.1063322520175448e-05,2.0,0.5371441219693656,0.7748237391699375,0.5141678630639921,0.4701402154033733,0.5672937345521597,3.2321786398861017,0.3979755640029907,0.20000000298023224,0.6464357376098633,0.620949419274645,1.3528358936309814
2,15,125,1875,697,0.00042117747815903673,0.1941528811764871,leaky_relu,"[128, 128, 64, 128]",16384,1.235316148363168e-07,1.0,0.5374124228689514,0.7748358774753903,0.5139749396338158,0.47305487980868344,0.5626446702499117,3.2444387190872623,0.2594756782054901,0.20000000298023224,0.6488877534866333,0.40913121025271104,3.7438454627990723
2,15,125,1875,140,0.003929442838771964,0.42237437001727646,leaky_relu,"[64, 64, 32, 64]",16384,6.536553290476305e-07,1.0,0.5361540652779985,0.774634483365083,0.514063347937155,0.4671884648387692,0.57139354231237,3.226097476093509,0.24731236696243286,0.20000000298023224,0.6452195048332214,0.40952114347964635,3.7377309799194336
2,15,32,480,159,0.002514680094913143,0.17416830781200526,relu,"[64, 64, 256, 128]",65536,2.2941002989532083e-06,2.0,0.5373083629411144,0.7750755500616193,0.5141482508358477,0.4777399855192039,0.556563615677351,3.240319442148217,0.37639153003692627,0.20000000298023224,0.6480638980865479,0.6229585207010467,1.7436952590942383
2,15,125,1875,393,0.0037552322174583827,0.4827335683861735,leaky_relu,"[32, 64]",16384,6.630884013417107e-05,4.0,0.534873106781654,0.7733953096771763,0.5121396674216799,0.45580708586117463,0.5843599199654753,3.225705277536731,0.5529361963272095,0.20000000298023224,0.645141065120697,0.9072940237899363,2.552537202835083
2,15,63,945,90,0.0012896317140519377,0.1378417372822983,leaky_relu,"[64, 32, 128, 256]",32768,8.00231293966884e-07,4.0,0.5375284761262585,0.7752449381911768,0.5141373851365095,0.4681274258749255,0.5701773313978579,3.2447328680048457,0.5534155964851379,0.20000000298023224,0.6489465832710266,0.9042030999891437,2.086002826690674
2,15,16,240,570,0.003281686863442781,0.13337910158610355,relu,"[128, 32, 256]",131072,0.0005967053481763812,4.0,0.5375766307344161,0.7750601673799422,0.5144021908814372,0.47171277587814736,0.5655871160108282,3.24483091764404,0.5589779019355774,0.20000000298023224,0.6489661931991577,0.9093839576593344,1.3128607273101807
2,15,32,480,8,0.005717648884989453,0.4491639476548165,relu,"[256, 32, 128, 128]",65536,0.00032159737199287245,1.0,0.5356823493873712,0.7737621218692263,0.5132990396601064,0.4645217667619955,0.5735219114127663,3.227862965645448,0.19694554805755615,0.20000000298023224,0.6455726027488708,0.4145895657816614,1.9166646003723145
2,15,32,480,211,0.0018765088252922237,0.19892883882270207,leaky_relu,"[256, 64, 32]",65536,5.949641056026687e-07,1.0,0.5377999425149087,0.7750598071114807,0.5141711587294516,0.4710318820706205,0.5660088665698929,3.2440465205304845,0.2573253810405731,0.20000000298023224,0.6488093137741089,0.40895243267209697,1.4492416381835938
2,15,125,1875,239,0.0005436788803762573,0.2706767307554458,relu,"[256, 32, 128]",16384,1.1007719282686816e-07,4.0,0.5373241165564476,0.7750083180985341,0.5144804843671049,0.46933477817852465,0.5692357487543647,3.242477130256934,0.5466217994689941,0.20000000298023224,0.6484954357147217,0.9107828440908088,3.1533830165863037
2,15,63,945,640,0.002753662427463499,0.1880303658555924,relu,"[32, 128]",32768,5.2269617013768e-06,1.0,0.53700497586619,0.7744919437736361,0.5137897612124416,0.4663904530330177,0.5719133743967986,3.2442426198088734,0.2726210653781891,0.20000000298023224,0.6488485336303711,0.40984381305530215,1.4833011627197266
2,15,16,240,188,0.00901157916999016,0.11138406580942058,relu,"[256, 64]",131072,5.083658777229658e-07,4.0,0.538350942108557,0.7754076367751354,0.5145883790941398,0.47784999033117814,0.557446349405626,3.247969698191141,0.5912286639213562,0.20000000298023224,0.6495939493179321,0.9017033173368296,1.177699327468872
2,15,125,1875,618,0.0019464524355151096,0.49522844872527294,relu,"[64, 256, 32]",16384,1.8394331708419139e-06,4.0,0.5357278280552676,0.7745384190424784,0.5138763989921025,0.47048993233879516,0.5660775236376476,3.225606929874317,0.5635004639625549,0.20000000298023224,0.6451213955879211,0.9096408983445017,3.4487972259521484
2,15,125,1875,718,0.0019588852687125926,0.10694942851357689,tanh,"[32, 256]",16384,5.717022096995158e-07,4.0,0.5364814350089249,0.774473718241909,0.5134933904010344,0.47071661530664793,0.56482208011299,3.2383575552946695,0.5882449746131897,0.20000000298023224,0.6476715207099915,0.903514731094955,2.676793336868286
2,15,16,240,263,0.0016376768432392614,0.12938551636840884,leaky_relu,"[128, 256, 64, 64]",131072,3.127398186691392e-06,2.0,0.5375961993373833,0.7749989348487374,0.5143865592422946,0.4694052619226816,0.5689022715681274,3.242182981339351,0.4054987132549286,0.20000000298023224,0.6484366059303284,0.6201644721427415,1.5318434238433838
2,15,63,945,444,0.0007172966750006855,0.23503159465644463,relu,"[128, 256, 32, 256]",32768,1.168059868863212e-07,4.0,0.5369771325683756,0.7750641534570579,0.514680699809086,0.47292222998233435,0.5645278355368982,3.2386520022354723,0.5775256752967834,0.20000000298023224,0.6477304100990295,0.9043499540859863,2.344282865524292
2,15,63,945,760,0.002845319635045348,0.062132281828532976,tanh,"[256, 64]",32768,2.6095965460822718e-05,4.0,0.5378716982470655,0.7749539874019609,0.5141822570911285,0.46951278809685887,0.5682451253481894,3.2408096903441894,0.5624550580978394,0.20000000298023224,0.6481619477272034,0.9030104231682881,1.5723612308502197
2,15,32,480,681,0.005571324432383138,0.48313443903474007,leaky_relu,"[128, 128, 128, 64]",65536,1.8464792752976072e-05,4.0,0.5371235550058646,0.7749845009501667,0.5138932994601461,0.4669076395345109,0.57139354231237,3.2379653567378917,0.5598874688148499,0.20000000298023224,0.647593080997467,0.9033169770442825,1.641859769821167
2,15,63,945,598,0.0034373302411156415,0.11888233265096881,tanh,"[64, 128, 128, 256]",32768,1.7836703430382234e-05,2.0,0.5373723630533804,0.7745878156965282,0.5136474034351513,0.48284434316492736,0.5486484365804857,3.242477130256934,0.43935340642929077,0.20000000298023224,0.6484954357147217,0.6205411919807975,2.2231998443603516
2,15,16,240,390,0.006035023360433958,0.08238133188228897,relu,"[64, 64, 64]",131072,0.00037767308797961814,2.0,0.5375590132354431,0.7752825410915838,0.5144237815846395,0.4700835274731519,0.5679999215347797,3.2398288959290253,0.38568609952926636,0.20000000298023224,0.6479657888412476,0.6241291000594331,0.9802677631378174
2,15,125,1875,576,0.0026645831479400915,0.4088023661494449,leaky_relu,"[64, 64, 64, 64]",16384,2.0614375197895305e-06,4.0,0.5366403764466168,0.7746992827584802,0.5142397594363538,0.46379690949227376,0.5769939974106477,3.2277649160062536,0.5560916662216187,0.20000000298023224,0.6455529928207397,0.903807033842966,3.7361741065979004
2,15,32,480,700,0.0021075268444599835,0.1817328965119548,leaky_relu,"[128, 32]",65536,0.000802598679784926,4.0,0.5371519415950349,0.7744905300205496,0.513700953265022,0.471297782436372,0.5644886029267527,3.2468908541367822,0.5805157423019409,0.20000000298023224,0.6493781805038452,0.904477517966071,0.9982051849365234
2,15,63,945,255,0.0009350542318651814,0.33247827278953745,relu,"[256, 128, 128, 128]",32768,2.9968786991360487e-06,4.0,0.5371020482143486,0.7750558024557679,0.5144650509432955,0.4704552845528455,0.5675585546706422,3.235121023131594,0.5709719657897949,0.20000000298023224,0.6470242142677307,0.9028333574153465,2.3634161949157715
2,15,16,240,578,0.009540890555905988,0.09402226456801582,relu,"[64, 64]",131072,1.0571709550111711e-07,4.0,0.5375654041439808,0.7753445734163679,0.5147239970578591,0.4694334437888952,0.5696869237710385,3.244536768726457,0.5783141255378723,0.20000000298023224,0.6489073634147644,0.9022047295052735,0.8450026512145996
2,15,16,240,427,0.006790566369425742,0.10638042535123228,leaky_relu,"[64, 32]",131072,1.8622615013953134e-05,4.0,0.5381747315344778,0.7753616564425281,0.5145848446581943,0.47345045238056,0.5635470202832594,3.24483091764404,0.5852577090263367,0.20000000298023224,0.6489661931991577,0.9018720192511518,0.8057634830474854
2,15,16,240,870,0.0031445692429853925,0.16218512236046415,leaky_relu,"[256, 256, 256]",131072,0.0002910079164210485,1.0,0.5369655500586994,0.7746468793418506,0.513225616583246,0.4675945712742023,0.5687257248224724,3.235121023131594,0.25204360485076904,0.20000000298023224,0.6470242142677307,0.4102381328202308,1.954576015472412
2,15,16,240,830,0.0019863657331189097,0.10144859058301899,relu,"[128, 128, 256]",131072,7.1736870559873556e-06,2.0,0.5374990300538761,0.7748152195423248,0.5141209957327034,0.47725306023003183,0.5571619129820707,3.2450273149456486,0.41921454668045044,0.20000000298023224,0.6490054726600647,0.6200644672485204,1.504568099975586
2,15,16,240,765,0.00796272469859302,0.29011443573859386,relu,"[128, 128, 256, 32]",131072,2.749659437552786e-06,2.0,0.5384858336237692,0.7754103301787086,0.5149207528479445,0.4688577134941855,0.5710208325159873,3.248754393327916,0.3911708891391754,0.20000000298023224,0.6497508883476257,0.6202993203633118,1.5909416675567627
2,15,125,1875,222,0.0021818047549359543,0.3638846494445711,relu,"[32, 32, 64, 128]",16384,0.0007952610397900322,2.0,0.5341969975546537,0.7734994113053649,0.5129453617694091,0.4731669318483161,0.560025893522696,3.2185452696897796,0.39511725306510925,0.20000000298023224,0.6437090635299683,0.6239452334770884,3.7459869384765625
2,15,32,480,186,0.008438229397227862,0.4553379539387971,leaky_relu,"[128, 64]",65536,1.6650977374999276e-06,2.0,0.5369331440133219,0.7747781887665124,0.5141576140089216,0.4792770491942252,0.5545137117972458,3.232864987360463,0.41743746399879456,0.20000000298023224,0.646573007106781,0.6204726124161517,1.061570167541504
2,15,63,945,587,0.0017618587203677572,0.45953453319195187,relu,"[128, 256, 128, 128]",32768,1.6260996144697793e-07,4.0,0.5365309403648052,0.7748519422621477,0.5147200635316808,0.4636105674377658,0.5784946447487151,3.224037837623986,0.5622594952583313,0.20000000298023224,0.6448075771331787,0.9031107532154458,2.319267749786377
2,15,125,1875,996,0.00043950297671350785,0.12339283439225164,relu,"[32, 128, 128, 256]",16384,1.602672865245961e-06,1.0,0.5355895497104365,0.7740825925102338,0.5121680682666855,0.4660789975308245,0.5683726313311624,3.2383575552946695,0.23496200144290924,0.20000000298023224,0.6476715207099915,0.41049722268580546,3.8209381103515625
2,15,63,945,386,0.009966938827573057,0.12131074424061246,tanh,"[128, 32, 128]",32768,6.0145108444708164e-05,2.0,0.5357443454633568,0.7734047994202138,0.513035402437778,0.4690010968030223,0.5661952214680843,3.2330613846620713,0.415130078792572,0.20000000298023224,0.646612286567688,0.6215966238158566,2.0128772258758545
2,15,32,480,94,0.0035089759429690476,0.418531593228517,relu,"[128, 256, 64, 256]",65536,0.00010980200296578054,4.0,0.5366291283413123,0.7748097741735159,0.5147098588502514,0.4761289354322305,0.5600945505904508,3.234924923853205,0.5276129841804504,0.20000000298023224,0.6469849944114685,0.9124418334385866,2.1875884532928467
2,15,63,945,290,0.0010682385834196498,0.17506623311271813,tanh,"[256, 256, 64, 128]",32768,1.2709276838986248e-06,2.0,0.5366411074883478,0.7742036017200947,0.5136223301496741,0.4757508863469128,0.5580446467103456,3.242182981339351,0.4188624918460846,0.20000000298023224,0.6484366059303284,0.621430407817668,2.4525699615478516
2,15,125,1875,312,0.000737353863977319,0.2548975657475888,relu,"[128, 32, 128]",16384,2.7002510768766175e-06,4.0,0.5368428182062895,0.7749329604943469,0.5145366243097599,0.46964188844537647,0.5689218878732002,3.2331594343012657,0.5631603598594666,0.20000000298023224,0.6466318964958191,0.9074263768649952,3.1640357971191406
2,15,63,945,323,0.0009797116869548548,0.22054444135149037,leaky_relu,"[128, 64]",32768,0.000583732745829055,1.0,0.5369909955421981,0.7745692416447474,0.5140692985128236,0.4791382393572391,0.5544940954921731,3.2413982862025756,0.26850366592407227,0.20000000298023224,0.6482796669006348,0.4093094213581613,1.485926628112793
2,15,32,480,271,0.009627237308371612,0.3090321285531945,relu,"[32, 256, 32, 64]",65536,3.636943521238537e-05,2.0,0.5356526959553723,0.7742674851706113,0.513634444154934,0.47385653420865037,0.5607026560477069,3.2310994978085237,0.3598184883594513,0.20000000298023224,0.6462199091911316,0.6301986104977445,1.4553439617156982
2,15,125,1875,686,0.0039946355326170154,0.17778681957253833,tanh,"[64, 128]",16384,6.188964981982386e-07,1.0,0.5359390645412846,0.7741624256564048,0.5137954075785133,0.4680830477726265,0.5694024873474832,3.2377692574595027,0.24475470185279846,0.20000000298023224,0.6475538611412048,0.40984335352825507,2.5411574840545654
2,15,125,1875,974,0.0028189161527167566,0.3345962613901921,tanh,"[256, 64]",16384,7.704462912815122e-06,2.0,0.5360136329055755,0.7739180576874705,0.513033812930601,0.4661435372950097,0.5704127270587313,3.226686071951895,0.41037529706954956,0.20000000298023224,0.6453372240066528,0.621429791179802,2.5549561977386475
2,15,125,1875,986,0.000723772249682561,0.2121551740667295,leaky_relu,"[64, 64]",16384,0.0006152255447448094,1.0,0.536560712376863,0.7745512281014284,0.5133854132475546,0.4635171765226531,0.5752775707167798,3.2473811023327546,0.2519916892051697,0.20000000298023224,0.6494762301445007,0.40954958267614877,2.5470454692840576
2,15,32,480,337,0.004248678020019164,0.34671953087519386,relu,"[64, 256]",65536,1.0676922377834784e-05,2.0,0.5369414506857426,0.7747700971801597,0.5138429430962901,0.4694561416319808,0.5674997057554239,3.23904420079225,0.4125102162361145,0.20000000298023224,0.647808849811554,0.6207718276753984,1.2477519512176514
2,15,125,1875,266,0.00042338456732270017,0.3303677856284106,relu,"[256, 128, 128, 64]",16384,1.4609458534357591e-06,4.0,0.5366253439245727,0.7748213529445301,0.514459502721161,0.47054039105963497,0.5674212405351328,3.22923595861739,0.5856436491012573,0.20000000298023224,0.6458472013473511,0.9030078767158728,3.7743959426879883
2,15,63,945,54,0.002110450582631815,0.47563739877583444,leaky_relu,"[256, 64]",32768,2.290674933191843e-07,1.0,0.5364685179154299,0.7746977625241781,0.513781877373847,0.47661152310325156,0.5572403782023618,3.2337477321364325,0.26964935660362244,0.20000000298023224,0.6467495560646057,0.4093696395023746,1.5744009017944336
2,15,32,480,29,0.0048773974168380245,0.3725366319315859,relu,"[128, 128, 256]",65536,0.0001147187671448951,4.0,0.5376805742423063,0.7752677930283328,0.5141167853117009,0.4650057523703733,0.574826395700106,3.247479151971949,0.5669010877609253,0.20000000298023224,0.6494958400726318,0.9023623313777158,1.6824049949645996
2,15,32,480,35,0.0037215432640260626,0.09059529747355985,relu,"[32, 256, 64, 128]",65536,0.000747990745957254,2.0,0.5376380304005863,0.7749400256643093,0.5136870625423346,0.47599042629755467,0.5578680999646907,3.252088975130186,0.40002211928367615,0.20000000298023224,0.6504178047180176,0.6232667010993805,1.6194250583648682
2,15,125,1875,815,0.0016062260154830594,0.43941977682757755,leaky_relu,"[64, 64, 64]",16384,7.353323742803726e-06,4.0,0.5366489634778606,0.7745850001792627,0.5143303222928516,0.47169425375759905,0.5654399937227824,3.2354151720491773,0.566103994846344,0.20000000298023224,0.647083044052124,0.9039240370034713,3.1327500343322754
2,15,16,240,470,0.00237639384329205,0.11168902016763946,leaky_relu,"[128, 64]",131072,5.162986520760686e-07,4.0,0.5371331737180434,0.774731998393544,0.5137633352359966,0.46802318550825117,0.5694122955000196,3.2388481015138613,0.5722084045410156,0.20000000298023224,0.6477696299552917,0.9029361379974853,0.9292867183685303
2,15,32,480,912,0.00309726955795573,0.37591592784027733,leaky_relu,"[256, 32, 32, 256]",65536,6.653463714064621e-07,4.0,0.5359934102646428,0.7746023964802545,0.5141426019515085,0.47395859192691525,0.5617717446741731,3.2271763201478674,0.5773197412490845,0.20000000298023224,0.6454352736473083,0.9188546783936543,1.8806724548339844
2,15,32,480,394,0.004226551538890519,0.4516717750992404,leaky_relu,"[128, 64, 256, 128]",65536,1.3313711019179e-07,1.0,0.5362784665412625,0.7746697097923431,0.5143971325655455,0.470059175440163,0.5679704970771705,3.237573158181114,0.21473996341228485,0.20000000298023224,0.6475146412849426,0.4109295684815463,1.8736209869384766
2,15,32,480,354,0.0014294673751901236,0.17804764557756397,relu,"[64, 128, 128, 128]",65536,5.003641903786301e-05,4.0,0.5364575077929035,0.7748699195621708,0.5142098155978129,0.4686584509599787,0.5695692259406018,3.235611271327566,0.5634974837303162,0.20000000298023224,0.6471222639083862,0.9038351939791691,1.802290916442871
2,15,32,480,859,0.006411549250776858,0.27781552479269084,leaky_relu,"[32, 256, 32, 32]",65536,0.00035379119405919526,4.0,0.5351388600699978,0.7735576215858131,0.5127381287066415,0.47038113562860767,0.5634783632155047,3.2296284551973873,0.5289236903190613,0.20000000298023224,0.6459257006645203,0.9115883320678729,1.6122124195098877
2,15,125,1875,524,0.00045041078768600046,0.2755183107798855,leaky_relu,"[128, 128]",16384,2.143019820807792e-07,2.0,0.5362958817301284,0.7745450972124444,0.5138798756551928,0.4781966063902567,0.5553179803052297,3.2289418096998066,0.42867591977119446,0.20000000298023224,0.6457883715629578,0.6207464862269219,2.637878179550171
2,15,63,945,775,0.0005453399016918657,0.10409748006388284,leaky_relu,"[128, 64]",32768,1.650904720164372e-05,4.0,0.536799328300685,0.7744453095104813,0.5135935038714974,0.4689528316411283,0.5676272117383969,3.2388481015138613,0.5817145109176636,0.20000000298023224,0.6477696299552917,0.9032478503422503,1.5272881984710693
2,15,16,240,917,0.0023850853577531564,0.10258538433379508,leaky_relu,"[64, 128, 64, 64]",131072,3.8431688787787465e-05,4.0,0.5372732793008903,0.7751839060683225,0.5144052909428464,0.47878659850437283,0.5557495390168308,3.2333555335796547,0.5762149095535278,0.20000000298023224,0.6466711163520813,0.9030682969918327,1.2168104648590088
2,15,16,240,351,0.003672052779868415,0.3364691755460184,relu,"[256, 128, 64, 64]",131072,3.4700795728932352e-06,4.0,0.5367750362080321,0.7749381522322351,0.5143104982009533,0.4686000467753252,0.569902703126839,3.23414022871643,0.5605145692825317,0.20000000298023224,0.6468280553817749,0.9036203004546957,1.5822062492370605
2,15,63,945,605,0.005110039942677204,0.3370541540362255,leaky_relu,"[256, 256]",32768,0.0007574622683234178,2.0,0.5334959994763927,0.7734138475818615,0.512401728106088,0.46044678671681355,0.5775726784102946,3.2143276450883205,0.3855515122413635,0.20000000298023224,0.6428655385971069,0.6224726380795466,1.936086893081665
3,40,125,5000,824,0.004715381599833196,0.16584763033094269,leaky_relu,"[256, 128, 64]",16384,1.7115256105042944e-06,2.0,0.5424114938044571,0.7774879981790552,0.5166654209552115,0.4682168442358416,0.5762976185805642,3.270136069206356,0.40328094363212585,0.20000000298023224,0.6540272235870361,0.6175264907096506,7.304687023162842
3,40,125,5000,330,0.004512971190089239,0.2059764737479408,relu,"[256, 256, 32]",16384,1.209876356320391e-07,1.0,0.5417573838040675,0.7771944821845993,0.516204185582992,0.4706305171258046,0.5715504727529522,3.269351374069581,0.24911080300807953,0.20000000298023224,0.6538702845573425,0.4073683521361652,7.365847110748291
3,40,125,5000,98,0.00790222061659122,0.11459560922858276,relu,"[256, 256]",16384,1.608718759331238e-07,1.0,0.5425706355838051,0.7773468833916529,0.5165137947286372,0.4800687401017623,0.5589469967436933,3.271312962899909,0.26430922746658325,0.20000000298023224,0.6542626023292542,0.4073506681316434,5.835506200790405
3,40,125,5000,161,0.004751585460750109,0.05911102627406577,leaky_relu,"[64, 64, 32]",16384,4.936237158074946e-06,2.0,0.5411792667209332,0.7770758586950965,0.5165198633830667,0.47665969941276004,0.5636549099611597,3.27111686362152,0.40651434659957886,0.20000000298023224,0.6542233824729919,0.6176453055127502,7.513017177581787
3,40,125,5000,817,0.004057439498603711,0.13723698674466572,leaky_relu,"[128, 256, 32]",16384,6.27658680656254e-06,1.0,0.541630853805268,0.7766476195880074,0.5164806504123535,0.4768737648016209,0.5632625838597042,3.2763152826381434,0.2554871141910553,0.20000000298023224,0.6552630662918091,0.40779491336485324,7.401299238204956
3,40,63,2520,491,0.0040764999123570605,0.1256144670895113,leaky_relu,"[64, 256, 256, 32]",32768,1.3173418129273819e-05,1.0,0.5411212477250072,0.7763290630956632,0.5163098601753242,0.4795360495239377,0.5591922005571031,3.260916422889882,0.25913330912590027,0.20000000298023224,0.6521832942962646,0.4077925771999819,5.239663600921631
3,40,125,5000,788,0.001265614220539916,0.14555009746691527,relu,"[256, 128, 128, 32]",16384,6.455525951233068e-07,2.0,0.5420394776784611,0.7773347754613048,0.516848759584226,0.47101729925122643,0.5725607124642003,3.2670956363216694,0.40256649255752563,0.20000000298023224,0.6534191370010376,0.6172571977448822,8.763116121292114
3,40,63,2520,138,0.008719796893450125,0.058454101121652516,relu,"[64, 128, 64, 64]",32768,1.3475886236935304e-06,1.0,0.5419902686917637,0.7770908925560953,0.5169541386678227,0.4708408880293324,0.5730805445486288,3.2717054594799064,0.25443392992019653,0.20000000298023224,0.6543411016464233,0.40752742411885545,4.6294238567352295
3,40,63,2520,660,0.005102995266548861,0.1434023498185529,leaky_relu,"[256, 256, 128, 32]",32768,5.966817221958591e-06,2.0,0.5417547797335558,0.7774068175133988,0.5164877130347516,0.47188458480063616,0.5704029189061949,3.2721957076758788,0.4012792408466339,0.20000000298023224,0.6544391512870789,0.6178707524482245,5.418335914611816
3,40,63,2520,47,0.003407035383710923,0.1964007710948773,relu,"[128, 64, 32, 32]",32768,2.645776459778152e-06,4.0,0.5412864035048379,0.7767354372741413,0.5161841165130565,0.47632633089229287,0.5633214327749225,3.26376075649618,0.5834049582481384,0.20000000298023224,0.652752161026001,0.8997754051647077,4.619156360626221
3,40,63,2520,976,0.0019831454816419147,0.17016914831794105,relu,"[128, 256, 32, 32]",32768,1.356856699548968e-05,2.0,0.5419469795076454,0.7770921173005142,0.5164708967437991,0.4790726543758702,0.5602024402683511,3.264349352354566,0.39976948499679565,0.20000000298023224,0.6528698801994324,0.6190773223146011,5.04143762588501
3,40,125,5000,59,0.0007626239252959497,0.15305977555506683,relu,"[256, 256, 64, 64]",16384,1.8966550977696662e-05,2.0,0.5421018362351275,0.7771339619892798,0.5165572476029329,0.47832772062940276,0.5614284593353995,3.2634666075785965,0.4109545946121216,0.20000000298023224,0.6526933312416077,0.6176038574160345,9.058209657669067
3,40,125,5000,224,0.0009891269273199538,0.18597866332380486,leaky_relu,"[256, 256, 64, 64]",16384,1.5342570245214055e-05,2.0,0.5421572298196362,0.7771864724402743,0.5167778217245628,0.48163244553289214,0.5574561575581624,3.270136069206356,0.4141932427883148,0.20000000298023224,0.6540272235870361,0.617355048679848,8.805460453033447
3,40,63,2520,24,0.002145039422706095,0.21549372983027976,relu,"[128, 128, 32]",32768,4.072031106841297e-05,4.0,0.5410541078583013,0.7765856880806729,0.5160099294720711,0.4750119619198469,0.5647534230452352,3.265526246048119,0.5672022700309753,0.20000000298023224,0.6531052589416504,0.8999448313321712,3.866611957550049
3,40,125,5000,18,0.0003887649918076629,0.1329007755495173,leaky_relu,"[256, 256, 128]",16384,5.2230266232289456e-05,1.0,0.5416162205145689,0.7768491464060163,0.5167076766198931,0.47146821576226344,0.5715504727529522,3.2642513027153717,0.25179770588874817,0.20000000298023224,0.6528502702713013,0.40750817065404704,7.322827100753784
3,40,32,1280,904,0.0064759731342329445,0.20052016933587385,relu,"[256, 128, 64, 128]",65536,1.3342716405070946e-05,4.0,0.5404996883837689,0.7763964205634859,0.516124889932492,0.48470178823691557,0.5519047432225666,3.2666050901024777,0.5705482959747314,0.20000000298023224,0.6533210277557373,0.9013151076903615,4.114498615264893
3,40,63,2520,860,0.0020634687080419447,0.23954622386957508,relu,"[128, 256, 256, 32]",32768,6.443462475395991e-06,1.0,0.5415015419680534,0.7767667305702814,0.5161356942748366,0.47591488657062425,0.5637824159441328,3.267389785239253,0.24953986704349518,0.20000000298023224,0.6534779667854309,0.40766651369547985,5.413928985595703
3,40,125,5000,534,0.00798908078634138,0.22831647603675687,relu,"[64, 64, 128]",16384,2.92968522094972e-07,2.0,0.540430772559006,0.7761617294342844,0.5156180236815316,0.47323301862050876,0.5663423437561301,3.2596414795571347,0.4106612503528595,0.20000000298023224,0.6519283056259155,0.6187092246755416,7.65382981300354
3,40,63,2520,822,0.009196797323710187,0.0751392951043598,relu,"[32, 128]",32768,1.4657624630625362e-07,4.0,0.5401497182693262,0.776539348862477,0.515792434751268,0.4673139107026235,0.5754933500725803,3.267389785239253,0.5638721585273743,0.20000000298023224,0.6534779667854309,0.9016090322763372,3.0970921516418457
3,40,125,5000,172,0.0033595136557025692,0.26334245367618786,relu,"[64, 256, 128]",16384,6.109641560343175e-07,2.0,0.5401535910895249,0.7758060301894951,0.5155541660153197,0.48524346125218537,0.5499038801051434,3.25954342991794,0.4132438004016876,0.20000000298023224,0.6519086956977844,0.6202536421519187,7.283313035964966
3,40,125,5000,279,0.0037809281728008164,0.16157891677096065,leaky_relu,"[64, 32]",16384,1.1794772221760208e-07,4.0,0.5404048702196479,0.7762304928028801,0.515551760635412,0.4716124517924267,0.5685197536192083,3.264545451632955,0.5630521178245544,0.20000000298023224,0.6529091000556946,0.9007004412253489,5.736994504928589
3,40,125,5000,646,0.0033426795778267147,0.206893100749433,relu,"[64, 128, 256, 128]",16384,2.9351318132922096e-06,1.0,0.541033445334995,0.7765257716236256,0.51547603674529,0.4720471060293434,0.567705676958688,3.2672917356000584,0.24114808440208435,0.20000000298023224,0.6534583568572998,0.4087731156616139,8.764509916305542
3,40,125,5000,826,0.0016358128026987642,0.0569773746150319,relu,"[64, 32]",16384,7.406393718437421e-07,1.0,0.5404719927414318,0.7762690454964921,0.5159213037089027,0.4666809513606171,0.5767782180548472,3.2605242243331043,0.25384989380836487,0.20000000298023224,0.6521048545837402,0.4078914427325586,5.752013683319092
3,40,63,2520,931,0.004583756515258595,0.3381731075626976,leaky_relu,"[256, 256, 128]",32768,4.384955740024873e-06,1.0,0.5409403277043019,0.7766532302762692,0.5160287284995497,0.47499525722345487,0.56482208011299,3.262583862802627,0.2566254138946533,0.20000000298023224,0.652516782283783,0.40776185352317096,5.114594459533691
3,40,16,640,719,0.006158954690392628,0.06088483860524337,relu,"[256, 256]",131072,1.410058071499496e-06,2.0,0.5414587299238922,0.7766303142079048,0.5162754433114527,0.46435987243678645,0.5812605437639766,3.266507040463283,0.40357670187950134,0.20000000298023224,0.6533014178276062,0.6180178478848327,3.147066354751587
3,40,125,5000,864,0.0014410570737410262,0.26253880683012404,relu,"[128, 256, 128]",16384,2.1652247566559845e-05,4.0,0.5411835001125409,0.7765708285217885,0.5160975829929363,0.47803075276549134,0.5607516968103888,3.265035997852147,0.5847594141960144,0.20000000298023224,0.6530072093009949,0.8999557082760333,7.30007791519165
3,40,63,2520,554,0.0011866632767327295,0.14382747626871067,relu,"[256, 32, 64]",32768,2.3855244339175047e-05,2.0,0.5412590700134408,0.7765088596408096,0.5162836737139738,0.47154405623890183,0.5704029189061949,3.2644474019937606,0.3973298668861389,0.20000000298023224,0.6528894901275635,0.6188842594850394,3.9653711318969727
3,40,125,5000,346,0.0024358508109955305,0.11773789589214874,leaky_relu,"[64, 256, 32]",16384,6.755828781708721e-05,4.0,0.5404642009932021,0.7766318824218853,0.5156913553588138,0.4763155270418509,0.5621640707756287,3.263368557939402,0.5830307006835938,0.20000000298023224,0.6526737213134766,0.8999694758985466,7.264848232269287
3,40,63,2520,583,0.0004292980622284985,0.0674545067827875,leaky_relu,"[128, 256, 128, 64]",32768,1.8039036552078905e-06,2.0,0.5411647306642414,0.776705139333863,0.5164109817575164,0.4801227366220454,0.5586331358625289,3.2638588061353744,0.41217759251594543,0.20000000298023224,0.6527717709541321,0.617893443035955,5.027546167373657
3,40,16,640,50,0.004302895120069144,0.09940845727841122,relu,"[256, 64, 128, 32]",131072,9.086893922015441e-06,2.0,0.5409421473023364,0.7765976346117122,0.5159746100133026,0.4861268918860315,0.5497273333594884,3.2626819124418214,0.41214877367019653,0.20000000298023224,0.6525363922119141,0.6181561125840579,3.1531436443328857
3,40,125,5000,235,0.0014250139127569583,0.30374432025486164,relu,"[256, 256, 64]",16384,2.5084688755463935e-06,1.0,0.5413871622168654,0.7768257461277007,0.5164532801762389,0.4735249621785174,0.5679410726195614,3.2668995370432805,0.2558877468109131,0.20000000298023224,0.6533799171447754,0.4077334190945257,7.3466877937316895
3,40,63,2520,563,0.00276073972281858,0.31171438377165017,relu,"[256, 128, 256, 32]",32768,1.1319303402696327e-07,1.0,0.5414729145865239,0.7767114159055042,0.5163429950611215,0.47431823220752345,0.5665385068068579,3.269939969927967,0.2469238042831421,0.20000000298023224,0.6539880037307739,0.40770051256742945,5.710665464401245
3,40,32,1280,241,0.005439966119278077,0.0605853907246757,leaky_relu,"[128, 32, 256]",65536,6.54094291170834e-05,4.0,0.5400201694881009,0.7759508682841058,0.5152669508223453,0.4787106005134032,0.5578680999646907,3.262093316583435,0.5947890281677246,0.20000000298023224,0.6524186730384827,0.9013635299888513,3.0989573001861572
3,40,125,5000,278,0.0006549570768273144,0.058960919187656245,leaky_relu,"[128, 32]",16384,9.112334648761203e-05,1.0,0.5407830284308728,0.7761073155007855,0.5159217008387909,0.4772956609485368,0.5613499941151084,3.2638588061353744,0.2640135884284973,0.20000000298023224,0.6527717709541321,0.4078815485378447,5.762468576431274
3,40,125,5000,199,0.003181595625734682,0.32344177895834153,leaky_relu,"[128, 128]",16384,1.1238018903539476e-06,2.0,0.5402268849649428,0.7762004685030928,0.5156837975011271,0.4732068979641994,0.5665385068068579,3.2638588061353744,0.40854257345199585,0.20000000298023224,0.6527717709541321,0.6186025027650883,5.767606973648071
3,40,125,5000,294,0.003842689301703065,0.14130774806484434,relu,"[32, 128, 64]",16384,2.443581694929557e-07,2.0,0.5396226941479012,0.7756790999265862,0.514985100228857,0.4649090233939844,0.5771509278512299,3.264349352354566,0.3825608789920807,0.20000000298023224,0.6528698801994324,0.6197803444213026,7.253499746322632
3,40,125,5000,807,0.003826732036344683,0.4323034923087641,leaky_relu,"[256, 32, 128]",16384,1.334750747935463e-06,4.0,0.5402180395105065,0.7759838028700423,0.5155495766400253,0.4671739303641144,0.5751010239711248,3.2580720892835844,0.5450202226638794,0.20000000298023224,0.6516144275665283,0.9141201612700467,7.2408952713012695
3,40,125,5000,935,0.001325828452788451,0.3501811129752533,relu,"[256, 256]",16384,4.913458984562372e-05,4.0,0.540280844308229,0.7762768985072016,0.5158528694440296,0.47882733420135243,0.5590843108792027,3.261112522168271,0.5823975801467896,0.20000000298023224,0.6522225141525269,0.9002236671312872,6.041155576705933
3,40,32,1280,876,0.0018274664110148788,0.06534221352080348,relu,"[128, 64, 256]",65536,7.950671405332101e-05,4.0,0.54131669935451,0.7768535820010097,0.5167771839169679,0.471704224325703,0.5713739260072973,3.267978381097639,0.5784173607826233,0.20000000298023224,0.6535956859588623,0.8996068011204218,3.388035535812378
3,40,63,2520,187,0.0063692800719115684,0.21110982412624063,relu,"[128, 32, 32]",32768,1.041751579291682e-07,1.0,0.5410713737559214,0.776457555908786,0.5160554444152361,0.47280891537739317,0.5680097296873161,3.2654281964089247,0.2568378448486328,0.20000000298023224,0.6530856490135193,0.40782788617145393,3.8770663738250732
4,80,125,10000,98,0.00790222061659122,0.11459560922858276,relu,"[256, 256]",16384,1.608718759331238e-07,1.0,0.5430236232607222,0.7776859678630819,0.5171211941496884,0.4834024188458455,0.5558966613048766,3.272588204255876,0.27060702443122864,0.20000000298023224,0.654517650604248,0.40707572623108107,9.111414909362793
4,80,125,10000,824,0.004715381599833196,0.16584763033094269,leaky_relu,"[256, 128, 64]",16384,1.7115256105042944e-06,2.0,0.5427614708905795,0.7775491493492316,0.5168872466689061,0.47563860565945976,0.5659696339597473,3.271607409840712,0.40041783452033997,0.20000000298023224,0.6543214917182922,0.6170223062459061,11.363181591033936
4,80,125,10000,224,0.0009891269273199538,0.18597866332380486,leaky_relu,"[256, 256, 64, 64]",16384,1.5342570245214055e-05,2.0,0.5426703319664515,0.7778710235942408,0.517318204077311,0.47011939412892,0.5750519832084429,3.273372899392651,0.4031272232532501,0.20000000298023224,0.6546745896339417,0.616786704520722,14.238224744796753
4,80,125,10000,59,0.0007626239252959497,0.15305977555506683,relu,"[256, 256, 64, 64]",16384,1.8966550977696662e-05,2.0,0.5433690573048048,0.7779975676628269,0.5170925721607289,0.47317212180426643,0.5700007846522029,3.2765113819165324,0.40743914246559143,0.20000000298023224,0.6553022861480713,0.6163941440059773,14.063876867294312
4,80,125,10000,788,0.001265614220539916,0.14555009746691527,relu,"[256, 128, 128, 32]",16384,6.455525951233068e-07,2.0,0.5433839182880368,0.7780781355474244,0.51724933907658,0.4651969885700408,0.5824179057632705,3.2772960770533075,0.3938977122306824,0.20000000298023224,0.6554592251777649,0.6163972358400738,13.999969959259033
4,80,63,5040,138,0.008719796893450125,0.058454101121652516,relu,"[64, 128, 64, 64]",32768,1.3475886236935304e-06,1.0,0.5427127817999585,0.7774898377127051,0.5166937286633773,0.4771668065097655,0.563360665385068,3.273176502091043,0.25505995750427246,0.20000000298023224,0.6546353101730347,0.40706476886198817,7.616309642791748
4,80,63,5040,976,0.0019831454816419147,0.17016914831794105,relu,"[128, 256, 32, 32]",32768,1.356856699548968e-05,2.0,0.542921860838833,0.777784197788749,0.5167500962649211,0.4801370497268266,0.5594079799129036,3.273176502091043,0.39356306195259094,0.20000000298023224,0.6546353101730347,0.61827193405401,7.819110631942749
4,80,125,10000,330,0.004512971190089239,0.2059764737479408,relu,"[256, 256, 32]",16384,1.209876356320391e-07,1.0,0.5436100838492373,0.7780313004430199,0.5174031394610289,0.4813529848730416,0.5592902820824669,3.277198027414113,0.26788967847824097,0.20000000298023224,0.6554396152496338,0.406627042414493,11.837036609649658
