candidate_id,best_iteration,duration_seconds,pr_auc,roc_auc,f1,precision,recall,lift_at_10,threshold_f1,base_rate,top10_positive_rate,params_json,round,data_fraction,max_rounds
0,128,7.726,0.5385694564936419,0.7754242188581105,0.516470899938179,0.4697000120477089,0.5735863861507527,3.245912478213357,0.5792150853773955,0.1999980360269546,0.6491761207580566,"{""bagging_fraction"": 0.9890300582365401, ""bagging_freq"": 1, ""bagging_seed"": 42, ""boosting_type"": ""gbdt"", ""data_random_seed"": 42, ""deterministic"": true, ""feature_fraction"": 0.5923798065494423, ""feature_fraction_seed"": 42, ""force_col_wise"": true, ""lambda_l1"": 0.07083653639938664, ""lambda_l2"": 0.1187349975151042, ""learning_rate"": 0.0813285339384323, ""max_bin"": 127, ""max_depth"": 8, ""metric"": ""None"", ""min_data_in_leaf"": 655, ""min_gain_to_split"": 0.12811363267554587, ""num_leaves"": 52, ""objective"": ""binary"", ""scale_pos_weight"": 4.0, ""seed"": 42, ""verbosity"": -1}",1,0.2,128
1,128,8.019,0.5375315270270048,0.775098667431894,0.5156403483879418,0.4646341463414634,0.5792261291746359,3.249345441440432,0.5619571566282745,0.1999980360269546,0.6498627066612244,"{""bagging_fraction"": 0.7495363894722991, ""bagging_freq"": 1, ""bagging_seed"": 43, ""boosting_type"": ""gbdt"", ""data_random_seed"": 43, ""deterministic"": true, ""feature_fraction"": 0.9202427259718735, ""feature_fraction_seed"": 43, ""force_col_wise"": true, ""lambda_l1"": 1.1095541345082172e-06, ""lambda_l2"": 0.0009800835121047862, ""learning_rate"": 0.027295579256587727, ""max_bin"": 127, ""max_depth"": 8, ""metric"": ""None"", ""min_data_in_leaf"": 538, ""min_gain_to_split"": 0.06381725610417532, ""num_leaves"": 207, ""objective"": ""binary"", ""scale_pos_weight"": 4.0, ""seed"": 43, ""verbosity"": -1}",1,0.2,128
2,128,9.368,0.5375926258583584,0.7749228897616425,0.5165150578468604,0.4697401710774668,0.5736354273944387,3.2527781066413564,0.4097997918062643,0.1999980360269546,0.6505492329597473,"{""bagging_fraction"": 0.9002725736831929, ""bagging_freq"": 1, ""bagging_seed"": 44, ""boosting_type"": ""gbdt"", ""data_random_seed"": 44, ""deterministic"": true, ""feature_fraction"": 0.951904504594989, ""feature_fraction_seed"": 44, ""force_col_wise"": true, ""lambda_l1"": 5.646097462944218e-07, ""lambda_l2"": 0.00015866788529011412, ""learning_rate"": 0.05532163137042059, ""max_bin"": 63, ""max_depth"": 12, ""metric"": ""None"", ""min_data_in_leaf"": 1795, ""min_gain_to_split"": 0.04380376578722878, ""num_leaves"": 128, ""objective"": ""binary"", ""scale_pos_weight"": 2.0, ""seed"": 44, ""verbosity"": -1}",1,0.2,128
3,128,8.914,0.5384981653763717,0.7747605997110681,0.5156339581036383,0.468448255138427,0.573390221176009,3.258662931008213,0.4086189319354113,0.1999980360269546,0.6517261862754822,"{""bagging_fraction"": 0.716706867715691, ""bagging_freq"": 1, ""bagging_seed"": 45, ""boosting_type"": ""gbdt"", ""data_random_seed"": 45, ""deterministic"": true, ""feature_fraction"": 0.6966214111621685, ""feature_fraction_seed"": 45, ""force_col_wise"": true, ""lambda_l1"": 0.00016826829781876375, ""lambda_l2"": 5.072735659008742e-07, ""learning_rate"": 0.06358108040518996, ""max_bin"": 127, ""max_depth"": -1, ""metric"": ""None"", ""min_data_in_leaf"": 1774, ""min_gain_to_split"": 0.12992150533547164, ""num_leaves"": 124, ""objective"": ""binary"", ""scale_pos_weight"": 2.0, ""seed"": 45, ""verbosity"": -1}",1,0.2,128
4,128,8.035,0.535316256845237,0.7743559275298666,0.5153246753246753,0.4612344530977565,0.5837869648374283,3.2380663437503654,0.5362658732161771,0.1999980360269546,0.6476069092750549,"{""bagging_fraction"": 0.6905649886219185, ""bagging_freq"": 1, ""bagging_seed"": 46, ""boosting_type"": ""gbdt"", ""data_random_seed"": 46, ""deterministic"": true, ""feature_fraction"": 0.8651192959010121, ""feature_fraction_seed"": 46, ""force_col_wise"": true, ""lambda_l1"": 0.3092702978179819, ""lambda_l2"": 0.1749360102840249, ""learning_rate"": 0.018486985560788934, ""max_bin"": 63, ""max_depth"": 16, ""metric"": ""None"", ""min_data_in_leaf"": 1079, ""min_gain_to_split"": 0.38747837903017446, ""num_leaves"": 100, ""objective"": ""binary"", ""scale_pos_weight"": 4.0, ""seed"": 46, ""verbosity"": -1}",1,0.2,128
5,128,6.788,0.5372077167598469,0.7752121594458328,0.5151028556548911,0.4619546179893356,0.5820705213084204,3.2395374008290045,0.4029858348757573,0.1999980360269546,0.6479011178016663,"{""bagging_fraction"": 0.9041159698759622, ""bagging_freq"": 1, ""bagging_seed"": 47, ""boosting_type"": ""gbdt"", ""data_random_seed"": 47, ""deterministic"": true, ""feature_fraction"": 0.5533130213879526, ""feature_fraction_seed"": 47, ""force_col_wise"": true, ""lambda_l1"": 0.009630696777835738, ""lambda_l2"": 0.022206924070447543, ""learning_rate"": 0.06348585846667569, ""max_bin"": 127, ""max_depth"": 6, ""metric"": ""None"", ""min_data_in_leaf"": 105, ""min_gain_to_split"": 0.7807290310219679, ""num_leaves"": 22, ""objective"": ""binary"", ""scale_pos_weight"": 2.0, ""seed"": 47, ""verbosity"": -1}",1,0.2,128
6,128,7.662,0.5370894910773283,0.7750588229621114,0.5156890099426471,0.4701227390180879,0.5710362414790839,3.2395374008290045,0.2571080228212835,0.1999980360269546,0.6479011178016663,"{""bagging_fraction"": 0.8043562479165349, ""bagging_freq"": 1, ""bagging_seed"": 48, ""boosting_type"": ""gbdt"", ""data_random_seed"": 48, ""deterministic"": true, ""feature_fraction"": 0.7619932927644096, ""feature_fraction_seed"": 48, ""force_col_wise"": true, ""lambda_l1"": 0.07673433199367605, ""lambda_l2"": 0.005157804538832597, ""learning_rate"": 0.04665428620184825, ""max_bin"": 63, ""max_depth"": 6, ""metric"": ""None"", ""min_data_in_leaf"": 589, ""min_gain_to_split"": 0.5535794006579958, ""num_leaves"": 22, ""objective"": ""binary"", ""scale_pos_weight"": 1.0, ""seed"": 48, ""verbosity"": -1}",1,0.2,128
7,128,7.849,0.5330597878329996,0.7726300437192783,0.5141638075129762,0.4661243370419109,0.5732430974449512,3.208152266924737,0.2494996481469352,0.1999980360269546,0.6416241526603699,"{""bagging_fraction"": 0.7338378896760863, ""bagging_freq"": 1, ""bagging_seed"": 49, ""boosting_type"": ""gbdt"", ""data_random_seed"": 49, ""deterministic"": true, ""feature_fraction"": 0.6465631027687881, ""feature_fraction_seed"": 49, ""force_col_wise"": true, ""lambda_l1"": 0.4793223274008138, ""lambda_l2"": 1.2748390933572839e-06, ""learning_rate"": 0.02277576921655751, ""max_bin"": 127, ""max_depth"": 10, ""metric"": ""None"", ""min_data_in_leaf"": 250, ""min_gain_to_split"": 0.05830274168906602, ""num_leaves"": 16, ""objective"": ""binary"", ""scale_pos_weight"": 1.0, ""seed"": 49, ""verbosity"": -1}",1,0.2,128
8,128,4.092,0.5372824941018364,0.7748059387361801,0.5159256875235834,0.4712513178168843,0.5699573341179932,3.254739714763642,0.2565313511847986,0.1999980360269546,0.6509415507316589,"{""bagging_fraction"": 0.7328740876480317, ""bagging_freq"": 1, ""bagging_seed"": 50, ""boosting_type"": ""gbdt"", ""data_random_seed"": 50, ""deterministic"": true, ""feature_fraction"": 0.8489410931473245, ""feature_fraction_seed"": 50, ""force_col_wise"": true, ""lambda_l1"": 0.2119256198100948, ""lambda_l2"": 3.182411089750532e-07, ""learning_rate"": 0.022145885604701734, ""max_bin"": 127, ""max_depth"": -1, ""metric"": ""None"", ""min_data_in_leaf"": 901, ""min_gain_to_split"": 0.022712073133860478, ""num_leaves"": 98, ""objective"": ""binary"", ""scale_pos_weight"": 1.0, ""seed"": 50, ""verbosity"": -1}",1,0.2,128
9,128,56.605,0.5380604663029905,0.7754328883326733,0.5166350741878554,0.4648318042813456,0.5814329851405031,3.2478740863356426,0.2512288379358969,0.1999980360269546,0.6495684385299683,"{""bagging_fraction"": 0.6185404462209259, ""bagging_freq"": 1, ""bagging_seed"": 51, ""boosting_type"": ""gbdt"", ""data_random_seed"": 51, ""deterministic"": true, ""feature_fraction"": 0.7754701487965137, ""feature_fraction_seed"": 51, ""force_col_wise"": true, ""lambda_l1"": 0.018487720879080554, ""lambda_l2"": 0.00010361114668834579, ""learning_rate"": 0.07072297449733993, ""max_bin"": 63, ""max_depth"": -1, ""metric"": ""None"", ""min_data_in_leaf"": 91, ""min_gain_to_split"": 0.3810212260964825, ""num_leaves"": 56, ""objective"": ""binary"", ""scale_pos_weight"": 1.0, ""seed"": 51, ""verbosity"": -1}",1,0.2,128
10,128,3.871,0.5383541410025294,0.7755692357968202,0.5159333636619657,0.4620876988746604,0.583983129812172,3.258662931008213,0.2482998655152474,0.1999980360269546,0.6517261862754822,"{""bagging_fraction"": 0.9588613108184232, ""bagging_freq"": 1, ""bagging_seed"": 52, ""boosting_type"": ""gbdt"", ""data_random_seed"": 52, ""deterministic"": true, ""feature_fraction"": 0.9828539490472815, ""feature_fraction_seed"": 52, ""force_col_wise"": true, ""lambda_l1"": 0.019831894538957492, ""lambda_l2"": 2.4707548306225857e-06, ""learning_rate"": 0.055115004664139884, ""max_bin"": 63, ""max_depth"": 16, ""metric"": ""None"", ""min_data_in_leaf"": 77, ""min_gain_to_split"": 0.9691763773477239, ""num_leaves"": 42, ""objective"": ""binary"", ""scale_pos_weight"": 1.0, ""seed"": 52, ""verbosity"": -1}",1,0.2,128
11,128,9.882,0.538693353433025,0.7755621154519621,0.5155438052693956,0.4815839897807111,0.55465646608798,3.255229967781138,0.4256511189651548,0.1999980360269546,0.6510396003723145,"{""bagging_fraction"": 0.9561710784447288, ""bagging_freq"": 1, ""bagging_seed"": 53, ""boosting_type"": ""gbdt"", ""data_random_seed"": 53, ""deterministic"": true, ""feature_fraction"": 0.5933759329690748, ""feature_fraction_seed"": 53, ""force_col_wise"": true, ""lambda_l1"": 0.00012646973498480586, ""lambda_l2"": 6.626287623931756e-07, ""learning_rate"": 0.0696832319288129, ""max_bin"": 127, ""max_depth"": 12, ""metric"": ""None"", ""min_data_in_leaf"": 136, ""min_gain_to_split"": 0.3059566241506525, ""num_leaves"": 54, ""objective"": ""binary"", ""scale_pos_weight"": 2.0, ""seed"": 53, ""verbosity"": -1}",1,0.2,128
12,128,116.439,0.53609836409449,0.7745074960276006,0.5154183092422251,0.4656693972852111,0.5770683144524545,3.238556596767862,0.527698715652993,0.1999980360269546,0.6477049589157104,"{""bagging_fraction"": 0.8322889783160994, ""bagging_freq"": 1, ""bagging_seed"": 54, ""boosting_type"": ""gbdt"", ""data_random_seed"": 54, ""deterministic"": true, ""feature_fraction"": 0.7444418678987967, ""feature_fraction_seed"": 54, ""force_col_wise"": true, ""lambda_l1"": 0.001806682010472525, ""lambda_l2"": 0.007056988569559169, ""learning_rate"": 0.016139903169009727, ""max_bin"": 127, ""max_depth"": -1, ""metric"": ""None"", ""min_data_in_leaf"": 711, ""min_gain_to_split"": 0.08444432113988909, ""num_leaves"": 170, ""objective"": ""binary"", ""scale_pos_weight"": 4.0, ""seed"": 54, ""verbosity"": -1}",1,0.2,128
13,128,6.87,0.5344658110995957,0.7735073282267609,0.5143932683790965,0.4689329403690097,0.5696140454121916,3.2253161889816604,0.3557810329997991,0.1999980360269546,0.6450569033622742,"{""bagging_fraction"": 0.5965313354751482, ""bagging_freq"": 1, ""bagging_seed"": 55, ""boosting_type"": ""gbdt"", ""data_random_seed"": 55, ""deterministic"": true, ""feature_fraction"": 0.6150358849897212, ""feature_fraction_seed"": 55, ""force_col_wise"": true, ""lambda_l1"": 0.0019444695635503699, ""lambda_l2"": 3.4303364402694005e-07, ""learning_rate"": 0.011192885630312382, ""max_bin"": 127, ""max_depth"": 8, ""metric"": ""None"", ""min_data_in_leaf"": 169, ""min_gain_to_split"": 0.9251201183767972, ""num_leaves"": 61, ""objective"": ""binary"", ""scale_pos_weight"": 2.0, ""seed"": 55, ""verbosity"": -1}",1,0.2,128
14,128,53.773,0.5355246074410236,0.7743047148590786,0.5147852125855957,0.46711420123072,0.5732921386886372,3.230219911261224,0.3996770661026657,0.1999980360269546,0.6460376381874084,"{""bagging_fraction"": 0.9022308522626288, ""bagging_freq"": 1, ""bagging_seed"": 56, ""boosting_type"": ""gbdt"", ""data_random_seed"": 56, ""deterministic"": true, ""feature_fraction"": 0.7670365466243051, ""feature_fraction_seed"": 56, ""force_col_wise"": true, ""lambda_l1"": 5.5535412152211086e-08, ""lambda_l2"": 0.00023984185670010942, ""learning_rate"": 0.025582945470470315, ""max_bin"": 63, ""max_depth"": 6, ""metric"": ""None"", ""min_data_in_leaf"": 1716, ""min_gain_to_split"": 0.4907069943545209, ""num_leaves"": 80, ""objective"": ""binary"", ""scale_pos_weight"": 2.0, ""seed"": 56, ""verbosity"": -1}",1,0.2,128
15,128,41.743,0.5378977333794781,0.7755331542722177,0.5160067772427323,0.4730431228285305,0.5675543131773821,3.2473838333181466,0.5835637977488528,0.1999980360269546,0.6494703888893127,"{""bagging_fraction"": 0.784302581112192, ""bagging_freq"": 1, ""bagging_seed"": 57, ""boosting_type"": ""gbdt"", ""data_random_seed"": 57, ""deterministic"": true, ""feature_fraction"": 0.6992060488041485, ""feature_fraction_seed"": 57, ""force_col_wise"": true, ""lambda_l1"": 8.916679213564964e-05, ""lambda_l2"": 1.5649797375398334e-08, ""learning_rate"": 0.04703318235733728, ""max_bin"": 63, ""max_depth"": 16, ""metric"": ""None"", ""min_data_in_leaf"": 134, ""min_gain_to_split"": 0.8262919241943578, ""num_leaves"": 57, ""objective"": ""binary"", ""scale_pos_weight"": 4.0, ""seed"": 57, ""verbosity"": -1}",1,0.2,128
16,128,64.993,0.5345683771329185,0.7734323651398942,0.514592565104451,0.4636900078678206,0.5780491393261733,3.2287488541825846,0.3695934068821491,0.1999980360269546,0.6457434296607971,"{""bagging_fraction"": 0.8467401856113559, ""bagging_freq"": 1, ""bagging_seed"": 58, ""boosting_type"": ""gbdt"", ""data_random_seed"": 58, ""deterministic"": true, ""feature_fraction"": 0.6765552027275538, ""feature_fraction_seed"": 58, ""force_col_wise"": true, ""lambda_l1"": 0.0349101350254459, ""lambda_l2"": 0.08276132351381225, ""learning_rate"": 0.014619944624508408, ""max_bin"": 63, ""max_depth"": 6, ""metric"": ""None"", ""min_data_in_leaf"": 597, ""min_gain_to_split"": 0.10774094595589656, ""num_leaves"": 72, ""objective"": ""binary"", ""scale_pos_weight"": 2.0, ""seed"": 58, ""verbosity"": -1}",1,0.2,128
17,128,3.621,0.5321140242721123,0.7720456427302919,0.5131587803728882,0.4729528535980148,0.5608356627924084,3.213056287230452,0.2533576881415632,0.1999980360269546,0.6426049470901489,"{""bagging_fraction"": 0.923405384409586, ""bagging_freq"": 1, ""bagging_seed"": 59, ""boosting_type"": ""gbdt"", ""data_random_seed"": 59, ""deterministic"": true, ""feature_fraction"": 0.7169150277380975, ""feature_fraction_seed"": 59, ""force_col_wise"": true, ""lambda_l1"": 0.18804563142456526, ""lambda_l2"": 7.149077999069411e-06, ""learning_rate"": 0.018653170606174004, ""max_bin"": 127, ""max_depth"": 16, ""metric"": ""None"", ""min_data_in_leaf"": 387, ""min_gain_to_split"": 0.952899395069745, ""num_leaves"": 17, ""objective"": ""binary"", ""scale_pos_weight"": 1.0, ""seed"": 59, ""verbosity"": -1}",1,0.2,128
18,128,5.478,0.5366896122427867,0.7752874021155881,0.5147957402234636,0.4637675461015216,0.5784414692756609,3.240027951872651,0.5729796703737088,0.1999980360269546,0.6479992270469666,"{""bagging_fraction"": 0.7457936770013671, ""bagging_freq"": 1, ""bagging_seed"": 60, ""boosting_type"": ""gbdt"", ""data_random_seed"": 60, ""deterministic"": true, ""feature_fraction"": 0.5702097787265481, ""feature_fraction_seed"": 60, ""force_col_wise"": true, ""lambda_l1"": 8.538470386153106, ""lambda_l2"": 1.0594864243782975, ""learning_rate"": 0.04034169927208434, ""max_bin"": 127, ""max_depth"": 16, ""metric"": ""None"", ""min_data_in_leaf"": 92, ""min_gain_to_split"": 0.7486080194569492, ""num_leaves"": 31, ""objective"": ""binary"", ""scale_pos_weight"": 4.0, ""seed"": 60, ""verbosity"": -1}",1,0.2,128
19,128,8.017,0.5369840058372348,0.7748486042874974,0.5155590544293556,0.4652300891940958,0.5780981805698593,3.2444414211347183,0.2519353956040142,0.1999980360269546,0.6488819122314453,"{""bagging_fraction"": 0.8477475684254925, ""bagging_freq"": 1, ""bagging_seed"": 61, ""boosting_type"": ""gbdt"", ""data_random_seed"": 61, ""deterministic"": true, ""feature_fraction"": 0.8974055944499446, ""feature_fraction_seed"": 61, ""force_col_wise"": true, ""lambda_l1"": 2.306319971973142e-05, ""lambda_l2"": 7.082719010199231e-08, ""learning_rate"": 0.11240219270286719, ""max_bin"": 63, ""max_depth"": 16, ""metric"": ""None"", ""min_data_in_leaf"": 160, ""min_gain_to_split"": 0.746789611349026, ""num_leaves"": 65, ""objective"": ""binary"", ""scale_pos_weight"": 1.0, ""seed"": 61, ""verbosity"": -1}",1,0.2,128
20,128,33.309,0.5377866794338172,0.775151971863692,0.5160529536099677,0.4723059379327197,0.5687313030258447,3.254249163719995,0.2592907814023623,0.1999980360269546,0.6508434414863586,"{""bagging_fraction"": 0.6306707386709827, ""bagging_freq"": 1, ""bagging_seed"": 62, ""boosting_type"": ""gbdt"", ""data_random_seed"": 62, ""deterministic"": true, ""feature_fraction"": 0.6189779424810223, ""feature_fraction_seed"": 62, ""force_col_wise"": true, ""lambda_l1"": 0.0024799625563259368, ""lambda_l2"": 0.7431190035716198, ""learning_rate"": 0.12640893072568987, ""max_bin"": 63, ""max_depth"": -1, ""metric"": ""None"", ""min_data_in_leaf"": 1073, ""min_gain_to_split"": 0.19643466571457324, ""num_leaves"": 30, ""objective"": ""binary"", ""scale_pos_weight"": 1.0, ""seed"": 62, ""verbosity"": -1}",1,0.2,128
21,128,1.955,0.5383714310143962,0.7755350788847479,0.5151160995832322,0.4679862168442984,0.5728017262517777,3.2611147921479944,0.2577494716880615,0.1999980360269546,0.6522165536880493,"{""bagging_fraction"": 0.5562713294686907, ""bagging_freq"": 1, ""bagging_seed"": 63, ""boosting_type"": ""gbdt"", ""data_random_seed"": 63, ""deterministic"": true, ""feature_fraction"": 0.6147538761480629, ""feature_fraction_seed"": 63, ""force_col_wise"": true, ""lambda_l1"": 1.1665524496514149e-06, ""lambda_l2"": 1.5360309271896555e-07, ""learning_rate"": 0.08209165948013791, ""max_bin"": 127, ""max_depth"": 6, ""metric"": ""None"", ""min_data_in_leaf"": 317, ""min_gain_to_split"": 0.6776586736128575, ""num_leaves"": 235, ""objective"": ""binary"", ""scale_pos_weight"": 1.0, ""seed"": 63, ""verbosity"": -1}",1,0.2,128
22,128,3.108,0.5387472401284977,0.7754769545040747,0.5166721186348272,0.465205780710022,0.5809425727036438,3.2567013228859274,0.3989798579935916,0.1999980360269546,0.6513338685035706,"{""bagging_fraction"": 0.8719332083271107, ""bagging_freq"": 1, ""bagging_seed"": 64, ""boosting_type"": ""gbdt"", ""data_random_seed"": 64, ""deterministic"": true, ""feature_fraction"": 0.9118560367820182, ""feature_fraction_seed"": 64, ""force_col_wise"": true, ""lambda_l1"": 0.04475649157920147, ""lambda_l2"": 1.511888501313396e-07, ""learning_rate"": 0.039399454307454534, ""max_bin"": 127, ""max_depth"": 12, ""metric"": ""None"", ""min_data_in_leaf"": 104, ""min_gain_to_split"": 0.12375380365034461, ""num_leaves"": 107, ""objective"": ""binary"", ""scale_pos_weight"": 2.0, ""seed"": 64, ""verbosity"": -1}",1,0.2,128
23,128,27.64,0.5363549135155593,0.7749332812262979,0.5153055705786912,0.4610203607648835,0.5840812122995439,3.2405182048901477,0.3936808472236155,0.1999980360269546,0.6480972766876221,"{""bagging_fraction"": 0.9800304656711365, ""bagging_freq"": 1, ""bagging_seed"": 65, ""boosting_type"": ""gbdt"", ""data_random_seed"": 65, ""deterministic"": true, ""feature_fraction"": 0.8482888957436121, ""feature_fraction_seed"": 65, ""force_col_wise"": true, ""lambda_l1"": 3.7845656386038534e-06, ""lambda_l2"": 2.1051151841103697, ""learning_rate"": 0.02934865739915204, ""max_bin"": 127, ""max_depth"": 16, ""metric"": ""None"", ""min_data_in_leaf"": 303, ""min_gain_to_split"": 0.024859491386256316, ""num_leaves"": 35, ""objective"": ""binary"", ""scale_pos_weight"": 2.0, ""seed"": 65, ""verbosity"": -1}",1,0.2,128
24,128,1.981,0.5369789049207079,0.7751428240919509,0.5149544863459038,0.4743298500681508,0.5631896424893336,3.240027951872651,0.4177276377620789,0.1999980360269546,0.6479992270469666,"{""bagging_fraction"": 0.8182191489554678, ""bagging_freq"": 1, ""bagging_seed"": 66, ""boosting_type"": ""gbdt"", ""data_random_seed"": 66, ""deterministic"": true, ""feature_fraction"": 0.9848043604644318, ""feature_fraction_seed"": 66, ""force_col_wise"": true, ""lambda_l1"": 2.4957954831585463, ""lambda_l2"": 0.1734795314588783, ""learning_rate"": 0.0556688932624745, ""max_bin"": 63, ""max_depth"": 12, ""metric"": ""None"", ""min_data_in_leaf"": 235, ""min_gain_to_split"": 0.4673816015552915, ""num_leaves"": 20, ""objective"": ""binary"", ""scale_pos_weight"": 2.0, ""seed"": 66, ""verbosity"": -1}",1,0.2,128
25,128,1.814,0.5296329909659904,0.7712676059395105,0.5119736842105264,0.4630489111031774,0.5724584375459761,3.197853973295814,0.3486625936163064,0.1999980360269546,0.6395645141601562,"{""bagging_fraction"": 0.6546883338848952, ""bagging_freq"": 1, ""bagging_seed"": 67, ""boosting_type"": ""gbdt"", ""data_random_seed"": 67, ""deterministic"": true, ""feature_fraction"": 0.9085676897463228, ""feature_fraction_seed"": 67, ""force_col_wise"": true, ""lambda_l1"": 0.0005983100741210009, ""lambda_l2"": 0.0028453938356081164, ""learning_rate"": 0.010494885040050998, ""max_bin"": 127, ""max_depth"": 12, ""metric"": ""None"", ""min_data_in_leaf"": 1066, ""min_gain_to_split"": 0.8677389537760112, ""num_leaves"": 20, ""objective"": ""binary"", ""scale_pos_weight"": 2.0, ""seed"": 67, ""verbosity"": -1}",1,0.2,128
26,128,2.412,0.5359710919029638,0.7749670220709315,0.5158034648223659,0.477039753312776,0.5614241577166397,3.2380663437503654,0.5835469866499591,0.1999980360269546,0.6476069092750549,"{""bagging_fraction"": 0.7542535969343349, ""bagging_freq"": 1, ""bagging_seed"": 68, ""boosting_type"": ""gbdt"", ""data_random_seed"": 68, ""deterministic"": true, ""feature_fraction"": 0.9403707842885463, ""feature_fraction_seed"": 68, ""force_col_wise"": true, ""lambda_l1"": 1.7004194602762726e-06, ""lambda_l2"": 1.348842579246839e-06, ""learning_rate"": 0.030564818158780472, ""max_bin"": 63, ""max_depth"": 16, ""metric"": ""None"", ""min_data_in_leaf"": 554, ""min_gain_to_split"": 0.7460142802434464, ""num_leaves"": 43, ""objective"": ""binary"", ""scale_pos_weight"": 4.0, ""seed"": 68, ""verbosity"": -1}",1,0.2,128
27,128,1.774,0.5302080941805595,0.7706458184051479,0.5118684931506849,0.4627486724260918,0.57265460252072,3.195402112156032,0.2398618492604446,0.1999980360269546,0.6390741467475891,"{""bagging_fraction"": 0.9210988857053536, ""bagging_freq"": 1, ""bagging_seed"": 69, ""boosting_type"": ""gbdt"", ""data_random_seed"": 69, ""deterministic"": true, ""feature_fraction"": 0.6157779598867142, ""feature_fraction_seed"": 69, ""force_col_wise"": true, ""lambda_l1"": 6.208862830920144e-06, ""lambda_l2"": 1.971729784039379e-07, ""learning_rate"": 0.01329892783827427, ""max_bin"": 127, ""max_depth"": 12, ""metric"": ""None"", ""min_data_in_leaf"": 448, ""min_gain_to_split"": 0.9209704724874502, ""num_leaves"": 18, ""objective"": ""binary"", ""scale_pos_weight"": 1.0, ""seed"": 69, ""verbosity"": -1}",1,0.2,128
28,128,1.825,0.532696111940542,0.7733943397626485,0.5143199680298388,0.4698795180722891,0.5680447256142416,3.202757993601528,0.5561338272760484,0.1999980360269546,0.6405453085899353,"{""bagging_fraction"": 0.6285886619211337, ""bagging_freq"": 1, ""bagging_seed"": 70, ""boosting_type"": ""gbdt"", ""data_random_seed"": 70, ""deterministic"": true, ""feature_fraction"": 0.5749279341239171, ""feature_fraction_seed"": 70, ""force_col_wise"": true, ""lambda_l1"": 3.022994754874629e-08, ""lambda_l2"": 0.0020907126404813843, ""learning_rate"": 0.02162005528275807, ""max_bin"": 63, ""max_depth"": 8, ""metric"": ""None"", ""min_data_in_leaf"": 54, ""min_gain_to_split"": 0.6807145267995064, ""num_leaves"": 23, ""objective"": ""binary"", ""scale_pos_weight"": 4.0, ""seed"": 70, ""verbosity"": -1}",1,0.2,128
29,128,2.289,0.5362705990728968,0.7745381181702052,0.5153638096927238,0.4702812057454987,0.5700063753616792,3.2444414211347183,0.4021732760232059,0.1999980360269546,0.6488819122314453,"{""bagging_fraction"": 0.5695637779057564, ""bagging_freq"": 1, ""bagging_seed"": 71, ""boosting_type"": ""gbdt"", ""data_random_seed"": 71, ""deterministic"": true, ""feature_fraction"": 0.9330092320699928, ""feature_fraction_seed"": 71, ""force_col_wise"": true, ""lambda_l1"": 4.300170607424648e-07, ""lambda_l2"": 1.351150853602253e-06, ""learning_rate"": 0.023658464243601237, ""max_bin"": 127, ""max_depth"": 8, ""metric"": ""None"", ""min_data_in_leaf"": 1261, ""min_gain_to_split"": 0.24938757583221183, ""num_leaves"": 63, ""objective"": ""binary"", ""scale_pos_weight"": 2.0, ""seed"": 71, ""verbosity"": -1}",1,0.2,128
30,128,2.009,0.533437814994014,0.7739114779186501,0.5144470422162425,0.4674710386018359,0.5719189838654308,3.206190658802452,0.5723251267245727,0.1999980360269546,0.6412318348884583,"{""bagging_fraction"": 0.9250563492048518, ""bagging_freq"": 1, ""bagging_seed"": 72, ""boosting_type"": ""gbdt"", ""data_random_seed"": 72, ""deterministic"": true, ""feature_fraction"": 0.5957523563066722, ""feature_fraction_seed"": 72, ""force_col_wise"": true, ""lambda_l1"": 2.935329087302803e-08, ""lambda_l2"": 2.1065744922345595, ""learning_rate"": 0.030871846084803155, ""max_bin"": 63, ""max_depth"": -1, ""metric"": ""None"", ""min_data_in_leaf"": 345, ""min_gain_to_split"": 0.0991131415798755, ""num_leaves"": 17, ""objective"": ""binary"", ""scale_pos_weight"": 4.0, ""seed"": 72, ""verbosity"": -1}",1,0.2,128
31,128,3.992,0.5367067870457622,0.77279453345587,0.5159325525673467,0.4747383169867304,0.5649551272620273,3.237575792706719,0.4148323936572012,0.1999980360269546,0.6475088000297546,"{""bagging_fraction"": 0.8391174741979965, ""bagging_freq"": 1, ""bagging_seed"": 73, ""boosting_type"": ""gbdt"", ""data_random_seed"": 73, ""deterministic"": true, ""feature_fraction"": 0.900764893347098, ""feature_fraction_seed"": 73, ""force_col_wise"": true, ""lambda_l1"": 0.10255744462555763, ""lambda_l2"": 1.6254360055490458e-07, ""learning_rate"": 0.11523979380314743, ""max_bin"": 63, ""max_depth"": 16, ""metric"": ""None"", ""min_data_in_leaf"": 964, ""min_gain_to_split"": 0.5360680359476373, ""num_leaves"": 241, ""objective"": ""binary"", ""scale_pos_weight"": 2.0, ""seed"": 73, ""verbosity"": -1}",1,0.2,128
32,128,2.337,0.5382379283672203,0.7750846636360663,0.516395271023868,0.4736282171938295,0.567652395664754,3.2478740863356426,0.4147566055329758,0.1999980360269546,0.6495684385299683,"{""bagging_fraction"": 0.6128957849292807, ""bagging_freq"": 1, ""bagging_seed"": 74, ""boosting_type"": ""gbdt"", ""data_random_seed"": 74, ""deterministic"": true, ""feature_fraction"": 0.6699084928753808, ""feature_fraction_seed"": 74, ""force_col_wise"": true, ""lambda_l1"": 0.00019993805649312445, ""lambda_l2"": 5.6494259092098665e-05, ""learning_rate"": 0.10199599117895278, ""max_bin"": 63, ""max_depth"": 12, ""metric"": ""None"", ""min_data_in_leaf"": 529, ""min_gain_to_split"": 0.2325699405288737, ""num_leaves"": 56, ""objective"": ""binary"", ""scale_pos_weight"": 2.0, ""seed"": 74, ""verbosity"": -1}",1,0.2,128
33,128,2.078,0.5368181103482892,0.7748417599180069,0.5153067927998949,0.4655192878338279,0.5770192732087686,3.254739714763642,0.250600896045034,0.1999980360269546,0.6509415507316589,"{""bagging_fraction"": 0.6835944135570784, ""bagging_freq"": 1, ""bagging_seed"": 75, ""boosting_type"": ""gbdt"", ""data_random_seed"": 75, ""deterministic"": true, ""feature_fraction"": 0.8585845054551755, ""feature_fraction_seed"": 75, ""force_col_wise"": true, ""lambda_l1"": 3.4651444249776, ""lambda_l2"": 1.7665753892565612, ""learning_rate"": 0.026971863779768724, ""max_bin"": 127, ""max_depth"": 8, ""metric"": ""None"", ""min_data_in_leaf"": 203, ""min_gain_to_split"": 0.4809104283000786, ""num_leaves"": 38, ""objective"": ""binary"", ""scale_pos_weight"": 1.0, ""seed"": 75, ""verbosity"": -1}",1,0.2,128
34,128,2.519,0.5383974977055439,0.7753465149570546,0.5158050486481639,0.4750774313442081,0.5641704673630523,3.2606245391304984,0.4162663404288245,0.1999980360269546,0.6521185040473938,"{""bagging_fraction"": 0.8348129331704294, ""bagging_freq"": 1, ""bagging_seed"": 76, ""boosting_type"": ""gbdt"", ""data_random_seed"": 76, ""deterministic"": true, ""feature_fraction"": 0.7897250242295831, ""feature_fraction_seed"": 76, ""force_col_wise"": true, ""lambda_l1"": 3.921033273015646e-06, ""lambda_l2"": 0.04111861338268517, ""learning_rate"": 0.042630475433435684, ""max_bin"": 127, ""max_depth"": 8, ""metric"": ""None"", ""min_data_in_leaf"": 972, ""min_gain_to_split"": 0.20240459312571835, ""num_leaves"": 166, ""objective"": ""binary"", ""scale_pos_weight"": 2.0, ""seed"": 76, ""verbosity"": -1}",1,0.2,128
35,128,1.671,0.5373092381998953,0.7752158628669139,0.5170130067530888,0.4639155171070064,0.5838360060811142,3.239047147811508,0.5731011534088194,0.1999980360269546,0.6478030681610107,"{""bagging_fraction"": 0.8765720327221421, ""bagging_freq"": 1, ""bagging_seed"": 77, ""boosting_type"": ""gbdt"", ""data_random_seed"": 77, ""deterministic"": true, ""feature_fraction"": 0.5927930867034706, ""feature_fraction_seed"": 77, ""force_col_wise"": true, ""lambda_l1"": 5.7602186560039466e-08, ""lambda_l2"": 2.6512971459023147, ""learning_rate"": 0.10286891821690379, ""max_bin"": 127, ""max_depth"": 12, ""metric"": ""None"", ""min_data_in_leaf"": 482, ""min_gain_to_split"": 0.13740793003780216, ""num_leaves"": 22, ""objective"": ""binary"", ""scale_pos_weight"": 4.0, ""seed"": 77, ""verbosity"": -1}",1,0.2,128
36,128,20.912,0.5386416295813193,0.7751827981318681,0.5161561614730878,0.4703343685717743,0.5718699426217448,3.245422225195861,0.2595455170143574,0.1999980360269546,0.6490780711174011,"{""bagging_fraction"": 0.6640225092276343, ""bagging_freq"": 1, ""bagging_seed"": 78, ""boosting_type"": ""gbdt"", ""data_random_seed"": 78, ""deterministic"": true, ""feature_fraction"": 0.9757121782677987, ""feature_fraction_seed"": 78, ""force_col_wise"": true, ""lambda_l1"": 0.0020449517161147323, ""lambda_l2"": 7.168739152398942e-08, ""learning_rate"": 0.0874808268029578, ""max_bin"": 127, ""max_depth"": 8, ""metric"": ""None"", ""min_data_in_leaf"": 939, ""min_gain_to_split"": 0.6161657000241213, ""num_leaves"": 81, ""objective"": ""binary"", ""scale_pos_weight"": 1.0, ""seed"": 78, ""verbosity"": -1}",1,0.2,128
37,128,24.213,0.5377724001634235,0.7755421000227746,0.5161831589172959,0.4694213548568445,0.5732921386886372,3.2483646373792894,0.5792346745277065,0.1999980360269546,0.6496665477752686,"{""bagging_fraction"": 0.8937655255029646, ""bagging_freq"": 1, ""bagging_seed"": 79, ""boosting_type"": ""gbdt"", ""data_random_seed"": 79, ""deterministic"": true, ""feature_fraction"": 0.7851842989809052, ""feature_fraction_seed"": 79, ""force_col_wise"": true, ""lambda_l1"": 0.15602796657273238, ""lambda_l2"": 0.00026876885440039837, ""learning_rate"": 0.04617782525391231, ""max_bin"": 63, ""max_depth"": 6, ""metric"": ""None"", ""min_data_in_leaf"": 279, ""min_gain_to_split"": 0.5995934415226123, ""num_leaves"": 76, ""objective"": ""binary"", ""scale_pos_weight"": 4.0, ""seed"": 79, ""verbosity"": -1}",1,0.2,128
38,128,22.058,0.5294803448897777,0.7722542698868278,0.5129587030342864,0.4635701275045537,0.5741258398312982,3.1968731692346712,0.5085026904675327,0.1999980360269546,0.6393683552742004,"{""bagging_fraction"": 0.8984446372638295, ""bagging_freq"": 1, ""bagging_seed"": 80, ""boosting_type"": ""gbdt"", ""data_random_seed"": 80, ""deterministic"": true, ""feature_fraction"": 0.7383737353556707, ""feature_fraction_seed"": 80, ""force_col_wise"": true, ""lambda_l1"": 0.010992151862706717, ""lambda_l2"": 1.006328621732183e-05, ""learning_rate"": 0.013829855003396356, ""max_bin"": 63, ""max_depth"": 12, ""metric"": ""None"", ""min_data_in_leaf"": 566, ""min_gain_to_split"": 0.8983665473615358, ""num_leaves"": 21, ""objective"": ""binary"", ""scale_pos_weight"": 4.0, ""seed"": 80, ""verbosity"": -1}",1,0.2,128
39,128,2.155,0.5340525994969033,0.7741820296787577,0.5146517768255205,0.4605849312415262,0.5831003874258252,3.215017895352737,0.5427502427051687,0.1999980360269546,0.6429972648620605,"{""bagging_fraction"": 0.6165025176439862, ""bagging_freq"": 1, ""bagging_seed"": 81, ""boosting_type"": ""gbdt"", ""data_random_seed"": 81, ""deterministic"": true, ""feature_fraction"": 0.6209252418812499, ""feature_fraction_seed"": 81, ""force_col_wise"": true, ""lambda_l1"": 2.6616268586801066, ""lambda_l2"": 8.732454567198535e-05, ""learning_rate"": 0.02080529026706257, ""max_bin"": 63, ""max_depth"": 12, ""metric"": ""None"", ""min_data_in_leaf"": 159, ""min_gain_to_split"": 0.38331982277740984, ""num_leaves"": 42, ""objective"": ""binary"", ""scale_pos_weight"": 4.0, ""seed"": 81, ""verbosity"": -1}",1,0.2,128
40,128,2.734,0.5385377397633084,0.7755427157063832,0.5162235438166871,0.4657723416847504,0.5789318817125202,3.2611147921479944,0.2531153187812082,0.1999980360269546,0.6522165536880493,"{""bagging_fraction"": 0.9939841952159449, ""bagging_freq"": 1, ""bagging_seed"": 82, ""boosting_type"": ""gbdt"", ""data_random_seed"": 82, ""deterministic"": true, ""feature_fraction"": 0.7193617630663718, ""feature_fraction_seed"": 82, ""force_col_wise"": true, ""lambda_l1"": 0.028829832823166816, ""lambda_l2"": 3.637072347873532, ""learning_rate"": 0.0447064628776196, ""max_bin"": 127, ""max_depth"": 8, ""metric"": ""None"", ""min_data_in_leaf"": 293, ""min_gain_to_split"": 0.11847857721704136, ""num_leaves"": 213, ""objective"": ""binary"", ""scale_pos_weight"": 1.0, ""seed"": 82, ""verbosity"": -1}",1,0.2,128
41,128,1.726,0.537426745702406,0.775327987630339,0.5154693121116319,0.4640417680772552,0.5797165416114952,3.243951168117222,0.4033094722541244,0.1999980360269546,0.6487838625907898,"{""bagging_fraction"": 0.5555362086498713, ""bagging_freq"": 1, ""bagging_seed"": 83, ""boosting_type"": ""gbdt"", ""data_random_seed"": 83, ""deterministic"": true, ""feature_fraction"": 0.858743364297452, ""feature_fraction_seed"": 83, ""force_col_wise"": true, ""lambda_l1"": 0.0001227048295721046, ""lambda_l2"": 0.2682845114358136, ""learning_rate"": 0.056138011652954116, ""max_bin"": 127, ""max_depth"": 16, ""metric"": ""None"", ""min_data_in_leaf"": 438, ""min_gain_to_split"": 0.29535902534408986, ""num_leaves"": 21, ""objective"": ""binary"", ""scale_pos_weight"": 2.0, ""seed"": 83, ""verbosity"": -1}",1,0.2,128
42,128,2.153,0.5369561024769703,0.7749060579698646,0.515154192807281,0.4687060336857338,0.571820901378059,3.2473838333181466,0.2564904635517568,0.1999980360269546,0.6494703888893127,"{""bagging_fraction"": 0.9986655960269079, ""bagging_freq"": 1, ""bagging_seed"": 84, ""boosting_type"": ""gbdt"", ""data_random_seed"": 84, ""deterministic"": true, ""feature_fraction"": 0.5997647849482498, ""feature_fraction_seed"": 84, ""force_col_wise"": true, ""lambda_l1"": 0.8180883700460988, ""lambda_l2"": 3.5906737005716952e-06, ""learning_rate"": 0.033128500485283575, ""max_bin"": 127, ""max_depth"": 10, ""metric"": ""None"", ""min_data_in_leaf"": 893, ""min_gain_to_split"": 0.8368965796609382, ""num_leaves"": 35, ""objective"": ""binary"", ""scale_pos_weight"": 1.0, ""seed"": 84, ""verbosity"": -1}",1,0.2,128
43,128,2.593,0.5361495012999257,0.7733254520420152,0.5142895841798727,0.4764713263897603,0.5586288068265411,3.239047147811508,0.5864191669429257,0.1999980360269546,0.6478030681610107,"{""bagging_fraction"": 0.9536650295034814, ""bagging_freq"": 1, ""bagging_seed"": 85, ""boosting_type"": ""gbdt"", ""data_random_seed"": 85, ""deterministic"": true, ""feature_fraction"": 0.5906983271428597, ""feature_fraction_seed"": 85, ""force_col_wise"": true, ""lambda_l1"": 1.8238769249981166e-08, ""lambda_l2"": 1.4704576543010119e-06, ""learning_rate"": 0.14963677526237482, ""max_bin"": 127, ""max_depth"": -1, ""metric"": ""None"", ""min_data_in_leaf"": 550, ""min_gain_to_split"": 0.143021875166635, ""num_leaves"": 99, ""objective"": ""binary"", ""scale_pos_weight"": 4.0, ""seed"": 85, ""verbosity"": -1}",1,0.2,128
44,128,68.068,0.5315767116200313,0.7718116351593737,0.511471890513887,0.4700949562214823,0.5608356627924084,3.207662013907241,0.2513272753699646,0.1999980360269546,0.6415261030197144,"{""bagging_fraction"": 0.5732460626564796, ""bagging_freq"": 1, ""bagging_seed"": 86, ""boosting_type"": ""gbdt"", ""data_random_seed"": 86, ""deterministic"": true, ""feature_fraction"": 0.5524434253579152, ""feature_fraction_seed"": 86, ""force_col_wise"": true, ""lambda_l1"": 0.0028400540075140877, ""lambda_l2"": 0.16343169981839428, ""learning_rate"": 0.01710433756915029, ""max_bin"": 127, ""max_depth"": 6, ""metric"": ""None"", ""min_data_in_leaf"": 57, ""min_gain_to_split"": 0.23855282062738847, ""num_leaves"": 198, ""objective"": ""binary"", ""scale_pos_weight"": 1.0, ""seed"": 86, ""verbosity"": -1}",1,0.2,128
45,128,3.184,0.5347072836488072,0.7734942984616422,0.5145577081340778,0.4708156952132856,0.5672600657152665,3.234633678549441,0.2463023490408663,0.1999980360269546,0.646920382976532,"{""bagging_fraction"": 0.8641543527903868, ""bagging_freq"": 1, ""bagging_seed"": 87, ""boosting_type"": ""gbdt"", ""data_random_seed"": 87, ""deterministic"": true, ""feature_fraction"": 0.8974487795969712, ""feature_fraction_seed"": 87, ""force_col_wise"": true, ""lambda_l1"": 0.3481945489694629, ""lambda_l2"": 2.2980617590884698e-08, ""learning_rate"": 0.011676427431665515, ""max_bin"": 63, ""max_depth"": 16, ""metric"": ""None"", ""min_data_in_leaf"": 1532, ""min_gain_to_split"": 0.20178211071905539, ""num_leaves"": 145, ""objective"": ""binary"", ""scale_pos_weight"": 1.0, ""seed"": 87, ""verbosity"": -1}",1,0.2,128
46,128,169.619,0.538151282173347,0.775265170465911,0.5152780830951857,0.4669508745368341,0.5747633759992153,3.25228785362386,0.4061077977431794,0.1999980360269546,0.6504511833190918,"{""bagging_fraction"": 0.8805794913708227, ""bagging_freq"": 1, ""bagging_seed"": 88, ""boosting_type"": ""gbdt"", ""data_random_seed"": 88, ""deterministic"": true, ""feature_fraction"": 0.619845846598491, ""feature_fraction_seed"": 88, ""force_col_wise"": true, ""lambda_l1"": 5.462273198545756e-07, ""lambda_l2"": 2.7341904487304068e-06, ""learning_rate"": 0.03920798176205855, ""max_bin"": 127, ""max_depth"": 10, ""metric"": ""None"", ""min_data_in_leaf"": 1155, ""min_gain_to_split"": 0.7099046972813039, ""num_leaves"": 124, ""objective"": ""binary"", ""scale_pos_weight"": 2.0, ""seed"": 88, ""verbosity"": -1}",1,0.2,128
47,128,1.815,0.5373182146335602,0.7751014647639145,0.5155455059355568,0.4783082990685575,0.5590701780197146,3.2395374008290045,0.2668785568136258,0.1999980360269546,0.6479011178016663,"{""bagging_fraction"": 0.9478655701150678, ""bagging_freq"": 1, ""bagging_seed"": 89, ""boosting_type"": ""gbdt"", ""data_random_seed"": 89, ""deterministic"": true, ""feature_fraction"": 0.5690577482110752, ""feature_fraction_seed"": 89, ""force_col_wise"": true, ""lambda_l1"": 0.024333499209710993, ""lambda_l2"": 3.615352250422013e-07, ""learning_rate"": 0.052387912023641, ""max_bin"": 127, ""max_depth"": 16, ""metric"": ""None"", ""min_data_in_leaf"": 486, ""min_gain_to_split"": 0.09172100582419807, ""num_leaves"": 18, ""objective"": ""binary"", ""scale_pos_weight"": 1.0, ""seed"": 89, ""verbosity"": -1}",1,0.2,128
48,128,2.246,0.5372446352263965,0.7743028500712739,0.5150865020313142,0.4817487085343466,0.5533813937521456,3.251307049562717,0.4249730520609893,0.1999980360269546,0.650255024433136,"{""bagging_fraction"": 0.6153086145992724, ""bagging_freq"": 1, ""bagging_seed"": 90, ""boosting_type"": ""gbdt"", ""data_random_seed"": 90, ""deterministic"": true, ""feature_fraction"": 0.8075859174813869, ""feature_fraction_seed"": 90, ""force_col_wise"": true, ""lambda_l1"": 3.2675337497497106, ""lambda_l2"": 5.153279435564021e-06, ""learning_rate"": 0.14210239562275634, ""max_bin"": 127, ""max_depth"": 10, ""metric"": ""None"", ""min_data_in_leaf"": 523, ""min_gain_to_split"": 0.5780172158075422, ""num_leaves"": 55, ""objective"": ""binary"", ""scale_pos_weight"": 2.0, ""seed"": 90, ""verbosity"": -1}",1,0.2,128
49,128,3.422,0.5377818799098343,0.7746954048895793,0.5153355060493772,0.4729380915311181,0.566083075866804,3.255229967781138,0.2596800377425467,0.1999980360269546,0.6510396003723145,"{""bagging_fraction"": 0.7318154758333447, ""bagging_freq"": 1, ""bagging_seed"": 91, ""boosting_type"": ""gbdt"", ""data_random_seed"": 91, ""deterministic"": true, ""feature_fraction"": 0.7787587323011239, ""feature_fraction_seed"": 91, ""force_col_wise"": true, ""lambda_l1"": 0.00018514780400214287, ""lambda_l2"": 1.1829264313149856e-07, ""learning_rate"": 0.05801729000276373, ""max_bin"": 127, ""max_depth"": 12, ""metric"": ""None"", ""min_data_in_leaf"": 86, ""min_gain_to_split"": 0.13409460987276534, ""num_leaves"": 215, ""objective"": ""binary"", ""scale_pos_weight"": 1.0, ""seed"": 91, ""verbosity"": -1}",1,0.2,128
50,128,31.417,0.5353092002411743,0.7745105410760731,0.5151409372545598,0.4639811357830615,0.5789809229562062,3.226296993042803,0.554014962128577,0.1999980360269546,0.64525306224823,"{""bagging_fraction"": 0.7339523992429138, ""bagging_freq"": 1, ""bagging_seed"": 92, ""boosting_type"": ""gbdt"", ""data_random_seed"": 92, ""deterministic"": true, ""feature_fraction"": 0.7353149034635067, ""feature_fraction_seed"": 92, ""force_col_wise"": true, ""lambda_l1"": 9.091943752150397e-07, ""lambda_l2"": 0.0019713159493727826, ""learning_rate"": 0.022822353138329435, ""max_bin"": 127, ""max_depth"": 12, ""metric"": ""None"", ""min_data_in_leaf"": 520, ""min_gain_to_split"": 0.3170409113172379, ""num_leaves"": 50, ""objective"": ""binary"", ""scale_pos_weight"": 4.0, ""seed"": 92, ""verbosity"": -1}",1,0.2,128
51,128,30.393,0.5380000102902706,0.7753220980514446,0.5157254486027836,0.4616010539367638,0.5842283360306018,3.257191575903424,0.2469347161322403,0.1999980360269546,0.6514319181442261,"{""bagging_fraction"": 0.8045973551943644, ""bagging_freq"": 1, ""bagging_seed"": 93, ""boosting_type"": ""gbdt"", ""data_random_seed"": 93, ""deterministic"": true, ""feature_fraction"": 0.8076060699049521, ""feature_fraction_seed"": 93, ""force_col_wise"": true, ""lambda_l1"": 0.020797906909569893, ""lambda_l2"": 0.006784788901881267, ""learning_rate"": 0.031051074607388058, ""max_bin"": 127, ""max_depth"": -1, ""metric"": ""None"", ""min_data_in_leaf"": 115, ""min_gain_to_split"": 0.6524330565210316, ""num_leaves"": 57, ""objective"": ""binary"", ""scale_pos_weight"": 1.0, ""seed"": 93, ""verbosity"": -1}",1,0.2,128
52,128,2.101,0.5378519811646232,0.7753765355455086,0.515969743900523,0.4757056535055045,0.5636800549261929,3.246403029257004,0.5905590104823872,0.1999980360269546,0.6492742300033569,"{""bagging_fraction"": 0.7807326600730412, ""bagging_freq"": 1, ""bagging_seed"": 94, ""boosting_type"": ""gbdt"", ""data_random_seed"": 94, ""deterministic"": true, ""feature_fraction"": 0.7122958005026144, ""feature_fraction_seed"": 94, ""force_col_wise"": true, ""lambda_l1"": 0.04269246158779033, ""lambda_l2"": 0.9497864741149854, ""learning_rate"": 0.084351372478914, ""max_bin"": 63, ""max_depth"": 6, ""metric"": ""None"", ""min_data_in_leaf"": 503, ""min_gain_to_split"": 0.9210571972951916, ""num_leaves"": 71, ""objective"": ""binary"", ""scale_pos_weight"": 4.0, ""seed"": 94, ""verbosity"": -1}",1,0.2,128
53,128,55.256,0.5387638413096904,0.7754756016836457,0.517450915871449,0.4681273319044217,0.5783924280319749,3.2562107718422806,0.2539337135400457,0.1999980360269546,0.6512357592582703,"{""bagging_fraction"": 0.7723637409328405, ""bagging_freq"": 1, ""bagging_seed"": 95, ""boosting_type"": ""gbdt"", ""data_random_seed"": 95, ""deterministic"": true, ""feature_fraction"": 0.9268220630552808, ""feature_fraction_seed"": 95, ""force_col_wise"": true, ""lambda_l1"": 1.103342936438345e-07, ""lambda_l2"": 4.4517659527720593e-08, ""learning_rate"": 0.04091579695489302, ""max_bin"": 127, ""max_depth"": 10, ""metric"": ""None"", ""min_data_in_leaf"": 159, ""min_gain_to_split"": 0.8419932110394631, ""num_leaves"": 145, ""objective"": ""binary"", ""scale_pos_weight"": 1.0, ""seed"": 95, ""verbosity"": -1}",1,0.2,128
54,128,84.632,0.5341971432714154,0.7745181544488209,0.5149734982332156,0.4684398730362811,0.571771860134373,3.2258064419991563,0.5549641762846883,0.1999980360269546,0.6451549530029297,"{""bagging_fraction"": 0.5566072796020319, ""bagging_freq"": 1, ""bagging_seed"": 96, ""boosting_type"": ""gbdt"", ""data_random_seed"": 96, ""deterministic"": true, ""feature_fraction"": 0.8842116550262886, ""feature_fraction_seed"": 96, ""force_col_wise"": true, ""lambda_l1"": 0.27833051339857123, ""lambda_l2"": 0.5116019747653312, ""learning_rate"": 0.021380834765267084, ""max_bin"": 63, ""max_depth"": 8, ""metric"": ""None"", ""min_data_in_leaf"": 159, ""min_gain_to_split"": 0.3722615731915482, ""num_leaves"": 39, ""objective"": ""binary"", ""scale_pos_weight"": 4.0, ""seed"": 96, ""verbosity"": -1}",1,0.2,128
55,128,2.047,0.5362420709060396,0.774984865171137,0.5157466383581033,0.4696878147029204,0.571820901378059,3.235123931566937,0.5818936411701835,0.1999980360269546,0.6470184326171875,"{""bagging_fraction"": 0.9979590126626368, ""bagging_freq"": 1, ""bagging_seed"": 97, ""boosting_type"": ""gbdt"", ""data_random_seed"": 97, ""deterministic"": true, ""feature_fraction"": 0.9812931314054376, ""feature_fraction_seed"": 97, ""force_col_wise"": true, ""lambda_l1"": 0.08890865128504395, ""lambda_l2"": 6.290042636568876e-06, ""learning_rate"": 0.050891253942978006, ""max_bin"": 63, ""max_depth"": -1, ""metric"": ""None"", ""min_data_in_leaf"": 192, ""min_gain_to_split"": 0.6876650491660925, ""num_leaves"": 21, ""objective"": ""binary"", ""scale_pos_weight"": 4.0, ""seed"": 97, ""verbosity"": -1}",1,0.2,128
56,128,2.421,0.5372923245972282,0.7753002647322274,0.5161691818727357,0.4719941468173319,0.5694669216811339,3.2503262455015745,0.5727381892395855,0.1999980360269546,0.6500588655471802,"{""bagging_fraction"": 0.6236880869162331, ""bagging_freq"": 1, ""bagging_seed"": 98, ""boosting_type"": ""gbdt"", ""data_random_seed"": 98, ""deterministic"": true, ""feature_fraction"": 0.7862897363352676, ""feature_fraction_seed"": 98, ""force_col_wise"": true, ""lambda_l1"": 3.1128759267818813e-07, ""lambda_l2"": 0.33630909701617706, ""learning_rate"": 0.028584936222987273, ""max_bin"": 63, ""max_depth"": 8, ""metric"": ""None"", ""min_data_in_leaf"": 108, ""min_gain_to_split"": 0.9891330026836055, ""num_leaves"": 92, ""objective"": ""binary"", ""scale_pos_weight"": 4.0, ""seed"": 98, ""verbosity"": -1}",1,0.2,128
57,128,3.303,0.5342359553005258,0.7728075857679959,0.5145674585387718,0.473812373601882,0.5629934775145897,3.2287488541825846,0.4109145416158331,0.1999980360269546,0.6457434296607971,"{""bagging_fraction"": 0.7266577221288639, ""bagging_freq"": 1, ""bagging_seed"": 99, ""boosting_type"": ""gbdt"", ""data_random_seed"": 99, ""deterministic"": true, ""feature_fraction"": 0.751710525964458, ""feature_fraction_seed"": 99, ""force_col_wise"": true, ""lambda_l1"": 5.2534372941271165e-08, ""lambda_l2"": 0.06280172244222103, ""learning_rate"": 0.09701135625524918, ""max_bin"": 63, ""max_depth"": 10, ""metric"": ""None"", ""min_data_in_leaf"": 84, ""min_gain_to_split"": 0.433779027322593, ""num_leaves"": 248, ""objective"": ""binary"", ""scale_pos_weight"": 2.0, ""seed"": 99, ""verbosity"": -1}",1,0.2,128
58,128,1.809,0.5329970298940554,0.772268878243074,0.5135979581059673,0.4657780261004909,0.5723603550586043,3.216488952431376,0.2430397422403877,0.1999980360269546,0.6432914733886719,"{""bagging_fraction"": 0.6814266986415378, ""bagging_freq"": 1, ""bagging_seed"": 100, ""boosting_type"": ""gbdt"", ""data_random_seed"": 100, ""deterministic"": true, ""feature_fraction"": 0.6547835282246679, ""feature_fraction_seed"": 100, ""force_col_wise"": true, ""lambda_l1"": 0.0002580939840412744, ""lambda_l2"": 0.0018967345585705982, ""learning_rate"": 0.015038522415266228, ""max_bin"": 127, ""max_depth"": 6, ""metric"": ""None"", ""min_data_in_leaf"": 59, ""min_gain_to_split"": 0.4932899758506666, ""num_leaves"": 25, ""objective"": ""binary"", ""scale_pos_weight"": 1.0, ""seed"": 100, ""verbosity"": -1}",1,0.2,128
59,128,3.376,0.5373813995542949,0.7747234933498339,0.5156961741276787,0.475345412426574,0.5635329311951351,3.258172379964566,0.3985862245967125,0.1999980360269546,0.6516280770301819,"{""bagging_fraction"": 0.8515914649081098, ""bagging_freq"": 1, ""bagging_seed"": 101, ""boosting_type"": ""gbdt"", ""data_random_seed"": 101, ""deterministic"": true, ""feature_fraction"": 0.8421170725604235, ""feature_fraction_seed"": 101, ""force_col_wise"": true, ""lambda_l1"": 0.07347289821082031, ""lambda_l2"": 3.33408245006029e-08, ""learning_rate"": 0.01934528636227016, ""max_bin"": 127, ""max_depth"": -1, ""metric"": ""None"", ""min_data_in_leaf"": 525, ""min_gain_to_split"": 0.3666083849326124, ""num_leaves"": 164, ""objective"": ""binary"", ""scale_pos_weight"": 2.0, ""seed"": 101, ""verbosity"": -1}",1,0.2,128
60,128,2.025,0.5360470833639858,0.7745260104273655,0.5148998096943915,0.4737167339540248,0.5639252611446226,3.237085539689222,0.406329398814031,0.1999980360269546,0.6474107503890991,"{""bagging_fraction"": 0.7771561673065741, ""bagging_freq"": 1, ""bagging_seed"": 102, ""boosting_type"": ""gbdt"", ""data_random_seed"": 102, ""deterministic"": true, ""feature_fraction"": 0.9334069825965261, ""feature_fraction_seed"": 102, ""force_col_wise"": true, ""lambda_l1"": 1.534511667319065, ""lambda_l2"": 0.0019236030846715951, ""learning_rate"": 0.025006661281883804, ""max_bin"": 63, ""max_depth"": 6, ""metric"": ""None"", ""min_data_in_leaf"": 852, ""min_gain_to_split"": 0.8502742988337217, ""num_leaves"": 164, ""objective"": ""binary"", ""scale_pos_weight"": 2.0, ""seed"": 102, ""verbosity"": -1}",1,0.2,128
61,128,2.534,0.538198485265474,0.7755091014256164,0.5161892766401007,0.4632083560682828,0.5828551812073954,3.254739714763642,0.2495383178078222,0.1999980360269546,0.6509415507316589,"{""bagging_fraction"": 0.9628019526482543, ""bagging_freq"": 1, ""bagging_seed"": 103, ""boosting_type"": ""gbdt"", ""data_random_seed"": 103, ""deterministic"": true, ""feature_fraction"": 0.7293486280156933, ""feature_fraction_seed"": 103, ""force_col_wise"": true, ""lambda_l1"": 0.004758720124234109, ""lambda_l2"": 3.958760624445595e-07, ""learning_rate"": 0.03860595186038424, ""max_bin"": 63, ""max_depth"": 8, ""metric"": ""None"", ""min_data_in_leaf"": 74, ""min_gain_to_split"": 0.33885563560960497, ""num_leaves"": 68, ""objective"": ""binary"", ""scale_pos_weight"": 1.0, ""seed"": 103, ""verbosity"": -1}",1,0.2,128
62,128,3.378,0.5361348125725482,0.7746985801094397,0.5157965983275474,0.4648563557654466,0.5792751704183218,3.245422225195861,0.4775894292107144,0.1999980360269546,0.6490780711174011,"{""bagging_fraction"": 0.5532915053318571, ""bagging_freq"": 1, ""bagging_seed"": 104, ""boosting_type"": ""gbdt"", ""data_random_seed"": 104, ""deterministic"": true, ""feature_fraction"": 0.8193147362009815, ""feature_fraction_seed"": 104, ""force_col_wise"": true, ""lambda_l1"": 3.1783297966898717e-06, ""lambda_l2"": 0.02124717482197363, ""learning_rate"": 0.010695331951414885, ""max_bin"": 63, ""max_depth"": 12, ""metric"": ""None"", ""min_data_in_leaf"": 155, ""min_gain_to_split"": 0.633769773069263, ""num_leaves"": 208, ""objective"": ""binary"", ""scale_pos_weight"": 4.0, ""seed"": 104, ""verbosity"": -1}",1,0.2,128
63,128,2.558,0.5381794946263597,0.7755533762319907,0.5164687989467233,0.4807708562251712,0.557893188171252,3.2567013228859274,0.2685042731252332,0.1999980360269546,0.6513338685035706,"{""bagging_fraction"": 0.8743131760232582, ""bagging_freq"": 1, ""bagging_seed"": 105, ""boosting_type"": ""gbdt"", ""data_random_seed"": 105, ""deterministic"": true, ""feature_fraction"": 0.9564975423838239, ""feature_fraction_seed"": 105, ""force_col_wise"": true, ""lambda_l1"": 4.665530274993837, ""lambda_l2"": 0.10915572955478298, ""learning_rate"": 0.05365340389532251, ""max_bin"": 63, ""max_depth"": 16, ""metric"": ""None"", ""min_data_in_leaf"": 830, ""min_gain_to_split"": 0.8668014382619265, ""num_leaves"": 58, ""objective"": ""binary"", ""scale_pos_weight"": 1.0, ""seed"": 105, ""verbosity"": -1}",1,0.2,128
64,128,2.293,0.5381621185733965,0.7753817902006817,0.5163102856250975,0.4733829421866056,0.5677995193958119,3.243460617073576,0.4131562834190962,0.1999980360269546,0.6486857533454895,"{""bagging_fraction"": 0.9930601366442311, ""bagging_freq"": 1, ""bagging_seed"": 106, ""boosting_type"": ""gbdt"", ""data_random_seed"": 106, ""deterministic"": true, ""feature_fraction"": 0.9864168025175062, ""feature_fraction_seed"": 106, ""force_col_wise"": true, ""lambda_l1"": 3.926939490809737e-06, ""lambda_l2"": 0.04015886934490755, ""learning_rate"": 0.07267501312666194, ""max_bin"": 127, ""max_depth"": 10, ""metric"": ""None"", ""min_data_in_leaf"": 558, ""min_gain_to_split"": 0.7499835379352686, ""num_leaves"": 52, ""objective"": ""binary"", ""scale_pos_weight"": 2.0, ""seed"": 106, ""verbosity"": -1}",1,0.2,128
65,128,1.882,0.5272602195531269,0.7716000444242179,0.5121448802677881,0.4552702857360851,0.5852582021480065,3.1806903492650416,0.5015176218065027,0.1999980360269546,0.6361318230628967,"{""bagging_fraction"": 0.9934930762727168, ""bagging_freq"": 1, ""bagging_seed"": 107, ""boosting_type"": ""gbdt"", ""data_random_seed"": 107, ""deterministic"": true, ""feature_fraction"": 0.7703648838176077, ""feature_fraction_seed"": 107, ""force_col_wise"": true, ""lambda_l1"": 0.00015302454813308406, ""lambda_l2"": 6.327800983688739, ""learning_rate"": 0.013985634025348881, ""max_bin"": 63, ""max_depth"": 8, ""metric"": ""None"", ""min_data_in_leaf"": 880, ""min_gain_to_split"": 0.4115760021940599, ""num_leaves"": 17, ""objective"": ""binary"", ""scale_pos_weight"": 4.0, ""seed"": 107, ""verbosity"": -1}",1,0.2,128
66,128,27.33,0.5334986510340747,0.7734652918872563,0.5140785076126608,0.4634866866236017,0.5770683144524545,3.217960307536165,0.4998404626410302,0.1999980360269546,0.643585741519928,"{""bagging_fraction"": 0.5666368272405284, ""bagging_freq"": 1, ""bagging_seed"": 108, ""boosting_type"": ""gbdt"", ""data_random_seed"": 108, ""deterministic"": true, ""feature_fraction"": 0.9201623907778442, ""feature_fraction_seed"": 108, ""force_col_wise"": true, ""lambda_l1"": 2.2611067775087426e-05, ""lambda_l2"": 2.743381785395925e-08, ""learning_rate"": 0.012582160035094452, ""max_bin"": 127, ""max_depth"": 10, ""metric"": ""None"", ""min_data_in_leaf"": 1515, ""min_gain_to_split"": 0.109282291114558, ""num_leaves"": 72, ""objective"": ""binary"", ""scale_pos_weight"": 4.0, ""seed"": 108, ""verbosity"": -1}",1,0.2,128
67,128,28.311,0.5378243924651237,0.7748256826994016,0.5164412234700997,0.4772462562396006,0.5626501888087881,3.251307049562717,0.5877080621531557,0.1999980360269546,0.650255024433136,"{""bagging_fraction"": 0.9103922164479845, ""bagging_freq"": 1, ""bagging_seed"": 109, ""boosting_type"": ""gbdt"", ""data_random_seed"": 109, ""deterministic"": true, ""feature_fraction"": 0.8827441608144295, ""feature_fraction_seed"": 109, ""force_col_wise"": true, ""lambda_l1"": 2.7585025414087935e-08, ""lambda_l2"": 1.2906733832733855e-06, ""learning_rate"": 0.06900121374527222, ""max_bin"": 63, ""max_depth"": 12, ""metric"": ""None"", ""min_data_in_leaf"": 1218, ""min_gain_to_split"": 0.6218977733752458, ""num_leaves"": 134, ""objective"": ""binary"", ""scale_pos_weight"": 4.0, ""seed"": 109, ""verbosity"": -1}",1,0.2,128
68,128,2.089,0.5339332796888754,0.7729385189441592,0.5139969237530213,0.4656236315139934,0.5735863861507527,3.23071046230487,0.3464932428329147,0.1999980360269546,0.6461357474327087,"{""bagging_fraction"": 0.9530356966226636, ""bagging_freq"": 1, ""bagging_seed"": 110, ""boosting_type"": ""gbdt"", ""data_random_seed"": 110, ""deterministic"": true, ""feature_fraction"": 0.7306100008990246, ""feature_fraction_seed"": 110, ""force_col_wise"": true, ""lambda_l1"": 0.011079375450510631, ""lambda_l2"": 1.3769725106184094e-06, ""learning_rate"": 0.010122611229856988, ""max_bin"": 127, ""max_depth"": 6, ""metric"": ""None"", ""min_data_in_leaf"": 56, ""min_gain_to_split"": 0.8527811296319127, ""num_leaves"": 64, ""objective"": ""binary"", ""scale_pos_weight"": 2.0, ""seed"": 110, ""verbosity"": -1}",1,0.2,128
69,128,1.984,0.5384082697695204,0.7754252418909816,0.515828677839851,0.4706881903143585,0.5705458290422245,3.2503262455015745,0.4105154353572516,0.1999980360269546,0.6500588655471802,"{""bagging_fraction"": 0.6736712728397802, ""bagging_freq"": 1, ""bagging_seed"": 111, ""boosting_type"": ""gbdt"", ""data_random_seed"": 111, ""deterministic"": true, ""feature_fraction"": 0.7286230304865253, ""feature_fraction_seed"": 111, ""force_col_wise"": true, ""lambda_l1"": 0.9528357855832744, ""lambda_l2"": 4.879138401315836e-07, ""learning_rate"": 0.1008349781897357, ""max_bin"": 127, ""max_depth"": 8, ""metric"": ""None"", ""min_data_in_leaf"": 441, ""min_gain_to_split"": 0.0848115912357631, ""num_leaves"": 35, ""objective"": ""binary"", ""scale_pos_weight"": 2.0, ""seed"": 111, ""verbosity"": -1}",1,0.2,128
70,128,2.86,0.5382674167189262,0.774380695266908,0.515309563418911,0.4757378274044249,0.562061693884557,3.257191575903424,0.5859689727637557,0.1999980360269546,0.6514319181442261,"{""bagging_fraction"": 0.6115695751133319, ""bagging_freq"": 1, ""bagging_seed"": 112, ""boosting_type"": ""gbdt"", ""data_random_seed"": 112, ""deterministic"": true, ""feature_fraction"": 0.733573878009077, ""feature_fraction_seed"": 112, ""force_col_wise"": true, ""lambda_l1"": 0.0014922698571143177, ""lambda_l2"": 9.510871967372344, ""learning_rate"": 0.06982470807990705, ""max_bin"": 127, ""max_depth"": 10, ""metric"": ""None"", ""min_data_in_leaf"": 149, ""min_gain_to_split"": 0.7008810101206585, ""num_leaves"": 148, ""objective"": ""binary"", ""scale_pos_weight"": 4.0, ""seed"": 112, ""verbosity"": -1}",1,0.2,128
71,128,3.368,0.5378766212316862,0.7751972489596908,0.5159146396600054,0.4785489620465506,0.5596096317002599,3.250816498519071,0.4139303008573535,0.1999980360269546,0.6501569151878357,"{""bagging_fraction"": 0.7144203084396101, ""bagging_freq"": 1, ""bagging_seed"": 113, ""boosting_type"": ""gbdt"", ""data_random_seed"": 113, ""deterministic"": true, ""feature_fraction"": 0.6104651109908777, ""feature_fraction_seed"": 113, ""force_col_wise"": true, ""lambda_l1"": 4.0225367418035455e-08, ""lambda_l2"": 6.573722078712064e-07, ""learning_rate"": 0.02893755677950364, ""max_bin"": 63, ""max_depth"": 10, ""metric"": ""None"", ""min_data_in_leaf"": 313, ""min_gain_to_split"": 0.017668780999912204, ""num_leaves"": 201, ""objective"": ""binary"", ""scale_pos_weight"": 2.0, ""seed"": 113, ""verbosity"": -1}",1,0.2,128
72,128,2.387,0.537234143828116,0.7754012572866553,0.5156100113368798,0.4641441299996074,0.5799127065862391,3.242970364056079,0.4033155647467323,0.1999980360269546,0.648587703704834,"{""bagging_fraction"": 0.7933854866252281, ""bagging_freq"": 1, ""bagging_seed"": 114, ""boosting_type"": ""gbdt"", ""data_random_seed"": 114, ""deterministic"": true, ""feature_fraction"": 0.888383404708712, ""feature_fraction_seed"": 114, ""force_col_wise"": true, ""lambda_l1"": 3.6380434028201856e-06, ""lambda_l2"": 1.1829630754956393, ""learning_rate"": 0.05575415769811973, ""max_bin"": 63, ""max_depth"": 8, ""metric"": ""None"", ""min_data_in_leaf"": 1721, ""min_gain_to_split"": 0.23509711688065948, ""num_leaves"": 40, ""objective"": ""binary"", ""scale_pos_weight"": 2.0, ""seed"": 114, ""verbosity"": -1}",1,0.2,128
73,128,1.897,0.5383704567699928,0.7753801009789061,0.5162617814947564,0.4703107993711452,0.5721641900838605,3.251307049562717,0.2574567607797059,0.1999980360269546,0.650255024433136,"{""bagging_fraction"": 0.8440476440542728, ""bagging_freq"": 1, ""bagging_seed"": 115, ""boosting_type"": ""gbdt"", ""data_random_seed"": 115, ""deterministic"": true, ""feature_fraction"": 0.8158351573736948, ""feature_fraction_seed"": 115, ""force_col_wise"": true, ""lambda_l1"": 4.948227102001135e-06, ""lambda_l2"": 1.4871286983335347e-06, ""learning_rate"": 0.11725818892988384, ""max_bin"": 63, ""max_depth"": 6, ""metric"": ""None"", ""min_data_in_leaf"": 773, ""min_gain_to_split"": 0.32249234716866526, ""num_leaves"": 67, ""objective"": ""binary"", ""scale_pos_weight"": 1.0, ""seed"": 115, ""verbosity"": -1}",1,0.2,128
74,128,1.975,0.5388112362398233,0.7753975463499052,0.5165697485894637,0.4618834080717489,0.5859447795596097,3.25228785362386,0.248970853779997,0.1999980360269546,0.6504511833190918,"{""bagging_fraction"": 0.7472738163628868, ""bagging_freq"": 1, ""bagging_seed"": 116, ""boosting_type"": ""gbdt"", ""data_random_seed"": 116, ""deterministic"": true, ""feature_fraction"": 0.902720849219071, ""feature_fraction_seed"": 116, ""force_col_wise"": true, ""lambda_l1"": 0.00019333735698424137, ""lambda_l2"": 8.960159495842472, ""learning_rate"": 0.10672679866250394, ""max_bin"": 127, ""max_depth"": -1, ""metric"": ""None"", ""min_data_in_leaf"": 928, ""min_gain_to_split"": 0.6745974769790241, ""num_leaves"": 33, ""objective"": ""binary"", ""scale_pos_weight"": 1.0, ""seed"": 116, ""verbosity"": -1}",1,0.2,128
75,128,2.867,0.5347397876032838,0.7722811570425413,0.5127986921371465,0.4718901986645784,0.5614731989603257,3.2336528744882984,0.4126484726192076,0.1999980360269546,0.6467242240905762,"{""bagging_fraction"": 0.5958523707915452, ""bagging_freq"": 1, ""bagging_seed"": 117, ""boosting_type"": ""gbdt"", ""data_random_seed"": 117, ""deterministic"": true, ""feature_fraction"": 0.8029768301819076, ""feature_fraction_seed"": 117, ""force_col_wise"": true, ""lambda_l1"": 0.007521407850787943, ""lambda_l2"": 3.9641023006273577, ""learning_rate"": 0.11520884799721584, ""max_bin"": 127, ""max_depth"": 12, ""metric"": ""None"", ""min_data_in_leaf"": 99, ""min_gain_to_split"": 0.5127320643001113, ""num_leaves"": 140, ""objective"": ""binary"", ""scale_pos_weight"": 2.0, ""seed"": 117, ""verbosity"": -1}",1,0.2,128
76,128,3.278,0.5364626960969447,0.7737046918004049,0.5150495589706283,0.4800610247065305,0.5555392084743269,3.242970364056079,0.2493365380393148,0.1999980360269546,0.648587703704834,"{""bagging_fraction"": 0.5794886952632722, ""bagging_freq"": 1, ""bagging_seed"": 118, ""boosting_type"": ""gbdt"", ""data_random_seed"": 118, ""deterministic"": true, ""feature_fraction"": 0.6607299751772223, ""feature_fraction_seed"": 118, ""force_col_wise"": true, ""lambda_l1"": 0.00012475575295603242, ""lambda_l2"": 0.00044135719547684535, ""learning_rate"": 0.011019308620886289, ""max_bin"": 63, ""max_depth"": 12, ""metric"": ""None"", ""min_data_in_leaf"": 58, ""min_gain_to_split"": 0.3125699490285839, ""num_leaves"": 228, ""objective"": ""binary"", ""scale_pos_weight"": 1.0, ""seed"": 118, ""verbosity"": -1}",1,0.2,128
77,128,36.189,0.534358022896457,0.7733231026438702,0.5144627641916565,0.468782770025006,0.5700063753616792,3.229239107200081,0.2455390713108052,0.1999980360269546,0.6458414793014526,"{""bagging_fraction"": 0.6431592436861654, ""bagging_freq"": 1, ""bagging_seed"": 119, ""boosting_type"": ""gbdt"", ""data_random_seed"": 119, ""deterministic"": true, ""feature_fraction"": 0.864185376524461, ""feature_fraction_seed"": 119, ""force_col_wise"": true, ""lambda_l1"": 5.231715499652549e-06, ""lambda_l2"": 3.5247798297659554e-05, ""learning_rate"": 0.013528580107663161, ""max_bin"": 63, ""max_depth"": -1, ""metric"": ""None"", ""min_data_in_leaf"": 63, ""min_gain_to_split"": 0.4166096330691479, ""num_leaves"": 45, ""objective"": ""binary"", ""scale_pos_weight"": 1.0, ""seed"": 119, ""verbosity"": -1}",1,0.2,128
78,128,3.26,0.5366030014030566,0.7746484343630301,0.5154862758386988,0.4778838904247298,0.559511549212888,3.243951168117222,0.3793786380301379,0.1999980360269546,0.6487838625907898,"{""bagging_fraction"": 0.6998923724547871, ""bagging_freq"": 1, ""bagging_seed"": 120, ""boosting_type"": ""gbdt"", ""data_random_seed"": 120, ""deterministic"": true, ""feature_fraction"": 0.7702759029282437, ""feature_fraction_seed"": 120, ""force_col_wise"": true, ""lambda_l1"": 7.61979313864548e-05, ""lambda_l2"": 0.10598154289293263, ""learning_rate"": 0.01354581012599156, ""max_bin"": 63, ""max_depth"": -1, ""metric"": ""None"", ""min_data_in_leaf"": 326, ""min_gain_to_split"": 0.8412037062149564, ""num_leaves"": 173, ""objective"": ""binary"", ""scale_pos_weight"": 2.0, ""seed"": 120, ""verbosity"": -1}",1,0.2,128
79,128,1.884,0.5349708407154692,0.7743226965482212,0.5146634560777811,0.4793906051629285,0.5555392084743269,3.227277797103946,0.4119559559107492,0.1999980360269546,0.6454492211341858,"{""bagging_fraction"": 0.6527137939585392, ""bagging_freq"": 1, ""bagging_seed"": 121, ""boosting_type"": ""gbdt"", ""data_random_seed"": 121, ""deterministic"": true, ""feature_fraction"": 0.8574662609464658, ""feature_fraction_seed"": 121, ""force_col_wise"": true, ""lambda_l1"": 9.47592639164756e-06, ""lambda_l2"": 2.362988229332158, ""learning_rate"": 0.02394849293746531, ""max_bin"": 63, ""max_depth"": 6, ""metric"": ""None"", ""min_data_in_leaf"": 294, ""min_gain_to_split"": 0.048569289846958075, ""num_leaves"": 30, ""objective"": ""binary"", ""scale_pos_weight"": 2.0, ""seed"": 121, ""verbosity"": -1}",1,0.2,128
80,128,17.359,0.5372720552095708,0.7752737843245228,0.5154222070689851,0.4803423148618878,0.5560296209111864,3.2405182048901477,0.5967506380951513,0.1999980360269546,0.6480972766876221,"{""bagging_fraction"": 0.5541669018195056, ""bagging_freq"": 1, ""bagging_seed"": 122, ""boosting_type"": ""gbdt"", ""data_random_seed"": 122, ""deterministic"": true, ""feature_fraction"": 0.9634704370888073, ""feature_fraction_seed"": 122, ""force_col_wise"": true, ""lambda_l1"": 4.953335826538911e-07, ""lambda_l2"": 1.9122805865963243e-08, ""learning_rate"": 0.06868425517420887, ""max_bin"": 63, ""max_depth"": 10, ""metric"": ""None"", ""min_data_in_leaf"": 83, ""min_gain_to_split"": 0.11062946756220327, ""num_leaves"": 23, ""objective"": ""binary"", ""scale_pos_weight"": 4.0, ""seed"": 122, ""verbosity"": -1}",1,0.2,128
81,128,30.07,0.535740810271046,0.7747334236530364,0.5153486708252286,0.4735782380013149,0.5652003334804571,3.238556596767862,0.5548865701095853,0.1999980360269546,0.6477049589157104,"{""bagging_fraction"": 0.5521336268103433, ""bagging_freq"": 1, ""bagging_seed"": 123, ""boosting_type"": ""gbdt"", ""data_random_seed"": 123, ""deterministic"": true, ""feature_fraction"": 0.9322458998904006, ""feature_fraction_seed"": 123, ""force_col_wise"": true, ""lambda_l1"": 0.47898855237303145, ""lambda_l2"": 0.0037331185166087494, ""learning_rate"": 0.01923930627893375, ""max_bin"": 127, ""max_depth"": 10, ""metric"": ""None"", ""min_data_in_leaf"": 441, ""min_gain_to_split"": 0.1627434861049576, ""num_leaves"": 75, ""objective"": ""binary"", ""scale_pos_weight"": 4.0, ""seed"": 123, ""verbosity"": -1}",1,0.2,128
82,128,35.808,0.5384079026994595,0.7754477756705545,0.5162988190543589,0.4701736013211423,0.5724584375459761,3.250816498519071,0.4111135440147943,0.1999980360269546,0.6501569151878357,"{""bagging_fraction"": 0.9930922901279396, ""bagging_freq"": 1, ""bagging_seed"": 124, ""boosting_type"": ""gbdt"", ""data_random_seed"": 124, ""deterministic"": true, ""feature_fraction"": 0.8215410044499947, ""feature_fraction_seed"": 124, ""force_col_wise"": true, ""lambda_l1"": 1.794009373079863e-05, ""lambda_l2"": 0.20817765510909528, ""learning_rate"": 0.10142292341424194, ""max_bin"": 127, ""max_depth"": 6, ""metric"": ""None"", ""min_data_in_leaf"": 267, ""min_gain_to_split"": 0.31839911782845964, ""num_leaves"": 31, ""objective"": ""binary"", ""scale_pos_weight"": 2.0, ""seed"": 124, ""verbosity"": -1}",1,0.2,128
83,128,1.833,0.5378788543951366,0.775516637837913,0.515483251919051,0.464127233457687,0.5796184591241234,3.254249163719995,0.2520779052293569,0.1999980360269546,0.6508434414863586,"{""bagging_fraction"": 0.5851487768861638, ""bagging_freq"": 1, ""bagging_seed"": 125, ""boosting_type"": ""gbdt"", ""data_random_seed"": 125, ""deterministic"": true, ""feature_fraction"": 0.6929360354636027, ""feature_fraction_seed"": 125, ""force_col_wise"": true, ""lambda_l1"": 1.8557220617914177e-08, ""lambda_l2"": 1.3131305298849996e-05, ""learning_rate"": 0.05087658015198723, ""max_bin"": 127, ""max_depth"": 12, ""metric"": ""None"", ""min_data_in_leaf"": 230, ""min_gain_to_split"": 0.01903414781748658, ""num_leaves"": 28, ""objective"": ""binary"", ""scale_pos_weight"": 1.0, ""seed"": 125, ""verbosity"": -1}",1,0.2,128
84,128,28.516,0.5385537343664111,0.7757438665759748,0.5162863988602758,0.4610965453423812,0.586484233240155,3.260133988086852,0.2485891974464085,0.1999980360269546,0.6520203948020935,"{""bagging_fraction"": 0.8172237466128014, ""bagging_freq"": 1, ""bagging_seed"": 126, ""boosting_type"": ""gbdt"", ""data_random_seed"": 126, ""deterministic"": true, ""feature_fraction"": 0.950508755702963, ""feature_fraction_seed"": 126, ""force_col_wise"": true, ""lambda_l1"": 1.362188080330927e-07, ""lambda_l2"": 1.9654769412810102e-07, ""learning_rate"": 0.0712658984829437, ""max_bin"": 127, ""max_depth"": 6, ""metric"": ""None"", ""min_data_in_leaf"": 161, ""min_gain_to_split"": 0.6930954269297015, ""num_leaves"": 112, ""objective"": ""binary"", ""scale_pos_weight"": 1.0, ""seed"": 126, ""verbosity"": -1}",1,0.2,128
85,128,2.073,0.5370357038980212,0.7751641586713702,0.5154876881580093,0.4631953402916227,0.5810896964347015,3.242970364056079,0.5704178690307308,0.1999980360269546,0.648587703704834,"{""bagging_fraction"": 0.9968880618687279, ""bagging_freq"": 1, ""bagging_seed"": 127, ""boosting_type"": ""gbdt"", ""data_random_seed"": 127, ""deterministic"": true, ""feature_fraction"": 0.5574609108539007, ""feature_fraction_seed"": 127, ""force_col_wise"": true, ""lambda_l1"": 0.001827046106751275, ""lambda_l2"": 1.387361951170252e-07, ""learning_rate"": 0.03950231175078962, ""max_bin"": 63, ""max_depth"": 6, ""metric"": ""None"", ""min_data_in_leaf"": 51, ""min_gain_to_split"": 0.8973021997540936, ""num_leaves"": 249, ""objective"": ""binary"", ""scale_pos_weight"": 4.0, ""seed"": 127, ""verbosity"": -1}",1,0.2,128
86,128,2.022,0.53797466358878,0.7754587260003605,0.515411824153613,0.4668470906630582,0.5752537884360748,3.243460617073576,0.254254140074525,0.1999980360269546,0.6486857533454895,"{""bagging_fraction"": 0.6826398369412434, ""bagging_freq"": 1, ""bagging_seed"": 128, ""boosting_type"": ""gbdt"", ""data_random_seed"": 128, ""deterministic"": true, ""feature_fraction"": 0.817555424000889, ""feature_fraction_seed"": 128, ""force_col_wise"": true, ""lambda_l1"": 0.009388353201755531, ""lambda_l2"": 0.3358973608390338, ""learning_rate"": 0.04271895486368943, ""max_bin"": 63, ""max_depth"": 6, ""metric"": ""None"", ""min_data_in_leaf"": 60, ""min_gain_to_split"": 0.018160543914364058, ""num_leaves"": 87, ""objective"": ""binary"", ""scale_pos_weight"": 1.0, ""seed"": 128, ""verbosity"": -1}",1,0.2,128
87,128,3.27,0.5378050783186796,0.7750488123915633,0.5164633873922173,0.4742564102564102,0.566916777009465,3.250816498519071,0.393812032978114,0.1999980360269546,0.6501569151878357,"{""bagging_fraction"": 0.7990933780403252, ""bagging_freq"": 1, ""bagging_seed"": 129, ""boosting_type"": ""gbdt"", ""data_random_seed"": 129, ""deterministic"": true, ""feature_fraction"": 0.8248465599559383, ""feature_fraction_seed"": 129, ""force_col_wise"": true, ""lambda_l1"": 3.677041238224504e-05, ""lambda_l2"": 0.012548357189104794, ""learning_rate"": 0.018707123833964584, ""max_bin"": 127, ""max_depth"": 10, ""metric"": ""None"", ""min_data_in_leaf"": 127, ""min_gain_to_split"": 0.7257696347154339, ""num_leaves"": 178, ""objective"": ""binary"", ""scale_pos_weight"": 2.0, ""seed"": 129, ""verbosity"": -1}",1,0.2,128
88,128,3.978,0.5346069069402019,0.7729928352856381,0.5139015004107753,0.459536790008893,0.5828551812073954,3.222373776798232,0.5613809684776079,0.1999980360269546,0.6444684267044067,"{""bagging_fraction"": 0.9082128503396703, ""bagging_freq"": 1, ""bagging_seed"": 130, ""boosting_type"": ""gbdt"", ""data_random_seed"": 130, ""deterministic"": true, ""feature_fraction"": 0.555611445073546, ""feature_fraction_seed"": 130, ""force_col_wise"": true, ""lambda_l1"": 0.00048091752503420316, ""lambda_l2"": 4.695186775230804e-05, ""learning_rate"": 0.07797830016121593, ""max_bin"": 63, ""max_depth"": -1, ""metric"": ""None"", ""min_data_in_leaf"": 334, ""min_gain_to_split"": 0.0940719630893958, ""num_leaves"": 243, ""objective"": ""binary"", ""scale_pos_weight"": 4.0, ""seed"": 130, ""verbosity"": -1}",1,0.2,128
89,128,2.685,0.5384809638610191,0.7753856051542914,0.5168251160734026,0.4705503442167559,0.5731940562012653,3.258662931008213,0.2555437240071619,0.1999980360269546,0.6517261862754822,"{""bagging_fraction"": 0.6302987928198239, ""bagging_freq"": 1, ""bagging_seed"": 131, ""boosting_type"": ""gbdt"", ""data_random_seed"": 131, ""deterministic"": true, ""feature_fraction"": 0.9826973332934646, ""feature_fraction_seed"": 131, ""force_col_wise"": true, ""lambda_l1"": 6.249970048495867e-07, ""lambda_l2"": 0.538078630994922, ""learning_rate"": 0.0291450337302622, ""max_bin"": 63, ""max_depth"": 16, ""metric"": ""None"", ""min_data_in_leaf"": 87, ""min_gain_to_split"": 0.9125827441419312, ""num_leaves"": 104, ""objective"": ""binary"", ""scale_pos_weight"": 1.0, ""seed"": 131, ""verbosity"": -1}",1,0.2,128
90,128,3.095,0.5386689008836666,0.7755843985088156,0.5167472605474469,0.4717508403871856,0.5712324064538277,3.257191575903424,0.4083394975943937,0.1999980360269546,0.6514319181442261,"{""bagging_fraction"": 0.8837723847338808, ""bagging_freq"": 1, ""bagging_seed"": 132, ""boosting_type"": ""gbdt"", ""data_random_seed"": 132, ""deterministic"": true, ""feature_fraction"": 0.7826587690822432, ""feature_fraction_seed"": 132, ""force_col_wise"": true, ""lambda_l1"": 0.03803853565875322, ""lambda_l2"": 0.11133742434980931, ""learning_rate"": 0.035688534783973214, ""max_bin"": 127, ""max_depth"": 10, ""metric"": ""None"", ""min_data_in_leaf"": 202, ""min_gain_to_split"": 0.5699338186415264, ""num_leaves"": 120, ""objective"": ""binary"", ""scale_pos_weight"": 2.0, ""seed"": 132, ""verbosity"": -1}",1,0.2,128
91,128,20.229,0.5365624614167721,0.7733360797993057,0.5153448663221748,0.4755172270823832,0.5624540238340444,3.2444414211347183,0.417297728628864,0.1999980360269546,0.6488819122314453,"{""bagging_fraction"": 0.6419788151866431, ""bagging_freq"": 1, ""bagging_seed"": 133, ""boosting_type"": ""gbdt"", ""data_random_seed"": 133, ""deterministic"": true, ""feature_fraction"": 0.5949381147223283, ""feature_fraction_seed"": 133, ""force_col_wise"": true, ""lambda_l1"": 0.0492496655930421, ""lambda_l2"": 1.6153284837667404e-08, ""learning_rate"": 0.11565251616311528, ""max_bin"": 127, ""max_depth"": -1, ""metric"": ""None"", ""min_data_in_leaf"": 950, ""min_gain_to_split"": 0.9792246337072796, ""num_leaves"": 174, ""objective"": ""binary"", ""scale_pos_weight"": 2.0, ""seed"": 133, ""verbosity"": -1}",1,0.2,128
92,128,3.074,0.5377005168756179,0.7744432505854263,0.5162584279252368,0.4569248781961703,0.5933009661125006,3.253758910702499,0.3877110299571264,0.1999980360269546,0.6507453918457031,"{""bagging_fraction"": 0.8114452181866229, ""bagging_freq"": 1, ""bagging_seed"": 134, ""boosting_type"": ""gbdt"", ""data_random_seed"": 134, ""deterministic"": true, ""feature_fraction"": 0.8239335080042111, ""feature_fraction_seed"": 134, ""force_col_wise"": true, ""lambda_l1"": 4.811270766569056e-05, ""lambda_l2"": 0.0026059903477513354, ""learning_rate"": 0.07014184469214446, ""max_bin"": 63, ""max_depth"": 10, ""metric"": ""None"", ""min_data_in_leaf"": 162, ""min_gain_to_split"": 0.9353813695664948, ""num_leaves"": 185, ""objective"": ""binary"", ""scale_pos_weight"": 2.0, ""seed"": 134, ""verbosity"": -1}",1,0.2,128
93,128,2.048,0.5354811358876577,0.7736451538726967,0.5146994295743748,0.4656794632577712,0.5752537884360748,3.2336528744882984,0.2459886080525036,0.1999980360269546,0.6467242240905762,"{""bagging_fraction"": 0.6232921752495497, ""bagging_freq"": 1, ""bagging_seed"": 135, ""boosting_type"": ""gbdt"", ""data_random_seed"": 135, ""deterministic"": true, ""feature_fraction"": 0.608998911861799, ""feature_fraction_seed"": 135, ""force_col_wise"": true, ""lambda_l1"": 0.01448967553667836, ""lambda_l2"": 1.1357945694775365e-05, ""learning_rate"": 0.017036750334436215, ""max_bin"": 127, ""max_depth"": 8, ""metric"": ""None"", ""min_data_in_leaf"": 214, ""min_gain_to_split"": 0.9548983918558076, ""num_leaves"": 44, ""objective"": ""binary"", ""scale_pos_weight"": 1.0, ""seed"": 135, ""verbosity"": -1}",1,0.2,128
94,128,2.756,0.5363474797834171,0.773824766939178,0.5147634529891846,0.4688179840464104,0.5706929527732824,3.2449319721783647,0.2439309528832821,0.1999980360269546,0.6489800214767456,"{""bagging_fraction"": 0.6335947606919893, ""bagging_freq"": 1, ""bagging_seed"": 136, ""boosting_type"": ""gbdt"", ""data_random_seed"": 136, ""deterministic"": true, ""feature_fraction"": 0.6409396457404651, ""feature_fraction_seed"": 136, ""force_col_wise"": true, ""lambda_l1"": 0.0004990116815444999, ""lambda_l2"": 0.00016434245534261953, ""learning_rate"": 0.013072066416640573, ""max_bin"": 127, ""max_depth"": 10, ""metric"": ""None"", ""min_data_in_leaf"": 139, ""min_gain_to_split"": 0.2594398398545342, ""num_leaves"": 127, ""objective"": ""binary"", ""scale_pos_weight"": 1.0, ""seed"": 136, ""verbosity"": -1}",1,0.2,128
95,128,4.093,0.5374058045030394,0.7743852789231481,0.5160980087866932,0.4655362776025236,0.5789809229562062,3.2503262455015745,0.5707274865054195,0.1999980360269546,0.6500588655471802,"{""bagging_fraction"": 0.5998114333133273, ""bagging_freq"": 1, ""bagging_seed"": 137, ""boosting_type"": ""gbdt"", ""data_random_seed"": 137, ""deterministic"": true, ""feature_fraction"": 0.7729779504828783, ""feature_fraction_seed"": 137, ""force_col_wise"": true, ""lambda_l1"": 1.8703660679374098e-06, ""lambda_l2"": 4.497441739803914e-06, ""learning_rate"": 0.03683644889118491, ""max_bin"": 63, ""max_depth"": -1, ""metric"": ""None"", ""min_data_in_leaf"": 555, ""min_gain_to_split"": 0.7648035526072343, ""num_leaves"": 227, ""objective"": ""binary"", ""scale_pos_weight"": 4.0, ""seed"": 137, ""verbosity"": -1}",1,0.2,128
96,128,19.456,0.5373745482303012,0.7744299601769048,0.5156757706156143,0.466828318161943,0.5759403658476779,3.254739714763642,0.5774406570976112,0.1999980360269546,0.6509415507316589,"{""bagging_fraction"": 0.6120070911675124, ""bagging_freq"": 1, ""bagging_seed"": 138, ""boosting_type"": ""gbdt"", ""data_random_seed"": 138, ""deterministic"": true, ""feature_fraction"": 0.582319963226298, ""feature_fraction_seed"": 138, ""force_col_wise"": true, ""lambda_l1"": 5.497924078000962e-06, ""lambda_l2"": 0.0009464208220787081, ""learning_rate"": 0.11492462697411178, ""max_bin"": 127, ""max_depth"": 10, ""metric"": ""None"", ""min_data_in_leaf"": 1682, ""min_gain_to_split"": 0.0969778887054793, ""num_leaves"": 244, ""objective"": ""binary"", ""scale_pos_weight"": 4.0, ""seed"": 138, ""verbosity"": -1}",1,0.2,128
97,128,107.917,0.5389021339728076,0.7756103642435034,0.5162177142223701,0.4710690296997653,0.5709381589917121,3.254249163719995,0.2580675592049621,0.1999980360269546,0.6508434414863586,"{""bagging_fraction"": 0.6221404112420161, ""bagging_freq"": 1, ""bagging_seed"": 139, ""boosting_type"": ""gbdt"", ""data_random_seed"": 139, ""deterministic"": true, ""feature_fraction"": 0.6639649634800888, ""feature_fraction_seed"": 139, ""force_col_wise"": true, ""lambda_l1"": 0.4649416153516059, ""lambda_l2"": 0.001811551731881333, ""learning_rate"": 0.053132659080254156, ""max_bin"": 127, ""max_depth"": 16, ""metric"": ""None"", ""min_data_in_leaf"": 92, ""min_gain_to_split"": 0.7351294275196334, ""num_leaves"": 70, ""objective"": ""binary"", ""scale_pos_weight"": 1.0, ""seed"": 139, ""verbosity"": -1}",1,0.2,128
98,128,25.831,0.536357305274624,0.7748136654452171,0.5155788638667314,0.468128526269457,0.5737335098818106,3.23610473562808,0.4008042254242546,0.1999980360269546,0.6472145915031433,"{""bagging_fraction"": 0.9736924855321445, ""bagging_freq"": 1, ""bagging_seed"": 140, ""boosting_type"": ""gbdt"", ""data_random_seed"": 140, ""deterministic"": true, ""feature_fraction"": 0.6430660873813143, ""feature_fraction_seed"": 140, ""force_col_wise"": true, ""lambda_l1"": 1.218703439969167e-07, ""lambda_l2"": 1.1617127124750979, ""learning_rate"": 0.027329203931894797, ""max_bin"": 127, ""max_depth"": -1, ""metric"": ""None"", ""min_data_in_leaf"": 864, ""min_gain_to_split"": 0.1003956456498093, ""num_leaves"": 47, ""objective"": ""binary"", ""scale_pos_weight"": 2.0, ""seed"": 140, ""verbosity"": -1}",1,0.2,128
99,128,72.931,0.5384616726718742,0.7755392040851763,0.5158183103570166,0.4693442688859405,0.5725074787896621,3.261605343191641,0.4099100211467679,0.1999980360269546,0.6523146629333496,"{""bagging_fraction"": 0.6603665378604444, ""bagging_freq"": 1, ""bagging_seed"": 141, ""boosting_type"": ""gbdt"", ""data_random_seed"": 141, ""deterministic"": true, ""feature_fraction"": 0.7524366849748568, ""feature_fraction_seed"": 141, ""force_col_wise"": true, ""lambda_l1"": 0.02467213950451829, ""lambda_l2"": 0.45921053682758994, ""learning_rate"": 0.09897739223777341, ""max_bin"": 127, ""max_depth"": 6, ""metric"": ""None"", ""min_data_in_leaf"": 230, ""min_gain_to_split"": 0.8745751398555718, ""num_leaves"": 25, ""objective"": ""binary"", ""scale_pos_weight"": 2.0, ""seed"": 141, ""verbosity"": -1}",1,0.2,128
100,128,2.058,0.5371863890755325,0.7752694510903753,0.5152070679182772,0.468694743610352,0.5719680251091168,3.2488548903967853,0.4083527840778033,0.1999980360269546,0.6497645974159241,"{""bagging_fraction"": 0.949594972872511, ""bagging_freq"": 1, ""bagging_seed"": 142, ""boosting_type"": ""gbdt"", ""data_random_seed"": 142, ""deterministic"": true, ""feature_fraction"": 0.9730085548633816, ""feature_fraction_seed"": 142, ""force_col_wise"": true, ""lambda_l1"": 0.0991353216336825, ""lambda_l2"": 0.00045598829175807094, ""learning_rate"": 0.04210449943845745, ""max_bin"": 63, ""max_depth"": 6, ""metric"": ""None"", ""min_data_in_leaf"": 91, ""min_gain_to_split"": 0.4906079155118719, ""num_leaves"": 30, ""objective"": ""binary"", ""scale_pos_weight"": 2.0, ""seed"": 142, ""verbosity"": -1}",1,0.2,128
101,128,2.309,0.537773766339981,0.7754623894380823,0.5161872482778352,0.4682184780004791,0.5751066647050169,3.25228785362386,0.4065498107902578,0.1999980360269546,0.6504511833190918,"{""bagging_fraction"": 0.9785123721305575, ""bagging_freq"": 1, ""bagging_seed"": 143, ""boosting_type"": ""gbdt"", ""data_random_seed"": 143, ""deterministic"": true, ""feature_fraction"": 0.6065487337908413, ""feature_fraction_seed"": 143, ""force_col_wise"": true, ""lambda_l1"": 0.0002179098372204684, ""lambda_l2"": 3.7918375599295837, ""learning_rate"": 0.042761501924753274, ""max_bin"": 63, ""max_depth"": 10, ""metric"": ""None"", ""min_data_in_leaf"": 81, ""min_gain_to_split"": 0.16357687771010998, ""num_leaves"": 51, ""objective"": ""binary"", ""scale_pos_weight"": 2.0, ""seed"": 143, ""verbosity"": -1}",1,0.2,128
102,128,67.916,0.5336107400807542,0.7736420057092448,0.5142542167346489,0.4671526998878385,0.5719189838654308,3.226296993042803,0.3828575215684296,0.1999980360269546,0.64525306224823,"{""bagging_fraction"": 0.6946898461670493, ""bagging_freq"": 1, ""bagging_seed"": 144, ""boosting_type"": ""gbdt"", ""data_random_seed"": 144, ""deterministic"": true, ""feature_fraction"": 0.962581783433138, ""feature_fraction_seed"": 144, ""force_col_wise"": true, ""lambda_l1"": 0.0029727809358252692, ""lambda_l2"": 0.000153153592310721, ""learning_rate"": 0.017550700132485796, ""max_bin"": 63, ""max_depth"": 16, ""metric"": ""None"", ""min_data_in_leaf"": 78, ""min_gain_to_split"": 0.4004512452452783, ""num_leaves"": 31, ""objective"": ""binary"", ""scale_pos_weight"": 2.0, ""seed"": 144, ""verbosity"": -1}",1,0.2,128
103,128,3.225,0.5364476289802692,0.7744172493767804,0.5152273766245075,0.4632427777342832,0.5803540777794125,3.245912478213357,0.2459508880993515,0.1999980360269546,0.6491761207580566,"{""bagging_fraction"": 0.7609416836562786, ""bagging_freq"": 1, ""bagging_seed"": 145, ""boosting_type"": ""gbdt"", ""data_random_seed"": 145, ""deterministic"": true, ""feature_fraction"": 0.883726584729182, ""feature_fraction_seed"": 145, ""force_col_wise"": true, ""lambda_l1"": 2.3762607748849057e-07, ""lambda_l2"": 1.9319359519016839, ""learning_rate"": 0.01660389912142586, ""max_bin"": 127, ""max_depth"": 10, ""metric"": ""None"", ""min_data_in_leaf"": 1023, ""min_gain_to_split"": 0.34138706738172764, ""num_leaves"": 247, ""objective"": ""binary"", ""scale_pos_weight"": 1.0, ""seed"": 145, ""verbosity"": -1}",1,0.2,128
104,128,37.733,0.5366879378682708,0.7748457735859063,0.5151475409836066,0.4646870933396427,0.5779020155951154,3.2527781066413564,0.5611578490403936,0.1999980360269546,0.6505492329597473,"{""bagging_fraction"": 0.6453795749862442, ""bagging_freq"": 1, ""bagging_seed"": 146, ""boosting_type"": ""gbdt"", ""data_random_seed"": 146, ""deterministic"": true, ""feature_fraction"": 0.9071359227380699, ""feature_fraction_seed"": 146, ""force_col_wise"": true, ""lambda_l1"": 2.060866429422541, ""lambda_l2"": 8.747952702673376e-05, ""learning_rate"": 0.025275396161752933, ""max_bin"": 127, ""max_depth"": 10, ""metric"": ""None"", ""min_data_in_leaf"": 798, ""min_gain_to_split"": 0.6390136492641646, ""num_leaves"": 142, ""objective"": ""binary"", ""scale_pos_weight"": 4.0, ""seed"": 146, ""verbosity"": -1}",1,0.2,128
105,128,1.615,0.5367505320399274,0.7745716164090419,0.5156885732018481,0.4853322949117342,0.5500956304251876,3.2449319721783647,0.6030254889146174,0.1999980360269546,0.6489800214767456,"{""bagging_fraction"": 0.6080635257319188, ""bagging_freq"": 1, ""bagging_seed"": 147, ""boosting_type"": ""gbdt"", ""data_random_seed"": 147, ""deterministic"": true, ""feature_fraction"": 0.7562179186914313, ""feature_fraction_seed"": 147, ""force_col_wise"": true, ""lambda_l1"": 2.3493103468709597e-07, ""lambda_l2"": 0.0049039419122344705, ""learning_rate"": 0.14733027788906553, ""max_bin"": 63, ""max_depth"": -1, ""metric"": ""None"", ""min_data_in_leaf"": 63, ""min_gain_to_split"": 0.39292739157023326, ""num_leaves"": 33, ""objective"": ""binary"", ""scale_pos_weight"": 4.0, ""seed"": 147, ""verbosity"": -1}",1,0.2,128
106,128,2.911,0.5373661978385691,0.7749610916067975,0.5166845599351461,0.466970297029703,0.578245304300917,3.245912478213357,0.2507546793998808,0.1999980360269546,0.6491761207580566,"{""bagging_fraction"": 0.7627527877415492, ""bagging_freq"": 1, ""bagging_seed"": 148, ""boosting_type"": ""gbdt"", ""data_random_seed"": 148, ""deterministic"": true, ""feature_fraction"": 0.8198629105221957, ""feature_fraction_seed"": 148, ""force_col_wise"": true, ""lambda_l1"": 3.552628959160005, ""lambda_l2"": 1.2145706571922712e-05, ""learning_rate"": 0.023733247244399083, ""max_bin"": 63, ""max_depth"": 12, ""metric"": ""None"", ""min_data_in_leaf"": 570, ""min_gain_to_split"": 0.17723550124927256, ""num_leaves"": 117, ""objective"": ""binary"", ""scale_pos_weight"": 1.0, ""seed"": 148, ""verbosity"": -1}",1,0.2,128
107,128,1.729,0.5377477086344543,0.7753103098748529,0.5153746967677076,0.4648348182606638,0.578245304300917,3.250816498519071,0.2532903657434482,0.1999980360269546,0.6501569151878357,"{""bagging_fraction"": 0.8873283785152903, ""bagging_freq"": 1, ""bagging_seed"": 149, ""boosting_type"": ""gbdt"", ""data_random_seed"": 149, ""deterministic"": true, ""feature_fraction"": 0.9516194603592969, ""feature_fraction_seed"": 149, ""force_col_wise"": true, ""lambda_l1"": 8.438581486501713, ""lambda_l2"": 0.00060635128792742, ""learning_rate"": 0.09885123463544149, ""max_bin"": 63, ""max_depth"": 12, ""metric"": ""None"", ""min_data_in_leaf"": 263, ""min_gain_to_split"": 0.6599957188011513, ""num_leaves"": 17, ""objective"": ""binary"", ""scale_pos_weight"": 1.0, ""seed"": 149, ""verbosity"": -1}",1,0.2,128
108,128,1.742,0.5380679427773433,0.7753187800338723,0.5158433161356037,0.4702462656439241,0.5712324064538277,3.2567013228859274,0.2583439003666498,0.1999980360269546,0.6513338685035706,"{""bagging_fraction"": 0.8739021407596959, ""bagging_freq"": 1, ""bagging_seed"": 150, ""boosting_type"": ""gbdt"", ""data_random_seed"": 150, ""deterministic"": true, ""feature_fraction"": 0.8028185185283497, ""feature_fraction_seed"": 150, ""force_col_wise"": true, ""lambda_l1"": 0.00038054617912313657, ""lambda_l2"": 1.4580651916499214, ""learning_rate"": 0.13013326805199057, ""max_bin"": 127, ""max_depth"": 12, ""metric"": ""None"", ""min_data_in_leaf"": 221, ""min_gain_to_split"": 0.41930098792781023, ""num_leaves"": 42, ""objective"": ""binary"", ""scale_pos_weight"": 1.0, ""seed"": 150, ""verbosity"": -1}",1,0.2,128
109,128,2.135,0.5362773495911058,0.7743640065734687,0.5156377112898852,0.4781442521269016,0.559511549212888,3.2405182048901477,0.262507922490034,0.1999980360269546,0.6480972766876221,"{""bagging_fraction"": 0.591275655576553, ""bagging_freq"": 1, ""bagging_seed"": 151, ""boosting_type"": ""gbdt"", ""data_random_seed"": 151, ""deterministic"": true, ""feature_fraction"": 0.6066131582405284, ""feature_fraction_seed"": 151, ""force_col_wise"": true, ""lambda_l1"": 0.010172069254498248, ""lambda_l2"": 0.007937059666129554, ""learning_rate"": 0.02527257332311013, ""max_bin"": 63, ""max_depth"": 10, ""metric"": ""None"", ""min_data_in_leaf"": 253, ""min_gain_to_split"": 0.6629097142100953, ""num_leaves"": 48, ""objective"": ""binary"", ""scale_pos_weight"": 1.0, ""seed"": 151, ""verbosity"": -1}",1,0.2,128
110,128,24.131,0.5350852615412263,0.7738497153529034,0.5140929896410503,0.4644637910565888,0.5755970771418764,3.23071046230487,0.2489607055484968,0.1999980360269546,0.6461357474327087,"{""bagging_fraction"": 0.8505321214815939, ""bagging_freq"": 1, ""bagging_seed"": 152, ""boosting_type"": ""gbdt"", ""data_random_seed"": 152, ""deterministic"": true, ""feature_fraction"": 0.6610061697517663, ""feature_fraction_seed"": 152, ""force_col_wise"": true, ""lambda_l1"": 1.459705455390837e-07, ""lambda_l2"": 2.9948338306169273e-06, ""learning_rate"": 0.024213015906742998, ""max_bin"": 127, ""max_depth"": -1, ""metric"": ""None"", ""min_data_in_leaf"": 1196, ""min_gain_to_split"": 0.13865449623341952, ""num_leaves"": 26, ""objective"": ""binary"", ""scale_pos_weight"": 1.0, ""seed"": 152, ""verbosity"": -1}",1,0.2,128
111,128,2.054,0.5379080454728962,0.7756019653330265,0.5167552780780515,0.4696447189028791,0.5743710460497278,3.2449319721783647,0.4093621245101322,0.1999980360269546,0.6489800214767456,"{""bagging_fraction"": 0.8656259955595446, ""bagging_freq"": 1, ""bagging_seed"": 153, ""boosting_type"": ""gbdt"", ""data_random_seed"": 153, ""deterministic"": true, ""feature_fraction"": 0.7939355657278236, ""feature_fraction_seed"": 153, ""force_col_wise"": true, ""lambda_l1"": 3.769660304425119, ""lambda_l2"": 0.0030941712463943586, ""learning_rate"": 0.06216583272622747, ""max_bin"": 63, ""max_depth"": 6, ""metric"": ""None"", ""min_data_in_leaf"": 106, ""min_gain_to_split"": 0.2551069310273807, ""num_leaves"": 198, ""objective"": ""binary"", ""scale_pos_weight"": 2.0, ""seed"": 153, ""verbosity"": -1}",1,0.2,128
112,128,3.183,0.5330754789567809,0.7728838962640099,0.5138665550587043,0.4664480524674078,0.5720170663528027,3.222864029815728,0.2484992451645404,0.1999980360269546,0.6445664763450623,"{""bagging_fraction"": 0.7300276507606399, ""bagging_freq"": 1, ""bagging_seed"": 154, ""boosting_type"": ""gbdt"", ""data_random_seed"": 154, ""deterministic"": true, ""feature_fraction"": 0.5604524120560413, ""feature_fraction_seed"": 154, ""force_col_wise"": true, ""lambda_l1"": 0.7515684141540409, ""lambda_l2"": 0.0031048955856821017, ""learning_rate"": 0.023819182604535492, ""max_bin"": 63, ""max_depth"": 10, ""metric"": ""None"", ""min_data_in_leaf"": 627, ""min_gain_to_split"": 0.44394288639597634, ""num_leaves"": 238, ""objective"": ""binary"", ""scale_pos_weight"": 1.0, ""seed"": 154, ""verbosity"": -1}",1,0.2,128
113,128,2.078,0.5380316596251498,0.7751275032502789,0.5161218042080262,0.4751629672415215,0.5648080035309695,3.249345441440432,0.5888984024792653,0.1999980360269546,0.6498627066612244,"{""bagging_fraction"": 0.834491125051688, ""bagging_freq"": 1, ""bagging_seed"": 155, ""boosting_type"": ""gbdt"", ""data_random_seed"": 155, ""deterministic"": true, ""feature_fraction"": 0.7704209152416083, ""feature_fraction_seed"": 155, ""force_col_wise"": true, ""lambda_l1"": 1.0162519750261132e-05, ""lambda_l2"": 1.5770483446446252e-06, ""learning_rate"": 0.10100981138588007, ""max_bin"": 127, ""max_depth"": 16, ""metric"": ""None"", ""min_data_in_leaf"": 373, ""min_gain_to_split"": 0.9126718352555361, ""num_leaves"": 37, ""objective"": ""binary"", ""scale_pos_weight"": 4.0, ""seed"": 155, ""verbosity"": -1}",1,0.2,128
114,128,47.863,0.5353730731273448,0.7709919059461037,0.5134395057942124,0.4639718109113944,0.5747143347555294,3.2503262455015745,0.4034358494376427,0.1999980360269546,0.6500588655471802,"{""bagging_fraction"": 0.766273433924038, ""bagging_freq"": 1, ""bagging_seed"": 156, ""boosting_type"": ""gbdt"", ""data_random_seed"": 156, ""deterministic"": true, ""feature_fraction"": 0.8931655413831883, ""feature_fraction_seed"": 156, ""force_col_wise"": true, ""lambda_l1"": 0.0001282536550152111, ""lambda_l2"": 1.4522336154839234e-06, ""learning_rate"": 0.09813516895307359, ""max_bin"": 127, ""max_depth"": -1, ""metric"": ""None"", ""min_data_in_leaf"": 839, ""min_gain_to_split"": 0.6448191943592905, ""num_leaves"": 240, ""objective"": ""binary"", ""scale_pos_weight"": 2.0, ""seed"": 156, ""verbosity"": -1}",1,0.2,128
115,128,2.105,0.5352277451831379,0.774177972119351,0.5153640988860748,0.4745727730537439,0.5638271786572507,3.226787246060299,0.3987230892064033,0.1999980360269546,0.6453511118888855,"{""bagging_fraction"": 0.917225207538774, ""bagging_freq"": 1, ""bagging_seed"": 157, ""boosting_type"": ""gbdt"", ""data_random_seed"": 157, ""deterministic"": true, ""feature_fraction"": 0.6484854739575845, ""feature_fraction_seed"": 157, ""force_col_wise"": true, ""lambda_l1"": 0.5560697543506458, ""lambda_l2"": 3.2306928989163633e-07, ""learning_rate"": 0.02010047021825333, ""max_bin"": 63, ""max_depth"": 6, ""metric"": ""None"", ""min_data_in_leaf"": 227, ""min_gain_to_split"": 0.007507032799999869, ""num_leaves"": 79, ""objective"": ""binary"", ""scale_pos_weight"": 2.0, ""seed"": 157, ""verbosity"": -1}",1,0.2,128
116,128,1.906,0.5383089397710854,0.7756113959945506,0.5165065343108237,0.4820449619650673,0.556274827129616,3.2503262455015745,0.2705707709541826,0.1999980360269546,0.6500588655471802,"{""bagging_fraction"": 0.7255281655704382, ""bagging_freq"": 1, ""bagging_seed"": 158, ""boosting_type"": ""gbdt"", ""data_random_seed"": 158, ""deterministic"": true, ""feature_fraction"": 0.6020668752892433, ""feature_fraction_seed"": 158, ""force_col_wise"": true, ""lambda_l1"": 9.715958141655594, ""lambda_l2"": 5.411496838729181e-07, ""learning_rate"": 0.08668531323704301, ""max_bin"": 63, ""max_depth"": 6, ""metric"": ""None"", ""min_data_in_leaf"": 870, ""min_gain_to_split"": 0.15396358257762643, ""num_leaves"": 162, ""objective"": ""binary"", ""scale_pos_weight"": 1.0, ""seed"": 158, ""verbosity"": -1}",1,0.2,128
117,128,2.247,0.5373542670815611,0.7751089437564997,0.5159114109449203,0.4711604718090065,0.5700554166053651,3.249345441440432,0.4124524998882568,0.1999980360269546,0.6498627066612244,"{""bagging_fraction"": 0.6120988828065574, ""bagging_freq"": 1, ""bagging_seed"": 159, ""boosting_type"": ""gbdt"", ""data_random_seed"": 159, ""deterministic"": true, ""feature_fraction"": 0.5813382864661276, ""feature_fraction_seed"": 159, ""force_col_wise"": true, ""lambda_l1"": 0.13081024680530817, ""lambda_l2"": 2.7270265766055677e-06, ""learning_rate"": 0.05355336157125742, ""max_bin"": 63, ""max_depth"": 8, ""metric"": ""None"", ""min_data_in_leaf"": 1863, ""min_gain_to_split"": 0.8848490595063606, ""num_leaves"": 211, ""objective"": ""binary"", ""scale_pos_weight"": 2.0, ""seed"": 159, ""verbosity"": -1}",1,0.2,128
118,128,3.085,0.5365567841914889,0.7743152346913615,0.5160314306358381,0.4781771770515127,0.5603942915992349,3.2488548903967853,0.2529142369753316,0.1999980360269546,0.6497645974159241,"{""bagging_fraction"": 0.7753447670861252, ""bagging_freq"": 1, ""bagging_seed"": 160, ""boosting_type"": ""gbdt"", ""data_random_seed"": 160, ""deterministic"": true, ""feature_fraction"": 0.7984832178516985, ""feature_fraction_seed"": 160, ""force_col_wise"": true, ""lambda_l1"": 0.014978428151494205, ""lambda_l2"": 0.007484807129770777, ""learning_rate"": 0.013537538179136322, ""max_bin"": 63, ""max_depth"": 10, ""metric"": ""None"", ""min_data_in_leaf"": 238, ""min_gain_to_split"": 0.9920420055280549, ""num_leaves"": 159, ""objective"": ""binary"", ""scale_pos_weight"": 1.0, ""seed"": 160, ""verbosity"": -1}",1,0.2,128
119,128,1.869,0.5356765319230917,0.7748203922696437,0.51559502030253,0.4729646760263599,0.5666715707910353,3.2287488541825846,0.5860171475414354,0.1999980360269546,0.6457434296607971,"{""bagging_fraction"": 0.6932468744330592, ""bagging_freq"": 1, ""bagging_seed"": 161, ""boosting_type"": ""gbdt"", ""data_random_seed"": 161, ""deterministic"": true, ""feature_fraction"": 0.9894988351974652, ""feature_fraction_seed"": 161, ""force_col_wise"": true, ""lambda_l1"": 0.00014154025462193904, ""lambda_l2"": 6.652613968276296e-05, ""learning_rate"": 0.040495185162258536, ""max_bin"": 63, ""max_depth"": 16, ""metric"": ""None"", ""min_data_in_leaf"": 733, ""min_gain_to_split"": 0.05141915455692936, ""num_leaves"": 20, ""objective"": ""binary"", ""scale_pos_weight"": 4.0, ""seed"": 161, ""verbosity"": -1}",1,0.2,128
120,128,3.217,0.5373789765574908,0.7747791038895232,0.5153253424657535,0.4572144783318774,0.5903584914913442,3.2557205188247846,0.2436999639306262,0.1999980360269546,0.6511377096176147,"{""bagging_fraction"": 0.6946955570084048, ""bagging_freq"": 1, ""bagging_seed"": 162, ""boosting_type"": ""gbdt"", ""data_random_seed"": 162, ""deterministic"": true, ""feature_fraction"": 0.7374996991179461, ""feature_fraction_seed"": 162, ""force_col_wise"": true, ""lambda_l1"": 0.05487657739929389, ""lambda_l2"": 0.16311913305315567, ""learning_rate"": 0.02603498757001761, ""max_bin"": 127, ""max_depth"": 12, ""metric"": ""None"", ""min_data_in_leaf"": 1034, ""min_gain_to_split"": 0.49125744639136615, ""num_leaves"": 140, ""objective"": ""binary"", ""scale_pos_weight"": 1.0, ""seed"": 162, ""verbosity"": -1}",1,0.2,128
121,128,3.393,0.536522213851922,0.774562764153408,0.5161899622234215,0.4766413354927121,0.5628953950272179,3.24149900895129,0.3821756200962408,0.1999980360269546,0.6482934355735779,"{""bagging_fraction"": 0.7902280059732822, ""bagging_freq"": 1, ""bagging_seed"": 163, ""boosting_type"": ""gbdt"", ""data_random_seed"": 163, ""deterministic"": true, ""feature_fraction"": 0.6190864849245763, ""feature_fraction_seed"": 163, ""force_col_wise"": true, ""lambda_l1"": 4.051970936907157e-08, ""lambda_l2"": 2.98719733120012e-08, ""learning_rate"": 0.01476555445319976, ""max_bin"": 63, ""max_depth"": 16, ""metric"": ""None"", ""min_data_in_leaf"": 71, ""min_gain_to_split"": 0.0005187441657055203, ""num_leaves"": 181, ""objective"": ""binary"", ""scale_pos_weight"": 2.0, ""seed"": 163, ""verbosity"": -1}",1,0.2,128
122,128,17.331,0.5375059461494772,0.7754557458872688,0.5144175317185697,0.4696067711497185,0.5686822617821587,3.237085539689222,0.4132287857498674,0.1999980360269546,0.6474107503890991,"{""bagging_fraction"": 0.616088680669632, ""bagging_freq"": 1, ""bagging_seed"": 164, ""boosting_type"": ""gbdt"", ""data_random_seed"": 164, ""deterministic"": true, ""feature_fraction"": 0.6256003818600421, ""feature_fraction_seed"": 164, ""force_col_wise"": true, ""lambda_l1"": 0.5587387123262261, ""lambda_l2"": 0.25593017259149503, ""learning_rate"": 0.0814757516740899, ""max_bin"": 127, ""max_depth"": 8, ""metric"": ""None"", ""min_data_in_leaf"": 1042, ""min_gain_to_split"": 0.5389417662641869, ""num_leaves"": 17, ""objective"": ""binary"", ""scale_pos_weight"": 2.0, ""seed"": 164, ""verbosity"": -1}",1,0.2,128
123,128,2.288,0.5334512485211662,0.7730630836429963,0.5142306681846046,0.464465097884121,0.5759403658476779,3.2189411115973074,0.3618205254233317,0.1999980360269546,0.6437819004058838,"{""bagging_fraction"": 0.8885480114950988, ""bagging_freq"": 1, ""bagging_seed"": 165, ""boosting_type"": ""gbdt"", ""data_random_seed"": 165, ""deterministic"": true, ""feature_fraction"": 0.6658533816957836, ""feature_fraction_seed"": 165, ""force_col_wise"": true, ""lambda_l1"": 0.00034483190351449963, ""lambda_l2"": 0.056544958743479604, ""learning_rate"": 0.012855518920533174, ""max_bin"": 63, ""max_depth"": 12, ""metric"": ""None"", ""min_data_in_leaf"": 760, ""min_gain_to_split"": 0.4646796378573296, ""num_leaves"": 46, ""objective"": ""binary"", ""scale_pos_weight"": 2.0, ""seed"": 165, ""verbosity"": -1}",1,0.2,128
124,128,18.487,0.5328453904641104,0.7735369453741001,0.5141096406641396,0.4690938511326861,0.5686822617821587,3.207171462863595,0.5416323830465132,0.1999980360269546,0.6414279937744141,"{""bagging_fraction"": 0.6293311142599586, ""bagging_freq"": 1, ""bagging_seed"": 166, ""boosting_type"": ""gbdt"", ""data_random_seed"": 166, ""deterministic"": true, ""feature_fraction"": 0.5886920575499254, ""feature_fraction_seed"": 166, ""force_col_wise"": true, ""lambda_l1"": 3.785459491147883e-07, ""lambda_l2"": 0.2558400935833538, ""learning_rate"": 0.018104499431566876, ""max_bin"": 127, ""max_depth"": 10, ""metric"": ""None"", ""min_data_in_leaf"": 78, ""min_gain_to_split"": 0.3985066234742124, ""num_leaves"": 27, ""objective"": ""binary"", ""scale_pos_weight"": 4.0, ""seed"": 166, ""verbosity"": -1}",1,0.2,128
125,128,2.747,0.5357293645206345,0.7740885383632952,0.5150309460654289,0.4688317437321421,0.5713304889411995,3.243460617073576,0.2463050644514751,0.1999980360269546,0.6486857533454895,"{""bagging_fraction"": 0.943787889574337, ""bagging_freq"": 1, ""bagging_seed"": 167, ""boosting_type"": ""gbdt"", ""data_random_seed"": 167, ""deterministic"": true, ""feature_fraction"": 0.7268131795136833, ""feature_fraction_seed"": 167, ""force_col_wise"": true, ""lambda_l1"": 6.030604014212138, ""lambda_l2"": 0.7173492176032282, ""learning_rate"": 0.014500165559347813, ""max_bin"": 127, ""max_depth"": 16, ""metric"": ""None"", ""min_data_in_leaf"": 262, ""min_gain_to_split"": 0.19230067903513304, ""num_leaves"": 96, ""objective"": ""binary"", ""scale_pos_weight"": 1.0, ""seed"": 167, ""verbosity"": -1}",1,0.2,128
126,128,1.973,0.5375933889853981,0.7756650810198293,0.5156803926915735,0.4804980307457756,0.5564219508606738,3.24149900895129,0.5965396961200455,0.1999980360269546,0.6482934355735779,"{""bagging_fraction"": 0.9228461161774536, ""bagging_freq"": 1, ""bagging_seed"": 168, ""boosting_type"": ""gbdt"", ""data_random_seed"": 168, ""deterministic"": true, ""feature_fraction"": 0.7979089458206814, ""feature_fraction_seed"": 168, ""force_col_wise"": true, ""lambda_l1"": 0.024819609582961286, ""lambda_l2"": 1.7346021684639207e-08, ""learning_rate"": 0.05910207851282344, ""max_bin"": 127, ""max_depth"": 6, ""metric"": ""None"", ""min_data_in_leaf"": 404, ""min_gain_to_split"": 0.049459137146015686, ""num_leaves"": 34, ""objective"": ""binary"", ""scale_pos_weight"": 4.0, ""seed"": 168, ""verbosity"": -1}",1,0.2,128
127,128,2.121,0.5372056633578085,0.775139193723173,0.5154812084832168,0.4686221009549795,0.5727526850080918,3.2449319721783647,0.4070247427644083,0.1999980360269546,0.6489800214767456,"{""bagging_fraction"": 0.9219751680960685, ""bagging_freq"": 1, ""bagging_seed"": 169, ""boosting_type"": ""gbdt"", ""data_random_seed"": 169, ""deterministic"": true, ""feature_fraction"": 0.8910596434297873, ""feature_fraction_seed"": 169, ""force_col_wise"": true, ""lambda_l1"": 0.001124624682840764, ""lambda_l2"": 2.9398510543032996e-05, ""learning_rate"": 0.037308367869611204, ""max_bin"": 63, ""max_depth"": 10, ""metric"": ""None"", ""min_data_in_leaf"": 234, ""min_gain_to_split"": 0.270696761495107, ""num_leaves"": 31, ""objective"": ""binary"", ""scale_pos_weight"": 2.0, ""seed"": 169, ""verbosity"": -1}",1,0.2,128
128,128,2.404,0.532968037173637,0.7735259571653221,0.5130695225993829,0.4774291626198218,0.5544603011132362,3.2213929727370894,0.5682479478890248,0.1999980360269546,0.6442722678184509,"{""bagging_fraction"": 0.6455247124783343, ""bagging_freq"": 1, ""bagging_seed"": 170, ""boosting_type"": ""gbdt"", ""data_random_seed"": 170, ""deterministic"": true, ""feature_fraction"": 0.5504803592602363, ""feature_fraction_seed"": 170, ""force_col_wise"": true, ""lambda_l1"": 1.1235786531860095, ""lambda_l2"": 0.006555666757133462, ""learning_rate"": 0.023451697042974753, ""max_bin"": 127, ""max_depth"": 10, ""metric"": ""None"", ""min_data_in_leaf"": 64, ""min_gain_to_split"": 0.17196035193702286, ""num_leaves"": 74, ""objective"": ""binary"", ""scale_pos_weight"": 4.0, ""seed"": 170, ""verbosity"": -1}",1,0.2,128
129,128,2.391,0.5366762787126557,0.7747763871254748,0.5151283549880862,0.4755343432247354,0.5619145701534991,3.243951168117222,0.2639492513572523,0.1999980360269546,0.6487838625907898,"{""bagging_fraction"": 0.6468302235829234, ""bagging_freq"": 1, ""bagging_seed"": 171, ""boosting_type"": ""gbdt"", ""data_random_seed"": 171, ""deterministic"": true, ""feature_fraction"": 0.576769011482503, ""feature_fraction_seed"": 171, ""force_col_wise"": true, ""lambda_l1"": 0.0018704320105535, ""lambda_l2"": 5.746171532459681e-07, ""learning_rate"": 0.03570352315024993, ""max_bin"": 63, ""max_depth"": 16, ""metric"": ""None"", ""min_data_in_leaf"": 1577, ""min_gain_to_split"": 0.6795270092089578, ""num_leaves"": 58, ""objective"": ""binary"", ""scale_pos_weight"": 1.0, ""seed"": 171, ""verbosity"": -1}",1,0.2,128
130,128,2.019,0.5317789399990829,0.7723682573336705,0.5131696672122203,0.4622945663285366,0.5766269432592811,3.191969446955108,0.3611341278958893,0.1999980360269546,0.6383876204490662,"{""bagging_fraction"": 0.9371268487985234, ""bagging_freq"": 1, ""bagging_seed"": 172, ""boosting_type"": ""gbdt"", ""data_random_seed"": 172, ""deterministic"": true, ""feature_fraction"": 0.6106114112155063, ""feature_fraction_seed"": 172, ""force_col_wise"": true, ""lambda_l1"": 7.648474663559516e-06, ""lambda_l2"": 1.7653392556070056e-05, ""learning_rate"": 0.013080298242256358, ""max_bin"": 63, ""max_depth"": -1, ""metric"": ""None"", ""min_data_in_leaf"": 96, ""min_gain_to_split"": 0.055270409501227635, ""num_leaves"": 27, ""objective"": ""binary"", ""scale_pos_weight"": 2.0, ""seed"": 172, ""verbosity"": -1}",1,0.2,128
131,128,23.315,0.5365839717247831,0.77482474233889,0.516335653759758,0.4724076184274784,0.56927075670639,3.2449319721783647,0.3965870803880107,0.1999980360269546,0.6489800214767456,"{""bagging_fraction"": 0.9683499794137997, ""bagging_freq"": 1, ""bagging_seed"": 173, ""boosting_type"": ""gbdt"", ""data_random_seed"": 173, ""deterministic"": true, ""feature_fraction"": 0.9497644538782782, ""feature_fraction_seed"": 173, ""force_col_wise"": true, ""lambda_l1"": 7.915521167075224e-08, ""lambda_l2"": 9.260333052853408e-08, ""learning_rate"": 0.020485067842217024, ""max_bin"": 63, ""max_depth"": 8, ""metric"": ""None"", ""min_data_in_leaf"": 107, ""min_gain_to_split"": 0.11532643811098797, ""num_leaves"": 85, ""objective"": ""binary"", ""scale_pos_weight"": 2.0, ""seed"": 173, ""verbosity"": -1}",1,0.2,128
132,128,3.557,0.5362775486071102,0.77421994953601,0.5156281019080181,0.4685695958948043,0.5731940562012653,3.2405182048901477,0.373453232119387,0.1999980360269546,0.6480972766876221,"{""bagging_fraction"": 0.9985047451836191, ""bagging_freq"": 1, ""bagging_seed"": 174, ""boosting_type"": ""gbdt"", ""data_random_seed"": 174, ""deterministic"": true, ""feature_fraction"": 0.7867272370987094, ""feature_fraction_seed"": 174, ""force_col_wise"": true, ""lambda_l1"": 2.4979050527818666e-08, ""lambda_l2"": 4.086812167093333e-05, ""learning_rate"": 0.013913828073398733, ""max_bin"": 127, ""max_depth"": 16, ""metric"": ""None"", ""min_data_in_leaf"": 1029, ""min_gain_to_split"": 0.3239366689376362, ""num_leaves"": 168, ""objective"": ""binary"", ""scale_pos_weight"": 2.0, ""seed"": 174, ""verbosity"": -1}",1,0.2,128
133,128,20.643,0.5385480593824747,0.7751640239905808,0.5159242688060656,0.4685348278622898,0.5739787161002403,3.254249163719995,0.4055052463396565,0.1999980360269546,0.6508434414863586,"{""bagging_fraction"": 0.7743877960943418, ""bagging_freq"": 1, ""bagging_seed"": 175, ""boosting_type"": ""gbdt"", ""data_random_seed"": 175, ""deterministic"": true, ""feature_fraction"": 0.9903853647551975, ""feature_fraction_seed"": 175, ""force_col_wise"": true, ""lambda_l1"": 0.0002773631024190378, ""lambda_l2"": 5.469688034549823, ""learning_rate"": 0.04769151634441131, ""max_bin"": 127, ""max_depth"": 16, ""metric"": ""None"", ""min_data_in_leaf"": 94, ""min_gain_to_split"": 0.38073236121714504, ""num_leaves"": 147, ""objective"": ""binary"", ""scale_pos_weight"": 2.0, ""seed"": 175, ""verbosity"": -1}",1,0.2,128
134,128,1.887,0.5367994671473224,0.775091912047925,0.5152349649107222,0.4708365466574664,0.5688784267569026,3.2410087559337937,0.4128167937005747,0.1999980360269546,0.6481953859329224,"{""bagging_fraction"": 0.939765072848959, ""bagging_freq"": 1, ""bagging_seed"": 176, ""boosting_type"": ""gbdt"", ""data_random_seed"": 176, ""deterministic"": true, ""feature_fraction"": 0.5964775655981723, ""feature_fraction_seed"": 176, ""force_col_wise"": true, ""lambda_l1"": 0.0020136338123492516, ""lambda_l2"": 1.6906555080729028e-05, ""learning_rate"": 0.048721712246662614, ""max_bin"": 63, ""max_depth"": 10, ""metric"": ""None"", ""min_data_in_leaf"": 102, ""min_gain_to_split"": 0.4086693773667128, ""num_leaves"": 22, ""objective"": ""binary"", ""scale_pos_weight"": 2.0, ""seed"": 176, ""verbosity"": -1}",1,0.2,128
135,128,2.342,0.5378729141534729,0.7752268543825864,0.5162809293234418,0.4718444236937193,0.5699573341179932,3.2532686576850027,0.413383023540478,0.1999980360269546,0.6506473422050476,"{""bagging_fraction"": 0.6981681068189963, ""bagging_freq"": 1, ""bagging_seed"": 177, ""boosting_type"": ""gbdt"", ""data_random_seed"": 177, ""deterministic"": true, ""feature_fraction"": 0.7261713907887986, ""feature_fraction_seed"": 177, ""force_col_wise"": true, ""lambda_l1"": 0.00011466173306402728, ""lambda_l2"": 0.0012924331054216236, ""learning_rate"": 0.055544520092997714, ""max_bin"": 63, ""max_depth"": 8, ""metric"": ""None"", ""min_data_in_leaf"": 1561, ""min_gain_to_split"": 0.46181791144974826, ""num_leaves"": 207, ""objective"": ""binary"", ""scale_pos_weight"": 2.0, ""seed"": 177, ""verbosity"": -1}",1,0.2,128
136,128,2.01,0.5369486535486541,0.7752692613948884,0.515550586920067,0.4737815402317745,0.5653964984552008,3.242970364056079,0.585677830826608,0.1999980360269546,0.648587703704834,"{""bagging_fraction"": 0.624728184586288, ""bagging_freq"": 1, ""bagging_seed"": 178, ""boosting_type"": ""gbdt"", ""data_random_seed"": 178, ""deterministic"": true, ""feature_fraction"": 0.5925878957122249, ""feature_fraction_seed"": 178, ""force_col_wise"": true, ""lambda_l1"": 0.032212484256956095, ""lambda_l2"": 3.175926212171684e-05, ""learning_rate"": 0.04487700294788271, ""max_bin"": 63, ""max_depth"": 16, ""metric"": ""None"", ""min_data_in_leaf"": 202, ""min_gain_to_split"": 0.21453897256014365, ""num_leaves"": 37, ""objective"": ""binary"", ""scale_pos_weight"": 4.0, ""seed"": 178, ""verbosity"": -1}",1,0.2,128
137,128,2.04,0.5381538356502424,0.7752663110438461,0.5158212966073228,0.4746538081107814,0.5648080035309695,3.254249163719995,0.4167805585268678,0.1999980360269546,0.6508434414863586,"{""bagging_fraction"": 0.8188275380832284, ""bagging_freq"": 1, ""bagging_seed"": 179, ""boosting_type"": ""gbdt"", ""data_random_seed"": 179, ""deterministic"": true, ""feature_fraction"": 0.9673771868312724, ""feature_fraction_seed"": 179, ""force_col_wise"": true, ""lambda_l1"": 0.010484046316884595, ""lambda_l2"": 2.9729247248588752e-08, ""learning_rate"": 0.07737193383845976, ""max_bin"": 127, ""max_depth"": 10, ""metric"": ""None"", ""min_data_in_leaf"": 1056, ""min_gain_to_split"": 0.9455198910219065, ""num_leaves"": 31, ""objective"": ""binary"", ""scale_pos_weight"": 2.0, ""seed"": 179, ""verbosity"": -1}",1,0.2,128
138,128,2.026,0.5364632368753751,0.7747417483087031,0.5150580217351262,0.4854390000434009,0.5485263106272376,3.242970364056079,0.2752249689087758,0.1999980360269546,0.648587703704834,"{""bagging_fraction"": 0.80320060622437, ""bagging_freq"": 1, ""bagging_seed"": 180, ""boosting_type"": ""gbdt"", ""data_random_seed"": 180, ""deterministic"": true, ""feature_fraction"": 0.8561884625514649, ""feature_fraction_seed"": 180, ""force_col_wise"": true, ""lambda_l1"": 1.732973552525046e-08, ""lambda_l2"": 0.04910657570442836, ""learning_rate"": 0.12206500839215789, ""max_bin"": 63, ""max_depth"": 16, ""metric"": ""None"", ""min_data_in_leaf"": 58, ""min_gain_to_split"": 0.8521453370691817, ""num_leaves"": 77, ""objective"": ""binary"", ""scale_pos_weight"": 1.0, ""seed"": 180, ""verbosity"": -1}",1,0.2,128
139,128,34.673,0.535305011844837,0.7741441284603647,0.5144275936115957,0.4729179518815546,0.5639252611446226,3.223844833876871,0.261665744329709,0.1999980360269546,0.6447626352310181,"{""bagging_fraction"": 0.9454436289021428, ""bagging_freq"": 1, ""bagging_seed"": 181, ""boosting_type"": ""gbdt"", ""data_random_seed"": 181, ""deterministic"": true, ""feature_fraction"": 0.6988222300357475, ""feature_fraction_seed"": 181, ""force_col_wise"": true, ""lambda_l1"": 2.2779557736193187e-05, ""lambda_l2"": 0.0012181511952514814, ""learning_rate"": 0.035299882065689576, ""max_bin"": 127, ""max_depth"": 8, ""metric"": ""None"", ""min_data_in_leaf"": 910, ""min_gain_to_split"": 0.2703417881993275, ""num_leaves"": 15, ""objective"": ""binary"", ""scale_pos_weight"": 1.0, ""seed"": 181, ""verbosity"": -1}",1,0.2,128
140,128,37.163,0.5377064748729611,0.7753314658819754,0.5159984328065822,0.4638957379358929,0.5812858614094454,3.2503262455015745,0.4014662146808728,0.1999980360269546,0.6500588655471802,"{""bagging_fraction"": 0.9350389547660816, ""bagging_freq"": 1, ""bagging_seed"": 182, ""boosting_type"": ""gbdt"", ""data_random_seed"": 182, ""deterministic"": true, ""feature_fraction"": 0.9836109604999692, ""feature_fraction_seed"": 182, ""force_col_wise"": true, ""lambda_l1"": 4.880717093491541e-07, ""lambda_l2"": 0.002230767192192549, ""learning_rate"": 0.08153844253486259, ""max_bin"": 127, ""max_depth"": 6, ""metric"": ""None"", ""min_data_in_leaf"": 1760, ""min_gain_to_split"": 0.8781474246555374, ""num_leaves"": 61, ""objective"": ""binary"", ""scale_pos_weight"": 2.0, ""seed"": 182, ""verbosity"": -1}",1,0.2,128
141,128,33.305,0.5364874926947769,0.7744882414847477,0.5154170289612735,0.4725288202109394,0.566867735765779,3.242970364056079,0.3717853522827316,0.1999980360269546,0.648587703704834,"{""bagging_fraction"": 0.99196493334303, ""bagging_freq"": 1, ""bagging_seed"": 183, ""boosting_type"": ""gbdt"", ""data_random_seed"": 183, ""deterministic"": true, ""feature_fraction"": 0.8039767061616303, ""feature_fraction_seed"": 183, ""force_col_wise"": true, ""lambda_l1"": 0.0029167746340093945, ""lambda_l2"": 6.680584644821724e-05, ""learning_rate"": 0.013149525390412215, ""max_bin"": 63, ""max_depth"": 8, ""metric"": ""None"", ""min_data_in_leaf"": 296, ""min_gain_to_split"": 0.3699843678471978, ""num_leaves"": 149, ""objective"": ""binary"", ""scale_pos_weight"": 2.0, ""seed"": 183, ""verbosity"": -1}",1,0.2,128
142,128,34.372,0.5347193291141499,0.7733770371893613,0.5141909727524597,0.4631012260295504,0.5779510568388014,3.230219911261224,0.3654069101534297,0.1999980360269546,0.6460376381874084,"{""bagging_fraction"": 0.943450415350666, ""bagging_freq"": 1, ""bagging_seed"": 184, ""boosting_type"": ""gbdt"", ""data_random_seed"": 184, ""deterministic"": true, ""feature_fraction"": 0.6867084782844749, ""feature_fraction_seed"": 184, ""force_col_wise"": true, ""lambda_l1"": 1.643361846113171e-08, ""lambda_l2"": 0.0004831889500174527, ""learning_rate"": 0.013779965390482702, ""max_bin"": 127, ""max_depth"": 6, ""metric"": ""None"", ""min_data_in_leaf"": 143, ""min_gain_to_split"": 0.46367571468150104, ""num_leaves"": 143, ""objective"": ""binary"", ""scale_pos_weight"": 2.0, ""seed"": 184, ""verbosity"": -1}",1,0.2,128
143,128,2.567,0.5370733268282559,0.7746171836098662,0.5155053470563283,0.473155737704918,0.5661811583541758,3.255229967781138,0.2516821452734187,0.1999980360269546,0.6510396003723145,"{""bagging_fraction"": 0.5680427544427492, ""bagging_freq"": 1, ""bagging_seed"": 185, ""boosting_type"": ""gbdt"", ""data_random_seed"": 185, ""deterministic"": true, ""feature_fraction"": 0.828421650176339, ""feature_fraction_seed"": 185, ""force_col_wise"": true, ""lambda_l1"": 0.0001430687473470037, ""lambda_l2"": 0.0005014851137899909, ""learning_rate"": 0.015565517008600847, ""max_bin"": 63, ""max_depth"": 12, ""metric"": ""None"", ""min_data_in_leaf"": 201, ""min_gain_to_split"": 0.2143264028549866, ""num_leaves"": 100, ""objective"": ""binary"", ""scale_pos_weight"": 1.0, ""seed"": 185, ""verbosity"": -1}",1,0.2,128
144,128,2.078,0.532898285664254,0.7733830458164536,0.5138400367028597,0.4633204633204633,0.576725025746653,3.2135465402479477,0.5276113574197532,0.1999980360269546,0.6427029967308044,"{""bagging_fraction"": 0.9140363211280371, ""bagging_freq"": 1, ""bagging_seed"": 186, ""boosting_type"": ""gbdt"", ""data_random_seed"": 186, ""deterministic"": true, ""feature_fraction"": 0.7322473276731178, ""feature_fraction_seed"": 186, ""force_col_wise"": true, ""lambda_l1"": 5.885103539203035, ""lambda_l2"": 5.328653981158508e-08, ""learning_rate"": 0.016659539031348078, ""max_bin"": 63, ""max_depth"": 6, ""metric"": ""None"", ""min_data_in_leaf"": 1647, ""min_gain_to_split"": 0.651669467934994, ""num_leaves"": 40, ""objective"": ""binary"", ""scale_pos_weight"": 4.0, ""seed"": 186, ""verbosity"": -1}",1,0.2,128
145,128,2.26,0.5374892032402588,0.7751959274044451,0.515808511101911,0.4641204611403027,0.5804521602667844,3.2449319721783647,0.5734639372638203,0.1999980360269546,0.6489800214767456,"{""bagging_fraction"": 0.7905703380801739, ""bagging_freq"": 1, ""bagging_seed"": 187, ""boosting_type"": ""gbdt"", ""data_random_seed"": 187, ""deterministic"": true, ""feature_fraction"": 0.5661544987033116, ""feature_fraction_seed"": 187, ""force_col_wise"": true, ""lambda_l1"": 8.747560827161315, ""lambda_l2"": 4.249792578324629, ""learning_rate"": 0.05570800090540794, ""max_bin"": 63, ""max_depth"": 16, ""metric"": ""None"", ""min_data_in_leaf"": 245, ""min_gain_to_split"": 0.04039922884216318, ""num_leaves"": 51, ""objective"": ""binary"", ""scale_pos_weight"": 4.0, ""seed"": 187, ""verbosity"": -1}",1,0.2,128
146,128,2.321,0.5349743198565704,0.7743707583499166,0.515119596225587,0.4661424202708606,0.5755970771418764,3.234633678549441,0.5581401828879334,0.1999980360269546,0.646920382976532,"{""bagging_fraction"": 0.6028769720136707, ""bagging_freq"": 1, ""bagging_seed"": 188, ""boosting_type"": ""gbdt"", ""data_random_seed"": 188, ""deterministic"": true, ""feature_fraction"": 0.9268640847044995, ""feature_fraction_seed"": 188, ""force_col_wise"": true, ""lambda_l1"": 3.454769174068021e-08, ""lambda_l2"": 0.3253636106748252, ""learning_rate"": 0.022641386688203237, ""max_bin"": 63, ""max_depth"": 8, ""metric"": ""None"", ""min_data_in_leaf"": 1579, ""min_gain_to_split"": 0.15575767097457938, ""num_leaves"": 194, ""objective"": ""binary"", ""scale_pos_weight"": 4.0, ""seed"": 188, ""verbosity"": -1}",1,0.2,128
147,128,2.499,0.5367115636443931,0.7745408586837677,0.5151582404900351,0.470507155308712,0.5691726742190182,3.240027951872651,0.2582360590878494,0.1999980360269546,0.6479992270469666,"{""bagging_fraction"": 0.578402726816742, ""bagging_freq"": 1, ""bagging_seed"": 189, ""boosting_type"": ""gbdt"", ""data_random_seed"": 189, ""deterministic"": true, ""feature_fraction"": 0.7502572246842965, ""feature_fraction_seed"": 189, ""force_col_wise"": true, ""lambda_l1"": 5.233242892154939, ""lambda_l2"": 6.250110070086902e-06, ""learning_rate"": 0.11939867927283697, ""max_bin"": 127, ""max_depth"": 10, ""metric"": ""None"", ""min_data_in_leaf"": 216, ""min_gain_to_split"": 0.18936349167285382, ""num_leaves"": 75, ""objective"": ""binary"", ""scale_pos_weight"": 1.0, ""seed"": 189, ""verbosity"": -1}",1,0.2,128
148,128,14.826,0.538001200552954,0.7752265994510922,0.5156885274880679,0.4692941886185401,0.5722622725712324,3.25228785362386,0.5819138676035998,0.1999980360269546,0.6504511833190918,"{""bagging_fraction"": 0.9891538931655534, ""bagging_freq"": 1, ""bagging_seed"": 190, ""boosting_type"": ""gbdt"", ""data_random_seed"": 190, ""deterministic"": true, ""feature_fraction"": 0.9235086306215627, ""feature_fraction_seed"": 190, ""force_col_wise"": true, ""lambda_l1"": 0.3796574265842266, ""lambda_l2"": 3.093436186310652, ""learning_rate"": 0.13620432082858766, ""max_bin"": 127, ""max_depth"": 12, ""metric"": ""None"", ""min_data_in_leaf"": 681, ""min_gain_to_split"": 0.12693525679091977, ""num_leaves"": 20, ""objective"": ""binary"", ""scale_pos_weight"": 4.0, ""seed"": 190, ""verbosity"": -1}",1,0.2,128
149,128,25.394,0.5374303443211932,0.7752933893981802,0.516786355475763,0.4763953825147917,0.5646608797999118,3.253758910702499,0.4169025813090623,0.1999980360269546,0.6507453918457031,"{""bagging_fraction"": 0.8671772453694314, ""bagging_freq"": 1, ""bagging_seed"": 191, ""boosting_type"": ""gbdt"", ""data_random_seed"": 191, ""deterministic"": true, ""feature_fraction"": 0.98731171839102, ""feature_fraction_seed"": 191, ""force_col_wise"": true, ""lambda_l1"": 0.0002220473043658534, ""lambda_l2"": 0.00012812524861746232, ""learning_rate"": 0.04382928784087247, ""max_bin"": 63, ""max_depth"": 12, ""metric"": ""None"", ""min_data_in_leaf"": 1378, ""min_gain_to_split"": 0.3863414572231818, ""num_leaves"": 70, ""objective"": ""binary"", ""scale_pos_weight"": 2.0, ""seed"": 191, ""verbosity"": -1}",1,0.2,128
150,128,1.933,0.532876738865105,0.7737003838189052,0.5140905966608279,0.4691622824767301,0.568535138051101,3.2022677405840314,0.5727215315767477,0.1999980360269546,0.6404472589492798,"{""bagging_fraction"": 0.9688080198450792, ""bagging_freq"": 1, ""bagging_seed"": 192, ""boosting_type"": ""gbdt"", ""data_random_seed"": 192, ""deterministic"": true, ""feature_fraction"": 0.7507328018141017, ""feature_fraction_seed"": 192, ""force_col_wise"": true, ""lambda_l1"": 0.0032358551854106852, ""lambda_l2"": 2.072926195112793e-08, ""learning_rate"": 0.02887006584318017, ""max_bin"": 63, ""max_depth"": 12, ""metric"": ""None"", ""min_data_in_leaf"": 888, ""min_gain_to_split"": 0.15752334131747947, ""num_leaves"": 19, ""objective"": ""binary"", ""scale_pos_weight"": 4.0, ""seed"": 192, ""verbosity"": -1}",1,0.2,128
151,128,1.735,0.5381549655722119,0.7756131952457213,0.515363812525287,0.4554384644335717,0.5934480898435585,3.2473838333181466,0.2430713836611544,0.1999980360269546,0.6494703888893127,"{""bagging_fraction"": 0.9897367284614609, ""bagging_freq"": 1, ""bagging_seed"": 193, ""boosting_type"": ""gbdt"", ""data_random_seed"": 193, ""deterministic"": true, ""feature_fraction"": 0.9712796192380883, ""feature_fraction_seed"": 193, ""force_col_wise"": true, ""lambda_l1"": 1.3404293187832498e-06, ""lambda_l2"": 2.7673162527233148e-08, ""learning_rate"": 0.1404606291686996, ""max_bin"": 127, ""max_depth"": 6, ""metric"": ""None"", ""min_data_in_leaf"": 335, ""min_gain_to_split"": 0.1536018325377585, ""num_leaves"": 28, ""objective"": ""binary"", ""scale_pos_weight"": 1.0, ""seed"": 193, ""verbosity"": -1}",1,0.2,128
152,128,2.4,0.536316154638643,0.7746512846053608,0.5151740118332546,0.4758935993349958,0.5615222402040115,3.2473838333181466,0.39374647134498,0.1999980360269546,0.6494703888893127,"{""bagging_fraction"": 0.6408402632242935, ""bagging_freq"": 1, ""bagging_seed"": 194, ""boosting_type"": ""gbdt"", ""data_random_seed"": 194, ""deterministic"": true, ""feature_fraction"": 0.8316953005145864, ""feature_fraction_seed"": 194, ""force_col_wise"": true, ""lambda_l1"": 0.1604178110872835, ""lambda_l2"": 0.003631618138407318, ""learning_rate"": 0.01696226775380612, ""max_bin"": 127, ""max_depth"": 8, ""metric"": ""None"", ""min_data_in_leaf"": 363, ""min_gain_to_split"": 0.8641368291927248, ""num_leaves"": 75, ""objective"": ""binary"", ""scale_pos_weight"": 2.0, ""seed"": 194, ""verbosity"": -1}",1,0.2,128
153,128,1.839,0.5339479979088213,0.7735005629221087,0.5139531281120676,0.4683013389256332,0.5694669216811339,3.215508148370233,0.2539069425125668,0.1999980360269546,0.6430953145027161,"{""bagging_fraction"": 0.975562143321013, ""bagging_freq"": 1, ""bagging_seed"": 195, ""boosting_type"": ""gbdt"", ""data_random_seed"": 195, ""deterministic"": true, ""feature_fraction"": 0.7470287045541267, ""feature_fraction_seed"": 195, ""force_col_wise"": true, ""lambda_l1"": 2.53973498453598e-05, ""lambda_l2"": 0.08648861111116771, ""learning_rate"": 0.025654470854441464, ""max_bin"": 63, ""max_depth"": 16, ""metric"": ""None"", ""min_data_in_leaf"": 115, ""min_gain_to_split"": 0.540476692170755, ""num_leaves"": 19, ""objective"": ""binary"", ""scale_pos_weight"": 1.0, ""seed"": 195, ""verbosity"": -1}",1,0.2,128
154,128,2.073,0.5356517006029342,0.7745505021890393,0.5153521974714028,0.47252208047105,0.5667206120347212,3.2258064419991563,0.5656341270004163,0.1999980360269546,0.6451549530029297,"{""bagging_fraction"": 0.8748580507807044, ""bagging_freq"": 1, ""bagging_seed"": 196, ""boosting_type"": ""gbdt"", ""data_random_seed"": 196, ""deterministic"": true, ""feature_fraction"": 0.6528905211979517, ""feature_fraction_seed"": 196, ""force_col_wise"": true, ""lambda_l1"": 3.310223934539443e-07, ""lambda_l2"": 2.691703546894392, ""learning_rate"": 0.02383485936603723, ""max_bin"": 127, ""max_depth"": 6, ""metric"": ""None"", ""min_data_in_leaf"": 249, ""min_gain_to_split"": 0.1879035790364767, ""num_leaves"": 95, ""objective"": ""binary"", ""scale_pos_weight"": 4.0, ""seed"": 196, ""verbosity"": -1}",1,0.2,128
155,128,2.53,0.5384137006324383,0.7756121021668145,0.5166684812193795,0.464635388109971,0.5818253150899907,3.254739714763642,0.2506968693375403,0.1999980360269546,0.6509415507316589,"{""bagging_fraction"": 0.9976667017733237, ""bagging_freq"": 1, ""bagging_seed"": 197, ""boosting_type"": ""gbdt"", ""data_random_seed"": 197, ""deterministic"": true, ""feature_fraction"": 0.7465003702024777, ""feature_fraction_seed"": 197, ""force_col_wise"": true, ""lambda_l1"": 0.0002379718101093318, ""lambda_l2"": 0.0002002254261459788, ""learning_rate"": 0.038483903134494804, ""max_bin"": 127, ""max_depth"": -1, ""metric"": ""None"", ""min_data_in_leaf"": 326, ""min_gain_to_split"": 0.4217660627145613, ""num_leaves"": 65, ""objective"": ""binary"", ""scale_pos_weight"": 1.0, ""seed"": 197, ""verbosity"": -1}",1,0.2,128
156,128,10.811,0.5370858836295356,0.7754798648717578,0.516256727305075,0.4723092573753815,0.5692217154627042,3.2405182048901477,0.5835653327646859,0.1999980360269546,0.6480972766876221,"{""bagging_fraction"": 0.7610522855557025, ""bagging_freq"": 1, ""bagging_seed"": 198, ""boosting_type"": ""gbdt"", ""data_random_seed"": 198, ""deterministic"": true, ""feature_fraction"": 0.9916241955638507, ""feature_fraction_seed"": 198, ""force_col_wise"": true, ""lambda_l1"": 1.1770593034068746, ""lambda_l2"": 0.00019056825581755367, ""learning_rate"": 0.049816259026612256, ""max_bin"": 127, ""max_depth"": 12, ""metric"": ""None"", ""min_data_in_leaf"": 60, ""min_gain_to_split"": 0.060330818574221734, ""num_leaves"": 29, ""objective"": ""binary"", ""scale_pos_weight"": 4.0, ""seed"": 198, ""verbosity"": -1}",1,0.2,128
157,128,3.201,0.538226304910005,0.7748712240463242,0.5160420717694891,0.4696159260004022,0.57265460252072,3.2517973025802136,0.5766191724704196,0.1999980360269546,0.6503530740737915,"{""bagging_fraction"": 0.9353030517084734, ""bagging_freq"": 1, ""bagging_seed"": 199, ""boosting_type"": ""gbdt"", ""data_random_seed"": 199, ""deterministic"": true, ""feature_fraction"": 0.8370715349109903, ""feature_fraction_seed"": 199, ""force_col_wise"": true, ""lambda_l1"": 0.004781773334450422, ""lambda_l2"": 1.3460547146622484e-05, ""learning_rate"": 0.05785264489481187, ""max_bin"": 127, ""max_depth"": 12, ""metric"": ""None"", ""min_data_in_leaf"": 243, ""min_gain_to_split"": 0.6625295943661998, ""num_leaves"": 137, ""objective"": ""binary"", ""scale_pos_weight"": 4.0, ""seed"": 199, ""verbosity"": -1}",1,0.2,128
158,128,2.102,0.537655483904174,0.7752593972295734,0.515618007697127,0.4741368667956051,0.5650532097493992,3.254739714763642,0.4157742527476069,0.1999980360269546,0.6509415507316589,"{""bagging_fraction"": 0.8814578919020799, ""bagging_freq"": 1, ""bagging_seed"": 200, ""boosting_type"": ""gbdt"", ""data_random_seed"": 200, ""deterministic"": true, ""feature_fraction"": 0.7775930416342336, ""feature_fraction_seed"": 200, ""force_col_wise"": true, ""lambda_l1"": 0.000137209815413004, ""lambda_l2"": 8.698738519258921e-07, ""learning_rate"": 0.13481491125595033, ""max_bin"": 63, ""max_depth"": 10, ""metric"": ""None"", ""min_data_in_leaf"": 1000, ""min_gain_to_split"": 0.7452038427810108, ""num_leaves"": 43, ""objective"": ""binary"", ""scale_pos_weight"": 2.0, ""seed"": 200, ""verbosity"": -1}",1,0.2,128
159,128,2.664,0.5365656530487001,0.7744342408013689,0.5157713376921718,0.4692335517061211,0.572556520033348,3.2503262455015745,0.2509648124018721,0.1999980360269546,0.6500588655471802,"{""bagging_fraction"": 0.6726639238371512, ""bagging_freq"": 1, ""bagging_seed"": 201, ""boosting_type"": ""gbdt"", ""data_random_seed"": 201, ""deterministic"": true, ""feature_fraction"": 0.9526095490905168, ""feature_fraction_seed"": 201, ""force_col_wise"": true, ""lambda_l1"": 9.92015201803532e-08, ""lambda_l2"": 4.021795054193866, ""learning_rate"": 0.0171219218662483, ""max_bin"": 63, ""max_depth"": -1, ""metric"": ""None"", ""min_data_in_leaf"": 787, ""min_gain_to_split"": 0.15442308802214244, ""num_leaves"": 89, ""objective"": ""binary"", ""scale_pos_weight"": 1.0, ""seed"": 201, ""verbosity"": -1}",1,0.2,128
160,128,1.945,0.5358979070446317,0.7744316779582229,0.5147816051136364,0.4701804175957835,0.5687313030258447,3.2341431275057944,0.3984872667088582,0.1999980360269546,0.6468222737312317,"{""bagging_fraction"": 0.6288312555352017, ""bagging_freq"": 1, ""bagging_seed"": 202, ""boosting_type"": ""gbdt"", ""data_random_seed"": 202, ""deterministic"": true, ""feature_fraction"": 0.8686708992291858, ""feature_fraction_seed"": 202, ""force_col_wise"": true, ""lambda_l1"": 1.656317855694635e-05, ""lambda_l2"": 0.00020213631064803164, ""learning_rate"": 0.022010505856177347, ""max_bin"": 127, ""max_depth"": 6, ""metric"": ""None"", ""min_data_in_leaf"": 827, ""min_gain_to_split"": 0.14742595348558585, ""num_leaves"": 67, ""objective"": ""binary"", ""scale_pos_weight"": 2.0, ""seed"": 202, ""verbosity"": -1}",1,0.2,128
161,128,2.978,0.5328159722264265,0.7737203003418881,0.5146486103735174,0.4688923833716382,0.5703006228237948,3.207662013907241,0.5613621453196004,0.1999980360269546,0.6415261030197144,"{""bagging_fraction"": 0.5814692341645876, ""bagging_freq"": 1, ""bagging_seed"": 203, ""boosting_type"": ""gbdt"", ""data_random_seed"": 203, ""deterministic"": true, ""feature_fraction"": 0.8672626884358868, ""feature_fraction_seed"": 203, ""force_col_wise"": true, ""lambda_l1"": 0.00021384934080260942, ""lambda_l2"": 0.10962276635939507, ""learning_rate"": 0.023047720894623303, ""max_bin"": 63, ""max_depth"": 6, ""metric"": ""None"", ""min_data_in_leaf"": 381, ""min_gain_to_split"": 0.7479901289524469, ""num_leaves"": 22, ""objective"": ""binary"", ""scale_pos_weight"": 4.0, ""seed"": 203, ""verbosity"": -1}",1,0.2,128
162,128,30.087,0.5373104253093871,0.7751016577662958,0.5157476036255353,0.4631480324797002,0.5818253150899907,3.249345441440432,0.2493668913765246,0.1999980360269546,0.6498627066612244,"{""bagging_fraction"": 0.7603680427428574, ""bagging_freq"": 1, ""bagging_seed"": 204, ""boosting_type"": ""gbdt"", ""data_random_seed"": 204, ""deterministic"": true, ""feature_fraction"": 0.6293600093880106, ""feature_fraction_seed"": 204, ""force_col_wise"": true, ""lambda_l1"": 3.3770710804141956e-05, ""lambda_l2"": 1.4734793292961488e-06, ""learning_rate"": 0.03366447845901402, ""max_bin"": 63, ""max_depth"": 6, ""metric"": ""None"", ""min_data_in_leaf"": 189, ""min_gain_to_split"": 0.7517807092307816, ""num_leaves"": 153, ""objective"": ""binary"", ""scale_pos_weight"": 1.0, ""seed"": 204, ""verbosity"": -1}",1,0.2,128
163,128,29.294,0.5329259335884136,0.7732903376337059,0.5140780703123259,0.471266247036704,0.5654455396988868,3.2096236220295267,0.3962787182818287,0.1999980360269546,0.641918420791626,"{""bagging_fraction"": 0.7161727786034359, ""bagging_freq"": 1, ""bagging_seed"": 205, ""boosting_type"": ""gbdt"", ""data_random_seed"": 205, ""deterministic"": true, ""feature_fraction"": 0.6863340829767859, ""feature_fraction_seed"": 205, ""force_col_wise"": true, ""lambda_l1"": 1.3303789468429448e-06, ""lambda_l2"": 0.073858317197968, ""learning_rate"": 0.020933545374441236, ""max_bin"": 63, ""max_depth"": 6, ""metric"": ""None"", ""min_data_in_leaf"": 252, ""min_gain_to_split"": 0.9300033473547173, ""num_leaves"": 22, ""objective"": ""binary"", ""scale_pos_weight"": 2.0, ""seed"": 205, ""verbosity"": -1}",1,0.2,128
164,128,65.467,0.538323344020815,0.7749848486366651,0.5156317304858419,0.4794670714225483,0.5576970231965083,3.249835694457928,0.5913275379181595,0.1999980360269546,0.6499607563018799,"{""bagging_fraction"": 0.9588737109500389, ""bagging_freq"": 1, ""bagging_seed"": 206, ""boosting_type"": ""gbdt"", ""data_random_seed"": 206, ""deterministic"": true, ""feature_fraction"": 0.9504007599429409, ""feature_fraction_seed"": 206, ""force_col_wise"": true, ""lambda_l1"": 0.1327588220339914, ""lambda_l2"": 0.00014072864939322914, ""learning_rate"": 0.05704595109538354, ""max_bin"": 127, ""max_depth"": 10, ""metric"": ""None"", ""min_data_in_leaf"": 481, ""min_gain_to_split"": 0.08115400042389931, ""num_leaves"": 175, ""objective"": ""binary"", ""scale_pos_weight"": 4.0, ""seed"": 206, ""verbosity"": -1}",1,0.2,128
165,128,2.367,0.5375253839066486,0.7754113956235772,0.5159761711345789,0.4778683385579937,0.5606885390613506,3.2532686576850027,0.5882763193911786,0.1999980360269546,0.6506473422050476,"{""bagging_fraction"": 0.7984732164869922, ""bagging_freq"": 1, ""bagging_seed"": 207, ""boosting_type"": ""gbdt"", ""data_random_seed"": 207, ""deterministic"": true, ""feature_fraction"": 0.8056753080811141, ""feature_fraction_seed"": 207, ""force_col_wise"": true, ""lambda_l1"": 0.33846780837123336, ""lambda_l2"": 9.504164167394325e-08, ""learning_rate"": 0.03641090668344682, ""max_bin"": 63, ""max_depth"": -1, ""metric"": ""None"", ""min_data_in_leaf"": 225, ""min_gain_to_split"": 0.22517766610554546, ""num_leaves"": 61, ""objective"": ""binary"", ""scale_pos_weight"": 4.0, ""seed"": 207, ""verbosity"": -1}",1,0.2,128
166,128,28.553,0.5378009900809388,0.774412588760089,0.5149388048956084,0.4757035374319325,0.5612279927418959,3.2405182048901477,0.418189516865525,0.1999980360269546,0.6480972766876221,"{""bagging_fraction"": 0.7307477353042194, ""bagging_freq"": 1, ""bagging_seed"": 208, ""boosting_type"": ""gbdt"", ""data_random_seed"": 208, ""deterministic"": true, ""feature_fraction"": 0.6914565741834572, ""feature_fraction_seed"": 208, ""force_col_wise"": true, ""lambda_l1"": 2.586818411727129e-06, ""lambda_l2"": 0.0028621644535955283, ""learning_rate"": 0.09934214398912138, ""max_bin"": 127, ""max_depth"": 12, ""metric"": ""None"", ""min_data_in_leaf"": 1332, ""min_gain_to_split"": 0.9388053542070384, ""num_leaves"": 251, ""objective"": ""binary"", ""scale_pos_weight"": 2.0, ""seed"": 208, ""verbosity"": -1}",1,0.2,128
167,128,27.292,0.5372060273350182,0.7753319637198932,0.5158913959284501,0.4687750521083854,0.5735373449070669,3.237085539689222,0.5799246258837853,0.1999980360269546,0.6474107503890991,"{""bagging_fraction"": 0.5760754050421585, ""bagging_freq"": 1, ""bagging_seed"": 209, ""boosting_type"": ""gbdt"", ""data_random_seed"": 209, ""deterministic"": true, ""feature_fraction"": 0.637833488418395, ""feature_fraction_seed"": 209, ""force_col_wise"": true, ""lambda_l1"": 3.4965658134839805, ""lambda_l2"": 4.225873345350016e-05, ""learning_rate"": 0.04519443141350814, ""max_bin"": 63, ""max_depth"": 8, ""metric"": ""None"", ""min_data_in_leaf"": 94, ""min_gain_to_split"": 0.8341208920021081, ""num_leaves"": 35, ""objective"": ""binary"", ""scale_pos_weight"": 4.0, ""seed"": 209, ""verbosity"": -1}",1,0.2,128
168,128,27.033,0.5316131249165847,0.7732741524900931,0.513633508760531,0.4599332867892328,0.5815310676278751,3.2066812098460984,0.5235635931994848,0.1999980360269546,0.6413299441337585,"{""bagging_fraction"": 0.6130249321102708, ""bagging_freq"": 1, ""bagging_seed"": 210, ""boosting_type"": ""gbdt"", ""data_random_seed"": 210, ""deterministic"": true, ""feature_fraction"": 0.9609783326658892, ""feature_fraction_seed"": 210, ""force_col_wise"": true, ""lambda_l1"": 0.012571222991726881, ""lambda_l2"": 0.2139266470069641, ""learning_rate"": 0.016815771616972487, ""max_bin"": 127, ""max_depth"": 6, ""metric"": ""None"", ""min_data_in_leaf"": 133, ""min_gain_to_split"": 0.235256388415645, ""num_leaves"": 25, ""objective"": ""binary"", ""scale_pos_weight"": 4.0, ""seed"": 210, ""verbosity"": -1}",1,0.2,128
169,128,27.647,0.5380964623285137,0.7749812564474858,0.5166943578305301,0.4820776352671366,0.5566671570791035,3.245912478213357,0.5962082125654157,0.1999980360269546,0.6491761207580566,"{""bagging_fraction"": 0.6638656374683576, ""bagging_freq"": 1, ""bagging_seed"": 211, ""boosting_type"": ""gbdt"", ""data_random_seed"": 211, ""deterministic"": true, ""feature_fraction"": 0.7446320169590648, ""feature_fraction_seed"": 211, ""force_col_wise"": true, ""lambda_l1"": 0.09596652696320218, ""lambda_l2"": 0.0884390541260632, ""learning_rate"": 0.13625806937635065, ""max_bin"": 127, ""max_depth"": 6, ""metric"": ""None"", ""min_data_in_leaf"": 244, ""min_gain_to_split"": 0.37831801422378564, ""num_leaves"": 32, ""objective"": ""binary"", ""scale_pos_weight"": 4.0, ""seed"": 211, ""verbosity"": -1}",1,0.2,128
170,128,1.6,0.5312336692132107,0.7712720516080671,0.5123344585821864,0.4584640408969443,0.5805502427541562,3.2042290506801665,0.2390441000717422,0.1999980360269546,0.6408395171165466,"{""bagging_fraction"": 0.6435991331688073, ""bagging_freq"": 1, ""bagging_seed"": 212, ""boosting_type"": ""gbdt"", ""data_random_seed"": 212, ""deterministic"": true, ""feature_fraction"": 0.5673899394220981, ""feature_fraction_seed"": 212, ""force_col_wise"": true, ""lambda_l1"": 0.00046798483753146287, ""lambda_l2"": 0.19474513984032948, ""learning_rate"": 0.017807197187332355, ""max_bin"": 127, ""max_depth"": 10, ""metric"": ""None"", ""min_data_in_leaf"": 1957, ""min_gain_to_split"": 0.08904200507505322, ""num_leaves"": 15, ""objective"": ""binary"", ""scale_pos_weight"": 1.0, ""seed"": 212, ""verbosity"": -1}",1,0.2,128
171,128,1.966,0.5379696664086677,0.77531947658608,0.5153407795760201,0.4814515098598748,0.5543622186258643,3.255229967781138,0.5970282973759867,0.1999980360269546,0.6510396003723145,"{""bagging_fraction"": 0.7345219541117475, ""bagging_freq"": 1, ""bagging_seed"": 213, ""boosting_type"": ""gbdt"", ""data_random_seed"": 213, ""deterministic"": true, ""feature_fraction"": 0.6379731223284644, ""feature_fraction_seed"": 213, ""force_col_wise"": true, ""lambda_l1"": 0.00020642090285164283, ""lambda_l2"": 0.5705973631293083, ""learning_rate"": 0.07561871951209548, ""max_bin"": 127, ""max_depth"": 8, ""metric"": ""None"", ""min_data_in_leaf"": 100, ""min_gain_to_split"": 0.6422524185679935, ""num_leaves"": 43, ""objective"": ""binary"", ""scale_pos_weight"": 4.0, ""seed"": 213, ""verbosity"": -1}",1,0.2,128
172,128,2.21,0.5373399129818539,0.775267042468758,0.5163884007029877,0.4677066337697481,0.5763817370408514,3.2478740863356426,0.2554438462845765,0.1999980360269546,0.6495684385299683,"{""bagging_fraction"": 0.87841686083629, ""bagging_freq"": 1, ""bagging_seed"": 214, ""boosting_type"": ""gbdt"", ""data_random_seed"": 214, ""deterministic"": true, ""feature_fraction"": 0.6606440141522765, ""feature_fraction_seed"": 214, ""force_col_wise"": true, ""lambda_l1"": 0.06182416279226734, ""lambda_l2"": 7.587382473106909e-08, ""learning_rate"": 0.1432460384699979, ""max_bin"": 63, ""max_depth"": 10, ""metric"": ""None"", ""min_data_in_leaf"": 1507, ""min_gain_to_split"": 0.468231405693584, ""num_leaves"": 48, ""objective"": ""binary"", ""scale_pos_weight"": 1.0, ""seed"": 214, ""verbosity"": -1}",1,0.2,128
173,128,2.069,0.5347764750849339,0.7736532722984046,0.5144964115620131,0.4656364214206261,0.5748124172429013,3.229729658243728,0.2464889508134466,0.1999980360269546,0.6459395885467529,"{""bagging_fraction"": 0.9584222011257171, ""bagging_freq"": 1, ""bagging_seed"": 215, ""boosting_type"": ""gbdt"", ""data_random_seed"": 215, ""deterministic"": true, ""feature_fraction"": 0.9082272014316419, ""feature_fraction_seed"": 215, ""force_col_wise"": true, ""lambda_l1"": 0.16768161477999638, ""lambda_l2"": 2.4790075736849174e-06, ""learning_rate"": 0.01652031173027547, ""max_bin"": 63, ""max_depth"": 6, ""metric"": ""None"", ""min_data_in_leaf"": 145, ""min_gain_to_split"": 0.27413439368860837, ""num_leaves"": 56, ""objective"": ""binary"", ""scale_pos_weight"": 1.0, ""seed"": 215, ""verbosity"": -1}",1,0.2,128
174,128,3.343,0.5372432154356223,0.774944280558266,0.5168010599173082,0.4837082014880698,0.5547545485753519,3.258662931008213,0.3902077431521966,0.1999980360269546,0.6517261862754822,"{""bagging_fraction"": 0.7296378861960058, ""bagging_freq"": 1, ""bagging_seed"": 216, ""boosting_type"": ""gbdt"", ""data_random_seed"": 216, ""deterministic"": true, ""feature_fraction"": 0.9310019727287095, ""feature_fraction_seed"": 216, ""force_col_wise"": true, ""lambda_l1"": 2.070385893682021e-08, ""lambda_l2"": 2.867306585963905e-07, ""learning_rate"": 0.014415082239038183, ""max_bin"": 63, ""max_depth"": 10, ""metric"": ""None"", ""min_data_in_leaf"": 115, ""min_gain_to_split"": 0.63925034035617, ""num_leaves"": 217, ""objective"": ""binary"", ""scale_pos_weight"": 2.0, ""seed"": 216, ""verbosity"": -1}",1,0.2,128
175,128,3.23,0.5356843614412407,0.774231865178349,0.5156953627836478,0.4670539551169823,0.5756461183855622,3.243951168117222,0.385726021002579,0.1999980360269546,0.6487838625907898,"{""bagging_fraction"": 0.6524475160596463, ""bagging_freq"": 1, ""bagging_seed"": 217, ""boosting_type"": ""gbdt"", ""data_random_seed"": 217, ""deterministic"": true, ""feature_fraction"": 0.9317713393274865, ""feature_fraction_seed"": 217, ""force_col_wise"": true, ""lambda_l1"": 2.8498624419351423e-08, ""lambda_l2"": 0.6409318525230797, ""learning_rate"": 0.01770427270409798, ""max_bin"": 63, ""max_depth"": 12, ""metric"": ""None"", ""min_data_in_leaf"": 1154, ""min_gain_to_split"": 0.3058002287385674, ""num_leaves"": 202, ""objective"": ""binary"", ""scale_pos_weight"": 2.0, ""seed"": 217, ""verbosity"": -1}",1,0.2,128
176,128,1.821,0.537855159633871,0.7754785730785615,0.5156415807122543,0.4545216447786882,0.5957530282967977,3.249345441440432,0.2416714932427503,0.1999980360269546,0.6498627066612244,"{""bagging_fraction"": 0.7485502368162511, ""bagging_freq"": 1, ""bagging_seed"": 218, ""boosting_type"": ""gbdt"", ""data_random_seed"": 218, ""deterministic"": true, ""feature_fraction"": 0.877768734585884, ""feature_fraction_seed"": 218, ""force_col_wise"": true, ""lambda_l1"": 0.7764316828330966, ""lambda_l2"": 0.0005586228171646044, ""learning_rate"": 0.07830516501327373, ""max_bin"": 127, ""max_depth"": -1, ""metric"": ""None"", ""min_data_in_leaf"": 1594, ""min_gain_to_split"": 0.7447709278167541, ""num_leaves"": 22, ""objective"": ""binary"", ""scale_pos_weight"": 1.0, ""seed"": 218, ""verbosity"": -1}",1,0.2,128
177,128,1.781,0.5379178096379136,0.7754543473715719,0.515363579595616,0.4593857965451056,0.5868765631896425,3.253758910702499,0.5683731055850837,0.1999980360269546,0.6507453918457031,"{""bagging_fraction"": 0.776293721641159, ""bagging_freq"": 1, ""bagging_seed"": 219, ""boosting_type"": ""gbdt"", ""data_random_seed"": 219, ""deterministic"": true, ""feature_fraction"": 0.6572523382129271, ""feature_fraction_seed"": 219, ""force_col_wise"": true, ""lambda_l1"": 0.0003527705324934577, ""lambda_l2"": 0.0017530695399626275, ""learning_rate"": 0.07608645509711982, ""max_bin"": 127, ""max_depth"": 12, ""metric"": ""None"", ""min_data_in_leaf"": 77, ""min_gain_to_split"": 0.39510183754789086, ""num_leaves"": 34, ""objective"": ""binary"", ""scale_pos_weight"": 4.0, ""seed"": 219, ""verbosity"": -1}",1,0.2,128
178,128,1.841,0.5381884900642241,0.775026771940507,0.5156984611150609,0.4843615371359641,0.5513707027610221,3.2517973025802136,0.6006640604322497,0.1999980360269546,0.6503530740737915,"{""bagging_fraction"": 0.6348386052433721, ""bagging_freq"": 1, ""bagging_seed"": 220, ""boosting_type"": ""gbdt"", ""data_random_seed"": 220, ""deterministic"": true, ""feature_fraction"": 0.7853907246756917, ""feature_fraction_seed"": 220, ""force_col_wise"": true, ""lambda_l1"": 0.14357880263483574, ""lambda_l2"": 4.422181573953415, ""learning_rate"": 0.11856380924119994, ""max_bin"": 127, ""max_depth"": 12, ""metric"": ""None"", ""min_data_in_leaf"": 610, ""min_gain_to_split"": 0.7218363322336134, ""num_leaves"": 30, ""objective"": ""binary"", ""scale_pos_weight"": 4.0, ""seed"": 220, ""verbosity"": -1}",1,0.2,128
179,128,1.314,0.5377260162077033,0.7754562383139051,0.5169955896110839,0.4736154756560421,0.5691236329753323,3.2468932822745,0.2598269902549787,0.1999980360269546,0.6493722796440125,"{""bagging_fraction"": 0.9939829360884536, ""bagging_freq"": 1, ""bagging_seed"": 221, ""boosting_type"": ""gbdt"", ""data_random_seed"": 221, ""deterministic"": true, ""feature_fraction"": 0.7632697319371351, ""feature_fraction_seed"": 221, ""force_col_wise"": true, ""lambda_l1"": 6.986672980609857e-08, ""lambda_l2"": 5.144867904856086e-05, ""learning_rate"": 0.1437115546017026, ""max_bin"": 63, ""max_depth"": 16, ""metric"": ""None"", ""min_data_in_leaf"": 527, ""min_gain_to_split"": 0.8755390445272362, ""num_leaves"": 41, ""objective"": ""binary"", ""scale_pos_weight"": 1.0, ""seed"": 221, ""verbosity"": -1}",1,0.2,128
180,128,2.267,0.5383436161731775,0.7753373151768839,0.5160731728976112,0.4714639191984748,0.5700063753616792,3.253758910702499,0.5825467255614062,0.1999980360269546,0.6507453918457031,"{""bagging_fraction"": 0.8965869010920349, ""bagging_freq"": 1, ""bagging_seed"": 222, ""boosting_type"": ""gbdt"", ""data_random_seed"": 222, ""deterministic"": true, ""feature_fraction"": 0.6855941609481769, ""feature_fraction_seed"": 222, ""force_col_wise"": true, ""lambda_l1"": 1.0757439059506416e-05, ""lambda_l2"": 0.0028659298900605805, ""learning_rate"": 0.08443379030921674, ""max_bin"": 127, ""max_depth"": 10, ""metric"": ""None"", ""min_data_in_leaf"": 1301, ""min_gain_to_split"": 0.658480768393292, ""num_leaves"": 44, ""objective"": ""binary"", ""scale_pos_weight"": 4.0, ""seed"": 222, ""verbosity"": -1}",1,0.2,128
181,128,1.875,0.5319914656594515,0.7716541740764775,0.5128714620037974,0.4664096695177288,0.5696140454121916,3.213056287230452,0.238175853722031,0.1999980360269546,0.6426049470901489,"{""bagging_fraction"": 0.7730222851905144, ""bagging_freq"": 1, ""bagging_seed"": 223, ""boosting_type"": ""gbdt"", ""data_random_seed"": 223, ""deterministic"": true, ""feature_fraction"": 0.8035854566362919, ""feature_fraction_seed"": 223, ""force_col_wise"": true, ""lambda_l1"": 3.139710536069921e-08, ""lambda_l2"": 1.3629595002460535e-05, ""learning_rate"": 0.010684554538713474, ""max_bin"": 127, ""max_depth"": 12, ""metric"": ""None"", ""min_data_in_leaf"": 691, ""min_gain_to_split"": 0.8651002319106483, ""num_leaves"": 28, ""objective"": ""binary"", ""scale_pos_weight"": 1.0, ""seed"": 223, ""verbosity"": -1}",1,0.2,128
182,128,4.178,0.5373652582060956,0.7747691669725318,0.5157876246102499,0.46697944415729,0.5759894070913638,3.245912478213357,0.4013072596937618,0.1999980360269546,0.6491761207580566,"{""bagging_fraction"": 0.9399739744691527, ""bagging_freq"": 1, ""bagging_seed"": 224, ""boosting_type"": ""gbdt"", ""data_random_seed"": 224, ""deterministic"": true, ""feature_fraction"": 0.6659256772819164, ""feature_fraction_seed"": 224, ""force_col_wise"": true, ""lambda_l1"": 0.05183365223821647, ""lambda_l2"": 0.9361523626934622, ""learning_rate"": 0.029258037431013177, ""max_bin"": 63, ""max_depth"": 16, ""metric"": ""None"", ""min_data_in_leaf"": 794, ""min_gain_to_split"": 0.215924790431266, ""num_leaves"": 218, ""objective"": ""binary"", ""scale_pos_weight"": 2.0, ""seed"": 224, ""verbosity"": -1}",1,0.2,128
183,128,6.6,0.5388402722821347,0.7757268288548649,0.5157341898519902,0.4625686144742477,0.5827080574763376,3.2562107718422806,0.4011737010108033,0.1999980360269546,0.6512357592582703,"{""bagging_fraction"": 0.9813318822889536, ""bagging_freq"": 1, ""bagging_seed"": 225, ""boosting_type"": ""gbdt"", ""data_random_seed"": 225, ""deterministic"": true, ""feature_fraction"": 0.5622319600739133, ""feature_fraction_seed"": 225, ""force_col_wise"": true, ""lambda_l1"": 0.02455567747270575, ""lambda_l2"": 0.00524859649515202, ""learning_rate"": 0.08250733680900037, ""max_bin"": 127, ""max_depth"": 10, ""metric"": ""None"", ""min_data_in_leaf"": 117, ""min_gain_to_split"": 0.7439947226949909, ""num_leaves"": 30, ""objective"": ""binary"", ""scale_pos_weight"": 2.0, ""seed"": 225, ""verbosity"": -1}",1,0.2,128
184,128,35.318,0.5384842639083482,0.7755976125581395,0.5167156063077759,0.4642745465916197,0.5825118925015939,3.2567013228859274,0.2496436280884367,0.1999980360269546,0.6513338685035706,"{""bagging_fraction"": 0.9152885670486693, ""bagging_freq"": 1, ""bagging_seed"": 226, ""boosting_type"": ""gbdt"", ""data_random_seed"": 226, ""deterministic"": true, ""feature_fraction"": 0.9496264127566914, ""feature_fraction_seed"": 226, ""force_col_wise"": true, ""lambda_l1"": 1.39982099546104e-05, ""lambda_l2"": 0.0016124404013543657, ""learning_rate"": 0.03630586806718581, ""max_bin"": 127, ""max_depth"": -1, ""metric"": ""None"", ""min_data_in_leaf"": 105, ""min_gain_to_split"": 0.14102729995001462, ""num_leaves"": 54, ""objective"": ""binary"", ""scale_pos_weight"": 1.0, ""seed"": 226, ""verbosity"": -1}",1,0.2,128
185,128,72.375,0.532363738253552,0.7701410432241068,0.5114986100581248,0.4811549100968188,0.5459271247118826,3.1988347773569568,0.5909049559466447,0.1999980360269546,0.6397606730461121,"{""bagging_fraction"": 0.6452974735598397, ""bagging_freq"": 1, ""bagging_seed"": 227, ""boosting_type"": ""gbdt"", ""data_random_seed"": 227, ""deterministic"": true, ""feature_fraction"": 0.6261106183222851, ""feature_fraction_seed"": 227, ""force_col_wise"": true, ""lambda_l1"": 6.45672841575569e-08, ""lambda_l2"": 1.2050239285220188e-07, ""learning_rate"": 0.11531457369141694, ""max_bin"": 63, ""max_depth"": 16, ""metric"": ""None"", ""min_data_in_leaf"": 170, ""min_gain_to_split"": 0.07130453418484539, ""num_leaves"": 204, ""objective"": ""binary"", ""scale_pos_weight"": 4.0, ""seed"": 227, ""verbosity"": -1}",1,0.2,128
186,128,3.82,0.5287126910010317,0.7721697775328591,0.512771912811584,0.4656552717956929,0.5704967877985385,3.185103818527109,0.4976348722139974,0.1999980360269546,0.6370145082473755,"{""bagging_fraction"": 0.8339104034976947, ""bagging_freq"": 1, ""bagging_seed"": 228, ""boosting_type"": ""gbdt"", ""data_random_seed"": 228, ""deterministic"": true, ""feature_fraction"": 0.8984877420561996, ""feature_fraction_seed"": 228, ""force_col_wise"": true, ""lambda_l1"": 0.870112951196836, ""lambda_l2"": 0.005574523490607664, ""learning_rate"": 0.012220770661386748, ""max_bin"": 127, ""max_depth"": 10, ""metric"": ""None"", ""min_data_in_leaf"": 425, ""min_gain_to_split"": 0.5221250929031509, ""num_leaves"": 22, ""objective"": ""binary"", ""scale_pos_weight"": 4.0, ""seed"": 228, ""verbosity"": -1}",1,0.2,128
187,128,36.571,0.5365065254087069,0.7751779469178096,0.5151569911904224,0.4775325599899493,0.5592173017507724,3.2258064419991563,0.587107751629043,0.1999980360269546,0.6451549530029297,"{""bagging_fraction"": 0.9084572784112112, ""bagging_freq"": 1, ""bagging_seed"": 229, ""boosting_type"": ""gbdt"", ""data_random_seed"": 229, ""deterministic"": true, ""feature_fraction"": 0.6263713472943523, ""feature_fraction_seed"": 229, ""force_col_wise"": true, ""lambda_l1"": 2.219903173369858e-06, ""lambda_l2"": 2.408706679886998e-07, ""learning_rate"": 0.03358726994370136, ""max_bin"": 127, ""max_depth"": 12, ""metric"": ""None"", ""min_data_in_leaf"": 281, ""min_gain_to_split"": 0.2463522417832268, ""num_leaves"": 40, ""objective"": ""binary"", ""scale_pos_weight"": 4.0, ""seed"": 229, ""verbosity"": -1}",1,0.2,128
188,128,34.637,0.538432261475533,0.7752999069863805,0.5167858866897792,0.4676170432434579,0.577509685645628,3.2606245391304984,0.2509062162678475,0.1999980360269546,0.6521185040473938,"{""bagging_fraction"": 0.6884494598705635, ""bagging_freq"": 1, ""bagging_seed"": 230, ""boosting_type"": ""gbdt"", ""data_random_seed"": 230, ""deterministic"": true, ""feature_fraction"": 0.8942609823301193, ""feature_fraction_seed"": 230, ""force_col_wise"": true, ""lambda_l1"": 8.904330631660847e-07, ""lambda_l2"": 0.015853058859288137, ""learning_rate"": 0.02445382824107961, ""max_bin"": 127, ""max_depth"": 10, ""metric"": ""None"", ""min_data_in_leaf"": 67, ""min_gain_to_split"": 0.9097966227332338, ""num_leaves"": 105, ""objective"": ""binary"", ""scale_pos_weight"": 1.0, ""seed"": 230, ""verbosity"": -1}",1,0.2,128
189,128,1.986,0.5374234918844337,0.7753398326253889,0.5159752443851554,0.4656220397852857,0.5785395517630327,3.242970364056079,0.5758922861105539,0.1999980360269546,0.648587703704834,"{""bagging_fraction"": 0.8246509249555809, ""bagging_freq"": 1, ""bagging_seed"": 231, ""boosting_type"": ""gbdt"", ""data_random_seed"": 231, ""deterministic"": true, ""feature_fraction"": 0.8298379137944533, ""feature_fraction_seed"": 231, ""force_col_wise"": true, ""lambda_l1"": 0.004091827594208809, ""lambda_l2"": 1.6433048232964838e-07, ""learning_rate"": 0.0466659881437538, ""max_bin"": 127, ""max_depth"": 6, ""metric"": ""None"", ""min_data_in_leaf"": 386, ""min_gain_to_split"": 0.6935404695867196, ""num_leaves"": 34, ""objective"": ""binary"", ""scale_pos_weight"": 4.0, ""seed"": 231, ""verbosity"": -1}",1,0.2,128
190,128,32.235,0.5368516183465684,0.7751913353306554,0.515386965821293,0.4643489204389035,0.579029964199892,3.23071046230487,0.5770381783665128,0.1999980360269546,0.6461357474327087,"{""bagging_fraction"": 0.6500655675535648, ""bagging_freq"": 1, ""bagging_seed"": 232, ""boosting_type"": ""gbdt"", ""data_random_seed"": 232, ""deterministic"": true, ""feature_fraction"": 0.5890201676394397, ""feature_fraction_seed"": 232, ""force_col_wise"": true, ""lambda_l1"": 9.30387112850649e-05, ""lambda_l2"": 0.04854637303423413, ""learning_rate"": 0.0635017836597107, ""max_bin"": 63, ""max_depth"": 12, ""metric"": ""None"", ""min_data_in_leaf"": 226, ""min_gain_to_split"": 0.2370620769846632, ""num_leaves"": 19, ""objective"": ""binary"", ""scale_pos_weight"": 4.0, ""seed"": 232, ""verbosity"": -1}",1,0.2,128
191,128,3.108,0.538698670910133,0.7752822953687819,0.5164636793638462,0.483527297621085,0.5542150948948066,3.2562107718422806,0.4256408546726673,0.1999980360269546,0.6512357592582703,"{""bagging_fraction"": 0.8288737252208381, ""bagging_freq"": 1, ""bagging_seed"": 233, ""boosting_type"": ""gbdt"", ""data_random_seed"": 233, ""deterministic"": true, ""feature_fraction"": 0.7746374014400006, ""feature_fraction_seed"": 233, ""force_col_wise"": true, ""lambda_l1"": 2.247685135497029, ""lambda_l2"": 0.0002668782816762627, ""learning_rate"": 0.04384384089473416, ""max_bin"": 127, ""max_depth"": 12, ""metric"": ""None"", ""min_data_in_leaf"": 286, ""min_gain_to_split"": 0.528657538108291, ""num_leaves"": 129, ""objective"": ""binary"", ""scale_pos_weight"": 2.0, ""seed"": 233, ""verbosity"": -1}",1,0.2,128
192,128,28.871,0.5371070906417934,0.7753166524982777,0.5161276290319072,0.4637301649339482,0.5818743563336766,3.245422225195861,0.4025179646999748,0.1999980360269546,0.6490780711174011,"{""bagging_fraction"": 0.7720779611963535, ""bagging_freq"": 1, ""bagging_seed"": 234, ""boosting_type"": ""gbdt"", ""data_random_seed"": 234, ""deterministic"": true, ""feature_fraction"": 0.9647582429069067, ""feature_fraction_seed"": 234, ""force_col_wise"": true, ""lambda_l1"": 0.00016401546979328286, ""lambda_l2"": 4.568776326324026, ""learning_rate"": 0.0736860211488263, ""max_bin"": 127, ""max_depth"": 8, ""metric"": ""None"", ""min_data_in_leaf"": 295, ""min_gain_to_split"": 0.45057646360088155, ""num_leaves"": 18, ""objective"": ""binary"", ""scale_pos_weight"": 2.0, ""seed"": 234, ""verbosity"": -1}",1,0.2,128
193,128,1.792,0.5325958485822311,0.772455007093995,0.513685411000965,0.4646300337234675,0.5743220048060419,3.214037091291594,0.2452198558879349,0.1999980360269546,0.6428011059761047,"{""bagging_fraction"": 0.8961591615841997, ""bagging_freq"": 1, ""bagging_seed"": 235, ""boosting_type"": ""gbdt"", ""data_random_seed"": 235, ""deterministic"": true, ""feature_fraction"": 0.744375547450217, ""feature_fraction_seed"": 235, ""force_col_wise"": true, ""lambda_l1"": 0.039920685041339395, ""lambda_l2"": 1.946891684712591e-08, ""learning_rate"": 0.01799339674301017, ""max_bin"": 127, ""max_depth"": 6, ""metric"": ""None"", ""min_data_in_leaf"": 50, ""min_gain_to_split"": 0.5699829035940329, ""num_leaves"": 20, ""objective"": ""binary"", ""scale_pos_weight"": 1.0, ""seed"": 235, ""verbosity"": -1}",1,0.2,128
194,128,1.543,0.5379910248019695,0.7755463000792665,0.5152625152625152,0.4574395253308991,0.5898190378107989,3.243460617073576,0.5647732910124077,0.1999980360269546,0.6486857533454895,"{""bagging_fraction"": 0.7355163684088338, ""bagging_freq"": 1, ""bagging_seed"": 236, ""boosting_type"": ""gbdt"", ""data_random_seed"": 236, ""deterministic"": true, ""feature_fraction"": 0.8387025966839585, ""feature_fraction_seed"": 236, ""force_col_wise"": true, ""lambda_l1"": 0.06867322938788484, ""lambda_l2"": 1.1915496075370335e-06, ""learning_rate"": 0.12787675073989038, ""max_bin"": 127, ""max_depth"": 8, ""metric"": ""None"", ""min_data_in_leaf"": 167, ""min_gain_to_split"": 0.9057918529142601, ""num_leaves"": 24, ""objective"": ""binary"", ""scale_pos_weight"": 4.0, ""seed"": 236, ""verbosity"": -1}",1,0.2,128
195,128,2.517,0.5380117605775947,0.7751048317836491,0.515351117141169,0.4653046708290524,0.577460644401942,3.26307640027028,0.5764241289324612,0.1999980360269546,0.6526088714599609,"{""bagging_fraction"": 0.6791015861035548, ""bagging_freq"": 1, ""bagging_seed"": 237, ""boosting_type"": ""gbdt"", ""data_random_seed"": 237, ""deterministic"": true, ""feature_fraction"": 0.6507755495172812, ""feature_fraction_seed"": 237, ""force_col_wise"": true, ""lambda_l1"": 1.7943112520679736e-06, ""lambda_l2"": 2.3218918623239504e-06, ""learning_rate"": 0.07748801612130002, ""max_bin"": 127, ""max_depth"": 10, ""metric"": ""None"", ""min_data_in_leaf"": 1991, ""min_gain_to_split"": 0.5824447415393774, ""num_leaves"": 167, ""objective"": ""binary"", ""scale_pos_weight"": 4.0, ""seed"": 237, ""verbosity"": -1}",1,0.2,128
196,128,2.126,0.5378360761695579,0.7742636940367763,0.5151913658625068,0.4791042887867414,0.557157569515963,3.25228785362386,0.5928470039954565,0.1999980360269546,0.6504511833190918,"{""bagging_fraction"": 0.6417372822982947, ""bagging_freq"": 1, ""bagging_seed"": 238, ""boosting_type"": ""gbdt"", ""data_random_seed"": 238, ""deterministic"": true, ""feature_fraction"": 0.9698200563040773, ""feature_fraction_seed"": 238, ""force_col_wise"": true, ""lambda_l1"": 0.0005713149128815055, ""lambda_l2"": 0.3129921835797765, ""learning_rate"": 0.14610241755657685, ""max_bin"": 127, ""max_depth"": 8, ""metric"": ""None"", ""min_data_in_leaf"": 1193, ""min_gain_to_split"": 0.30320207663459164, ""num_leaves"": 67, ""objective"": ""binary"", ""scale_pos_weight"": 4.0, ""seed"": 238, ""verbosity"": -1}",1,0.2,128
197,128,2.225,0.5371016966650013,0.7742878274513497,0.5161524171990395,0.4796429624015831,0.558677848070227,3.2488548903967853,0.4230198023459121,0.1999980360269546,0.6497645974159241,"{""bagging_fraction"": 0.6711087253252627, ""bagging_freq"": 1, ""bagging_seed"": 239, ""boosting_type"": ""gbdt"", ""data_random_seed"": 239, ""deterministic"": true, ""feature_fraction"": 0.9093017551726259, ""feature_fraction_seed"": 239, ""force_col_wise"": true, ""lambda_l1"": 7.72059314014417e-06, ""lambda_l2"": 0.0008424527859997824, ""learning_rate"": 0.1442714385516968, ""max_bin"": 63, ""max_depth"": 8, ""metric"": ""None"", ""min_data_in_leaf"": 1415, ""min_gain_to_split"": 0.5607773745620122, ""num_leaves"": 244, ""objective"": ""binary"", ""scale_pos_weight"": 2.0, ""seed"": 239, ""verbosity"": -1}",1,0.2,128
198,128,2.073,0.5388946283827669,0.7757290853593406,0.5158804350304385,0.4820606783705471,0.5548035898190378,3.2606245391304984,0.270174211120526,0.1999980360269546,0.6521185040473938,"{""bagging_fraction"": 0.6072516828513226, ""bagging_freq"": 1, ""bagging_seed"": 240, ""boosting_type"": ""gbdt"", ""data_random_seed"": 240, ""deterministic"": true, ""feature_fraction"": 0.6988046486258587, ""feature_fraction_seed"": 240, ""force_col_wise"": true, ""lambda_l1"": 4.993555604988706e-07, ""lambda_l2"": 0.45153135141234696, ""learning_rate"": 0.0560766874427525, ""max_bin"": 127, ""max_depth"": 12, ""metric"": ""None"", ""min_data_in_leaf"": 171, ""min_gain_to_split"": 0.44628233858044153, ""num_leaves"": 48, ""objective"": ""binary"", ""scale_pos_weight"": 1.0, ""seed"": 240, ""verbosity"": -1}",1,0.2,128
199,128,1.899,0.5376815624320886,0.7753010478649422,0.51594216016836,0.4789915966386555,0.5590701780197146,3.259643735069356,0.2679216776520565,0.1999980360269546,0.651922345161438,"{""bagging_fraction"": 0.6296506350046035, ""bagging_freq"": 1, ""bagging_seed"": 241, ""boosting_type"": ""gbdt"", ""data_random_seed"": 241, ""deterministic"": true, ""feature_fraction"": 0.6923626558015219, ""feature_fraction_seed"": 241, ""force_col_wise"": true, ""lambda_l1"": 0.007995686337286116, ""lambda_l2"": 2.987303623581175e-06, ""learning_rate"": 0.07817257725912341, ""max_bin"": 63, ""max_depth"": 6, ""metric"": ""None"", ""min_data_in_leaf"": 54, ""min_gain_to_split"": 0.06494677920994363, ""num_leaves"": 72, ""objective"": ""binary"", ""scale_pos_weight"": 1.0, ""seed"": 241, ""verbosity"": -1}",1,0.2,128
200,128,1.704,0.5366428212212053,0.775057660137796,0.5151309846431797,0.4774163841098413,0.5593153842381443,3.234633678549441,0.4204077063154701,0.1999980360269546,0.646920382976532,"{""bagging_fraction"": 0.7501096126048356, ""bagging_freq"": 1, ""bagging_seed"": 242, ""boosting_type"": ""gbdt"", ""data_random_seed"": 242, ""deterministic"": true, ""feature_fraction"": 0.8229548508379434, ""feature_fraction_seed"": 242, ""force_col_wise"": true, ""lambda_l1"": 9.67528331607841e-05, ""lambda_l2"": 4.427660175614943e-08, ""learning_rate"": 0.04832416853316612, ""max_bin"": 127, ""max_depth"": -1, ""metric"": ""None"", ""min_data_in_leaf"": 89, ""min_gain_to_split"": 0.8027522502122156, ""num_leaves"": 16, ""objective"": ""binary"", ""scale_pos_weight"": 2.0, ""seed"": 242, ""verbosity"": -1}",1,0.2,128
201,128,1.794,0.5306739997914302,0.7717691136082753,0.5125550998925416,0.4635829895271342,0.5730959737138934,3.1983445243394604,0.346831292668819,0.1999980360269546,0.6396626234054565,"{""bagging_fraction"": 0.6175178102116946, ""bagging_freq"": 1, ""bagging_seed"": 243, ""boosting_type"": ""gbdt"", ""data_random_seed"": 243, ""deterministic"": true, ""feature_fraction"": 0.7972721257600262, ""feature_fraction_seed"": 243, ""force_col_wise"": true, ""lambda_l1"": 6.685194904459616e-07, ""lambda_l2"": 0.008707153446875372, ""learning_rate"": 0.01030283171584487, ""max_bin"": 63, ""max_depth"": 16, ""metric"": ""None"", ""min_data_in_leaf"": 1403, ""min_gain_to_split"": 0.724816822246873, ""num_leaves"": 25, ""objective"": ""binary"", ""scale_pos_weight"": 2.0, ""seed"": 243, ""verbosity"": -1}",1,0.2,128
202,128,2.184,0.5370551462290148,0.774447079668494,0.5159674389480275,0.4742446043165467,0.5657397871610024,3.2483646373792894,0.4135151410620769,0.1999980360269546,0.6496665477752686,"{""bagging_fraction"": 0.6509871517036089, ""bagging_freq"": 1, ""bagging_seed"": 244, ""boosting_type"": ""gbdt"", ""data_random_seed"": 244, ""deterministic"": true, ""feature_fraction"": 0.711849832149975, ""feature_fraction_seed"": 244, ""force_col_wise"": true, ""lambda_l1"": 2.5922044036290455e-08, ""lambda_l2"": 1.4788102158538949e-05, ""learning_rate"": 0.13212636230905409, ""max_bin"": 63, ""max_depth"": 10, ""metric"": ""None"", ""min_data_in_leaf"": 291, ""min_gain_to_split"": 0.7114093477097423, ""num_leaves"": 61, ""objective"": ""binary"", ""scale_pos_weight"": 2.0, ""seed"": 244, ""verbosity"": -1}",1,0.2,128
203,128,2.842,0.5379197283359627,0.77538963655917,0.5169940072612746,0.4665824483834037,0.5796184591241234,3.254249163719995,0.4009484608623596,0.1999980360269546,0.6508434414863586,"{""bagging_fraction"": 0.9147338720469089, ""bagging_freq"": 1, ""bagging_seed"": 245, ""boosting_type"": ""gbdt"", ""data_random_seed"": 245, ""deterministic"": true, ""feature_fraction"": 0.8994917961499221, ""feature_fraction_seed"": 245, ""force_col_wise"": true, ""lambda_l1"": 0.025430352976200023, ""lambda_l2"": 8.41742519047617e-08, ""learning_rate"": 0.03284838411771053, ""max_bin"": 127, ""max_depth"": -1, ""metric"": ""None"", ""min_data_in_leaf"": 475, ""min_gain_to_split"": 0.47502244400436067, ""num_leaves"": 93, ""objective"": ""binary"", ""scale_pos_weight"": 2.0, ""seed"": 245, ""verbosity"": -1}",1,0.2,128
204,128,1.685,0.5316807725921409,0.7727395031258315,0.5137195121951219,0.4620235810255004,0.5784414692756609,3.2022677405840314,0.3818448106398028,0.1999980360269546,0.6404472589492798,"{""bagging_fraction"": 0.6295001415972228, ""bagging_freq"": 1, ""bagging_seed"": 246, ""boosting_type"": ""gbdt"", ""data_random_seed"": 246, ""deterministic"": true, ""feature_fraction"": 0.7362686435745704, ""feature_fraction_seed"": 246, ""force_col_wise"": true, ""lambda_l1"": 0.2628693093823356, ""lambda_l2"": 2.1437790309963014, ""learning_rate"": 0.01944500556454035, ""max_bin"": 63, ""max_depth"": 16, ""metric"": ""None"", ""min_data_in_leaf"": 268, ""min_gain_to_split"": 0.20134831905271522, ""num_leaves"": 17, ""objective"": ""binary"", ""scale_pos_weight"": 2.0, ""seed"": 246, ""verbosity"": -1}",1,0.2,128
205,128,2.752,0.5325243535344322,0.7719272357694211,0.5127536687866597,0.4732431759727868,0.559462507969202,3.210604426090669,0.355170136865083,0.1999980360269546,0.6421145796775818,"{""bagging_fraction"": 0.8933586835495366, ""bagging_freq"": 1, ""bagging_seed"": 247, ""boosting_type"": ""gbdt"", ""data_random_seed"": 247, ""deterministic"": true, ""feature_fraction"": 0.5554233383571664, ""feature_fraction_seed"": 247, ""force_col_wise"": true, ""lambda_l1"": 5.392798000775425, ""lambda_l2"": 1.4227217450161116, ""learning_rate"": 0.010495572138006136, ""max_bin"": 63, ""max_depth"": 16, ""metric"": ""None"", ""min_data_in_leaf"": 1675, ""min_gain_to_split"": 0.970710161196213, ""num_leaves"": 206, ""objective"": ""binary"", ""scale_pos_weight"": 2.0, ""seed"": 247, ""verbosity"": -1}",1,0.2,128
206,128,30.604,0.5357593490297683,0.7743386054158399,0.5148163380159744,0.4607873527588345,0.583198469913197,3.238556596767862,0.4926964632389299,0.1999980360269546,0.6477049589157104,"{""bagging_fraction"": 0.8073288894344992, ""bagging_freq"": 1, ""bagging_seed"": 248, ""boosting_type"": ""gbdt"", ""data_random_seed"": 248, ""deterministic"": true, ""feature_fraction"": 0.7377641244364088, ""feature_fraction_seed"": 248, ""force_col_wise"": true, ""lambda_l1"": 2.411115482403611e-07, ""lambda_l2"": 0.04549149810967711, ""learning_rate"": 0.012357162362235084, ""max_bin"": 127, ""max_depth"": -1, ""metric"": ""None"", ""min_data_in_leaf"": 483, ""min_gain_to_split"": 0.07501730735154233, ""num_leaves"": 167, ""objective"": ""binary"", ""scale_pos_weight"": 4.0, ""seed"": 248, ""verbosity"": -1}",1,0.2,128
207,128,26.723,0.537841897819729,0.7752330003961088,0.5150536656358013,0.4801780792876828,0.5553920847432691,3.2468932822745,0.2699336484643291,0.1999980360269546,0.6493722796440125,"{""bagging_fraction"": 0.9862563626765144, ""bagging_freq"": 1, ""bagging_seed"": 249, ""boosting_type"": ""gbdt"", ""data_random_seed"": 249, ""deterministic"": true, ""feature_fraction"": 0.6904964228149353, ""feature_fraction_seed"": 249, ""force_col_wise"": true, ""lambda_l1"": 0.03963877924304424, ""lambda_l2"": 2.0936157640663013e-05, ""learning_rate"": 0.09964972441391301, ""max_bin"": 63, ""max_depth"": 12, ""metric"": ""None"", ""min_data_in_leaf"": 328, ""min_gain_to_split"": 0.17480738623300507, ""num_leaves"": 57, ""objective"": ""binary"", ""scale_pos_weight"": 1.0, ""seed"": 249, ""verbosity"": -1}",1,0.2,128
208,128,49.563,0.5387063638251162,0.7752748542551687,0.5170659884888235,0.4742786985880908,0.5683389730763572,3.258662931008213,0.4100264064018437,0.1999980360269546,0.6517261862754822,"{""bagging_fraction"": 0.7201902353543566, ""bagging_freq"": 1, ""bagging_seed"": 250, ""boosting_type"": ""gbdt"", ""data_random_seed"": 250, ""deterministic"": true, ""feature_fraction"": 0.9368025100385041, ""feature_fraction_seed"": 250, ""force_col_wise"": true, ""lambda_l1"": 0.46291328514162183, ""lambda_l2"": 1.4972571022155219e-06, ""learning_rate"": 0.035124887794640146, ""max_bin"": 127, ""max_depth"": 10, ""metric"": ""None"", ""min_data_in_leaf"": 111, ""min_gain_to_split"": 0.6186606119363176, ""num_leaves"": 217, ""objective"": ""binary"", ""scale_pos_weight"": 2.0, ""seed"": 250, ""verbosity"": -1}",1,0.2,128
209,128,2.812,0.5344116321992566,0.77386096270195,0.5144539855235355,0.4749118074289272,0.56117895149821,3.219431364614804,0.4005425991793602,0.1999980360269546,0.6438799500465393,"{""bagging_fraction"": 0.5897810308153035, ""bagging_freq"": 1, ""bagging_seed"": 251, ""boosting_type"": ""gbdt"", ""data_random_seed"": 251, ""deterministic"": true, ""feature_fraction"": 0.6177692292593516, ""feature_fraction_seed"": 251, ""force_col_wise"": true, ""lambda_l1"": 0.01168844484914662, ""lambda_l2"": 1.1418880544895577e-05, ""learning_rate"": 0.020105130200010504, ""max_bin"": 63, ""max_depth"": 16, ""metric"": ""None"", ""min_data_in_leaf"": 1909, ""min_gain_to_split"": 0.07124447736659112, ""num_leaves"": 107, ""objective"": ""binary"", ""scale_pos_weight"": 2.0, ""seed"": 251, ""verbosity"": -1}",1,0.2,128
210,128,167.702,0.5384563943459985,0.7755088759555449,0.5162635342643861,0.475472788834751,0.5647099210435976,3.2557205188247846,0.2639190507674503,0.1999980360269546,0.6511377096176147,"{""bagging_fraction"": 0.9292293859629124, ""bagging_freq"": 1, ""bagging_seed"": 252, ""boosting_type"": ""gbdt"", ""data_random_seed"": 252, ""deterministic"": true, ""feature_fraction"": 0.7840323605176697, ""feature_fraction_seed"": 252, ""force_col_wise"": true, ""lambda_l1"": 0.00010411311231490325, ""lambda_l2"": 3.7737789184540427, ""learning_rate"": 0.07700219543490237, ""max_bin"": 63, ""max_depth"": 10, ""metric"": ""None"", ""min_data_in_leaf"": 1132, ""min_gain_to_split"": 0.6507945897177367, ""num_leaves"": 34, ""objective"": ""binary"", ""scale_pos_weight"": 1.0, ""seed"": 252, ""verbosity"": -1}",1,0.2,128
211,128,167.368,0.5377893467639216,0.7748822342008559,0.5158835057654619,0.4818441105104082,0.5550978372811535,3.249835694457928,0.4236905291330329,0.1999980360269546,0.6499607563018799,"{""bagging_fraction"": 0.8593902707994423, ""bagging_freq"": 1, ""bagging_seed"": 253, ""boosting_type"": ""gbdt"", ""data_random_seed"": 253, ""deterministic"": true, ""feature_fraction"": 0.6187105602286394, ""feature_fraction_seed"": 253, ""force_col_wise"": true, ""lambda_l1"": 2.6690245012531808e-08, ""lambda_l2"": 3.7961545412837034e-06, ""learning_rate"": 0.10988796400957378, ""max_bin"": 63, ""max_depth"": -1, ""metric"": ""None"", ""min_data_in_leaf"": 84, ""min_gain_to_split"": 0.1397875904698681, ""num_leaves"": 60, ""objective"": ""binary"", ""scale_pos_weight"": 2.0, ""seed"": 253, ""verbosity"": -1}",1,0.2,128
212,128,166.628,0.5370502716777741,0.7751380594583999,0.5154531396336549,0.4636392132278034,0.5803050365357265,3.2488548903967853,0.3979246184135749,0.1999980360269546,0.6497645974159241,"{""bagging_fraction"": 0.7181731012970581, ""bagging_freq"": 1, ""bagging_seed"": 254, ""boosting_type"": ""gbdt"", ""data_random_seed"": 254, ""deterministic"": true, ""feature_fraction"": 0.8264737479408336, ""feature_fraction_seed"": 254, ""force_col_wise"": true, ""lambda_l1"": 0.007278049225916125, ""lambda_l2"": 9.506107850751625e-08, ""learning_rate"": 0.030712689518931392, ""max_bin"": 63, ""max_depth"": 6, ""metric"": ""None"", ""min_data_in_leaf"": 56, ""min_gain_to_split"": 0.01377735529405033, ""num_leaves"": 66, ""objective"": ""binary"", ""scale_pos_weight"": 2.0, ""seed"": 254, ""verbosity"": -1}",1,0.2,128
213,128,2.141,0.5369445524029752,0.7750434389888193,0.5150665420394356,0.4714990017520271,0.5675052719336963,3.2410087559337937,0.4105984019883528,0.1999980360269546,0.6481953859329224,"{""bagging_fraction"": 0.7886985308213855, ""bagging_freq"": 1, ""bagging_seed"": 255, ""boosting_type"": ""gbdt"", ""data_random_seed"": 255, ""deterministic"": true, ""feature_fraction"": 0.7200269398867708, ""feature_fraction_seed"": 255, ""force_col_wise"": true, ""lambda_l1"": 0.0021960404329809985, ""lambda_l2"": 1.5721085325193643e-08, ""learning_rate"": 0.03443034035911444, ""max_bin"": 127, ""max_depth"": 6, ""metric"": ""None"", ""min_data_in_leaf"": 993, ""min_gain_to_split"": 0.515133376846189, ""num_leaves"": 46, ""objective"": ""binary"", ""scale_pos_weight"": 2.0, ""seed"": 255, ""verbosity"": -1}",1,0.2,128
214,128,1.831,0.5314194393524322,0.7726507313499056,0.5133233108917794,0.46185211322826,0.5777058506203717,3.1939310550773934,0.3922807925151141,0.1999980360269546,0.6387799382209778,"{""bagging_fraction"": 0.8206177432651065, ""bagging_freq"": 1, ""bagging_seed"": 256, ""boosting_type"": ""gbdt"", ""data_random_seed"": 256, ""deterministic"": true, ""feature_fraction"": 0.56002096928332, ""feature_fraction_seed"": 256, ""force_col_wise"": true, ""lambda_l1"": 0.07491979935288942, ""lambda_l2"": 3.658207180408194e-06, ""learning_rate"": 0.031294201584304446, ""max_bin"": 127, ""max_depth"": -1, ""metric"": ""None"", ""min_data_in_leaf"": 1617, ""min_gain_to_split"": 0.7875555848632168, ""num_leaves"": 20, ""objective"": ""binary"", ""scale_pos_weight"": 2.0, ""seed"": 256, ""verbosity"": -1}",1,0.2,128
215,128,2.242,0.5360311570197316,0.7741844716699455,0.5141684495480942,0.4633484162895928,0.577509685645628,3.2478740863356426,0.2506576711066678,0.1999980360269546,0.6495684385299683,"{""bagging_fraction"": 0.7961445044101982, ""bagging_freq"": 1, ""bagging_seed"": 257, ""boosting_type"": ""gbdt"", ""data_random_seed"": 257, ""deterministic"": true, ""feature_fraction"": 0.7502219924621528, ""feature_fraction_seed"": 257, ""force_col_wise"": true, ""lambda_l1"": 2.0926138668196116e-07, ""lambda_l2"": 1.0630959749514904e-05, ""learning_rate"": 0.12381693525535462, ""max_bin"": 63, ""max_depth"": 10, ""metric"": ""None"", ""min_data_in_leaf"": 58, ""min_gain_to_split"": 0.9876474477564617, ""num_leaves"": 242, ""objective"": ""binary"", ""scale_pos_weight"": 1.0, ""seed"": 257, ""verbosity"": -1}",1,0.2,128
216,128,3.189,0.5380576047604219,0.7750384554989855,0.5170213239054544,0.4729476852981856,0.5701534990927369,3.2527781066413564,0.5776917992761644,0.1999980360269546,0.6505492329597473,"{""bagging_fraction"": 0.7636945764140668, ""bagging_freq"": 1, ""bagging_seed"": 258, ""boosting_type"": ""gbdt"", ""data_random_seed"": 258, ""deterministic"": true, ""feature_fraction"": 0.9901205856045909, ""feature_fraction_seed"": 258, ""force_col_wise"": true, ""lambda_l1"": 1.5076197194296987e-07, ""lambda_l2"": 2.9207435412676918e-08, ""learning_rate"": 0.03405576363287556, ""max_bin"": 63, ""max_depth"": 10, ""metric"": ""None"", ""min_data_in_leaf"": 294, ""min_gain_to_split"": 0.9454165724399485, ""num_leaves"": 163, ""objective"": ""binary"", ""scale_pos_weight"": 4.0, ""seed"": 258, ""verbosity"": -1}",1,0.2,128
217,128,1.809,0.5353792356289472,0.7748060337342368,0.5150271054959512,0.4791103983794733,0.5567652395664754,3.2218832257545853,0.5927493990245153,0.1999980360269546,0.6443703174591064,"{""bagging_fraction"": 0.7760858471339223, ""bagging_freq"": 1, ""bagging_seed"": 259, ""boosting_type"": ""gbdt"", ""data_random_seed"": 259, ""deterministic"": true, ""feature_fraction"": 0.9685474836625558, ""feature_fraction_seed"": 259, ""force_col_wise"": true, ""lambda_l1"": 5.4981472423016164, ""lambda_l2"": 2.1356040467823264e-06, ""learning_rate"": 0.03915841949013247, ""max_bin"": 127, ""max_depth"": 6, ""metric"": ""None"", ""min_data_in_leaf"": 239, ""min_gain_to_split"": 0.5045452397039372, ""num_leaves"": 19, ""objective"": ""binary"", ""scale_pos_weight"": 4.0, ""seed"": 259, ""verbosity"": -1}",1,0.2,128
218,128,2.164,0.5367325205248816,0.7750800108356707,0.5154014692615028,0.458548331613347,0.5883478005002207,3.243951168117222,0.3922266196582853,0.1999980360269546,0.6487838625907898,"{""bagging_fraction"": 0.9894371798868156, ""bagging_freq"": 1, ""bagging_seed"": 260, ""boosting_type"": ""gbdt"", ""data_random_seed"": 260, ""deterministic"": true, ""feature_fraction"": 0.7888254809771054, ""feature_fraction_seed"": 260, ""force_col_wise"": true, ""lambda_l1"": 4.7681471838437525e-07, ""lambda_l2"": 5.1594775903568284e-06, ""learning_rate"": 0.03366554705701207, ""max_bin"": 127, ""max_depth"": 8, ""metric"": ""None"", ""min_data_in_leaf"": 211, ""min_gain_to_split"": 0.031069600069839942, ""num_leaves"": 33, ""objective"": ""binary"", ""scale_pos_weight"": 2.0, ""seed"": 260, ""verbosity"": -1}",1,0.2,128
219,128,2.553,0.5368307509069816,0.7749646122468075,0.516100843273474,0.4653508253555529,0.5792751704183218,3.2483646373792894,0.3791918016701391,0.1999980360269546,0.6496665477752686,"{""bagging_fraction"": 0.668563942685193, ""bagging_freq"": 1, ""bagging_seed"": 261, ""boosting_type"": ""gbdt"", ""data_random_seed"": 261, ""deterministic"": true, ""feature_fraction"": 0.8536657385826414, ""feature_fraction_seed"": 261, ""force_col_wise"": true, ""lambda_l1"": 1.573839739608109e-05, ""lambda_l2"": 1.3795767557917549e-05, ""learning_rate"": 0.017196259211236326, ""max_bin"": 63, ""max_depth"": 8, ""metric"": ""None"", ""min_data_in_leaf"": 98, ""min_gain_to_split"": 0.7167517501636094, ""num_leaves"": 103, ""objective"": ""binary"", ""scale_pos_weight"": 2.0, ""seed"": 261, ""verbosity"": -1}",1,0.2,128
220,128,3.282,0.5375736749249532,0.7749250834351248,0.5168529398771922,0.4702005385202749,0.5737825511254966,3.25228785362386,0.5660759623929675,0.1999980360269546,0.6504511833190918,"{""bagging_fraction"": 0.7041926332151383, ""bagging_freq"": 1, ""bagging_seed"": 262, ""boosting_type"": ""gbdt"", ""data_random_seed"": 262, ""deterministic"": true, ""feature_fraction"": 0.9550410751646572, ""feature_fraction_seed"": 262, ""force_col_wise"": true, ""lambda_l1"": 2.2429231725691566e-08, ""lambda_l2"": 0.00028274961078117997, ""learning_rate"": 0.026602379021583876, ""max_bin"": 127, ""max_depth"": -1, ""metric"": ""None"", ""min_data_in_leaf"": 110, ""min_gain_to_split"": 0.1239380544408778, ""num_leaves"": 168, ""objective"": ""binary"", ""scale_pos_weight"": 4.0, ""seed"": 262, ""verbosity"": -1}",1,0.2,128
221,128,1.865,0.537230341840425,0.7752831446393845,0.5152892210991251,0.4544024568368225,0.5950174096415085,3.2444414211347183,0.3904833947699058,0.1999980360269546,0.6488819122314453,"{""bagging_fraction"": 0.8229394451835752, ""bagging_freq"": 1, ""bagging_seed"": 263, ""boosting_type"": ""gbdt"", ""data_random_seed"": 263, ""deterministic"": true, ""feature_fraction"": 0.9716082796589292, ""feature_fraction_seed"": 263, ""force_col_wise"": true, ""lambda_l1"": 0.024730490388496007, ""lambda_l2"": 0.026441098204057604, ""learning_rate"": 0.07562590188415878, ""max_bin"": 63, ""max_depth"": 6, ""metric"": ""None"", ""min_data_in_leaf"": 981, ""min_gain_to_split"": 0.9928079572704449, ""num_leaves"": 22, ""objective"": ""binary"", ""scale_pos_weight"": 2.0, ""seed"": 263, ""verbosity"": -1}",1,0.2,128
222,128,2.596,0.534214208591361,0.7744498574597749,0.514492119089317,0.4646684329154968,0.5762836545534795,3.226296993042803,0.5247980733759297,0.1999980360269546,0.64525306224823,"{""bagging_fraction"": 0.5563561300645709, ""bagging_freq"": 1, ""bagging_seed"": 264, ""boosting_type"": ""gbdt"", ""data_random_seed"": 264, ""deterministic"": true, ""feature_fraction"": 0.8258992385473628, ""feature_fraction_seed"": 264, ""force_col_wise"": true, ""lambda_l1"": 2.2336525685195565, ""lambda_l2"": 2.405295841280699e-06, ""learning_rate"": 0.015542975641602987, ""max_bin"": 127, ""max_depth"": 12, ""metric"": ""None"", ""min_data_in_leaf"": 96, ""min_gain_to_split"": 0.03956020839019181, ""num_leaves"": 65, ""objective"": ""binary"", ""scale_pos_weight"": 4.0, ""seed"": 264, ""verbosity"": -1}",1,0.2,128
223,128,12.956,0.534690334113899,0.7734090031335921,0.5142907165054493,0.4643718136189385,0.5762346133097935,3.229239107200081,0.2457139155328478,0.1999980360269546,0.6458414793014526,"{""bagging_fraction"": 0.636823781422067, ""bagging_freq"": 1, ""bagging_seed"": 265, ""boosting_type"": ""gbdt"", ""data_random_seed"": 265, ""deterministic"": true, ""feature_fraction"": 0.6757096654871781, ""feature_fraction_seed"": 265, ""force_col_wise"": true, ""lambda_l1"": 2.556161838670534e-05, ""lambda_l2"": 2.9275858284473312e-05, ""learning_rate"": 0.01916702406243956, ""max_bin"": 63, ""max_depth"": -1, ""metric"": ""None"", ""min_data_in_leaf"": 56, ""min_gain_to_split"": 0.3390077406028791, ""num_leaves"": 33, ""objective"": ""binary"", ""scale_pos_weight"": 1.0, ""seed"": 265, ""verbosity"": -1}",1,0.2,128
224,128,1.744,0.5284435762940497,0.7704437049286642,0.5124423963133641,0.46371976647206,0.572605561277034,3.1983445243394604,0.2421023739324583,0.1999980360269546,0.6396626234054565,"{""bagging_fraction"": 0.967836778775798, ""bagging_freq"": 1, ""bagging_seed"": 266, ""boosting_type"": ""gbdt"", ""data_random_seed"": 266, ""deterministic"": true, ""feature_fraction"": 0.995864394498005, ""feature_fraction_seed"": 266, ""force_col_wise"": true, ""lambda_l1"": 0.00034512323596867187, ""lambda_l2"": 0.0006115256839066701, ""learning_rate"": 0.012750645499394473, ""max_bin"": 63, ""max_depth"": 6, ""metric"": ""None"", ""min_data_in_leaf"": 815, ""min_gain_to_split"": 0.31458156903584256, ""num_leaves"": 16, ""objective"": ""binary"", ""scale_pos_weight"": 1.0, ""seed"": 266, ""verbosity"": -1}",1,0.2,128
225,128,2.432,0.5382787077315003,0.7751784414488332,0.5166353342368731,0.4660619207256951,0.5795203766367515,3.25228785362386,0.2532260483076174,0.1999980360269546,0.6504511833190918,"{""bagging_fraction"": 0.8950940056482389, ""bagging_freq"": 1, ""bagging_seed"": 267, ""boosting_type"": ""gbdt"", ""data_random_seed"": 267, ""deterministic"": true, ""feature_fraction"": 0.7454571617013831, ""feature_fraction_seed"": 267, ""force_col_wise"": true, ""lambda_l1"": 0.18096248823060762, ""lambda_l2"": 5.972231069033047e-06, ""learning_rate"": 0.07932747958555714, ""max_bin"": 63, ""max_depth"": 12, ""metric"": ""None"", ""min_data_in_leaf"": 1360, ""min_gain_to_split"": 0.92924224400615, ""num_leaves"": 164, ""objective"": ""binary"", ""scale_pos_weight"": 1.0, ""seed"": 267, ""verbosity"": -1}",1,0.2,128
226,128,20.239,0.5369030868541067,0.7741113394000596,0.5147754268333297,0.4703042596348884,0.568535138051101,3.237575792706719,0.4101559444941478,0.1999980360269546,0.6475088000297546,"{""bagging_fraction"": 0.8965841272498822, ""bagging_freq"": 1, ""bagging_seed"": 268, ""boosting_type"": ""gbdt"", ""data_random_seed"": 268, ""deterministic"": true, ""feature_fraction"": 0.5653807349177171, ""feature_fraction_seed"": 268, ""force_col_wise"": true, ""lambda_l1"": 0.15595751081045475, ""lambda_l2"": 0.0026405371245850277, ""learning_rate"": 0.147690068105588, ""max_bin"": 63, ""max_depth"": -1, ""metric"": ""None"", ""min_data_in_leaf"": 563, ""min_gain_to_split"": 0.8568603919165705, ""num_leaves"": 133, ""objective"": ""binary"", ""scale_pos_weight"": 2.0, ""seed"": 268, ""verbosity"": -1}",1,0.2,128
227,128,2.184,0.5363652330132811,0.7743828050655237,0.5151609047850914,0.4694445564922754,0.5707419940169682,3.242479813012433,0.252429709756512,0.1999980360269546,0.6484895944595337,"{""bagging_fraction"": 0.6693460552506547, ""bagging_freq"": 1, ""bagging_seed"": 269, ""boosting_type"": ""gbdt"", ""data_random_seed"": 269, ""deterministic"": true, ""feature_fraction"": 0.7516972394070248, ""feature_fraction_seed"": 269, ""force_col_wise"": true, ""lambda_l1"": 3.424641450602838e-05, ""lambda_l2"": 6.697669109612384e-05, ""learning_rate"": 0.021111136742069627, ""max_bin"": 63, ""max_depth"": -1, ""metric"": ""None"", ""min_data_in_leaf"": 58, ""min_gain_to_split"": 0.8794117334876851, ""num_leaves"": 48, ""objective"": ""binary"", ""scale_pos_weight"": 1.0, ""seed"": 269, ""verbosity"": -1}",1,0.2,128
228,128,2.0,0.5379601896844404,0.7750194174074013,0.5157439712110241,0.4666825510285124,0.5763326957971654,3.25768212694707,0.4041797784311914,0.1999980360269546,0.6515300273895264,"{""bagging_fraction"": 0.6658175408748157, ""bagging_freq"": 1, ""bagging_seed"": 270, ""boosting_type"": ""gbdt"", ""data_random_seed"": 270, ""deterministic"": true, ""feature_fraction"": 0.7379844788632779, ""feature_fraction_seed"": 270, ""force_col_wise"": true, ""lambda_l1"": 0.00033428271682637683, ""lambda_l2"": 2.3238901636580524e-07, ""learning_rate"": 0.11249247746689706, ""max_bin"": 63, ""max_depth"": 12, ""metric"": ""None"", ""min_data_in_leaf"": 319, ""min_gain_to_split"": 0.3519299430229661, ""num_leaves"": 50, ""objective"": ""binary"", ""scale_pos_weight"": 2.0, ""seed"": 270, ""verbosity"": -1}",1,0.2,128
229,128,3.193,0.5383846046448401,0.7752491299237707,0.5166688570552416,0.4668487511380279,0.5783924280319749,3.2527781066413564,0.4001587218024243,0.1999980360269546,0.6505492329597473,"{""bagging_fraction"": 0.9031249093831082, ""bagging_freq"": 1, ""bagging_seed"": 271, ""boosting_type"": ""gbdt"", ""data_random_seed"": 271, ""deterministic"": true, ""feature_fraction"": 0.9863972104739545, ""feature_fraction_seed"": 271, ""force_col_wise"": true, ""lambda_l1"": 5.10901566125474, ""lambda_l2"": 0.3493244576642993, ""learning_rate"": 0.030634149160646777, ""max_bin"": 127, ""max_depth"": 10, ""metric"": ""None"", ""min_data_in_leaf"": 129, ""min_gain_to_split"": 0.14210392585164267, ""num_leaves"": 155, ""objective"": ""binary"", ""scale_pos_weight"": 2.0, ""seed"": 271, ""verbosity"": -1}",1,0.2,128
230,128,131.771,0.5354897384667108,0.7740462001945217,0.5150668180627129,0.4642393229679197,0.5783924280319749,3.229729658243728,0.3742890394556033,0.1999980360269546,0.6459395885467529,"{""bagging_fraction"": 0.6018337239914173, ""bagging_freq"": 1, ""bagging_seed"": 272, ""boosting_type"": ""gbdt"", ""data_random_seed"": 272, ""deterministic"": true, ""feature_fraction"": 0.9683195374032272, ""feature_fraction_seed"": 272, ""force_col_wise"": true, ""lambda_l1"": 0.0011878500799220584, ""lambda_l2"": 0.03085780228067631, ""learning_rate"": 0.015845657079763802, ""max_bin"": 127, ""max_depth"": 6, ""metric"": ""None"", ""min_data_in_leaf"": 132, ""min_gain_to_split"": 0.05884853733243178, ""num_leaves"": 152, ""objective"": ""binary"", ""scale_pos_weight"": 2.0, ""seed"": 272, ""verbosity"": -1}",1,0.2,128
231,128,1.686,0.5377356432128797,0.7753008506537864,0.5162678017524396,0.4795171601615074,0.5591192192634005,3.2478740863356426,0.2676380146048891,0.1999980360269546,0.6495684385299683,"{""bagging_fraction"": 0.8483160031916144, ""bagging_freq"": 1, ""bagging_seed"": 273, ""boosting_type"": ""gbdt"", ""data_random_seed"": 273, ""deterministic"": true, ""feature_fraction"": 0.666350730166933, ""feature_fraction_seed"": 273, ""force_col_wise"": true, ""lambda_l1"": 1.1697587533252719e-07, ""lambda_l2"": 2.7130817250566324, ""learning_rate"": 0.09111172890907183, ""max_bin"": 63, ""max_depth"": 10, ""metric"": ""None"", ""min_data_in_leaf"": 331, ""min_gain_to_split"": 0.8947285817147318, ""num_leaves"": 18, ""objective"": ""binary"", ""scale_pos_weight"": 1.0, ""seed"": 273, ""verbosity"": -1}",1,0.2,128
232,128,22.052,0.5358658718928372,0.7744939687251907,0.5147662820262077,0.4621868414891126,0.5808444902162719,3.2336528744882984,0.2454174207725683,0.1999980360269546,0.6467242240905762,"{""bagging_fraction"": 0.5968681722112923, ""bagging_freq"": 1, ""bagging_seed"": 274, ""boosting_type"": ""gbdt"", ""data_random_seed"": 274, ""deterministic"": true, ""feature_fraction"": 0.6203310948824388, ""feature_fraction_seed"": 274, ""force_col_wise"": true, ""lambda_l1"": 9.951488196639731, ""lambda_l2"": 0.00012536291817094372, ""learning_rate"": 0.023998836167671917, ""max_bin"": 127, ""max_depth"": 8, ""metric"": ""None"", ""min_data_in_leaf"": 256, ""min_gain_to_split"": 0.8725317491484982, ""num_leaves"": 79, ""objective"": ""binary"", ""scale_pos_weight"": 1.0, ""seed"": 274, ""verbosity"": -1}",1,0.2,128
233,128,1.644,0.5373757646607227,0.7753330108029054,0.515788540003548,0.4707549079133779,0.5703496640674808,3.2419895599949364,0.4118777020916679,0.1999980360269546,0.6483915448188782,"{""bagging_fraction"": 0.9763718702701532, ""bagging_freq"": 1, ""bagging_seed"": 275, ""boosting_type"": ""gbdt"", ""data_random_seed"": 275, ""deterministic"": true, ""feature_fraction"": 0.968334484475901, ""feature_fraction_seed"": 275, ""force_col_wise"": true, ""lambda_l1"": 6.799187646949766e-06, ""lambda_l2"": 1.5721138108421503e-05, ""learning_rate"": 0.12155609962740611, ""max_bin"": 127, ""max_depth"": 8, ""metric"": ""None"", ""min_data_in_leaf"": 76, ""min_gain_to_split"": 0.452450234834758, ""num_leaves"": 19, ""objective"": ""binary"", ""scale_pos_weight"": 2.0, ""seed"": 275, ""verbosity"": -1}",1,0.2,128
234,128,3.436,0.5357314733864614,0.7740664074235835,0.5154166757588321,0.4643025632961157,0.5791770879309499,3.2312007153223665,0.3771373163711138,0.1999980360269546,0.6462337970733643,"{""bagging_fraction"": 0.5674380991877933, ""bagging_freq"": 1, ""bagging_seed"": 276, ""boosting_type"": ""gbdt"", ""data_random_seed"": 276, ""deterministic"": true, ""feature_fraction"": 0.5802200549807378, ""feature_fraction_seed"": 276, ""force_col_wise"": true, ""lambda_l1"": 0.007648464463413212, ""lambda_l2"": 1.1249746031782502e-05, ""learning_rate"": 0.016730561523318664, ""max_bin"": 63, ""max_depth"": 16, ""metric"": ""None"", ""min_data_in_leaf"": 674, ""min_gain_to_split"": 0.6554593927200013, ""num_leaves"": 191, ""objective"": ""binary"", ""scale_pos_weight"": 2.0, ""seed"": 276, ""verbosity"": -1}",1,0.2,128
235,128,3.663,0.5367013730995989,0.7731873726670924,0.5146902327303012,0.4871469235822203,0.5455347947623952,3.2419895599949364,0.2777354239480535,0.1999980360269546,0.6483915448188782,"{""bagging_fraction"": 0.6940724360017912, ""bagging_freq"": 1, ""bagging_seed"": 277, ""boosting_type"": ""gbdt"", ""data_random_seed"": 277, ""deterministic"": true, ""feature_fraction"": 0.61141174932003, ""feature_fraction_seed"": 277, ""force_col_wise"": true, ""lambda_l1"": 2.0658437846061837e-05, ""lambda_l2"": 0.0006832094030492902, ""learning_rate"": 0.13095193053657686, ""max_bin"": 127, ""max_depth"": -1, ""metric"": ""None"", ""min_data_in_leaf"": 1267, ""min_gain_to_split"": 0.2968684855074143, ""num_leaves"": 125, ""objective"": ""binary"", ""scale_pos_weight"": 1.0, ""seed"": 277, ""verbosity"": -1}",1,0.2,128
236,128,2.035,0.5344699686537254,0.7742588776954222,0.5143049176655091,0.4734367266127701,0.5628953950272179,3.217960307536165,0.5765491338633018,0.1999980360269546,0.643585741519928,"{""bagging_fraction"": 0.832128553194521, ""bagging_freq"": 1, ""bagging_seed"": 278, ""boosting_type"": ""gbdt"", ""data_random_seed"": 278, ""deterministic"": true, ""feature_fraction"": 0.667853368554131, ""feature_fraction_seed"": 278, ""force_col_wise"": true, ""lambda_l1"": 3.114472576627947e-05, ""lambda_l2"": 1.2836615668888497e-05, ""learning_rate"": 0.027154051618562706, ""max_bin"": 63, ""max_depth"": 10, ""metric"": ""None"", ""min_data_in_leaf"": 103, ""min_gain_to_split"": 0.5339056327223729, ""num_leaves"": 31, ""objective"": ""binary"", ""scale_pos_weight"": 4.0, ""seed"": 278, ""verbosity"": -1}",1,0.2,128
237,128,23.746,0.5359339870239934,0.7746775834345009,0.5153971531022493,0.4627692788011239,0.5815310676278751,3.2380663437503654,0.5622783804503536,0.1999980360269546,0.6476069092750549,"{""bagging_fraction"": 0.959408909432895, ""bagging_freq"": 1, ""bagging_seed"": 279, ""boosting_type"": ""gbdt"", ""data_random_seed"": 279, ""deterministic"": true, ""feature_fraction"": 0.7848910513531229, ""feature_fraction_seed"": 279, ""force_col_wise"": true, ""lambda_l1"": 0.13901242463545396, ""lambda_l2"": 3.376510735255483e-08, ""learning_rate"": 0.027898656634675344, ""max_bin"": 127, ""max_depth"": 12, ""metric"": ""None"", ""min_data_in_leaf"": 1766, ""min_gain_to_split"": 0.42909887146925685, ""num_leaves"": 79, ""objective"": ""binary"", ""scale_pos_weight"": 4.0, ""seed"": 279, ""verbosity"": -1}",1,0.2,128
238,128,30.909,0.538109962689139,0.7748522605101769,0.5150580350207505,0.4704070050267553,0.5690745917316463,3.2468932822745,0.4100730662274208,0.1999980360269546,0.6493722796440125,"{""bagging_fraction"": 0.888183802125727, ""bagging_freq"": 1, ""bagging_seed"": 280, ""boosting_type"": ""gbdt"", ""data_random_seed"": 280, ""deterministic"": true, ""feature_fraction"": 0.6069537064557822, ""feature_fraction_seed"": 280, ""force_col_wise"": true, ""lambda_l1"": 0.000370760088503191, ""lambda_l2"": 0.03242517400908933, ""learning_rate"": 0.14469824223731456, ""max_bin"": 63, ""max_depth"": -1, ""metric"": ""None"", ""min_data_in_leaf"": 398, ""min_gain_to_split"": 0.8693618268785237, ""num_leaves"": 55, ""objective"": ""binary"", ""scale_pos_weight"": 2.0, ""seed"": 280, ""verbosity"": -1}",1,0.2,128
239,128,2.683,0.5382559213491311,0.7750500837421399,0.5163578682998833,0.46876,0.5747143347555294,3.2532686576850027,0.4091093331421488,0.1999980360269546,0.6506473422050476,"{""bagging_fraction"": 0.5663935880572976, ""bagging_freq"": 1, ""bagging_seed"": 281, ""boosting_type"": ""gbdt"", ""data_random_seed"": 281, ""deterministic"": true, ""feature_fraction"": 0.9410742038246512, ""feature_fraction_seed"": 281, ""force_col_wise"": true, ""lambda_l1"": 0.0010132408047718341, ""lambda_l2"": 8.839420377232806e-07, ""learning_rate"": 0.052515141720651345, ""max_bin"": 127, ""max_depth"": 10, ""metric"": ""None"", ""min_data_in_leaf"": 1118, ""min_gain_to_split"": 0.8603458907817834, ""num_leaves"": 127, ""objective"": ""binary"", ""scale_pos_weight"": 2.0, ""seed"": 281, ""verbosity"": -1}",1,0.2,128
240,128,1.815,0.5360538342526409,0.77436228698839,0.5146540027137042,0.4775273826010323,0.5580403119023098,3.23610473562808,0.2647475309866879,0.1999980360269546,0.6472145915031433,"{""bagging_fraction"": 0.5921123254022678, ""bagging_freq"": 1, ""bagging_seed"": 282, ""boosting_type"": ""gbdt"", ""data_random_seed"": 282, ""deterministic"": true, ""feature_fraction"": 0.6419617953452375, ""feature_fraction_seed"": 282, ""force_col_wise"": true, ""lambda_l1"": 0.9823332042185323, ""lambda_l2"": 0.07549064676883724, ""learning_rate"": 0.031204698045014728, ""max_bin"": 63, ""max_depth"": 16, ""metric"": ""None"", ""min_data_in_leaf"": 671, ""min_gain_to_split"": 0.19979493065813259, ""num_leaves"": 26, ""objective"": ""binary"", ""scale_pos_weight"": 1.0, ""seed"": 282, ""verbosity"": -1}",1,0.2,128
241,128,1.87,0.537582069505699,0.7750439762088429,0.5158320804903435,0.488136928734022,0.5468589083419155,3.2473838333181466,0.2767098950742541,0.1999980360269546,0.6494703888893127,"{""bagging_fraction"": 0.6846063148749351, ""bagging_freq"": 1, ""bagging_seed"": 283, ""boosting_type"": ""gbdt"", ""data_random_seed"": 283, ""deterministic"": true, ""feature_fraction"": 0.6884328184408587, ""feature_fraction_seed"": 283, ""force_col_wise"": true, ""lambda_l1"": 2.268363070290427e-08, ""lambda_l2"": 0.036002843456275545, ""learning_rate"": 0.1390731330276536, ""max_bin"": 127, ""max_depth"": 6, ""metric"": ""None"", ""min_data_in_leaf"": 475, ""min_gain_to_split"": 0.043175225056884536, ""num_leaves"": 112, ""objective"": ""binary"", ""scale_pos_weight"": 1.0, ""seed"": 283, ""verbosity"": -1}",1,0.2,128
242,128,2.051,0.5381932354776665,0.7755996072167053,0.5154808460989996,0.4607214583655183,0.5850129959295768,3.249345441440432,0.2495535939725254,0.1999980360269546,0.6498627066612244,"{""bagging_fraction"": 0.7462613901920975, ""bagging_freq"": 1, ""bagging_seed"": 284, ""boosting_type"": ""gbdt"", ""data_random_seed"": 284, ""deterministic"": true, ""feature_fraction"": 0.7687203623023928, ""feature_fraction_seed"": 284, ""force_col_wise"": true, ""lambda_l1"": 8.352048430717489e-06, ""lambda_l2"": 0.000495938618230198, ""learning_rate"": 0.07210291059790223, ""max_bin"": 127, ""max_depth"": 6, ""metric"": ""None"", ""min_data_in_leaf"": 285, ""min_gain_to_split"": 0.43115095714111507, ""num_leaves"": 221, ""objective"": ""binary"", ""scale_pos_weight"": 1.0, ""seed"": 284, ""verbosity"": -1}",1,0.2,128
243,128,3.58,0.5326611761227782,0.7710730781781127,0.5107402844663456,0.4700667931062917,0.5591192192634005,3.226296993042803,0.5750363322594195,0.1999980360269546,0.64525306224823,"{""bagging_fraction"": 0.6313177880950643, ""bagging_freq"": 1, ""bagging_seed"": 285, ""boosting_type"": ""gbdt"", ""data_random_seed"": 285, ""deterministic"": true, ""feature_fraction"": 0.7231075626976037, ""feature_fraction_seed"": 285, ""force_col_wise"": true, ""lambda_l1"": 1.4759928895789679e-05, ""lambda_l2"": 3.865958315289134e-06, ""learning_rate"": 0.11383378494136866, ""max_bin"": 63, ""max_depth"": 10, ""metric"": ""None"", ""min_data_in_leaf"": 67, ""min_gain_to_split"": 0.1745371316267883, ""num_leaves"": 251, ""objective"": ""binary"", ""scale_pos_weight"": 4.0, ""seed"": 285, ""verbosity"": -1}",1,0.2,128
244,128,36.832,0.5387470365545881,0.7753841943128975,0.515677403380827,0.4765768014644699,0.5617674464224413,3.262585849226633,0.2643681221038899,0.1999980360269546,0.6525107622146606,"{""bagging_fraction"": 0.5861247941818167, ""bagging_freq"": 1, ""bagging_seed"": 286, ""boosting_type"": ""gbdt"", ""data_random_seed"": 286, ""deterministic"": true, ""feature_fraction"": 0.7314731123186549, ""feature_fraction_seed"": 286, ""force_col_wise"": true, ""lambda_l1"": 2.3150819436809013e-06, ""lambda_l2"": 7.48630794652383, ""learning_rate"": 0.03834253762454454, ""max_bin"": 63, ""max_depth"": 16, ""metric"": ""None"", ""min_data_in_leaf"": 64, ""min_gain_to_split"": 0.20895960748461406, ""num_leaves"": 203, ""objective"": ""binary"", ""scale_pos_weight"": 1.0, ""seed"": 286, ""verbosity"": -1}",1,0.2,128
245,128,2.204,0.5373402453441439,0.7754204841718462,0.5167209363724369,0.4685766729180798,0.575891324603992,3.243460617073576,0.5779535658513988,0.1999980360269546,0.6486857533454895,"{""bagging_fraction"": 0.9220430619527262, ""bagging_freq"": 1, ""bagging_seed"": 287, ""boosting_type"": ""gbdt"", ""data_random_seed"": 287, ""deterministic"": true, ""feature_fraction"": 0.7195308751938461, ""feature_fraction_seed"": 287, ""force_col_wise"": true, ""lambda_l1"": 1.7669528589086022e-07, ""lambda_l2"": 7.170241982777535e-05, ""learning_rate"": 0.04727742087017234, ""max_bin"": 63, ""max_depth"": 6, ""metric"": ""None"", ""min_data_in_leaf"": 425, ""min_gain_to_split"": 0.6897618484440871, ""num_leaves"": 61, ""objective"": ""binary"", ""scale_pos_weight"": 4.0, ""seed"": 287, ""verbosity"": -1}",1,0.2,128
246,128,2.771,0.5360654817178077,0.7749719030470396,0.5159928264965608,0.4803465765004227,0.5573537344907067,3.237575792706719,0.5808284008458353,0.1999980360269546,0.6475088000297546,"{""bagging_fraction"": 0.8775464013993348, ""bagging_freq"": 1, ""bagging_seed"": 288, ""boosting_type"": ""gbdt"", ""data_random_seed"": 288, ""deterministic"": true, ""feature_fraction"": 0.5811121731097516, ""feature_fraction_seed"": 288, ""force_col_wise"": true, ""lambda_l1"": 3.913269143811016e-06, ""lambda_l2"": 0.03263680312788128, ""learning_rate"": 0.02720507552042966, ""max_bin"": 63, ""max_depth"": 10, ""metric"": ""None"", ""min_data_in_leaf"": 94, ""min_gain_to_split"": 0.06639827904327456, ""num_leaves"": 75, ""objective"": ""binary"", ""scale_pos_weight"": 4.0, ""seed"": 288, ""verbosity"": -1}",1,0.2,128
247,128,1.672,0.5368871581751574,0.7751521495341084,0.5146466296417292,0.4628976649427989,0.5794222941493796,3.237575792706719,0.5753683933106871,0.1999980360269546,0.6475088000297546,"{""bagging_fraction"": 0.9341335779160302, ""bagging_freq"": 1, ""bagging_seed"": 289, ""boosting_type"": ""gbdt"", ""data_random_seed"": 289, ""deterministic"": true, ""feature_fraction"": 0.5753299658418961, ""feature_fraction_seed"": 289, ""force_col_wise"": true, ""lambda_l1"": 1.2951837934087244e-06, ""lambda_l2"": 0.0008599235855530924, ""learning_rate"": 0.09608592219283527, ""max_bin"": 63, ""max_depth"": 16, ""metric"": ""None"", ""min_data_in_leaf"": 55, ""min_gain_to_split"": 0.42624420318005674, ""num_leaves"": 19, ""objective"": ""binary"", ""scale_pos_weight"": 4.0, ""seed"": 289, ""verbosity"": -1}",1,0.2,128
248,128,2.506,0.5379443615519361,0.7756277903743898,0.5164744462042965,0.4737272876084465,0.56770143690844,3.258172379964566,0.583313753978435,0.1999980360269546,0.6516280770301819,"{""bagging_fraction"": 0.5732873855217482, ""bagging_freq"": 1, ""bagging_seed"": 290, ""boosting_type"": ""gbdt"", ""data_random_seed"": 290, ""deterministic"": true, ""feature_fraction"": 0.9238167724356692, ""feature_fraction_seed"": 290, ""force_col_wise"": true, ""lambda_l1"": 0.00019899351625547902, ""lambda_l2"": 0.948447760488531, ""learning_rate"": 0.03758279014141636, ""max_bin"": 127, ""max_depth"": 16, ""metric"": ""None"", ""min_data_in_leaf"": 87, ""min_gain_to_split"": 0.6652139656041213, ""num_leaves"": 62, ""objective"": ""binary"", ""scale_pos_weight"": 4.0, ""seed"": 290, ""verbosity"": -1}",1,0.2,128
249,128,2.33,0.5361139702112695,0.774725145293891,0.515374908680348,0.4697336561743341,0.5708400765043401,3.2365952866717267,0.3940468218270642,0.1999980360269546,0.6473127007484436,"{""bagging_fraction"": 0.7580025685646506, ""bagging_freq"": 1, ""bagging_seed"": 291, ""boosting_type"": ""gbdt"", ""data_random_seed"": 291, ""deterministic"": true, ""feature_fraction"": 0.7846494445710974, ""feature_fraction_seed"": 291, ""force_col_wise"": true, ""lambda_l1"": 8.751553798870888e-06, ""lambda_l2"": 5.614686489738648e-06, ""learning_rate"": 0.020402583034286898, ""max_bin"": 127, ""max_depth"": 12, ""metric"": ""None"", ""min_data_in_leaf"": 193, ""min_gain_to_split"": 0.25085289165512215, ""num_leaves"": 49, ""objective"": ""binary"", ""scale_pos_weight"": 2.0, ""seed"": 291, ""verbosity"": -1}",1,0.2,128
250,128,18.721,0.5351941402113474,0.773570682009959,0.514499573220109,0.4645849802371541,0.5764307782845373,3.235123931566937,0.2435214185727935,0.1999980360269546,0.6470184326171875,"{""bagging_fraction"": 0.9314499105990879, ""bagging_freq"": 1, ""bagging_seed"": 292, ""boosting_type"": ""gbdt"", ""data_random_seed"": 292, ""deterministic"": true, ""feature_fraction"": 0.8622367003940506, ""feature_fraction_seed"": 292, ""force_col_wise"": true, ""lambda_l1"": 1.3734759161020964e-06, ""lambda_l2"": 2.2667590015431868e-07, ""learning_rate"": 0.015008761678375218, ""max_bin"": 127, ""max_depth"": 6, ""metric"": ""None"", ""min_data_in_leaf"": 82, ""min_gain_to_split"": 0.008617257133752054, ""num_leaves"": 177, ""objective"": ""binary"", ""scale_pos_weight"": 1.0, ""seed"": 292, ""verbosity"": -1}",1,0.2,128
251,128,3.565,0.5339949390652875,0.7727357846734122,0.5128136260883189,0.4716732542819499,0.5618164876661272,3.2218832257545853,0.2599630578006704,0.1999980360269546,0.6443703174591064,"{""bagging_fraction"": 0.5823379746284321, ""bagging_freq"": 1, ""bagging_seed"": 293, ""boosting_type"": ""gbdt"", ""data_random_seed"": 293, ""deterministic"": true, ""feature_fraction"": 0.8866319315859517, ""feature_fraction_seed"": 293, ""force_col_wise"": true, ""lambda_l1"": 0.0021340049581647057, ""lambda_l2"": 0.06377897595351605, ""learning_rate"": 0.07879109714264683, ""max_bin"": 127, ""max_depth"": -1, ""metric"": ""None"", ""min_data_in_leaf"": 59, ""min_gain_to_split"": 0.3592043972677377, ""num_leaves"": 246, ""objective"": ""binary"", ""scale_pos_weight"": 1.0, ""seed"": 293, ""verbosity"": -1}",1,0.2,128
252,128,3.672,0.5378979042668544,0.7747966827388048,0.5160633484162896,0.4790205384518459,0.5593153842381443,3.2503262455015745,0.4174881751308826,0.1999980360269546,0.6500588655471802,"{""bagging_fraction"": 0.7998650289550253, ""bagging_freq"": 1, ""bagging_seed"": 294, ""boosting_type"": ""gbdt"", ""data_random_seed"": 294, ""deterministic"": true, ""feature_fraction"": 0.6057666517390817, ""feature_fraction_seed"": 294, ""force_col_wise"": true, ""lambda_l1"": 0.0023334897321766546, ""lambda_l2"": 0.13503225942176675, ""learning_rate"": 0.05011837652338282, ""max_bin"": 63, ""max_depth"": 16, ""metric"": ""None"", ""min_data_in_leaf"": 101, ""min_gain_to_split"": 0.7530732736205097, ""num_leaves"": 249, ""objective"": ""binary"", ""scale_pos_weight"": 2.0, ""seed"": 294, ""verbosity"": -1}",1,0.2,128
253,128,15.873,0.5379914963170646,0.7752124438387497,0.5155576727367213,0.4615772332506203,0.5838360060811142,3.2517973025802136,0.3997131198487874,0.1999980360269546,0.6503530740737915,"{""bagging_fraction"": 0.6984034207981762, ""bagging_freq"": 1, ""bagging_seed"": 295, ""boosting_type"": ""gbdt"", ""data_random_seed"": 295, ""deterministic"": true, ""feature_fraction"": 0.683835381592111, ""feature_fraction_seed"": 295, ""force_col_wise"": true, ""lambda_l1"": 2.44061526387885, ""lambda_l2"": 0.013710811042955262, ""learning_rate"": 0.0886466294370367, ""max_bin"": 63, ""max_depth"": 16, ""metric"": ""None"", ""min_data_in_leaf"": 389, ""min_gain_to_split"": 0.9745904132511058, ""num_leaves"": 30, ""objective"": ""binary"", ""scale_pos_weight"": 2.0, ""seed"": 295, ""verbosity"": -1}",1,0.2,128
254,128,2.298,0.5375633951862642,0.7753738542554183,0.5165221258616856,0.4725171894706864,0.5695650041685058,3.2478740863356426,0.5817213413952124,0.1999980360269546,0.6495684385299683,"{""bagging_fraction"": 0.5803184373098529, ""bagging_freq"": 1, ""bagging_seed"": 296, ""boosting_type"": ""gbdt"", ""data_random_seed"": 296, ""deterministic"": true, ""feature_fraction"": 0.787436362272017, ""feature_fraction_seed"": 296, ""force_col_wise"": true, ""lambda_l1"": 2.416336219548816, ""lambda_l2"": 1.301946497177813e-07, ""learning_rate"": 0.042862315854785685, ""max_bin"": 63, ""max_depth"": 8, ""metric"": ""None"", ""min_data_in_leaf"": 120, ""min_gain_to_split"": 0.1979807464169071, ""num_leaves"": 60, ""objective"": ""binary"", ""scale_pos_weight"": 4.0, ""seed"": 296, ""verbosity"": -1}",1,0.2,128
255,128,3.679,0.5356687066300527,0.7740688836862221,0.5151508394836005,0.4723198953307711,0.5665244470599774,3.2321815193835093,0.5091201288849758,0.1999980360269546,0.6464299559593201,"{""bagging_fraction"": 0.8613311775785438, ""bagging_freq"": 1, ""bagging_seed"": 297, ""boosting_type"": ""gbdt"", ""data_random_seed"": 297, ""deterministic"": true, ""feature_fraction"": 0.5808793856989866, ""feature_fraction_seed"": 297, ""force_col_wise"": true, ""lambda_l1"": 0.004837899914721933, ""lambda_l2"": 0.06548546182662184, ""learning_rate"": 0.013001811558153702, ""max_bin"": 127, ""max_depth"": 12, ""metric"": ""None"", ""min_data_in_leaf"": 727, ""min_gain_to_split"": 0.8281978524893359, ""num_leaves"": 192, ""objective"": ""binary"", ""scale_pos_weight"": 4.0, ""seed"": 297, ""verbosity"": -1}",1,0.2,128
256,128,2.281,0.5376101976927367,0.7754336383964444,0.5159323067540784,0.4640702139330773,0.5808444902162719,3.242479813012433,0.4023056555589008,0.1999980360269546,0.6484895944595337,"{""bagging_fraction"": 0.8489551907954143, ""bagging_freq"": 1, ""bagging_seed"": 298, ""boosting_type"": ""gbdt"", ""data_random_seed"": 298, ""deterministic"": true, ""feature_fraction"": 0.8143848012379935, ""feature_fraction_seed"": 298, ""force_col_wise"": true, ""lambda_l1"": 8.593149742726584e-05, ""lambda_l2"": 0.06383917819559527, ""learning_rate"": 0.0489099047592483, ""max_bin"": 127, ""max_depth"": 16, ""metric"": ""None"", ""min_data_in_leaf"": 1706, ""min_gain_to_split"": 0.9976673923386359, ""num_leaves"": 37, ""objective"": ""binary"", ""scale_pos_weight"": 2.0, ""seed"": 298, ""verbosity"": -1}",1,0.2,128
257,128,2.426,0.5359627526878407,0.7745784259058281,0.5151811513669704,0.4711167120614659,0.5683389730763572,3.2380663437503654,0.3877623683602375,0.1999980360269546,0.6476069092750549,"{""bagging_fraction"": 0.5720833214759229, ""bagging_freq"": 1, ""bagging_seed"": 299, ""boosting_type"": ""gbdt"", ""data_random_seed"": 299, ""deterministic"": true, ""feature_fraction"": 0.8072064030280235, ""feature_fraction_seed"": 299, ""force_col_wise"": true, ""lambda_l1"": 4.3499884815276655e-05, ""lambda_l2"": 0.0017652424333799144, ""learning_rate"": 0.01730003891387879, ""max_bin"": 63, ""max_depth"": -1, ""metric"": ""None"", ""min_data_in_leaf"": 295, ""min_gain_to_split"": 0.5851913513049627, ""num_leaves"": 69, ""objective"": ""binary"", ""scale_pos_weight"": 2.0, ""seed"": 299, ""verbosity"": -1}",1,0.2,128
258,128,8.807,0.5380134755768234,0.7755416635127161,0.5163605563480742,0.4732971029297593,0.5680447256142416,3.257191575903424,0.5864646378685514,0.1999980360269546,0.6514319181442261,"{""bagging_fraction"": 0.8227883929995149, ""bagging_freq"": 1, ""bagging_seed"": 300, ""boosting_type"": ""gbdt"", ""data_random_seed"": 300, ""deterministic"": true, ""feature_fraction"": 0.791878448141742, ""feature_fraction_seed"": 300, ""force_col_wise"": true, ""lambda_l1"": 8.142172531492966e-08, ""lambda_l2"": 2.8734845509615295e-06, ""learning_rate"": 0.07031367161098806, ""max_bin"": 127, ""max_depth"": 6, ""metric"": ""None"", ""min_data_in_leaf"": 501, ""min_gain_to_split"": 0.5273997806581312, ""num_leaves"": 92, ""objective"": ""binary"", ""scale_pos_weight"": 4.0, ""seed"": 300, ""verbosity"": -1}",1,0.2,128
259,128,1.738,0.5374055259353074,0.7752248684421965,0.5149917264202979,0.4680757199005374,0.5723603550586043,3.2449319721783647,0.4097244563926334,0.1999980360269546,0.6489800214767456,"{""bagging_fraction"": 0.8803074519049253, ""bagging_freq"": 1, ""bagging_seed"": 301, ""boosting_type"": ""gbdt"", ""data_random_seed"": 301, ""deterministic"": true, ""feature_fraction"": 0.6497820944366945, ""feature_fraction_seed"": 301, ""force_col_wise"": true, ""lambda_l1"": 0.2798772980628327, ""lambda_l2"": 0.0021933424967613825, ""learning_rate"": 0.06289651750280717, ""max_bin"": 63, ""max_depth"": 16, ""metric"": ""None"", ""min_data_in_leaf"": 444, ""min_gain_to_split"": 0.5913626097517097, ""num_leaves"": 19, ""objective"": ""binary"", ""scale_pos_weight"": 2.0, ""seed"": 301, ""verbosity"": -1}",1,0.2,128
260,128,3.527,0.5374456575944249,0.7745550981709768,0.5155670867309118,0.4885630241032621,0.5457309597371389,3.2410087559337937,0.5972650516366049,0.1999980360269546,0.6481953859329224,"{""bagging_fraction"": 0.5726708822298495, ""bagging_freq"": 1, ""bagging_seed"": 302, ""boosting_type"": ""gbdt"", ""data_random_seed"": 302, ""deterministic"": true, ""feature_fraction"": 0.715704573811767, ""feature_fraction_seed"": 302, ""force_col_wise"": true, ""lambda_l1"": 1.9367189944565042e-07, ""lambda_l2"": 5.460428262615456e-07, ""learning_rate"": 0.03348349237783545, ""max_bin"": 127, ""max_depth"": -1, ""metric"": ""None"", ""min_data_in_leaf"": 340, ""min_gain_to_split"": 0.37338354325867473, ""num_leaves"": 174, ""objective"": ""binary"", ""scale_pos_weight"": 4.0, ""seed"": 302, ""verbosity"": -1}",1,0.2,128
261,128,15.901,0.5375395371463465,0.7752181800979955,0.5148666041316725,0.4636935166994106,0.5787357167377765,3.245912478213357,0.2500602557439449,0.1999980360269546,0.6491761207580566,"{""bagging_fraction"": 0.9170787859979757, ""bagging_freq"": 1, ""bagging_seed"": 303, ""boosting_type"": ""gbdt"", ""data_random_seed"": 303, ""deterministic"": true, ""feature_fraction"": 0.7022374860713338, ""feature_fraction_seed"": 303, ""force_col_wise"": true, ""lambda_l1"": 2.8189355116289372e-05, ""lambda_l2"": 0.089650404660005, ""learning_rate"": 0.039274122660776074, ""max_bin"": 127, ""max_depth"": 16, ""metric"": ""None"", ""min_data_in_leaf"": 74, ""min_gain_to_split"": 0.8027049761268789, ""num_leaves"": 29, ""objective"": ""binary"", ""scale_pos_weight"": 1.0, ""seed"": 303, ""verbosity"": -1}",1,0.2,128
262,128,2.112,0.5373169950140901,0.775327214718934,0.5163487143667874,0.4652480037761082,0.5800598303172968,3.2488548903967853,0.5716853268223827,0.1999980360269546,0.6497645974159241,"{""bagging_fraction"": 0.9476498267076173, ""bagging_freq"": 1, ""bagging_seed"": 304, ""boosting_type"": ""gbdt"", ""data_random_seed"": 304, ""deterministic"": true, ""feature_fraction"": 0.9654862106160453, ""feature_fraction_seed"": 304, ""force_col_wise"": true, ""lambda_l1"": 0.0005003489870301958, ""lambda_l2"": 0.0009338520642070731, ""learning_rate"": 0.05198037577956584, ""max_bin"": 63, ""max_depth"": 6, ""metric"": ""None"", ""min_data_in_leaf"": 60, ""min_gain_to_split"": 0.2117411027761249, ""num_leaves"": 227, ""objective"": ""binary"", ""scale_pos_weight"": 4.0, ""seed"": 304, ""verbosity"": -1}",1,0.2,128
263,128,13.29,0.5352243652953346,0.7746015714608616,0.5143575492920471,0.4673560177948779,0.5718699426217448,3.218450560553661,0.5767534709532918,0.1999980360269546,0.6436837911605835,"{""bagging_fraction"": 0.9231177206555876, ""bagging_freq"": 1, ""bagging_seed"": 305, ""boosting_type"": ""gbdt"", ""data_random_seed"": 305, ""deterministic"": true, ""feature_fraction"": 0.9777233214112178, ""feature_fraction_seed"": 305, ""force_col_wise"": true, ""lambda_l1"": 3.1245196616500944e-06, ""lambda_l2"": 3.0194355527380755e-08, ""learning_rate"": 0.03858328020154177, ""max_bin"": 127, ""max_depth"": 12, ""metric"": ""None"", ""min_data_in_leaf"": 621, ""min_gain_to_split"": 0.9403514125381806, ""num_leaves"": 17, ""objective"": ""binary"", ""scale_pos_weight"": 4.0, ""seed"": 305, ""verbosity"": -1}",1,0.2,128
264,128,2.614,0.5384315896812919,0.775553497083949,0.5170206190118769,0.4701489541092865,0.5742729635623559,3.249835694457928,0.2567509112341756,0.1999980360269546,0.6499607563018799,"{""bagging_fraction"": 0.5935388042624933, ""bagging_freq"": 1, ""bagging_seed"": 306, ""boosting_type"": ""gbdt"", ""data_random_seed"": 306, ""deterministic"": true, ""feature_fraction"": 0.6037517961679152, ""feature_fraction_seed"": 306, ""force_col_wise"": true, ""lambda_l1"": 1.243338323335021e-06, ""lambda_l2"": 0.33866219404865283, ""learning_rate"": 0.04228331258216672, ""max_bin"": 63, ""max_depth"": 16, ""metric"": ""None"", ""min_data_in_leaf"": 235, ""min_gain_to_split"": 0.14583230073568, ""num_leaves"": 93, ""objective"": ""binary"", ""scale_pos_weight"": 1.0, ""seed"": 306, ""verbosity"": -1}",1,0.2,128
265,128,14.346,0.5368346734722975,0.7752170518457577,0.5150817154765822,0.4659839644359768,0.5757442008729341,3.2410087559337937,0.5773833768197191,0.1999980360269546,0.6481953859329224,"{""bagging_fraction"": 0.715641971948477, ""bagging_freq"": 1, ""bagging_seed"": 307, ""boosting_type"": ""gbdt"", ""data_random_seed"": 307, ""deterministic"": true, ""feature_fraction"": 0.8034923087640831, ""feature_fraction_seed"": 307, ""force_col_wise"": true, ""lambda_l1"": 0.004319500937148142, ""lambda_l2"": 1.62124281231805, ""learning_rate"": 0.044179439300911366, ""max_bin"": 127, ""max_depth"": 6, ""metric"": ""None"", ""min_data_in_leaf"": 91, ""min_gain_to_split"": 0.15099313143506765, ""num_leaves"": 28, ""objective"": ""binary"", ""scale_pos_weight"": 4.0, ""seed"": 307, ""verbosity"": -1}",1,0.2,128
266,128,1.862,0.5382357065409286,0.7757151474007736,0.5155729226525687,0.4852037726053474,0.5499975479378157,3.250816498519071,0.2747706749437711,0.1999980360269546,0.6501569151878357,"{""bagging_fraction"": 0.860722998048016, ""bagging_freq"": 1, ""bagging_seed"": 308, ""boosting_type"": ""gbdt"", ""data_random_seed"": 308, ""deterministic"": true, ""feature_fraction"": 0.8376456969714257, ""feature_fraction_seed"": 308, ""force_col_wise"": true, ""lambda_l1"": 1.4071480894773018e-08, ""lambda_l2"": 4.195978096372184, ""learning_rate"": 0.1151888817210947, ""max_bin"": 127, ""max_depth"": 6, ""metric"": ""None"", ""min_data_in_leaf"": 493, ""min_gain_to_split"": 0.5856037614655798, ""num_leaves"": 157, ""objective"": ""binary"", ""scale_pos_weight"": 1.0, ""seed"": 308, ""verbosity"": -1}",1,0.2,128
267,128,1.697,0.5339521433009957,0.773798571225017,0.5141321965407758,0.469733852645245,0.5677995193958119,3.2091330709858803,0.4046587258246554,0.1999980360269546,0.6418203115463257,"{""bagging_fraction"": 0.7466451797401533, ""bagging_freq"": 1, ""bagging_seed"": 309, ""boosting_type"": ""gbdt"", ""data_random_seed"": 309, ""deterministic"": true, ""feature_fraction"": 0.778235553692168, ""feature_fraction_seed"": 309, ""force_col_wise"": true, ""lambda_l1"": 1.1414410507810546e-05, ""lambda_l2"": 1.7718819754658746e-06, ""learning_rate"": 0.027779080936410246, ""max_bin"": 127, ""max_depth"": 12, ""metric"": ""None"", ""min_data_in_leaf"": 328, ""min_gain_to_split"": 0.5275448744971828, ""num_leaves"": 16, ""objective"": ""binary"", ""scale_pos_weight"": 2.0, ""seed"": 309, ""verbosity"": -1}",1,0.2,128
268,128,1.528,0.5378229941055686,0.7751036310803615,0.5153801776854736,0.4867067642956764,0.5476435682408906,3.2567013228859274,0.4315748292517625,0.1999980360269546,0.6513338685035706,"{""bagging_fraction"": 0.7746761156383666, ""bagging_freq"": 1, ""bagging_seed"": 310, ""boosting_type"": ""gbdt"", ""data_random_seed"": 310, ""deterministic"": true, ""feature_fraction"": 0.7944891293061807, ""feature_fraction_seed"": 310, ""force_col_wise"": true, ""lambda_l1"": 0.006218192875278352, ""lambda_l2"": 3.5482640831368295, ""learning_rate"": 0.13827014221657535, ""max_bin"": 63, ""max_depth"": 10, ""metric"": ""None"", ""min_data_in_leaf"": 148, ""min_gain_to_split"": 0.2852210854938674, ""num_leaves"": 24, ""objective"": ""binary"", ""scale_pos_weight"": 2.0, ""seed"": 310, ""verbosity"": -1}",1,0.2,128
269,128,2.061,0.53186434542293,0.7721835684849394,0.5130747031480625,0.4657627389808815,0.5710852827227698,3.2052098547413093,0.3493707643673357,0.1999980360269546,0.6410356760025024,"{""bagging_fraction"": 0.8279512572491375, ""bagging_freq"": 1, ""bagging_seed"": 311, ""boosting_type"": ""gbdt"", ""data_random_seed"": 311, ""deterministic"": true, ""feature_fraction"": 0.5639476548165105, ""feature_fraction_seed"": 311, ""force_col_wise"": true, ""lambda_l1"": 0.012729034852952568, ""lambda_l2"": 0.05255153832783647, ""learning_rate"": 0.01070162094068272, ""max_bin"": 127, ""max_depth"": 12, ""metric"": ""None"", ""min_data_in_leaf"": 277, ""min_gain_to_split"": 0.5165745048430123, ""num_leaves"": 32, ""objective"": ""binary"", ""scale_pos_weight"": 2.0, ""seed"": 311, ""verbosity"": -1}",1,0.2,128
270,128,1.686,0.534346781322626,0.7740537125566775,0.5150433452320244,0.4700145678213014,0.5696140454121916,3.218450560553661,0.4045887527213526,0.1999980360269546,0.6436837911605835,"{""bagging_fraction"": 0.5571114576234834, ""bagging_freq"": 1, ""bagging_seed"": 312, ""boosting_type"": ""gbdt"", ""data_random_seed"": 312, ""deterministic"": true, ""feature_fraction"": 0.9979998848135994, ""feature_fraction_seed"": 312, ""force_col_wise"": true, ""lambda_l1"": 0.0010429211417913547, ""lambda_l2"": 0.0574220609668629, ""learning_rate"": 0.02922865829327133, ""max_bin"": 63, ""max_depth"": 12, ""metric"": ""None"", ""min_data_in_leaf"": 560, ""min_gain_to_split"": 0.8267748280138787, ""num_leaves"": 17, ""objective"": ""binary"", ""scale_pos_weight"": 2.0, ""seed"": 312, ""verbosity"": -1}",1,0.2,128
271,128,2.869,0.5386271390959763,0.775499216216428,0.5156723963599595,0.4758646429460064,0.5627482712961601,3.2606245391304984,0.2655272236052289,0.1999980360269546,0.6521185040473938,"{""bagging_fraction"": 0.9667819883236886, ""bagging_freq"": 1, ""bagging_seed"": 313, ""boosting_type"": ""gbdt"", ""data_random_seed"": 313, ""deterministic"": true, ""feature_fraction"": 0.6050302917412684, ""feature_fraction_seed"": 313, ""force_col_wise"": true, ""lambda_l1"": 1.7145755721371237e-08, ""lambda_l2"": 0.33558130502435807, ""learning_rate"": 0.053589260693071815, ""max_bin"": 127, ""max_depth"": 10, ""metric"": ""None"", ""min_data_in_leaf"": 1189, ""min_gain_to_split"": 0.07674042655969726, ""num_leaves"": 108, ""objective"": ""binary"", ""scale_pos_weight"": 1.0, ""seed"": 313, ""verbosity"": -1}",1,0.2,128
272,128,20.74,0.5322452741862725,0.7735030671430363,0.5144508670520231,0.4646968078794351,0.5761365308224217,3.207171462863595,0.4704825612507592,0.1999980360269546,0.6414279937744141,"{""bagging_fraction"": 0.7310668974274828, ""bagging_freq"": 1, ""bagging_seed"": 314, ""boosting_type"": ""gbdt"", ""data_random_seed"": 314, ""deterministic"": true, ""feature_fraction"": 0.7529905723617578, ""feature_fraction_seed"": 314, ""force_col_wise"": true, ""lambda_l1"": 0.08108663802592234, ""lambda_l2"": 1.091874578387887, ""learning_rate"": 0.010106013441139282, ""max_bin"": 63, ""max_depth"": 16, ""metric"": ""None"", ""min_data_in_leaf"": 92, ""min_gain_to_split"": 0.6525672517670819, ""num_leaves"": 53, ""objective"": ""binary"", ""scale_pos_weight"": 4.0, ""seed"": 314, ""verbosity"": -1}",1,0.2,128
273,128,54.361,0.5375332621210166,0.7750791762957795,0.5164036634131659,0.4597481146882058,0.5889853366681379,3.2532686576850027,0.3807461909574514,0.1999980360269546,0.6506473422050476,"{""bagging_fraction"": 0.9741270786550666, ""bagging_freq"": 1, ""bagging_seed"": 315, ""boosting_type"": ""gbdt"", ""data_random_seed"": 315, ""deterministic"": true, ""feature_fraction"": 0.733085127725872, ""feature_fraction_seed"": 315, ""force_col_wise"": true, ""lambda_l1"": 3.597357282375384, ""lambda_l2"": 5.0214436497850754e-05, ""learning_rate"": 0.022253920470494667, ""max_bin"": 127, ""max_depth"": -1, ""metric"": ""None"", ""min_data_in_leaf"": 69, ""min_gain_to_split"": 0.6673968880987974, ""num_leaves"": 199, ""objective"": ""binary"", ""scale_pos_weight"": 2.0, ""seed"": 315, ""verbosity"": -1}",1,0.2,128
274,128,1.785,0.5367544327352465,0.7750710145798178,0.5156163778832359,0.468812715742153,0.5728017262517777,3.2410087559337937,0.409959950090295,0.1999980360269546,0.6481953859329224,"{""bagging_fraction"": 0.8497235346711169, ""bagging_freq"": 1, ""bagging_seed"": 316, ""boosting_type"": ""gbdt"", ""data_random_seed"": 316, ""deterministic"": true, ""feature_fraction"": 0.6546485180993786, ""feature_fraction_seed"": 316, ""force_col_wise"": true, ""lambda_l1"": 1.4487930272927385e-05, ""lambda_l2"": 0.9545749274629518, ""learning_rate"": 0.07693755034734241, ""max_bin"": 63, ""max_depth"": -1, ""metric"": ""None"", ""min_data_in_leaf"": 482, ""min_gain_to_split"": 0.8192593855599865, ""num_leaves"": 16, ""objective"": ""binary"", ""scale_pos_weight"": 2.0, ""seed"": 316, ""verbosity"": -1}",1,0.2,128
275,128,17.956,0.5384390702094239,0.7757584830491434,0.5160652051714446,0.4764989204451088,0.562797312539846,3.254249163719995,0.5907322141324318,0.1999980360269546,0.6508434414863586,"{""bagging_fraction"": 0.9373987758344473, ""bagging_freq"": 1, ""bagging_seed"": 317, ""boosting_type"": ""gbdt"", ""data_random_seed"": 317, ""deterministic"": true, ""feature_fraction"": 0.6388669233384752, ""feature_fraction_seed"": 317, ""force_col_wise"": true, ""lambda_l1"": 0.2556280747173636, ""lambda_l2"": 1.316276160379084, ""learning_rate"": 0.08109520128554376, ""max_bin"": 127, ""max_depth"": 8, ""metric"": ""None"", ""min_data_in_leaf"": 310, ""min_gain_to_split"": 0.8774769812242594, ""num_leaves"": 32, ""objective"": ""binary"", ""scale_pos_weight"": 4.0, ""seed"": 317, ""verbosity"": -1}",1,0.2,128
276,128,3.752,0.5379265166308265,0.7750206680147311,0.5163590698091629,0.4757044872324601,0.5646118385562258,3.254739714763642,0.3956637009304546,0.1999980360269546,0.6509415507316589,"{""bagging_fraction"": 0.704171060492625, ""bagging_freq"": 1, ""bagging_seed"": 318, ""boosting_type"": ""gbdt"", ""data_random_seed"": 318, ""deterministic"": true, ""feature_fraction"": 0.8021682531855429, ""feature_fraction_seed"": 318, ""force_col_wise"": true, ""lambda_l1"": 3.953457392510576e-06, ""lambda_l2"": 1.485350825063429e-06, ""learning_rate"": 0.018558558753655616, ""max_bin"": 127, ""max_depth"": 16, ""metric"": ""None"", ""min_data_in_leaf"": 238, ""min_gain_to_split"": 0.08242798945712682, ""num_leaves"": 210, ""objective"": ""binary"", ""scale_pos_weight"": 2.0, ""seed"": 318, ""verbosity"": -1}",1,0.2,128
277,128,2.414,0.5378521961189761,0.7745663259792843,0.5153986939919109,0.4778764769965641,0.5593153842381443,3.25768212694707,0.5912532799774899,0.1999980360269546,0.6515300273895264,"{""bagging_fraction"": 0.7589807318427364, ""bagging_freq"": 1, ""bagging_seed"": 319, ""boosting_type"": ""gbdt"", ""data_random_seed"": 319, ""deterministic"": true, ""feature_fraction"": 0.7428668132129125, ""feature_fraction_seed"": 319, ""force_col_wise"": true, ""lambda_l1"": 7.647088708226074e-07, ""lambda_l2"": 0.2549311439227343, ""learning_rate"": 0.11068499427353833, ""max_bin"": 127, ""max_depth"": 8, ""metric"": ""None"", ""min_data_in_leaf"": 342, ""min_gain_to_split"": 0.19838296328152805, ""num_leaves"": 89, ""objective"": ""binary"", ""scale_pos_weight"": 4.0, ""seed"": 319, ""verbosity"": -1}",1,0.2,128
278,128,2.145,0.538405875402082,0.7757564724573591,0.5165667610829326,0.4676765267175573,0.5768721494777107,3.253758910702499,0.2545021279082474,0.1999980360269546,0.6507453918457031,"{""bagging_fraction"": 0.878234706819687, ""bagging_freq"": 1, ""bagging_seed"": 320, ""boosting_type"": ""gbdt"", ""data_random_seed"": 320, ""deterministic"": true, ""feature_fraction"": 0.9467277495592885, ""feature_fraction_seed"": 320, ""force_col_wise"": true, ""lambda_l1"": 0.15443596632016449, ""lambda_l2"": 0.009576733139324462, ""learning_rate"": 0.0783090091849227, ""max_bin"": 127, ""max_depth"": 6, ""metric"": ""None"", ""min_data_in_leaf"": 146, ""min_gain_to_split"": 0.8463430169899694, ""num_leaves"": 76, ""objective"": ""binary"", ""scale_pos_weight"": 1.0, ""seed"": 320, ""verbosity"": -1}",1,0.2,128
279,128,3.43,0.5383853613560079,0.7752044168035773,0.5158655500745669,0.4846943174959041,0.5513216615173361,3.257191575903424,0.272133808094089,0.1999980360269546,0.6514319181442261,"{""bagging_fraction"": 0.9671270498796304, ""bagging_freq"": 1, ""bagging_seed"": 321, ""boosting_type"": ""gbdt"", ""data_random_seed"": 321, ""deterministic"": true, ""feature_fraction"": 0.7537915745704081, ""feature_fraction_seed"": 321, ""force_col_wise"": true, ""lambda_l1"": 3.546772774909297e-05, ""lambda_l2"": 0.0012279855220019096, ""learning_rate"": 0.031199659948988885, ""max_bin"": 127, ""max_depth"": 16, ""metric"": ""None"", ""min_data_in_leaf"": 780, ""min_gain_to_split"": 0.10594235699096155, ""num_leaves"": 151, ""objective"": ""binary"", ""scale_pos_weight"": 1.0, ""seed"": 321, ""verbosity"": -1}",1,0.2,128
280,128,1.94,0.5377202939861401,0.7751752397738177,0.5154353891169733,0.4794902093180284,0.5572066107596488,3.245912478213357,0.421743502564827,0.1999980360269546,0.6491761207580566,"{""bagging_fraction"": 0.9126176326077802, ""bagging_freq"": 1, ""bagging_seed"": 322, ""boosting_type"": ""gbdt"", ""data_random_seed"": 322, ""deterministic"": true, ""feature_fraction"": 0.7712246504338545, ""feature_fraction_seed"": 322, ""force_col_wise"": true, ""lambda_l1"": 1.1388776231926703, ""lambda_l2"": 4.2759231228947444e-08, ""learning_rate"": 0.09743958322197467, ""max_bin"": 63, ""max_depth"": 16, ""metric"": ""None"", ""min_data_in_leaf"": 124, ""min_gain_to_split"": 0.5748207312401155, ""num_leaves"": 46, ""objective"": ""binary"", ""scale_pos_weight"": 2.0, ""seed"": 322, ""verbosity"": -1}",1,0.2,128
281,128,2.217,0.5382488625973066,0.7757543812976027,0.5163128713746107,0.4697347266881029,0.5731450149575793,3.250816498519071,0.5795373434022757,0.1999980360269546,0.6501569151878357,"{""bagging_fraction"": 0.8118996079403864, ""bagging_freq"": 1, ""bagging_seed"": 323, ""boosting_type"": ""gbdt"", ""data_random_seed"": 323, ""deterministic"": true, ""feature_fraction"": 0.7623463205932702, ""feature_fraction_seed"": 323, ""force_col_wise"": true, ""lambda_l1"": 0.00032273710521502476, ""lambda_l2"": 0.0001775415712912943, ""learning_rate"": 0.05277782818050676, ""max_bin"": 127, ""max_depth"": 8, ""metric"": ""None"", ""min_data_in_leaf"": 218, ""min_gain_to_split"": 0.8178353099580807, ""num_leaves"": 53, ""objective"": ""binary"", ""scale_pos_weight"": 4.0, ""seed"": 323, ""verbosity"": -1}",1,0.2,128
282,128,2.929,0.5384489515097635,0.7753895947720502,0.5158248228907903,0.4857266623348494,0.5498994654504438,3.2527781066413564,0.2698433722213731,0.1999980360269546,0.6505492329597473,"{""bagging_fraction"": 0.6783903971196462, ""bagging_freq"": 1, ""bagging_seed"": 324, ""boosting_type"": ""gbdt"", ""data_random_seed"": 324, ""deterministic"": true, ""feature_fraction"": 0.8122071077788415, ""feature_fraction_seed"": 324, ""force_col_wise"": true, ""lambda_l1"": 0.04493149792593564, ""lambda_l2"": 1.4095093601014986e-06, ""learning_rate"": 0.025205322759118676, ""max_bin"": 127, ""max_depth"": 10, ""metric"": ""None"", ""min_data_in_leaf"": 88, ""min_gain_to_split"": 0.6714035241730318, ""num_leaves"": 145, ""objective"": ""binary"", ""scale_pos_weight"": 1.0, ""seed"": 324, ""verbosity"": -1}",1,0.2,128
283,128,35.574,0.5377151407172215,0.7754824860364957,0.5158638182494042,0.4654723384105437,0.5784905105193467,3.2468932822745,0.2525031289680005,0.1999980360269546,0.6493722796440125,"{""bagging_fraction"": 0.9941250615417525, ""bagging_freq"": 1, ""bagging_seed"": 325, ""boosting_type"": ""gbdt"", ""data_random_seed"": 325, ""deterministic"": true, ""feature_fraction"": 0.9440823186834435, ""feature_fraction_seed"": 325, ""force_col_wise"": true, ""lambda_l1"": 0.7475799398555223, ""lambda_l2"": 3.11024261462428e-07, ""learning_rate"": 0.03991643182642001, ""max_bin"": 127, ""max_depth"": 6, ""metric"": ""None"", ""min_data_in_leaf"": 204, ""min_gain_to_split"": 0.819658219535163, ""num_leaves"": 220, ""objective"": ""binary"", ""scale_pos_weight"": 1.0, ""seed"": 325, ""verbosity"": -1}",1,0.2,128
284,128,36.574,0.5383892029047544,0.7752748999504366,0.515666172139678,0.4700847799757771,0.5710362414790839,3.258662931008213,0.2564423677007812,0.1999980360269546,0.6517261862754822,"{""bagging_fraction"": 0.9155336259116287, ""bagging_freq"": 1, ""bagging_seed"": 326, ""boosting_type"": ""gbdt"", ""data_random_seed"": 326, ""deterministic"": true, ""feature_fraction"": 0.7245388112871792, ""feature_fraction_seed"": 326, ""force_col_wise"": true, ""lambda_l1"": 0.02432347581445556, ""lambda_l2"": 0.00016430390164624465, ""learning_rate"": 0.029010746730100612, ""max_bin"": 127, ""max_depth"": 16, ""metric"": ""None"", ""min_data_in_leaf"": 357, ""min_gain_to_split"": 0.8924843372096598, ""num_leaves"": 177, ""objective"": ""binary"", ""scale_pos_weight"": 1.0, ""seed"": 326, ""verbosity"": -1}",1,0.2,128
285,128,1.95,0.533236271057332,0.7730644292483829,0.5140544485481124,0.4681382421654717,0.5699573341179932,3.207171462863595,0.3787723737361124,0.1999980360269546,0.6414279937744141,"{""bagging_fraction"": 0.6623516705202219, ""bagging_freq"": 1, ""bagging_seed"": 327, ""boosting_type"": ""gbdt"", ""data_random_seed"": 327, ""deterministic"": true, ""feature_fraction"": 0.6612654579880467, ""feature_fraction_seed"": 327, ""force_col_wise"": true, ""lambda_l1"": 1.8009001392643497e-07, ""lambda_l2"": 0.5559964228756389, ""learning_rate"": 0.015863388651605737, ""max_bin"": 63, ""max_depth"": 6, ""metric"": ""None"", ""min_data_in_leaf"": 1804, ""min_gain_to_split"": 0.2263975404113341, ""num_leaves"": 93, ""objective"": ""binary"", ""scale_pos_weight"": 2.0, ""seed"": 327, ""verbosity"": -1}",1,0.2,128
286,128,1.418,0.5374513771218272,0.7751263428309776,0.5153495474859081,0.4753500704283702,0.5626992300524741,3.253758910702499,0.5917662901297118,0.1999980360269546,0.6507453918457031,"{""bagging_fraction"": 0.7098766927987497, ""bagging_freq"": 1, ""bagging_seed"": 328, ""boosting_type"": ""gbdt"", ""data_random_seed"": 328, ""deterministic"": true, ""feature_fraction"": 0.9133513193845697, ""feature_fraction_seed"": 328, ""force_col_wise"": true, ""lambda_l1"": 4.932558334368277e-05, ""lambda_l2"": 3.246697490957938e-07, ""learning_rate"": 0.14633777928666866, ""max_bin"": 127, ""max_depth"": 8, ""metric"": ""None"", ""min_data_in_leaf"": 331, ""min_gain_to_split"": 0.7408152316357867, ""num_leaves"": 16, ""objective"": ""binary"", ""scale_pos_weight"": 4.0, ""seed"": 328, ""verbosity"": -1}",1,0.2,128
287,128,2.175,0.5345188049729052,0.7728777577661565,0.5138986939639958,0.4670569835986686,0.5711833652101417,3.230219911261224,0.3755478359362002,0.1999980360269546,0.6460376381874084,"{""bagging_fraction"": 0.6844415817801845, ""bagging_freq"": 1, ""bagging_seed"": 329, ""boosting_type"": ""gbdt"", ""data_random_seed"": 329, ""deterministic"": true, ""feature_fraction"": 0.5512182731541042, ""feature_fraction_seed"": 329, ""force_col_wise"": true, ""lambda_l1"": 0.0009894197279505623, ""lambda_l2"": 1.0158854423865056e-05, ""learning_rate"": 0.014478665575350371, ""max_bin"": 127, ""max_depth"": 12, ""metric"": ""None"", ""min_data_in_leaf"": 1347, ""min_gain_to_split"": 0.2720451891776694, ""num_leaves"": 46, ""objective"": ""binary"", ""scale_pos_weight"": 2.0, ""seed"": 329, ""verbosity"": -1}",1,0.2,128
288,128,2.157,0.5349127160486403,0.7736588789875161,0.5148602756753158,0.4702781607331117,0.5687803442695307,3.232672070427156,0.382362123607857,0.1999980360269546,0.6465280652046204,"{""bagging_fraction"": 0.929983876374508, ""bagging_freq"": 1, ""bagging_seed"": 330, ""boosting_type"": ""gbdt"", ""data_random_seed"": 330, ""deterministic"": true, ""feature_fraction"": 0.5918991988863389, ""feature_fraction_seed"": 330, ""force_col_wise"": true, ""lambda_l1"": 3.7566482945439343e-07, ""lambda_l2"": 0.07643776948345116, ""learning_rate"": 0.016348870009976233, ""max_bin"": 127, ""max_depth"": 6, ""metric"": ""None"", ""min_data_in_leaf"": 417, ""min_gain_to_split"": 0.3605651107758504, ""num_leaves"": 67, ""objective"": ""binary"", ""scale_pos_weight"": 2.0, ""seed"": 330, ""verbosity"": -1}",1,0.2,128
289,128,1.874,0.5315282912434341,0.7730765165486029,0.5140606677434343,0.4683141175522051,0.5697121278995635,3.20373879766267,0.5373026443707708,0.1999980360269546,0.6407414674758911,"{""bagging_fraction"": 0.6513838024520501, ""bagging_freq"": 1, ""bagging_seed"": 331, ""boosting_type"": ""gbdt"", ""data_random_seed"": 331, ""deterministic"": true, ""feature_fraction"": 0.5648212066142623, ""feature_fraction_seed"": 331, ""force_col_wise"": true, ""lambda_l1"": 0.03281786088148967, ""lambda_l2"": 0.3439151477467143, ""learning_rate"": 0.01748218689030137, ""max_bin"": 127, ""max_depth"": 12, ""metric"": ""None"", ""min_data_in_leaf"": 313, ""min_gain_to_split"": 0.08078536393781044, ""num_leaves"": 25, ""objective"": ""binary"", ""scale_pos_weight"": 4.0, ""seed"": 331, ""verbosity"": -1}",1,0.2,128
290,128,2.824,0.5384837788355651,0.7749685835263335,0.5155448234228796,0.4600053864799354,0.5863371095090971,3.253758910702499,0.2475779192128644,0.1999980360269546,0.6507453918457031,"{""bagging_fraction"": 0.8437542510210918, ""bagging_freq"": 1, ""bagging_seed"": 332, ""boosting_type"": ""gbdt"", ""data_random_seed"": 332, ""deterministic"": true, ""feature_fraction"": 0.7862919550051888, ""feature_fraction_seed"": 332, ""force_col_wise"": true, ""lambda_l1"": 1.8706260635314527, ""lambda_l2"": 8.029675834332649e-08, ""learning_rate"": 0.0866868082137704, ""max_bin"": 127, ""max_depth"": 10, ""metric"": ""None"", ""min_data_in_leaf"": 601, ""min_gain_to_split"": 0.3157644778460912, ""num_leaves"": 176, ""objective"": ""binary"", ""scale_pos_weight"": 1.0, ""seed"": 332, ""verbosity"": -1}",1,0.2,128
291,128,1.42,0.5379127740078178,0.7753876674538789,0.5163713961811189,0.472231257114978,0.5696140454121916,3.257191575903424,0.260484388971455,0.1999980360269546,0.6514319181442261,"{""bagging_fraction"": 0.9959501116344198, ""bagging_freq"": 1, ""bagging_seed"": 333, ""boosting_type"": ""gbdt"", ""data_random_seed"": 333, ""deterministic"": true, ""feature_fraction"": 0.9285040290269446, ""feature_fraction_seed"": 333, ""force_col_wise"": true, ""lambda_l1"": 2.857867700760467e-07, ""lambda_l2"": 0.15689657076507688, ""learning_rate"": 0.12917459370731996, ""max_bin"": 63, ""max_depth"": -1, ""metric"": ""None"", ""min_data_in_leaf"": 604, ""min_gain_to_split"": 0.8874228981367364, ""num_leaves"": 53, ""objective"": ""binary"", ""scale_pos_weight"": 1.0, ""seed"": 333, ""verbosity"": -1}",1,0.2,128
292,128,2.08,0.5384695498173059,0.7756503617323081,0.5162451664518423,0.4720201568659324,0.5696140454121916,3.258662931008213,0.2603619635125361,0.1999980360269546,0.6517261862754822,"{""bagging_fraction"": 0.6108496129017937, ""bagging_freq"": 1, ""bagging_seed"": 334, ""boosting_type"": ""gbdt"", ""data_random_seed"": 334, ""deterministic"": true, ""feature_fraction"": 0.6668840134389866, ""feature_fraction_seed"": 334, ""force_col_wise"": true, ""lambda_l1"": 1.1285611549969309e-07, ""lambda_l2"": 8.509532854166192e-08, ""learning_rate"": 0.07706892768353063, ""max_bin"": 127, ""max_depth"": 10, ""metric"": ""None"", ""min_data_in_leaf"": 333, ""min_gain_to_split"": 0.6377900401345777, ""num_leaves"": 41, ""objective"": ""binary"", ""scale_pos_weight"": 1.0, ""seed"": 334, ""verbosity"": -1}",1,0.2,128
293,128,2.738,0.5360316492775039,0.7745781472248199,0.5157184446300016,0.4776755852842809,0.560345250355549,3.2395374008290045,0.5512120977749054,0.1999980360269546,0.6479011178016663,"{""bagging_fraction"": 0.9707310175896329, ""bagging_freq"": 1, ""bagging_seed"": 335, ""boosting_type"": ""gbdt"", ""data_random_seed"": 335, ""deterministic"": true, ""feature_fraction"": 0.792625731560649, ""feature_fraction_seed"": 335, ""force_col_wise"": true, ""lambda_l1"": 2.942578672816109e-05, ""lambda_l2"": 0.3332473782807137, ""learning_rate"": 0.01797962763534895, ""max_bin"": 63, ""max_depth"": 8, ""metric"": ""None"", ""min_data_in_leaf"": 630, ""min_gain_to_split"": 0.07513940793219631, ""num_leaves"": 107, ""objective"": ""binary"", ""scale_pos_weight"": 4.0, ""seed"": 335, ""verbosity"": -1}",1,0.2,128
294,128,3.679,0.5333278607794435,0.7710851014448324,0.5115432985986346,0.4718481998591374,0.5585307243391693,3.230219911261224,0.415064983350706,0.1999980360269546,0.6460376381874084,"{""bagging_fraction"": 0.8557683482161468, ""bagging_freq"": 1, ""bagging_seed"": 336, ""boosting_type"": ""gbdt"", ""data_random_seed"": 336, ""deterministic"": true, ""feature_fraction"": 0.7089802972466261, ""feature_fraction_seed"": 336, ""force_col_wise"": true, ""lambda_l1"": 0.08581405980433998, ""lambda_l2"": 9.639540449420076, ""learning_rate"": 0.14537989921448843, ""max_bin"": 127, ""max_depth"": -1, ""metric"": ""None"", ""min_data_in_leaf"": 505, ""min_gain_to_split"": 0.492462917000433, ""num_leaves"": 165, ""objective"": ""binary"", ""scale_pos_weight"": 2.0, ""seed"": 336, ""verbosity"": -1}",1,0.2,128
295,128,1.886,0.5362797501061631,0.7750329513236001,0.5151825315591948,0.4804021379485874,0.5553920847432691,3.2253161889816604,0.5958231875409835,0.1999980360269546,0.6450569033622742,"{""bagging_fraction"": 0.8789634429167847, ""bagging_freq"": 1, ""bagging_seed"": 337, ""boosting_type"": ""gbdt"", ""data_random_seed"": 337, ""deterministic"": true, ""feature_fraction"": 0.6979509600875817, ""feature_fraction_seed"": 337, ""force_col_wise"": true, ""lambda_l1"": 4.5110029894598093e-07, ""lambda_l2"": 3.102962460787895e-07, ""learning_rate"": 0.05020920298548028, ""max_bin"": 63, ""max_depth"": -1, ""metric"": ""None"", ""min_data_in_leaf"": 123, ""min_gain_to_split"": 0.04496424249882747, ""num_leaves"": 21, ""objective"": ""binary"", ""scale_pos_weight"": 4.0, ""seed"": 337, ""verbosity"": -1}",1,0.2,128
296,128,1.699,0.536631553245486,0.7750564215555364,0.5148593142530806,0.4662635264162953,0.5747633759992153,3.2336528744882984,0.5796221680268402,0.1999980360269546,0.6467242240905762,"{""bagging_fraction"": 0.818526857694368, ""bagging_freq"": 1, ""bagging_seed"": 338, ""boosting_type"": ""gbdt"", ""data_random_seed"": 338, ""deterministic"": true, ""feature_fraction"": 0.67714048057902, ""feature_fraction_seed"": 338, ""force_col_wise"": true, ""lambda_l1"": 8.1552556749072e-05, ""lambda_l2"": 2.040859281100461, ""learning_rate"": 0.06540721653103927, ""max_bin"": 63, ""max_depth"": 8, ""metric"": ""None"", ""min_data_in_leaf"": 393, ""min_gain_to_split"": 0.2878090149613679, ""num_leaves"": 17, ""objective"": ""binary"", ""scale_pos_weight"": 4.0, ""seed"": 338, ""verbosity"": -1}",1,0.2,128
297,128,2.826,0.5335590266296584,0.7731959748012603,0.5142304564734841,0.4659099960175229,0.5737335098818106,3.2243353849205176,0.2426224767208081,0.1999980360269546,0.6448607444763184,"{""bagging_fraction"": 0.759345612203608, ""bagging_freq"": 1, ""bagging_seed"": 339, ""boosting_type"": ""gbdt"", ""data_random_seed"": 339, ""deterministic"": true, ""feature_fraction"": 0.8825835830573856, ""feature_fraction_seed"": 339, ""force_col_wise"": true, ""lambda_l1"": 9.548627554256223e-07, ""lambda_l2"": 0.2054220515630971, ""learning_rate"": 0.011576380776950711, ""max_bin"": 63, ""max_depth"": 12, ""metric"": ""None"", ""min_data_in_leaf"": 1863, ""min_gain_to_split"": 0.7363540971470223, ""num_leaves"": 225, ""objective"": ""binary"", ""scale_pos_weight"": 1.0, ""seed"": 339, ""verbosity"": -1}",1,0.2,128
298,128,2.077,0.537507483837034,0.7751995087710608,0.5157438528215107,0.4696170418394877,0.5719189838654308,3.245912478213357,0.2573179084690451,0.1999980360269546,0.6491761207580566,"{""bagging_fraction"": 0.8424223401534753, ""bagging_freq"": 1, ""bagging_seed"": 340, ""boosting_type"": ""gbdt"", ""data_random_seed"": 340, ""deterministic"": true, ""feature_fraction"": 0.8394253945930248, ""feature_fraction_seed"": 340, ""force_col_wise"": true, ""lambda_l1"": 2.717882732424982e-06, ""lambda_l2"": 2.2151408110387226e-05, ""learning_rate"": 0.033936758927897374, ""max_bin"": 127, ""max_depth"": 6, ""metric"": ""None"", ""min_data_in_leaf"": 623, ""min_gain_to_split"": 0.04566228543670614, ""num_leaves"": 56, ""objective"": ""binary"", ""scale_pos_weight"": 1.0, ""seed"": 340, ""verbosity"": -1}",1,0.2,128
299,128,2.273,0.5376787344198376,0.7753879587612112,0.5156819350367737,0.4738312381891381,0.5656417046736305,3.2468932822745,0.4115159778275707,0.1999980360269546,0.6493722796440125,"{""bagging_fraction"": 0.8145198683060632, ""bagging_freq"": 1, ""bagging_seed"": 341, ""boosting_type"": ""gbdt"", ""data_random_seed"": 341, ""deterministic"": true, ""feature_fraction"": 0.644242276656743, ""feature_fraction_seed"": 341, ""force_col_wise"": true, ""lambda_l1"": 1.2387313725596395e-06, ""lambda_l2"": 3.783377389813583e-08, ""learning_rate"": 0.032303190313329545, ""max_bin"": 127, ""max_depth"": 12, ""metric"": ""None"", ""min_data_in_leaf"": 124, ""min_gain_to_split"": 0.7675074159808983, ""num_leaves"": 52, ""objective"": ""binary"", ""scale_pos_weight"": 2.0, ""seed"": 341, ""verbosity"": -1}",1,0.2,128
300,128,10.289,0.5371847660676277,0.7749920763052771,0.5153188026480744,0.4671797734885947,0.5745181697807856,3.2478740863356426,0.2538319706653563,0.1999980360269546,0.6495684385299683,"{""bagging_fraction"": 0.9727951783507944, ""bagging_freq"": 1, ""bagging_seed"": 342, ""boosting_type"": ""gbdt"", ""data_random_seed"": 342, ""deterministic"": true, ""feature_fraction"": 0.8911162950660263, ""feature_fraction_seed"": 342, ""force_col_wise"": true, ""lambda_l1"": 0.008867756582137112, ""lambda_l2"": 7.67590746548991e-05, ""learning_rate"": 0.028002173787756893, ""max_bin"": 127, ""max_depth"": 6, ""metric"": ""None"", ""min_data_in_leaf"": 163, ""min_gain_to_split"": 0.7477897231466647, ""num_leaves"": 51, ""objective"": ""binary"", ""scale_pos_weight"": 1.0, ""seed"": 342, ""verbosity"": -1}",1,0.2,128
301,128,2.392,0.5370125709405771,0.7752632665966273,0.5156980627922512,0.4722867979933929,0.5678976018831837,3.2419895599949364,0.5764193017265211,0.1999980360269546,0.6483915448188782,"{""bagging_fraction"": 0.7366834024867743, ""bagging_freq"": 1, ""bagging_seed"": 343, ""boosting_type"": ""gbdt"", ""data_random_seed"": 343, ""deterministic"": true, ""feature_fraction"": 0.5969125973260005, ""feature_fraction_seed"": 343, ""force_col_wise"": true, ""lambda_l1"": 1.3023026676236685e-07, ""lambda_l2"": 4.942802549336241e-05, ""learning_rate"": 0.030718803159249804, ""max_bin"": 63, ""max_depth"": 8, ""metric"": ""None"", ""min_data_in_leaf"": 161, ""min_gain_to_split"": 0.5569337212134503, ""num_leaves"": 66, ""objective"": ""binary"", ""scale_pos_weight"": 4.0, ""seed"": 343, ""verbosity"": -1}",1,0.2,128
302,128,16.226,0.5356653076008098,0.7736222506228333,0.5154829003211102,0.4754369977632341,0.5628953950272179,3.238556596767862,0.244805760529443,0.1999980360269546,0.6477049589157104,"{""bagging_fraction"": 0.6033183635596607, ""bagging_freq"": 1, ""bagging_seed"": 344, ""boosting_type"": ""gbdt"", ""data_random_seed"": 344, ""deterministic"": true, ""feature_fraction"": 0.6622966791724242, ""feature_fraction_seed"": 344, ""force_col_wise"": true, ""lambda_l1"": 8.9360854207536e-07, ""lambda_l2"": 2.958912967471852e-06, ""learning_rate"": 0.011030641419770166, ""max_bin"": 63, ""max_depth"": 16, ""metric"": ""None"", ""min_data_in_leaf"": 54, ""min_gain_to_split"": 0.4013063353821963, ""num_leaves"": 87, ""objective"": ""binary"", ""scale_pos_weight"": 1.0, ""seed"": 344, ""verbosity"": -1}",1,0.2,128
303,128,71.864,0.5284912168617335,0.7720867215735594,0.5129189944134078,0.4620768293162426,0.5763326957971654,3.1860846225882518,0.4669090502832794,0.1999980360269546,0.6372106671333313,"{""bagging_fraction"": 0.6980836916805715, ""bagging_freq"": 1, ""bagging_seed"": 345, ""boosting_type"": ""gbdt"", ""data_random_seed"": 345, ""deterministic"": true, ""feature_fraction"": 0.7973530296682347, ""feature_fraction_seed"": 345, ""force_col_wise"": true, ""lambda_l1"": 0.0008621436311428344, ""lambda_l2"": 9.91767150872537e-07, ""learning_rate"": 0.010026845502203258, ""max_bin"": 63, ""max_depth"": 10, ""metric"": ""None"", ""min_data_in_leaf"": 71, ""min_gain_to_split"": 0.024229354087584865, ""num_leaves"": 24, ""objective"": ""binary"", ""scale_pos_weight"": 4.0, ""seed"": 345, ""verbosity"": -1}",1,0.2,128
304,128,35.007,0.5301287472370703,0.7718957345941644,0.5128171621474463,0.4612521548346654,0.5773625619145701,3.199325328400603,0.3626349753034763,0.1999980360269546,0.6398587822914124,"{""bagging_fraction"": 0.8246304782667329, ""bagging_freq"": 1, ""bagging_seed"": 346, ""boosting_type"": ""gbdt"", ""data_random_seed"": 346, ""deterministic"": true, ""feature_fraction"": 0.8279471080764982, ""feature_fraction_seed"": 346, ""force_col_wise"": true, ""lambda_l1"": 7.590734713748333, ""lambda_l2"": 6.250991717564022e-08, ""learning_rate"": 0.013408501181919422, ""max_bin"": 63, ""max_depth"": 6, ""metric"": ""None"", ""min_data_in_leaf"": 1867, ""min_gain_to_split"": 0.9745008925422891, ""num_leaves"": 21, ""objective"": ""binary"", ""scale_pos_weight"": 2.0, ""seed"": 346, ""verbosity"": -1}",1,0.2,128
305,128,72.645,0.5380291555996009,0.7754471431518474,0.5163868557652629,0.4634336503976298,0.5830023049384533,3.2468932822745,0.572165469899307,0.1999980360269546,0.6493722796440125,"{""bagging_fraction"": 0.6171524777981154, ""bagging_freq"": 1, ""bagging_seed"": 347, ""boosting_type"": ""gbdt"", ""data_random_seed"": 347, ""deterministic"": true, ""feature_fraction"": 0.9690594978157582, ""feature_fraction_seed"": 347, ""force_col_wise"": true, ""lambda_l1"": 9.410682031070355, ""lambda_l2"": 2.5830068019594123e-05, ""learning_rate"": 0.05404916003877529, ""max_bin"": 63, ""max_depth"": 6, ""metric"": ""None"", ""min_data_in_leaf"": 206, ""min_gain_to_split"": 0.6487749038885544, ""num_leaves"": 49, ""objective"": ""binary"", ""scale_pos_weight"": 4.0, ""seed"": 347, ""verbosity"": -1}",1,0.2,128
306,128,174.262,0.5352406664228229,0.7738583812199448,0.5145967342899554,0.4752606871338956,0.5610318277671522,3.227768050121442,0.4994550618707611,0.1999980360269546,0.6455472707748413,"{""bagging_fraction"": 0.7900243438739645, ""bagging_freq"": 1, ""bagging_seed"": 348, ""boosting_type"": ""gbdt"", ""data_random_seed"": 348, ""deterministic"": true, ""feature_fraction"": 0.6171328827488568, ""feature_fraction_seed"": 348, ""force_col_wise"": true, ""lambda_l1"": 0.011524535566005896, ""lambda_l2"": 0.00012771025336280142, ""learning_rate"": 0.011688104661928413, ""max_bin"": 127, ""max_depth"": 8, ""metric"": ""None"", ""min_data_in_leaf"": 672, ""min_gain_to_split"": 0.15498517810605672, ""num_leaves"": 205, ""objective"": ""binary"", ""scale_pos_weight"": 4.0, ""seed"": 348, ""verbosity"": -1}",1,0.2,128
307,128,8.195,0.5375591494512147,0.7751509849060323,0.5151800784760736,0.4657919771682258,0.5762836545534795,3.2517973025802136,0.4081469534570869,0.1999980360269546,0.6503530740737915,"{""bagging_fraction"": 0.553367348248045, ""bagging_freq"": 1, ""bagging_seed"": 349, ""boosting_type"": ""gbdt"", ""data_random_seed"": 349, ""deterministic"": true, ""feature_fraction"": 0.9997255164315371, ""feature_fraction_seed"": 349, ""force_col_wise"": true, ""lambda_l1"": 2.814564109563626e-07, ""lambda_l2"": 0.011676124255587367, ""learning_rate"": 0.10112159083899924, ""max_bin"": 63, ""max_depth"": 6, ""metric"": ""None"", ""min_data_in_leaf"": 683, ""min_gain_to_split"": 0.05999083458534826, ""num_leaves"": 17, ""objective"": ""binary"", ""scale_pos_weight"": 2.0, ""seed"": 349, ""verbosity"": -1}",1,0.2,128
308,128,2.338,0.5380478030525713,0.7750671271751582,0.5160167437761621,0.468458738349534,0.5743220048060419,3.249835694457928,0.5793517769823268,0.1999980360269546,0.6499607563018799,"{""bagging_fraction"": 0.6434367274422639, ""bagging_freq"": 1, ""bagging_seed"": 350, ""boosting_type"": ""gbdt"", ""data_random_seed"": 350, ""deterministic"": true, ""feature_fraction"": 0.8174324926062193, ""feature_fraction_seed"": 350, ""force_col_wise"": true, ""lambda_l1"": 0.0011700916826481546, ""lambda_l2"": 0.8652965143265551, ""learning_rate"": 0.06374506128488111, ""max_bin"": 63, ""max_depth"": 8, ""metric"": ""None"", ""min_data_in_leaf"": 655, ""min_gain_to_split"": 0.66683328569045, ""num_leaves"": 79, ""objective"": ""binary"", ""scale_pos_weight"": 4.0, ""seed"": 350, ""verbosity"": -1}",1,0.2,128
309,128,1.841,0.5344735067951849,0.7730367881207504,0.5145024444785478,0.4652287685354056,0.5754499534108185,3.216488952431376,0.2482749976752214,0.1999980360269546,0.6432914733886719,"{""bagging_fraction"": 0.993981662886234, ""bagging_freq"": 1, ""bagging_seed"": 351, ""boosting_type"": ""gbdt"", ""data_random_seed"": 351, ""deterministic"": true, ""feature_fraction"": 0.5550340388890946, ""feature_fraction_seed"": 351, ""force_col_wise"": true, ""lambda_l1"": 1.0054032138687717e-06, ""lambda_l2"": 0.21571655906953274, ""learning_rate"": 0.023889785614567838, ""max_bin"": 127, ""max_depth"": 8, ""metric"": ""None"", ""min_data_in_leaf"": 123, ""min_gain_to_split"": 0.1686448818049786, ""num_leaves"": 19, ""objective"": ""binary"", ""scale_pos_weight"": 1.0, ""seed"": 351, ""verbosity"": -1}",1,0.2,128
310,128,2.308,0.5352768808264509,0.7745104535936853,0.5150527068072182,0.4728726676235391,0.5654945809425727,3.23610473562808,0.5803809182091986,0.1999980360269546,0.6472145915031433,"{""bagging_fraction"": 0.6191100401264905, ""bagging_freq"": 1, ""bagging_seed"": 352, ""boosting_type"": ""gbdt"", ""data_random_seed"": 352, ""deterministic"": true, ""feature_fraction"": 0.9438825176428818, ""feature_fraction_seed"": 352, ""force_col_wise"": true, ""lambda_l1"": 0.09776830527386551, ""lambda_l2"": 2.145468881305186e-07, ""learning_rate"": 0.031040756644356165, ""max_bin"": 127, ""max_depth"": 10, ""metric"": ""None"", ""min_data_in_leaf"": 1711, ""min_gain_to_split"": 0.9133811065621014, ""num_leaves"": 38, ""objective"": ""binary"", ""scale_pos_weight"": 4.0, ""seed"": 352, ""verbosity"": -1}",1,0.2,128
311,128,2.019,0.5340025823155585,0.7738534283940408,0.5145052147307769,0.4723611908472074,0.5649060860183415,3.2091330709858803,0.4042808702209308,0.1999980360269546,0.6418203115463257,"{""bagging_fraction"": 0.9613090284765904, ""bagging_freq"": 1, ""bagging_seed"": 353, ""boosting_type"": ""gbdt"", ""data_random_seed"": 353, ""deterministic"": true, ""feature_fraction"": 0.6615761462473981, ""feature_fraction_seed"": 353, ""force_col_wise"": true, ""lambda_l1"": 0.1497475516431957, ""lambda_l2"": 5.347408594836933, ""learning_rate"": 0.024866511191089163, ""max_bin"": 127, ""max_depth"": 10, ""metric"": ""None"", ""min_data_in_leaf"": 52, ""min_gain_to_split"": 0.10076152112137304, ""num_leaves"": 23, ""objective"": ""binary"", ""scale_pos_weight"": 2.0, ""seed"": 353, ""verbosity"": -1}",1,0.2,128
312,128,24.96,0.536678447993638,0.7747110041116331,0.51600218459858,0.4652537031200756,0.5791770879309499,3.245912478213357,0.2467063810979154,0.1999980360269546,0.6491761207580566,"{""bagging_fraction"": 0.6324931728412931, ""bagging_freq"": 1, ""bagging_seed"": 354, ""boosting_type"": ""gbdt"", ""data_random_seed"": 354, ""deterministic"": true, ""feature_fraction"": 0.8082303859110689, ""feature_fraction_seed"": 354, ""force_col_wise"": true, ""lambda_l1"": 0.00016680187675421687, ""lambda_l2"": 0.007199633439047108, ""learning_rate"": 0.020064688637512824, ""max_bin"": 63, ""max_depth"": 8, ""metric"": ""None"", ""min_data_in_leaf"": 142, ""min_gain_to_split"": 0.12818207318280406, ""num_leaves"": 70, ""objective"": ""binary"", ""scale_pos_weight"": 1.0, ""seed"": 354, ""verbosity"": -1}",1,0.2,128
313,128,25.05,0.5384761661545121,0.775247411541199,0.5158497602557273,0.4712252098795474,0.5698102103869355,3.239047147811508,0.2593428621123776,0.1999980360269546,0.6478030681610107,"{""bagging_fraction"": 0.8722589234467771, ""bagging_freq"": 1, ""bagging_seed"": 355, ""boosting_type"": ""gbdt"", ""data_random_seed"": 355, ""deterministic"": true, ""feature_fraction"": 0.8695004235501456, ""feature_fraction_seed"": 355, ""force_col_wise"": true, ""lambda_l1"": 0.7514482433666996, ""lambda_l2"": 0.0033300358992917442, ""learning_rate"": 0.03933493152852126, ""max_bin"": 127, ""max_depth"": 16, ""metric"": ""None"", ""min_data_in_leaf"": 558, ""min_gain_to_split"": 0.2782171517213896, ""num_leaves"": 153, ""objective"": ""binary"", ""scale_pos_weight"": 1.0, ""seed"": 355, ""verbosity"": -1}",1,0.2,128
314,128,1.785,0.5368452949564064,0.775018725364595,0.5147286136995981,0.4681662984535047,0.5715756951596292,3.2395374008290045,0.2562894923172096,0.1999980360269546,0.6479011178016663,"{""bagging_fraction"": 0.6221521562242907, ""bagging_freq"": 1, ""bagging_seed"": 356, ""boosting_type"": ""gbdt"", ""data_random_seed"": 356, ""deterministic"": true, ""feature_fraction"": 0.7969994150529552, ""feature_fraction_seed"": 356, ""force_col_wise"": true, ""lambda_l1"": 0.003116490984604129, ""lambda_l2"": 0.13115540044428187, ""learning_rate"": 0.05164235684843144, ""max_bin"": 63, ""max_depth"": 12, ""metric"": ""None"", ""min_data_in_leaf"": 63, ""min_gain_to_split"": 0.8218807207718624, ""num_leaves"": 18, ""objective"": ""binary"", ""scale_pos_weight"": 1.0, ""seed"": 356, ""verbosity"": -1}",1,0.2,128
315,128,2.067,0.5377992342840299,0.7755879398920719,0.5160130647318003,0.4665451086094815,0.5772154381835123,3.2478740863356426,0.4058607021520072,0.1999980360269546,0.6495684385299683,"{""bagging_fraction"": 0.6445392057205901, ""bagging_freq"": 1, ""bagging_seed"": 357, ""boosting_type"": ""gbdt"", ""data_random_seed"": 357, ""deterministic"": true, ""feature_fraction"": 0.8448012511411442, ""feature_fraction_seed"": 357, ""force_col_wise"": true, ""lambda_l1"": 6.5041291498565545, ""lambda_l2"": 7.63340743927656e-08, ""learning_rate"": 0.04422019236732571, ""max_bin"": 127, ""max_depth"": 6, ""metric"": ""None"", ""min_data_in_leaf"": 286, ""min_gain_to_split"": 0.8292211412031192, ""num_leaves"": 74, ""objective"": ""binary"", ""scale_pos_weight"": 2.0, ""seed"": 357, ""verbosity"": -1}",1,0.2,128
316,128,3.119,0.5367380479505731,0.7745685548260977,0.5156561406616768,0.4701013445310292,0.570987200235398,3.243460617073576,0.2535194032735128,0.1999980360269546,0.6486857533454895,"{""bagging_fraction"": 0.5998376432783807, ""bagging_freq"": 1, ""bagging_seed"": 358, ""boosting_type"": ""gbdt"", ""data_random_seed"": 358, ""deterministic"": true, ""feature_fraction"": 0.8154933500093562, ""feature_fraction_seed"": 358, ""force_col_wise"": true, ""lambda_l1"": 5.1945755594912385e-08, ""lambda_l2"": 0.05721725266194791, ""learning_rate"": 0.019407586384432664, ""max_bin"": 63, ""max_depth"": -1, ""metric"": ""None"", ""min_data_in_leaf"": 870, ""min_gain_to_split"": 0.29293590650383716, ""num_leaves"": 124, ""objective"": ""binary"", ""scale_pos_weight"": 1.0, ""seed"": 358, ""verbosity"": -1}",1,0.2,128
317,128,19.495,0.5376415067613564,0.7746068516693096,0.5157147240608425,0.4662175549831583,0.5769702319650827,3.2567013228859274,0.4027729486052397,0.1999980360269546,0.6513338685035706,"{""bagging_fraction"": 0.9766664580316753, ""bagging_freq"": 1, ""bagging_seed"": 359, ""boosting_type"": ""gbdt"", ""data_random_seed"": 359, ""deterministic"": true, ""feature_fraction"": 0.869025033559728, ""feature_fraction_seed"": 359, ""force_col_wise"": true, ""lambda_l1"": 6.668658982721273e-08, ""lambda_l2"": 8.619136885177674e-06, ""learning_rate"": 0.07875305659437933, ""max_bin"": 63, ""max_depth"": 16, ""metric"": ""None"", ""min_data_in_leaf"": 140, ""min_gain_to_split"": 0.23467226546159414, ""num_leaves"": 108, ""objective"": ""binary"", ""scale_pos_weight"": 2.0, ""seed"": 359, ""verbosity"": -1}",1,0.2,128
318,128,2.184,0.5383362418997101,0.7754270468540608,0.5155578928915768,0.465993265993266,0.5769211907213967,3.260133988086852,0.4049151497453722,0.1999980360269546,0.6520203948020935,"{""bagging_fraction"": 0.6701201420219779, ""bagging_freq"": 1, ""bagging_seed"": 360, ""boosting_type"": ""gbdt"", ""data_random_seed"": 360, ""deterministic"": true, ""feature_fraction"": 0.6135801701891953, ""feature_fraction_seed"": 360, ""force_col_wise"": true, ""lambda_l1"": 0.5459120883610701, ""lambda_l2"": 0.002640904273686754, ""learning_rate"": 0.07465363287621114, ""max_bin"": 127, ""max_depth"": -1, ""metric"": ""None"", ""min_data_in_leaf"": 159, ""min_gain_to_split"": 0.3779886731972337, ""num_leaves"": 57, ""objective"": ""binary"", ""scale_pos_weight"": 2.0, ""seed"": 360, ""verbosity"": -1}",1,0.2,128
319,128,2.218,0.531548753944072,0.7725715856428992,0.513536081568076,0.4652227574949237,0.5730469324702074,3.216488952431376,0.358471786992431,0.1999980360269546,0.6432914733886719,"{""bagging_fraction"": 0.8677443620767421, ""bagging_freq"": 1, ""bagging_seed"": 361, ""boosting_type"": ""gbdt"", ""data_random_seed"": 361, ""deterministic"": true, ""feature_fraction"": 0.9934140529757, ""feature_fraction_seed"": 361, ""force_col_wise"": true, ""lambda_l1"": 0.003631394466775452, ""lambda_l2"": 1.1088292854932066e-08, ""learning_rate"": 0.011907149951118289, ""max_bin"": 127, ""max_depth"": 12, ""metric"": ""None"", ""min_data_in_leaf"": 117, ""min_gain_to_split"": 0.18431000208985737, ""num_leaves"": 31, ""objective"": ""binary"", ""scale_pos_weight"": 2.0, ""seed"": 361, ""verbosity"": -1}",1,0.2,128
320,128,3.801,0.5376204936987977,0.7749232880921022,0.5158245659609473,0.4617292562880285,0.5842773772742876,3.242970364056079,0.5567575832591928,0.1999980360269546,0.648587703704834,"{""bagging_fraction"": 0.9889319457217998, ""bagging_freq"": 1, ""bagging_seed"": 362, ""boosting_type"": ""gbdt"", ""data_random_seed"": 362, ""deterministic"": true, ""feature_fraction"": 0.8872817398922217, ""feature_fraction_seed"": 362, ""force_col_wise"": true, ""lambda_l1"": 0.00014087288938082398, ""lambda_l2"": 0.006063634160964266, ""learning_rate"": 0.027963052673616793, ""max_bin"": 127, ""max_depth"": 12, ""metric"": ""None"", ""min_data_in_leaf"": 260, ""min_gain_to_split"": 0.9186646150612952, ""num_leaves"": 206, ""objective"": ""binary"", ""scale_pos_weight"": 4.0, ""seed"": 362, ""verbosity"": -1}",1,0.2,128
321,128,1.743,0.5379886079897189,0.7755516184673132,0.5157269627655972,0.4779042517576163,0.5600510028934333,3.250816498519071,0.2666928476507219,0.1999980360269546,0.6501569151878357,"{""bagging_fraction"": 0.8265727986635918, ""bagging_freq"": 1, ""bagging_seed"": 363, ""boosting_type"": ""gbdt"", ""data_random_seed"": 363, ""deterministic"": true, ""feature_fraction"": 0.902277169775103, ""feature_fraction_seed"": 363, ""force_col_wise"": true, ""lambda_l1"": 0.0002882791529965496, ""lambda_l2"": 0.0035985198223629188, ""learning_rate"": 0.11032476547480152, ""max_bin"": 127, ""max_depth"": 6, ""metric"": ""None"", ""min_data_in_leaf"": 547, ""min_gain_to_split"": 0.15166370877944457, ""num_leaves"": 20, ""objective"": ""binary"", ""scale_pos_weight"": 1.0, ""seed"": 363, ""verbosity"": -1}",1,0.2,128
322,128,2.621,0.5372899338010901,0.7748544926638848,0.5162672556598564,0.4696592187751165,0.5731450149575793,3.25768212694707,0.2522748298224141,0.1999980360269546,0.6515300273895264,"{""bagging_fraction"": 0.7182648281319506, ""bagging_freq"": 1, ""bagging_seed"": 364, ""boosting_type"": ""gbdt"", ""data_random_seed"": 364, ""deterministic"": true, ""feature_fraction"": 0.947264199465061, ""feature_fraction_seed"": 364, ""force_col_wise"": true, ""lambda_l1"": 0.00010334404898848508, ""lambda_l2"": 4.8675417913739426e-05, ""learning_rate"": 0.020769510410851358, ""max_bin"": 63, ""max_depth"": 12, ""metric"": ""None"", ""min_data_in_leaf"": 123, ""min_gain_to_split"": 0.18194295527675264, ""num_leaves"": 82, ""objective"": ""binary"", ""scale_pos_weight"": 1.0, ""seed"": 364, ""verbosity"": -1}",1,0.2,128
323,128,1.853,0.534586568012634,0.7741943241108168,0.5146588606169782,0.4757899995836629,0.5604433328429209,3.222864029815728,0.4160344742632426,0.1999980360269546,0.6445664763450623,"{""bagging_fraction"": 0.8756017093413115, ""bagging_freq"": 1, ""bagging_seed"": 365, ""boosting_type"": ""gbdt"", ""data_random_seed"": 365, ""deterministic"": true, ""feature_fraction"": 0.9170936252179361, ""feature_fraction_seed"": 365, ""force_col_wise"": true, ""lambda_l1"": 0.6634784702666285, ""lambda_l2"": 1.4496570850385657, ""learning_rate"": 0.03368432448456826, ""max_bin"": 63, ""max_depth"": 12, ""metric"": ""None"", ""min_data_in_leaf"": 1751, ""min_gain_to_split"": 0.33748970638443865, ""num_leaves"": 16, ""objective"": ""binary"", ""scale_pos_weight"": 2.0, ""seed"": 365, ""verbosity"": -1}",1,0.2,128
324,128,2.031,0.5376354476503226,0.7754952680851627,0.5163499100206295,0.4672889771598808,0.5769211907213967,3.25228785362386,0.4051540836824165,0.1999980360269546,0.6504511833190918,"{""bagging_fraction"": 0.901413545963851, ""bagging_freq"": 1, ""bagging_seed"": 366, ""boosting_type"": ""gbdt"", ""data_random_seed"": 366, ""deterministic"": true, ""feature_fraction"": 0.8466913881624037, ""feature_fraction_seed"": 366, ""force_col_wise"": true, ""lambda_l1"": 0.07056296409583042, ""lambda_l2"": 7.0222840832167156e-06, ""learning_rate"": 0.05200122121168979, ""max_bin"": 63, ""max_depth"": 6, ""metric"": ""None"", ""min_data_in_leaf"": 76, ""min_gain_to_split"": 0.20525985046520223, ""num_leaves"": 32, ""objective"": ""binary"", ""scale_pos_weight"": 2.0, ""seed"": 366, ""verbosity"": -1}",1,0.2,128
325,128,2.621,0.5378272968874236,0.7753485237450786,0.5166736461616451,0.4692153722978383,0.5748124172429013,3.255229967781138,0.2558943918810566,0.1999980360269546,0.6510396003723145,"{""bagging_fraction"": 0.9326180733111908, ""bagging_freq"": 1, ""bagging_seed"": 367, ""boosting_type"": ""gbdt"", ""data_random_seed"": 367, ""deterministic"": true, ""feature_fraction"": 0.9622262490858224, ""feature_fraction_seed"": 367, ""force_col_wise"": true, ""lambda_l1"": 4.799885084524828, ""lambda_l2"": 0.00015470344131890147, ""learning_rate"": 0.04396453973866234, ""max_bin"": 63, ""max_depth"": 8, ""metric"": ""None"", ""min_data_in_leaf"": 1260, ""min_gain_to_split"": 0.04747349743309437, ""num_leaves"": 203, ""objective"": ""binary"", ""scale_pos_weight"": 1.0, ""seed"": 367, ""verbosity"": -1}",1,0.2,128
326,128,36.947,0.5345860208552746,0.774188463993345,0.5149885737330286,0.4740749907189704,0.563631013682507,3.219431364614804,0.4103870827315742,0.1999980360269546,0.6438799500465393,"{""bagging_fraction"": 0.9817206725418539, ""bagging_freq"": 1, ""bagging_seed"": 368, ""boosting_type"": ""gbdt"", ""data_random_seed"": 368, ""deterministic"": true, ""feature_fraction"": 0.6379388147847801, ""feature_fraction_seed"": 368, ""force_col_wise"": true, ""lambda_l1"": 0.07039625615125032, ""lambda_l2"": 0.005868282992533921, ""learning_rate"": 0.02877400792986208, ""max_bin"": 63, ""max_depth"": -1, ""metric"": ""None"", ""min_data_in_leaf"": 1683, ""min_gain_to_split"": 0.6760189600893783, ""num_leaves"": 31, ""objective"": ""binary"", ""scale_pos_weight"": 2.0, ""seed"": 368, ""verbosity"": -1}",1,0.2,128
327,128,22.273,0.5369197174552505,0.7752442297075499,0.5151893277673163,0.4793548931858482,0.5568142808101614,3.246403029257004,0.424366581768593,0.1999980360269546,0.6492742300033569,"{""bagging_fraction"": 0.664833930532094, ""bagging_freq"": 1, ""bagging_seed"": 369, ""boosting_type"": ""gbdt"", ""data_random_seed"": 369, ""deterministic"": true, ""feature_fraction"": 0.6858070029822672, ""feature_fraction_seed"": 369, ""force_col_wise"": true, ""lambda_l1"": 0.02514578417740946, ""lambda_l2"": 0.0080916755863477, ""learning_rate"": 0.05757808136396913, ""max_bin"": 63, ""max_depth"": 6, ""metric"": ""None"", ""min_data_in_leaf"": 1589, ""min_gain_to_split"": 0.45129891834330527, ""num_leaves"": 25, ""objective"": ""binary"", ""scale_pos_weight"": 2.0, ""seed"": 369, ""verbosity"": -1}",1,0.2,128
328,128,139.469,0.5352516506334088,0.7743583145063568,0.5156239393596561,0.4786590488993446,0.5587759305575989,3.232672070427156,0.5347934700954551,0.1999980360269546,0.6465280652046204,"{""bagging_fraction"": 0.6995697107662742, ""bagging_freq"": 1, ""bagging_seed"": 370, ""boosting_type"": ""gbdt"", ""data_random_seed"": 370, ""deterministic"": true, ""feature_fraction"": 0.6229809707247032, ""feature_fraction_seed"": 370, ""force_col_wise"": true, ""lambda_l1"": 9.577662799932261e-06, ""lambda_l2"": 0.0001223520091492089, ""learning_rate"": 0.015402045696775762, ""max_bin"": 63, ""max_depth"": 12, ""metric"": ""None"", ""min_data_in_leaf"": 137, ""min_gain_to_split"": 0.1904195046663495, ""num_leaves"": 101, ""objective"": ""binary"", ""scale_pos_weight"": 4.0, ""seed"": 370, ""verbosity"": -1}",1,0.2,128
329,128,37.96,0.5362191151928901,0.7748894369174468,0.5153562653562653,0.4662406223951097,0.5760384483350498,3.23071046230487,0.5768582272050772,0.1999980360269546,0.6461357474327087,"{""bagging_fraction"": 0.7420580297489703, ""bagging_freq"": 1, ""bagging_seed"": 371, ""boosting_type"": ""gbdt"", ""data_random_seed"": 371, ""deterministic"": true, ""feature_fraction"": 0.9747762066381684, ""feature_fraction_seed"": 371, ""force_col_wise"": true, ""lambda_l1"": 1.2880947743615687, ""lambda_l2"": 7.670952970060087e-08, ""learning_rate"": 0.043364465607510345, ""max_bin"": 63, ""max_depth"": 6, ""metric"": ""None"", ""min_data_in_leaf"": 635, ""min_gain_to_split"": 0.04295762737564457, ""num_leaves"": 22, ""objective"": ""binary"", ""scale_pos_weight"": 4.0, ""seed"": 371, ""verbosity"": -1}",1,0.2,128
330,128,2.807,0.5381624831570645,0.7750313501854654,0.5164153005464481,0.4658306715564493,0.5793242116620078,3.249835694457928,0.253839163720188,0.1999980360269546,0.6499607563018799,"{""bagging_fraction"": 0.6865019347069894, ""bagging_freq"": 1, ""bagging_seed"": 372, ""boosting_type"": ""gbdt"", ""data_random_seed"": 372, ""deterministic"": true, ""feature_fraction"": 0.7194424297584618, ""feature_fraction_seed"": 372, ""force_col_wise"": true, ""lambda_l1"": 3.607574363924811e-07, ""lambda_l2"": 9.207501450062887, ""learning_rate"": 0.07852913612472205, ""max_bin"": 63, ""max_depth"": 10, ""metric"": ""None"", ""min_data_in_leaf"": 878, ""min_gain_to_split"": 0.06366358931886362, ""num_leaves"": 163, ""objective"": ""binary"", ""scale_pos_weight"": 1.0, ""seed"": 372, ""verbosity"": -1}",1,0.2,128
331,128,3.011,0.5386747521417361,0.7751387752507203,0.5163359304377771,0.4600897549000805,0.5882497180128488,3.25228785362386,0.2468182907842265,0.1999980360269546,0.6504511833190918,"{""bagging_fraction"": 0.6327064314352487, ""bagging_freq"": 1, ""bagging_seed"": 373, ""boosting_type"": ""gbdt"", ""data_random_seed"": 373, ""deterministic"": true, ""feature_fraction"": 0.9362955182829322, ""feature_fraction_seed"": 373, ""force_col_wise"": true, ""lambda_l1"": 1.0172356019241776e-08, ""lambda_l2"": 0.0024364438177787774, ""learning_rate"": 0.05650720361454955, ""max_bin"": 127, ""max_depth"": 12, ""metric"": ""None"", ""min_data_in_leaf"": 691, ""min_gain_to_split"": 0.35385863932333395, ""num_leaves"": 120, ""objective"": ""binary"", ""scale_pos_weight"": 1.0, ""seed"": 373, ""verbosity"": -1}",1,0.2,128
332,128,2.078,0.534240566248547,0.7733656380237994,0.5143795141168745,0.4644847622435669,0.5762836545534795,3.2248256379380136,0.2447297289655844,0.1999980360269546,0.6449587941169739,"{""bagging_fraction"": 0.6904462372091633, ""bagging_freq"": 1, ""bagging_seed"": 374, ""boosting_type"": ""gbdt"", ""data_random_seed"": 374, ""deterministic"": true, ""feature_fraction"": 0.9622118146745999, ""feature_fraction_seed"": 374, ""force_col_wise"": true, ""lambda_l1"": 6.919524912446457, ""lambda_l2"": 4.7786263659262325, ""learning_rate"": 0.016554503564045496, ""max_bin"": 63, ""max_depth"": -1, ""metric"": ""None"", ""min_data_in_leaf"": 62, ""min_gain_to_split"": 0.1425712823271138, ""num_leaves"": 38, ""objective"": ""binary"", ""scale_pos_weight"": 1.0, ""seed"": 374, ""verbosity"": -1}",1,0.2,128
333,128,2.663,0.537779316720887,0.7750622696479379,0.515981937311847,0.4702440992535808,0.5715756951596292,3.249835694457928,0.5794202279738636,0.1999980360269546,0.6499607563018799,"{""bagging_fraction"": 0.5844873976528967, ""bagging_freq"": 1, ""bagging_seed"": 375, ""boosting_type"": ""gbdt"", ""data_random_seed"": 375, ""deterministic"": true, ""feature_fraction"": 0.6348520353855511, ""feature_fraction_seed"": 375, ""force_col_wise"": true, ""lambda_l1"": 0.002736578099000945, ""lambda_l2"": 7.573902021458876, ""learning_rate"": 0.050886359114464326, ""max_bin"": 63, ""max_depth"": 12, ""metric"": ""None"", ""min_data_in_leaf"": 71, ""min_gain_to_split"": 0.6719845376579414, ""num_leaves"": 106, ""objective"": ""binary"", ""scale_pos_weight"": 4.0, ""seed"": 375, ""verbosity"": -1}",1,0.2,128
334,128,2.25,0.5371414679801285,0.7742038521754118,0.5163326074396694,0.4720653366380886,0.5697611691432495,3.2410087559337937,0.5834649012417403,0.1999980360269546,0.6481953859329224,"{""bagging_fraction"": 0.5519636296816219, ""bagging_freq"": 1, ""bagging_seed"": 376, ""boosting_type"": ""gbdt"", ""data_random_seed"": 376, ""deterministic"": true, ""feature_fraction"": 0.7141052306704584, ""feature_fraction_seed"": 376, ""force_col_wise"": true, ""lambda_l1"": 0.000367373307305435, ""lambda_l2"": 2.711034272398028, ""learning_rate"": 0.14386722314856812, ""max_bin"": 63, ""max_depth"": 8, ""metric"": ""None"", ""min_data_in_leaf"": 1225, ""min_gain_to_split"": 0.2573306871949832, ""num_leaves"": 102, ""objective"": ""binary"", ""scale_pos_weight"": 4.0, ""seed"": 376, ""verbosity"": -1}",1,0.2,128
335,128,1.799,0.5311107181396898,0.7716941811853385,0.5127615340381297,0.4669862627402006,0.568486096807415,3.208152266924737,0.2473929732980857,0.1999980360269546,0.6416241526603699,"{""bagging_fraction"": 0.938833511833967, ""bagging_freq"": 1, ""bagging_seed"": 377, ""boosting_type"": ""gbdt"", ""data_random_seed"": 377, ""deterministic"": true, ""feature_fraction"": 0.87715490768261, ""feature_fraction_seed"": 377, ""force_col_wise"": true, ""lambda_l1"": 1.9484512903779706e-07, ""lambda_l2"": 3.934296715471654e-06, ""learning_rate"": 0.016009489319426907, ""max_bin"": 127, ""max_depth"": 8, ""metric"": ""None"", ""min_data_in_leaf"": 67, ""min_gain_to_split"": 0.19502946764482731, ""num_leaves"": 18, ""objective"": ""binary"", ""scale_pos_weight"": 1.0, ""seed"": 377, ""verbosity"": -1}",1,0.2,128
336,128,1.934,0.5382869655843882,0.775666801807415,0.5163302669348824,0.4788696964615127,0.5601490853808052,3.25228785362386,0.2659805698976155,0.1999980360269546,0.6504511833190918,"{""bagging_fraction"": 0.5923446879863011, ""bagging_freq"": 1, ""bagging_seed"": 378, ""boosting_type"": ""gbdt"", ""data_random_seed"": 378, ""deterministic"": true, ""feature_fraction"": 0.7997546106729574, ""feature_fraction_seed"": 378, ""force_col_wise"": true, ""lambda_l1"": 2.447560684808957e-07, ""lambda_l2"": 2.4330530367642402, ""learning_rate"": 0.044759558761185037, ""max_bin"": 127, ""max_depth"": 6, ""metric"": ""None"", ""min_data_in_leaf"": 209, ""min_gain_to_split"": 0.7615077478198968, ""num_leaves"": 109, ""objective"": ""binary"", ""scale_pos_weight"": 1.0, ""seed"": 378, ""verbosity"": -1}",1,0.2,128
337,128,3.048,0.5373562883603163,0.7734443403063319,0.5147769781025091,0.46465524050233,0.5770192732087686,3.242970364056079,0.4040042341008669,0.1999980360269546,0.648587703704834,"{""bagging_fraction"": 0.5516273101532234, ""bagging_freq"": 1, ""bagging_seed"": 379, ""boosting_type"": ""gbdt"", ""data_random_seed"": 379, ""deterministic"": true, ""feature_fraction"": 0.7375168463871085, ""feature_fraction_seed"": 379, ""force_col_wise"": true, ""lambda_l1"": 3.6571270033317323e-08, ""lambda_l2"": 9.669097316779066e-08, ""learning_rate"": 0.11970152130271006, ""max_bin"": 127, ""max_depth"": 16, ""metric"": ""None"", ""min_data_in_leaf"": 1535, ""min_gain_to_split"": 0.09535345318286026, ""num_leaves"": 94, ""objective"": ""binary"", ""scale_pos_weight"": 2.0, ""seed"": 379, ""verbosity"": -1}",1,0.2,128
338,128,2.788,0.537485883338516,0.7739672607174741,0.5158204725106835,0.470208299693202,0.5712324064538277,3.2449319721783647,0.5767808623672357,0.1999980360269546,0.6489800214767456,"{""bagging_fraction"": 0.7096608636119195, ""bagging_freq"": 1, ""bagging_seed"": 380, ""boosting_type"": ""gbdt"", ""data_random_seed"": 380, ""deterministic"": true, ""feature_fraction"": 0.8865557209666789, ""feature_fraction_seed"": 380, ""force_col_wise"": true, ""lambda_l1"": 1.3090014814092307e-08, ""lambda_l2"": 3.351950409250826e-06, ""learning_rate"": 0.06679723204377497, ""max_bin"": 127, ""max_depth"": 16, ""metric"": ""None"", ""min_data_in_leaf"": 86, ""min_gain_to_split"": 0.3306005541409779, ""num_leaves"": 141, ""objective"": ""binary"", ""scale_pos_weight"": 4.0, ""seed"": 380, ""verbosity"": -1}",1,0.2,128
339,128,16.637,0.538083915990108,0.775500440368603,0.5158237464727589,0.4627127224580396,0.5827080574763376,3.2527781066413564,0.4010418442696665,0.1999980360269546,0.6505492329597473,"{""bagging_fraction"": 0.9135252593678269, ""bagging_freq"": 1, ""bagging_seed"": 381, ""boosting_type"": ""gbdt"", ""data_random_seed"": 381, ""deterministic"": true, ""feature_fraction"": 0.6125522853305194, ""feature_fraction_seed"": 381, ""force_col_wise"": true, ""lambda_l1"": 0.012433221048245397, ""lambda_l2"": 5.66942713937481e-07, ""learning_rate"": 0.09012253322215494, ""max_bin"": 63, ""max_depth"": 6, ""metric"": ""None"", ""min_data_in_leaf"": 651, ""min_gain_to_split"": 0.6480939302815164, ""num_leaves"": 129, ""objective"": ""binary"", ""scale_pos_weight"": 2.0, ""seed"": 381, ""verbosity"": -1}",1,0.2,128
340,128,1.888,0.5347741692998745,0.7744245479933084,0.5141605239736188,0.4808348984121564,0.5524496101221127,3.213056287230452,0.592194626605265,0.1999980360269546,0.6426049470901489,"{""bagging_fraction"": 0.6096458414236433, ""bagging_freq"": 1, ""bagging_seed"": 382, ""boosting_type"": ""gbdt"", ""data_random_seed"": 382, ""deterministic"": true, ""feature_fraction"": 0.62391402426442, ""feature_fraction_seed"": 382, ""force_col_wise"": true, ""lambda_l1"": 3.8634430217360207, ""lambda_l2"": 3.6625386296786258e-06, ""learning_rate"": 0.03286364778564545, ""max_bin"": 127, ""max_depth"": -1, ""metric"": ""None"", ""min_data_in_leaf"": 72, ""min_gain_to_split"": 0.35520432359600773, ""num_leaves"": 21, ""objective"": ""binary"", ""scale_pos_weight"": 4.0, ""seed"": 382, ""verbosity"": -1}",1,0.2,128
341,128,1.773,0.5376205163320333,0.775241881511912,0.5153324833926055,0.4737231680236861,0.5649551272620273,3.243460617073576,0.5882727290374884,0.1999980360269546,0.6486857533454895,"{""bagging_fraction"": 0.6016756034943771, ""bagging_freq"": 1, ""bagging_seed"": 383, ""boosting_type"": ""gbdt"", ""data_random_seed"": 383, ""deterministic"": true, ""feature_fraction"": 0.684966207622553, ""feature_fraction_seed"": 383, ""force_col_wise"": true, ""lambda_l1"": 0.0010138321858138874, ""lambda_l2"": 1.2877540550250342e-05, ""learning_rate"": 0.1138739792425971, ""max_bin"": 127, ""max_depth"": 6, ""metric"": ""None"", ""min_data_in_leaf"": 1484, ""min_gain_to_split"": 0.8019068334907483, ""num_leaves"": 74, ""objective"": ""binary"", ""scale_pos_weight"": 4.0, ""seed"": 383, ""verbosity"": -1}",1,0.2,128
342,128,3.354,0.5384116953288668,0.775204264385809,0.5151468620440037,0.4660263533894269,0.575842283360306,3.254739714763642,0.2535149884440405,0.1999980360269546,0.6509415507316589,"{""bagging_fraction"": 0.5667896315813175, ""bagging_freq"": 1, ""bagging_seed"": 384, ""boosting_type"": ""gbdt"", ""data_random_seed"": 384, ""deterministic"": true, ""feature_fraction"": 0.7700389819049236, ""feature_fraction_seed"": 384, ""force_col_wise"": true, ""lambda_l1"": 0.17219099768493695, ""lambda_l2"": 8.183054764870648e-08, ""learning_rate"": 0.035957507146396055, ""max_bin"": 127, ""max_depth"": 10, ""metric"": ""None"", ""min_data_in_leaf"": 136, ""min_gain_to_split"": 0.30874848850300496, ""num_leaves"": 235, ""objective"": ""binary"", ""scale_pos_weight"": 1.0, ""seed"": 384, ""verbosity"": -1}",1,0.2,128
343,128,1.776,0.5284067899065984,0.7715309312335131,0.5126273135472565,0.4631887270424319,0.5738806336128685,3.179709545203899,0.481211332091251,0.1999980360269546,0.6359356641769409,"{""bagging_fraction"": 0.7646872898113195, ""bagging_freq"": 1, ""bagging_seed"": 385, ""boosting_type"": ""gbdt"", ""data_random_seed"": 385, ""deterministic"": true, ""feature_fraction"": 0.582299691877346, ""feature_fraction_seed"": 385, ""force_col_wise"": true, ""lambda_l1"": 1.1175338861348484e-05, ""lambda_l2"": 1.1290538905544436e-06, ""learning_rate"": 0.01123421340909314, ""max_bin"": 127, ""max_depth"": 10, ""metric"": ""None"", ""min_data_in_leaf"": 652, ""min_gain_to_split"": 0.18877889786366542, ""num_leaves"": 19, ""objective"": ""binary"", ""scale_pos_weight"": 4.0, ""seed"": 385, ""verbosity"": -1}",1,0.2,128
344,128,1.579,0.5381203284515127,0.7752997022595555,0.5157528285465622,0.4635300559270992,0.5812368201657594,3.2517973025802136,0.402362978158678,0.1999980360269546,0.6503530740737915,"{""bagging_fraction"": 0.8694668701641619, ""bagging_freq"": 1, ""bagging_seed"": 386, ""boosting_type"": ""gbdt"", ""data_random_seed"": 386, ""deterministic"": true, ""feature_fraction"": 0.8387471824134657, ""feature_fraction_seed"": 386, ""force_col_wise"": true, ""lambda_l1"": 0.02173051471146212, ""lambda_l2"": 0.23894611494813536, ""learning_rate"": 0.13155290900068156, ""max_bin"": 127, ""max_depth"": 16, ""metric"": ""None"", ""min_data_in_leaf"": 449, ""min_gain_to_split"": 0.48346865134769745, ""num_leaves"": 22, ""objective"": ""binary"", ""scale_pos_weight"": 2.0, ""seed"": 386, ""verbosity"": -1}",1,0.2,128
345,128,1.759,0.5335603577680358,0.7735890466975965,0.5138307552320291,0.4791887649030506,0.553871806189005,3.206190658802452,0.4118774234917686,0.1999980360269546,0.6412318348884583,"{""bagging_fraction"": 0.6740357729875157, ""bagging_freq"": 1, ""bagging_seed"": 387, ""boosting_type"": ""gbdt"", ""data_random_seed"": 387, ""deterministic"": true, ""feature_fraction"": 0.5651244861338129, ""feature_fraction_seed"": 387, ""force_col_wise"": true, ""lambda_l1"": 7.048046813409021e-08, ""lambda_l2"": 5.206482535043332e-07, ""learning_rate"": 0.02403533098325268, ""max_bin"": 63, ""max_depth"": 10, ""metric"": ""None"", ""min_data_in_leaf"": 580, ""min_gain_to_split"": 0.6387309128973808, ""num_leaves"": 20, ""objective"": ""binary"", ""scale_pos_weight"": 2.0, ""seed"": 387, ""verbosity"": -1}",1,0.2,128
346,128,1.879,0.53459727750427,0.7741528926323574,0.5143494257999777,0.4716201848368365,0.5655926634299446,3.2213929727370894,0.4098670072458316,0.1999980360269546,0.6442722678184509,"{""bagging_fraction"": 0.8105619736895733, ""bagging_freq"": 1, ""bagging_seed"": 388, ""boosting_type"": ""gbdt"", ""data_random_seed"": 388, ""deterministic"": true, ""feature_fraction"": 0.8742066187851774, ""feature_fraction_seed"": 388, ""force_col_wise"": true, ""lambda_l1"": 0.0002655167392929972, ""lambda_l2"": 0.00024145641085508127, ""learning_rate"": 0.0312751212988898, ""max_bin"": 63, ""max_depth"": -1, ""metric"": ""None"", ""min_data_in_leaf"": 184, ""min_gain_to_split"": 0.9662968872604188, ""num_leaves"": 19, ""objective"": ""binary"", ""scale_pos_weight"": 2.0, ""seed"": 388, ""verbosity"": -1}",1,0.2,128
347,128,15.017,0.5385500099067335,0.77563539051956,0.5158886012675177,0.4733221407804758,0.566867735765779,3.266018812453708,0.2601497116854171,0.1999980360269546,0.6531973481178284,"{""bagging_fraction"": 0.6936282872952984, ""bagging_freq"": 1, ""bagging_seed"": 389, ""boosting_type"": ""gbdt"", ""data_random_seed"": 389, ""deterministic"": true, ""feature_fraction"": 0.9741291684939131, ""feature_fraction_seed"": 389, ""force_col_wise"": true, ""lambda_l1"": 2.0111836832744168e-06, ""lambda_l2"": 9.878257172680547, ""learning_rate"": 0.0384143347855814, ""max_bin"": 63, ""max_depth"": 12, ""metric"": ""None"", ""min_data_in_leaf"": 55, ""min_gain_to_split"": 0.7186896715045245, ""num_leaves"": 58, ""objective"": ""binary"", ""scale_pos_weight"": 1.0, ""seed"": 389, ""verbosity"": -1}",1,0.2,128
348,128,72.447,0.5276501098356897,0.7709498789260288,0.5121032347464599,0.4584609420430316,0.5799617478299249,3.182651957387327,0.3545762891189811,0.1999980360269546,0.6365241408348083,"{""bagging_fraction"": 0.9716079430102051, ""bagging_freq"": 1, ""bagging_seed"": 390, ""boosting_type"": ""gbdt"", ""data_random_seed"": 390, ""deterministic"": true, ""feature_fraction"": 0.9700247605802188, ""feature_fraction_seed"": 390, ""force_col_wise"": true, ""lambda_l1"": 0.0008212712138014225, ""lambda_l2"": 0.003546095133742148, ""learning_rate"": 0.011824504981811047, ""max_bin"": 127, ""max_depth"": 8, ""metric"": ""None"", ""min_data_in_leaf"": 65, ""min_gain_to_split"": 0.2918944015252498, ""num_leaves"": 16, ""objective"": ""binary"", ""scale_pos_weight"": 2.0, ""seed"": 390, ""verbosity"": -1}",1,0.2,128
349,128,1.607,0.537573451032178,0.775353814475463,0.5155707803185337,0.4717687767148382,0.5683389730763572,3.2468932822745,0.4145243322291625,0.1999980360269546,0.6493722796440125,"{""bagging_fraction"": 0.555609546927047, ""bagging_freq"": 1, ""bagging_seed"": 391, ""boosting_type"": ""gbdt"", ""data_random_seed"": 391, ""deterministic"": true, ""feature_fraction"": 0.6900503991419007, ""feature_fraction_seed"": 391, ""force_col_wise"": true, ""lambda_l1"": 8.059730901405001e-05, ""lambda_l2"": 0.023395276952425794, ""learning_rate"": 0.07367510839640601, ""max_bin"": 127, ""max_depth"": -1, ""metric"": ""None"", ""min_data_in_leaf"": 69, ""min_gain_to_split"": 0.801348931421939, ""num_leaves"": 20, ""objective"": ""binary"", ""scale_pos_weight"": 2.0, ""seed"": 391, ""verbosity"": -1}",1,0.2,128
350,128,101.587,0.5386303534835383,0.7755091170582079,0.5157241162889741,0.4749401370654776,0.5641704673630523,3.262585849226633,0.4165706418752772,0.1999980360269546,0.6525107622146606,"{""bagging_fraction"": 0.9748655409972097, ""bagging_freq"": 1, ""bagging_seed"": 392, ""boosting_type"": ""gbdt"", ""data_random_seed"": 392, ""deterministic"": true, ""feature_fraction"": 0.6503662575992329, ""feature_fraction_seed"": 392, ""force_col_wise"": true, ""lambda_l1"": 2.9835812178706263e-06, ""lambda_l2"": 1.7211287440770654e-08, ""learning_rate"": 0.09908350198739678, ""max_bin"": 127, ""max_depth"": -1, ""metric"": ""None"", ""min_data_in_leaf"": 324, ""min_gain_to_split"": 0.24267404295502693, ""num_leaves"": 47, ""objective"": ""binary"", ""scale_pos_weight"": 2.0, ""seed"": 392, ""verbosity"": -1}",1,0.2,128
351,128,12.933,0.5365206078188973,0.7746007931381749,0.5150529600492243,0.4666135775433008,0.5747143347555294,3.242479813012433,0.2519001745941925,0.1999980360269546,0.6484895944595337,"{""bagging_fraction"": 0.784346773581626, ""bagging_freq"": 1, ""bagging_seed"": 393, ""boosting_type"": ""gbdt"", ""data_random_seed"": 393, ""deterministic"": true, ""feature_fraction"": 0.6815522021993646, ""feature_fraction_seed"": 393, ""force_col_wise"": true, ""lambda_l1"": 1.1514645798594468e-05, ""lambda_l2"": 0.2488613967838929, ""learning_rate"": 0.025895201298332574, ""max_bin"": 63, ""max_depth"": 8, ""metric"": ""None"", ""min_data_in_leaf"": 1300, ""min_gain_to_split"": 0.15760151328847838, ""num_leaves"": 66, ""objective"": ""binary"", ""scale_pos_weight"": 1.0, ""seed"": 393, ""verbosity"": -1}",1,0.2,128
352,128,26.82,0.538656876497834,0.775533566732135,0.5166244835269431,0.4621845486917479,0.5856014908538081,3.2517973025802136,0.2483724942433638,0.1999980360269546,0.6503530740737915,"{""bagging_fraction"": 0.7267195263524158, ""bagging_freq"": 1, ""bagging_seed"": 394, ""boosting_type"": ""gbdt"", ""data_random_seed"": 394, ""deterministic"": true, ""feature_fraction"": 0.8982323925935503, ""feature_fraction_seed"": 394, ""force_col_wise"": true, ""lambda_l1"": 1.976100519794428e-08, ""lambda_l2"": 1.1089035431167768e-07, ""learning_rate"": 0.03904526014063706, ""max_bin"": 127, ""max_depth"": 12, ""metric"": ""None"", ""min_data_in_leaf"": 440, ""min_gain_to_split"": 0.03872260122899618, ""num_leaves"": 101, ""objective"": ""binary"", ""scale_pos_weight"": 1.0, ""seed"": 394, ""verbosity"": -1}",1,0.2,128
353,128,2.069,0.5372270475331733,0.7752113901419488,0.5153926884729754,0.4650226869204971,0.5780000980824874,3.249835694457928,0.4028532245470312,0.1999980360269546,0.6499607563018799,"{""bagging_fraction"": 0.8550742608387731, ""bagging_freq"": 1, ""bagging_seed"": 395, ""boosting_type"": ""gbdt"", ""data_random_seed"": 395, ""deterministic"": true, ""feature_fraction"": 0.7662741168217545, ""feature_fraction_seed"": 395, ""force_col_wise"": true, ""lambda_l1"": 0.010061424486863346, ""lambda_l2"": 7.287479129140685e-06, ""learning_rate"": 0.038259829948030566, ""max_bin"": 63, ""max_depth"": 6, ""metric"": ""None"", ""min_data_in_leaf"": 395, ""min_gain_to_split"": 0.3462144553610915, ""num_leaves"": 41, ""objective"": ""binary"", ""scale_pos_weight"": 2.0, ""seed"": 395, ""verbosity"": -1}",1,0.2,128
354,128,2.11,0.5372190012150411,0.7753153056903839,0.5158519477716629,0.4606460067838421,0.5860919032906674,3.245912478213357,0.5695470283243587,0.1999980360269546,0.6491761207580566,"{""bagging_fraction"": 0.6107728621058987, ""bagging_freq"": 1, ""bagging_seed"": 396, ""boosting_type"": ""gbdt"", ""data_random_seed"": 396, ""deterministic"": true, ""feature_fraction"": 0.8413348702942314, ""feature_fraction_seed"": 396, ""force_col_wise"": true, ""lambda_l1"": 9.319163195328757e-05, ""lambda_l2"": 1.0823175692334845, ""learning_rate"": 0.05028738033267941, ""max_bin"": 63, ""max_depth"": 12, ""metric"": ""None"", ""min_data_in_leaf"": 647, ""min_gain_to_split"": 0.036305676104475215, ""num_leaves"": 37, ""objective"": ""binary"", ""scale_pos_weight"": 4.0, ""seed"": 396, ""verbosity"": -1}",1,0.2,128
355,128,2.602,0.534298492630782,0.7737922613699093,0.5139286185802932,0.4660945918978247,0.5727036437644059,3.213056287230452,0.5263961212544118,0.1999980360269546,0.6426049470901489,"{""bagging_fraction"": 0.9619286216903344, ""bagging_freq"": 1, ""bagging_seed"": 397, ""boosting_type"": ""gbdt"", ""data_random_seed"": 397, ""deterministic"": true, ""feature_fraction"": 0.5545582018036566, ""feature_fraction_seed"": 397, ""force_col_wise"": true, ""lambda_l1"": 0.00012425876875830176, ""lambda_l2"": 3.876274202179262, ""learning_rate"": 0.015556518299609048, ""max_bin"": 63, ""max_depth"": 16, ""metric"": ""None"", ""min_data_in_leaf"": 239, ""min_gain_to_split"": 0.28674390097921787, ""num_leaves"": 63, ""objective"": ""binary"", ""scale_pos_weight"": 4.0, ""seed"": 397, ""verbosity"": -1}",1,0.2,128
356,128,2.507,0.537905991158548,0.7746954893656995,0.5158682116914562,0.4612797216315484,0.5851110784169486,3.2532686576850027,0.3972799902646252,0.1999980360269546,0.6506473422050476,"{""bagging_fraction"": 0.9750383496336816, ""bagging_freq"": 1, ""bagging_seed"": 398, ""boosting_type"": ""gbdt"", ""data_random_seed"": 398, ""deterministic"": true, ""feature_fraction"": 0.797040129938257, ""feature_fraction_seed"": 398, ""force_col_wise"": true, ""lambda_l1"": 8.98356172826388e-05, ""lambda_l2"": 2.609893758368317e-06, ""learning_rate"": 0.12156661259394326, ""max_bin"": 63, ""max_depth"": 10, ""metric"": ""None"", ""min_data_in_leaf"": 626, ""min_gain_to_split"": 0.1382870014941071, ""num_leaves"": 73, ""objective"": ""binary"", ""scale_pos_weight"": 2.0, ""seed"": 398, ""verbosity"": -1}",1,0.2,128
357,128,1.596,0.5382710257239709,0.7753545639379806,0.516162897511045,0.4658323792980932,0.5786866754940906,3.249345441440432,0.2551811013213603,0.1999980360269546,0.6498627066612244,"{""bagging_fraction"": 0.5836516904023072, ""bagging_freq"": 1, ""bagging_seed"": 399, ""boosting_type"": ""gbdt"", ""data_random_seed"": 399, ""deterministic"": true, ""feature_fraction"": 0.96711866315185, ""feature_fraction_seed"": 399, ""force_col_wise"": true, ""lambda_l1"": 9.806869720681851e-08, ""lambda_l2"": 0.016889386957252898, ""learning_rate"": 0.1398433465039255, ""max_bin"": 127, ""max_depth"": 12, ""metric"": ""None"", ""min_data_in_leaf"": 768, ""min_gain_to_split"": 0.6479633758957883, ""num_leaves"": 16, ""objective"": ""binary"", ""scale_pos_weight"": 1.0, ""seed"": 399, ""verbosity"": -1}",1,0.2,128
358,128,2.266,0.5381944171248304,0.7750352174481321,0.5166444147752559,0.4728909527883009,0.569319797950076,3.257191575903424,0.5843467611502242,0.1999980360269546,0.6514319181442261,"{""bagging_fraction"": 0.7821545033099896, ""bagging_freq"": 1, ""bagging_seed"": 400, ""boosting_type"": ""gbdt"", ""data_random_seed"": 400, ""deterministic"": true, ""feature_fraction"": 0.9156284960725746, ""feature_fraction_seed"": 400, ""force_col_wise"": true, ""lambda_l1"": 1.842450275082779e-06, ""lambda_l2"": 0.0003579146995316038, ""learning_rate"": 0.09579819033444091, ""max_bin"": 127, ""max_depth"": 8, ""metric"": ""None"", ""min_data_in_leaf"": 1275, ""min_gain_to_split"": 0.10081137780178007, ""num_leaves"": 66, ""objective"": ""binary"", ""scale_pos_weight"": 4.0, ""seed"": 400, ""verbosity"": -1}",1,0.2,128
359,128,33.252,0.5339569045012251,0.7739499446159827,0.5150746436188124,0.4749523888382876,0.5626011475651023,3.222864029815728,0.5238024664019159,0.1999980360269546,0.6445664763450623,"{""bagging_fraction"": 0.6544362073014045, ""bagging_freq"": 1, ""bagging_seed"": 401, ""boosting_type"": ""gbdt"", ""data_random_seed"": 401, ""deterministic"": true, ""feature_fraction"": 0.6847806206235907, ""feature_fraction_seed"": 401, ""force_col_wise"": true, ""lambda_l1"": 0.003804379952042735, ""lambda_l2"": 0.1205259069489191, ""learning_rate"": 0.014373728469425614, ""max_bin"": 63, ""max_depth"": 10, ""metric"": ""None"", ""min_data_in_leaf"": 61, ""min_gain_to_split"": 0.05730295454052614, ""num_leaves"": 64, ""objective"": ""binary"", ""scale_pos_weight"": 4.0, ""seed"": 401, ""verbosity"": -1}",1,0.2,128
360,128,6.997,0.53822329121764,0.7755930430313569,0.5153264193897027,0.4851489435400069,0.5495071355009563,3.253758910702499,0.4329130456351702,0.1999980360269546,0.6507453918457031,"{""bagging_fraction"": 0.7878980883533997, ""bagging_freq"": 1, ""bagging_seed"": 402, ""boosting_type"": ""gbdt"", ""data_random_seed"": 402, ""deterministic"": true, ""feature_fraction"": 0.6193858969853342, ""feature_fraction_seed"": 402, ""force_col_wise"": true, ""lambda_l1"": 5.987383421825815e-08, ""lambda_l2"": 0.8058410717854017, ""learning_rate"": 0.10288246523277468, ""max_bin"": 127, ""max_depth"": 6, ""metric"": ""None"", ""min_data_in_leaf"": 221, ""min_gain_to_split"": 0.9242897594096086, ""num_leaves"": 40, ""objective"": ""binary"", ""scale_pos_weight"": 2.0, ""seed"": 402, ""verbosity"": -1}",1,0.2,128
361,128,2.699,0.5373092596185264,0.774939824367773,0.5151341838979322,0.4670708843591687,0.57422392231867,3.2395374008290045,0.2569002957381556,0.1999980360269546,0.6479011178016663,"{""bagging_fraction"": 0.5841767646573434, ""bagging_freq"": 1, ""bagging_seed"": 403, ""boosting_type"": ""gbdt"", ""data_random_seed"": 403, ""deterministic"": true, ""feature_fraction"": 0.6615557604240323, ""feature_fraction_seed"": 403, ""force_col_wise"": true, ""lambda_l1"": 0.0011414800153505163, ""lambda_l2"": 9.100607420403302e-06, ""learning_rate"": 0.04587587976056748, ""max_bin"": 63, ""max_depth"": 12, ""metric"": ""None"", ""min_data_in_leaf"": 1890, ""min_gain_to_split"": 0.32233877280804424, ""num_leaves"": 73, ""objective"": ""binary"", ""scale_pos_weight"": 1.0, ""seed"": 403, ""verbosity"": -1}",1,0.2,128
362,128,2.211,0.5376766052649298,0.7752181055425584,0.5151450511945392,0.4558495979463173,0.592173017507724,3.242970364056079,0.243086689664848,0.1999980360269546,0.648587703704834,"{""bagging_fraction"": 0.9455359925739057, ""bagging_freq"": 1, ""bagging_seed"": 404, ""boosting_type"": ""gbdt"", ""data_random_seed"": 404, ""deterministic"": true, ""feature_fraction"": 0.7139627094140251, ""feature_fraction_seed"": 404, ""force_col_wise"": true, ""lambda_l1"": 1.071611260120478e-05, ""lambda_l2"": 0.012932065364821194, ""learning_rate"": 0.050261096374045716, ""max_bin"": 63, ""max_depth"": 12, ""metric"": ""None"", ""min_data_in_leaf"": 58, ""min_gain_to_split"": 0.7565469634019073, ""num_leaves"": 32, ""objective"": ""binary"", ""scale_pos_weight"": 1.0, ""seed"": 404, ""verbosity"": -1}",1,0.2,128
363,128,1.865,0.5379249486162548,0.7753029267822048,0.5162656915427323,0.4733420557690735,0.567750478152126,3.254739714763642,0.5880298183842276,0.1999980360269546,0.6509415507316589,"{""bagging_fraction"": 0.5657908446652637, ""bagging_freq"": 1, ""bagging_seed"": 405, ""boosting_type"": ""gbdt"", ""data_random_seed"": 405, ""deterministic"": true, ""feature_fraction"": 0.5504466088227831, ""feature_fraction_seed"": 405, ""force_col_wise"": true, ""lambda_l1"": 8.275468634337372, ""lambda_l2"": 0.1097881106968902, ""learning_rate"": 0.09253893276068653, ""max_bin"": 63, ""max_depth"": 6, ""metric"": ""None"", ""min_data_in_leaf"": 393, ""min_gain_to_split"": 0.937565258772947, ""num_leaves"": 107, ""objective"": ""binary"", ""scale_pos_weight"": 4.0, ""seed"": 405, ""verbosity"": -1}",1,0.2,128
364,128,25.427,0.5291676453121349,0.7699186221092231,0.5111316845214477,0.4642242242242242,0.5685841792947869,3.1983445243394604,0.3452966549663082,0.1999980360269546,0.6396626234054565,"{""bagging_fraction"": 0.6796896855402539, ""bagging_freq"": 1, ""bagging_seed"": 406, ""boosting_type"": ""gbdt"", ""data_random_seed"": 406, ""deterministic"": true, ""feature_fraction"": 0.5530221028735234, ""feature_fraction_seed"": 406, ""force_col_wise"": true, ""lambda_l1"": 0.057798155902669, ""lambda_l2"": 0.13714724798418487, ""learning_rate"": 0.010569216979333862, ""max_bin"": 63, ""max_depth"": 6, ""metric"": ""None"", ""min_data_in_leaf"": 920, ""min_gain_to_split"": 0.619714601214624, ""num_leaves"": 141, ""objective"": ""binary"", ""scale_pos_weight"": 2.0, ""seed"": 406, ""verbosity"": -1}",1,0.2,128
365,128,2.192,0.536111185355896,0.7747101653629671,0.5147157990907311,0.4625097732603596,0.5802069540483547,3.2341431275057944,0.5522722494210993,0.1999980360269546,0.6468222737312317,"{""bagging_fraction"": 0.7985497376083148, ""bagging_freq"": 1, ""bagging_seed"": 407, ""boosting_type"": ""gbdt"", ""data_random_seed"": 407, ""deterministic"": true, ""feature_fraction"": 0.7512064976097267, ""feature_fraction_seed"": 407, ""force_col_wise"": true, ""lambda_l1"": 4.8475358744186077e-05, ""lambda_l2"": 0.000941985204224745, ""learning_rate"": 0.023174732545677763, ""max_bin"": 127, ""max_depth"": 6, ""metric"": ""None"", ""min_data_in_leaf"": 253, ""min_gain_to_split"": 0.4323354227675579, ""num_leaves"": 232, ""objective"": ""binary"", ""scale_pos_weight"": 4.0, ""seed"": 407, ""verbosity"": -1}",1,0.2,128
366,128,1.824,0.5378410226803314,0.7752797749140092,0.5159753300826041,0.4725144767963461,0.5682408905889853,3.2503262455015745,0.261298059595391,0.1999980360269546,0.6500588655471802,"{""bagging_fraction"": 0.9272456160831579, ""bagging_freq"": 1, ""bagging_seed"": 408, ""boosting_type"": ""gbdt"", ""data_random_seed"": 408, ""deterministic"": true, ""feature_fraction"": 0.8673580264563271, ""feature_fraction_seed"": 408, ""force_col_wise"": true, ""lambda_l1"": 0.0011663803073441751, ""lambda_l2"": 0.01994477752897676, ""learning_rate"": 0.11725380865193294, ""max_bin"": 127, ""max_depth"": 6, ""metric"": ""None"", ""min_data_in_leaf"": 255, ""min_gain_to_split"": 0.749729350721248, ""num_leaves"": 210, ""objective"": ""binary"", ""scale_pos_weight"": 1.0, ""seed"": 408, ""verbosity"": -1}",1,0.2,128
367,128,1.769,0.5375859595634399,0.7752758646617158,0.5157565552080827,0.4654246921376697,0.578294345544603,3.2483646373792894,0.5774786314521532,0.1999980360269546,0.6496665477752686,"{""bagging_fraction"": 0.5511150688856604, ""bagging_freq"": 1, ""bagging_seed"": 409, ""boosting_type"": ""gbdt"", ""data_random_seed"": 409, ""deterministic"": true, ""feature_fraction"": 0.8147208495722893, ""feature_fraction_seed"": 409, ""force_col_wise"": true, ""lambda_l1"": 0.5054318193082855, ""lambda_l2"": 0.003091865376821204, ""learning_rate"": 0.07542601323539061, ""max_bin"": 127, ""max_depth"": 12, ""metric"": ""None"", ""min_data_in_leaf"": 314, ""min_gain_to_split"": 0.12913633169820327, ""num_leaves"": 27, ""objective"": ""binary"", ""scale_pos_weight"": 4.0, ""seed"": 409, ""verbosity"": -1}",1,0.2,128
368,128,2.417,0.5380305213116106,0.7752501069607473,0.5158753474497751,0.4783738474434199,0.5597567554313178,3.2527781066413564,0.2669774599427372,0.1999980360269546,0.6505492329597473,"{""bagging_fraction"": 0.8067291188255161, ""bagging_freq"": 1, ""bagging_seed"": 410, ""boosting_type"": ""gbdt"", ""data_random_seed"": 410, ""deterministic"": true, ""feature_fraction"": 0.736312411959563, ""feature_fraction_seed"": 410, ""force_col_wise"": true, ""lambda_l1"": 1.013399611118832e-08, ""lambda_l2"": 0.006365873908224217, ""learning_rate"": 0.06971471085890027, ""max_bin"": 63, ""max_depth"": 8, ""metric"": ""None"", ""min_data_in_leaf"": 1168, ""min_gain_to_split"": 0.7181757921279367, ""num_leaves"": 129, ""objective"": ""binary"", ""scale_pos_weight"": 1.0, ""seed"": 410, ""verbosity"": -1}",1,0.2,128
369,128,26.604,0.5378053749031273,0.7752218973479077,0.5161290322580645,0.4773134452731136,0.5618164876661272,3.2517973025802136,0.5873048662361949,0.1999980360269546,0.6503530740737915,"{""bagging_fraction"": 0.9815830021359937, ""bagging_freq"": 1, ""bagging_seed"": 411, ""boosting_type"": ""gbdt"", ""data_random_seed"": 411, ""deterministic"": true, ""feature_fraction"": 0.6751333178740104, ""feature_fraction_seed"": 411, ""force_col_wise"": true, ""lambda_l1"": 0.023195553900599745, ""lambda_l2"": 7.7884378774846805, ""learning_rate"": 0.038370590637379416, ""max_bin"": 63, ""max_depth"": 10, ""metric"": ""None"", ""min_data_in_leaf"": 617, ""min_gain_to_split"": 0.9712613162688684, ""num_leaves"": 149, ""objective"": ""binary"", ""scale_pos_weight"": 4.0, ""seed"": 411, ""verbosity"": -1}",1,0.2,128
370,128,2.569,0.5381083319643124,0.7747916264972945,0.5164287788425026,0.4741980474198047,0.566916777009465,3.2567013228859274,0.5835593671737003,0.1999980360269546,0.6513338685035706,"{""bagging_fraction"": 0.7843857214175055, ""bagging_freq"": 1, ""bagging_seed"": 412, ""boosting_type"": ""gbdt"", ""data_random_seed"": 412, ""deterministic"": true, ""feature_fraction"": 0.8944194350774473, ""feature_fraction_seed"": 412, ""force_col_wise"": true, ""lambda_l1"": 0.6518567329348078, ""lambda_l2"": 9.702934344831827e-08, ""learning_rate"": 0.07733674103353107, ""max_bin"": 63, ""max_depth"": 16, ""metric"": ""None"", ""min_data_in_leaf"": 371, ""min_gain_to_split"": 0.3809403480486341, ""num_leaves"": 84, ""objective"": ""binary"", ""scale_pos_weight"": 4.0, ""seed"": 412, ""verbosity"": -1}",1,0.2,128
371,128,1.831,0.5357344267148303,0.7743780656846206,0.514903591013621,0.4688519308984013,0.570987200235398,3.227768050121442,0.255512630676009,0.1999980360269546,0.6455472707748413,"{""bagging_fraction"": 0.767972916640653, ""bagging_freq"": 1, ""bagging_seed"": 413, ""boosting_type"": ""gbdt"", ""data_random_seed"": 413, ""deterministic"": true, ""feature_fraction"": 0.9269277817849693, ""feature_fraction_seed"": 413, ""force_col_wise"": true, ""lambda_l1"": 2.7447439771611127e-08, ""lambda_l2"": 1.40741226305256e-08, ""learning_rate"": 0.0322443778371672, ""max_bin"": 63, ""max_depth"": 10, ""metric"": ""None"", ""min_data_in_leaf"": 88, ""min_gain_to_split"": 0.4734754019943266, ""num_leaves"": 20, ""objective"": ""binary"", ""scale_pos_weight"": 1.0, ""seed"": 413, ""verbosity"": -1}",1,0.2,128
372,128,2.902,0.5384974663475395,0.775178770033884,0.515915089444833,0.477692371960899,0.5607866215487225,3.2488548903967853,0.4194124024698703,0.1999980360269546,0.6497645974159241,"{""bagging_fraction"": 0.6866121932174742, ""bagging_freq"": 1, ""bagging_seed"": 414, ""boosting_type"": ""gbdt"", ""data_random_seed"": 414, ""deterministic"": true, ""feature_fraction"": 0.6195000895684237, ""feature_fraction_seed"": 414, ""force_col_wise"": true, ""lambda_l1"": 0.9980664284123572, ""lambda_l2"": 0.0007886473045893968, ""learning_rate"": 0.06749824198412085, ""max_bin"": 63, ""max_depth"": 10, ""metric"": ""None"", ""min_data_in_leaf"": 444, ""min_gain_to_split"": 0.8858886951442001, ""num_leaves"": 143, ""objective"": ""binary"", ""scale_pos_weight"": 2.0, ""seed"": 414, ""verbosity"": -1}",1,0.2,128
373,128,1.995,0.5361346728805363,0.7746881943566927,0.515177681833278,0.4696052312908694,0.5705458290422245,3.245422225195861,0.4008658589653729,0.1999980360269546,0.6490780711174011,"{""bagging_fraction"": 0.6015003935370086, ""bagging_freq"": 1, ""bagging_seed"": 415, ""boosting_type"": ""gbdt"", ""data_random_seed"": 415, ""deterministic"": true, ""feature_fraction"": 0.9989415852326652, ""feature_fraction_seed"": 415, ""force_col_wise"": true, ""lambda_l1"": 0.46524886295955586, ""lambda_l2"": 0.5931142450811162, ""learning_rate"": 0.02444211287540651, ""max_bin"": 63, ""max_depth"": 6, ""metric"": ""None"", ""min_data_in_leaf"": 294, ""min_gain_to_split"": 0.5531986315377874, ""num_leaves"": 57, ""objective"": ""binary"", ""scale_pos_weight"": 2.0, ""seed"": 415, ""verbosity"": -1}",1,0.2,128
374,128,2.142,0.5378833454930609,0.7754358458987579,0.5160207506866036,0.4644328481186487,0.5805012015104704,3.2478740863356426,0.2503230056433322,0.1999980360269546,0.6495684385299683,"{""bagging_fraction"": 0.8302111049602197, ""bagging_freq"": 1, ""bagging_seed"": 416, ""boosting_type"": ""gbdt"", ""data_random_seed"": 416, ""deterministic"": true, ""feature_fraction"": 0.9666289804948527, ""feature_fraction_seed"": 416, ""force_col_wise"": true, ""lambda_l1"": 0.000425474952069285, ""lambda_l2"": 0.02509713725417005, ""learning_rate"": 0.04079972940384753, ""max_bin"": 127, ""max_depth"": -1, ""metric"": ""None"", ""min_data_in_leaf"": 314, ""min_gain_to_split"": 0.5039329644302343, ""num_leaves"": 34, ""objective"": ""binary"", ""scale_pos_weight"": 1.0, ""seed"": 416, ""verbosity"": -1}",1,0.2,128
375,128,3.615,0.5368173454232705,0.7744487538589315,0.5155173559577343,0.4701034259857789,0.5706439115295964,3.246403029257004,0.2525194484773452,0.1999980360269546,0.6492742300033569,"{""bagging_fraction"": 0.7673085245669821, ""bagging_freq"": 1, ""bagging_seed"": 417, ""boosting_type"": ""gbdt"", ""data_random_seed"": 417, ""deterministic"": true, ""feature_fraction"": 0.9373300128391913, ""feature_fraction_seed"": 417, ""force_col_wise"": true, ""lambda_l1"": 0.34262097295786204, ""lambda_l2"": 5.767223102063694e-06, ""learning_rate"": 0.016478788599475436, ""max_bin"": 127, ""max_depth"": 16, ""metric"": ""None"", ""min_data_in_leaf"": 1000, ""min_gain_to_split"": 0.7619481785641752, ""num_leaves"": 236, ""objective"": ""binary"", ""scale_pos_weight"": 1.0, ""seed"": 417, ""verbosity"": -1}",1,0.2,128
376,128,2.016,0.5360405369734441,0.7746577877634765,0.5155054191550542,0.4695193198759015,0.5714776126722574,3.2405182048901477,0.3982547293250726,0.1999980360269546,0.6480972766876221,"{""bagging_fraction"": 0.6655041514639755, ""bagging_freq"": 1, ""bagging_seed"": 418, ""boosting_type"": ""gbdt"", ""data_random_seed"": 418, ""deterministic"": true, ""feature_fraction"": 0.9190471351526641, ""feature_fraction_seed"": 418, ""force_col_wise"": true, ""lambda_l1"": 0.050995346775211496, ""lambda_l2"": 4.606898267683112e-08, ""learning_rate"": 0.022967888673142117, ""max_bin"": 63, ""max_depth"": 6, ""metric"": ""None"", ""min_data_in_leaf"": 208, ""min_gain_to_split"": 0.7657391075150608, ""num_leaves"": 53, ""objective"": ""binary"", ""scale_pos_weight"": 2.0, ""seed"": 418, ""verbosity"": -1}",1,0.2,128
377,128,25.107,0.5360381260236651,0.774566244208805,0.5160847217298831,0.470680945645585,0.5711833652101417,3.245912478213357,0.5753222580328698,0.1999980360269546,0.6491761207580566,"{""bagging_fraction"": 0.725700929678632, ""bagging_freq"": 1, ""bagging_seed"": 419, ""boosting_type"": ""gbdt"", ""data_random_seed"": 419, ""deterministic"": true, ""feature_fraction"": 0.9103208380995371, ""feature_fraction_seed"": 419, ""force_col_wise"": true, ""lambda_l1"": 0.00022799306054377373, ""lambda_l2"": 0.10332797138641646, ""learning_rate"": 0.02967798552284125, ""max_bin"": 63, ""max_depth"": 12, ""metric"": ""None"", ""min_data_in_leaf"": 1462, ""min_gain_to_split"": 0.29259458984912357, ""num_leaves"": 116, ""objective"": ""binary"", ""scale_pos_weight"": 4.0, ""seed"": 419, ""verbosity"": -1}",1,0.2,128
378,128,2.746,0.5369624629437992,0.7750264096852587,0.5168198447398947,0.4740352743790154,0.5680937668579276,3.242970364056079,0.5659512844692869,0.1999980360269546,0.648587703704834,"{""bagging_fraction"": 0.9412557054556101, ""bagging_freq"": 1, ""bagging_seed"": 420, ""boosting_type"": ""gbdt"", ""data_random_seed"": 420, ""deterministic"": true, ""feature_fraction"": 0.9989539513164201, ""feature_fraction_seed"": 420, ""force_col_wise"": true, ""lambda_l1"": 0.8823228594683094, ""lambda_l2"": 3.643506330688132, ""learning_rate"": 0.02431317091763893, ""max_bin"": 63, ""max_depth"": 8, ""metric"": ""None"", ""min_data_in_leaf"": 59, ""min_gain_to_split"": 0.43831630941448785, ""num_leaves"": 147, ""objective"": ""binary"", ""scale_pos_weight"": 4.0, ""seed"": 420, ""verbosity"": -1}",1,0.2,128
379,128,9.923,0.5348090765183371,0.7734954946555279,0.51474649287529,0.4683605371070193,0.5713304889411995,3.2253161889816604,0.246525042795215,0.1999980360269546,0.6450569033622742,"{""bagging_fraction"": 0.5518014230992506, ""bagging_freq"": 1, ""bagging_seed"": 421, ""boosting_type"": ""gbdt"", ""data_random_seed"": 421, ""deterministic"": true, ""feature_fraction"": 0.970997885532694, ""feature_fraction_seed"": 421, ""force_col_wise"": true, ""lambda_l1"": 1.944332966120292e-07, ""lambda_l2"": 1.6530373929508449e-06, ""learning_rate"": 0.01422070934720444, ""max_bin"": 63, ""max_depth"": 6, ""metric"": ""None"", ""min_data_in_leaf"": 113, ""min_gain_to_split"": 0.19895671159319506, ""num_leaves"": 62, ""objective"": ""binary"", ""scale_pos_weight"": 1.0, ""seed"": 421, ""verbosity"": -1}",1,0.2,128
380,128,2.209,0.5386056221655379,0.7755949691470211,0.5164700742682394,0.4656347236992398,0.5797655828551812,3.2562107718422806,0.2530388892235976,0.1999980360269546,0.6512357592582703,"{""bagging_fraction"": 0.8625397560788717, ""bagging_freq"": 1, ""bagging_seed"": 422, ""boosting_type"": ""gbdt"", ""data_random_seed"": 422, ""deterministic"": true, ""feature_fraction"": 0.8211505444865659, ""feature_fraction_seed"": 422, ""force_col_wise"": true, ""lambda_l1"": 1.94773417286385e-05, ""lambda_l2"": 2.7393416996665e-07, ""learning_rate"": 0.05909787346663131, ""max_bin"": 127, ""max_depth"": 10, ""metric"": ""None"", ""min_data_in_leaf"": 1334, ""min_gain_to_split"": 0.3205840624499061, ""num_leaves"": 38, ""objective"": ""binary"", ""scale_pos_weight"": 1.0, ""seed"": 422, ""verbosity"": -1}",1,0.2,128
381,128,2.049,0.5383718408385341,0.7756601621647493,0.5157406581646303,0.4728343076734393,0.5672110244715806,3.2611147921479944,0.4141667980633556,0.1999980360269546,0.6522165536880493,"{""bagging_fraction"": 0.850799606817598, ""bagging_freq"": 1, ""bagging_seed"": 423, ""boosting_type"": ""gbdt"", ""data_random_seed"": 423, ""deterministic"": true, ""feature_fraction"": 0.9259808668439475, ""feature_fraction_seed"": 423, ""force_col_wise"": true, ""lambda_l1"": 0.0011114132411160023, ""lambda_l2"": 0.9256906768000583, ""learning_rate"": 0.05386503346977426, ""max_bin"": 127, ""max_depth"": 16, ""metric"": ""None"", ""min_data_in_leaf"": 264, ""min_gain_to_split"": 0.6724395722167903, ""num_leaves"": 33, ""objective"": ""binary"", ""scale_pos_weight"": 2.0, ""seed"": 423, ""verbosity"": -1}",1,0.2,128
382,128,1.816,0.5323752967832729,0.7721178373453073,0.5138272147724775,0.4656360811187697,0.5731450149575793,3.2052098547413093,0.2455849021588447,0.1999980360269546,0.6410356760025024,"{""bagging_fraction"": 0.815059369409598, ""bagging_freq"": 1, ""bagging_seed"": 424, ""boosting_type"": ""gbdt"", ""data_random_seed"": 424, ""deterministic"": true, ""feature_fraction"": 0.7370575341158931, ""feature_fraction_seed"": 424, ""force_col_wise"": true, ""lambda_l1"": 3.6000426808812784e-08, ""lambda_l2"": 0.250694880453519, ""learning_rate"": 0.016718012569491437, ""max_bin"": 127, ""max_depth"": 12, ""metric"": ""None"", ""min_data_in_leaf"": 455, ""min_gain_to_split"": 0.21664553556433597, ""num_leaves"": 20, ""objective"": ""binary"", ""scale_pos_weight"": 1.0, ""seed"": 424, ""verbosity"": -1}",1,0.2,128
383,128,17.207,0.5376185344903736,0.7753409551657182,0.5160226823157061,0.4675588481300036,0.5756951596292482,3.254249163719995,0.4060193368594709,0.1999980360269546,0.6508434414863586,"{""bagging_fraction"": 0.629407063661188, ""bagging_freq"": 1, ""bagging_seed"": 425, ""boosting_type"": ""gbdt"", ""data_random_seed"": 425, ""deterministic"": true, ""feature_fraction"": 0.9171250098969725, ""feature_fraction_seed"": 425, ""force_col_wise"": true, ""lambda_l1"": 2.925809466607977e-08, ""lambda_l2"": 0.06351840403072313, ""learning_rate"": 0.04250869927205632, ""max_bin"": 63, ""max_depth"": 12, ""metric"": ""None"", ""min_data_in_leaf"": 56, ""min_gain_to_split"": 0.3500432223729788, ""num_leaves"": 33, ""objective"": ""binary"", ""scale_pos_weight"": 2.0, ""seed"": 425, ""verbosity"": -1}",1,0.2,128
384,128,3.449,0.5365121954969465,0.7748390675047263,0.5159428133315294,0.477562095595909,0.5610318277671522,3.245422225195861,0.5571781653803554,0.1999980360269546,0.6490780711174011,"{""bagging_fraction"": 0.6414173088253287, ""bagging_freq"": 1, ""bagging_seed"": 426, ""boosting_type"": ""gbdt"", ""data_random_seed"": 426, ""deterministic"": true, ""feature_fraction"": 0.6891623768512702, ""feature_fraction_seed"": 426, ""force_col_wise"": true, ""lambda_l1"": 7.225983860939845e-06, ""lambda_l2"": 5.577325687358586e-08, ""learning_rate"": 0.01952423515609694, ""max_bin"": 63, ""max_depth"": 12, ""metric"": ""None"", ""min_data_in_leaf"": 109, ""min_gain_to_split"": 0.15853002911945835, ""num_leaves"": 171, ""objective"": ""binary"", ""scale_pos_weight"": 4.0, ""seed"": 426, ""verbosity"": -1}",1,0.2,128
385,128,14.795,0.5375311599180725,0.7752539531795404,0.515757385574035,0.4749618131527887,0.5642195086067383,3.2473838333181466,0.2638096567519279,0.1999980360269546,0.6494703888893127,"{""bagging_fraction"": 0.9505066033719647, ""bagging_freq"": 1, ""bagging_seed"": 427, ""boosting_type"": ""gbdt"", ""data_random_seed"": 427, ""deterministic"": true, ""feature_fraction"": 0.9587555539937183, ""feature_fraction_seed"": 427, ""force_col_wise"": true, ""lambda_l1"": 0.013033393263776017, ""lambda_l2"": 1.4596945511375563e-06, ""learning_rate"": 0.10822641719497153, ""max_bin"": 63, ""max_depth"": 8, ""metric"": ""None"", ""min_data_in_leaf"": 110, ""min_gain_to_split"": 0.41981056105578574, ""num_leaves"": 18, ""objective"": ""binary"", ""scale_pos_weight"": 1.0, ""seed"": 427, ""verbosity"": -1}",1,0.2,128
386,128,2.246,0.5344057538023548,0.7739878476381361,0.5140084793915818,0.4635944337130918,0.576725025746653,3.227768050121442,0.3687331423949768,0.1999980360269546,0.6455472707748413,"{""bagging_fraction"": 0.6833146309206874, ""bagging_freq"": 1, ""bagging_seed"": 428, ""boosting_type"": ""gbdt"", ""data_random_seed"": 428, ""deterministic"": true, ""feature_fraction"": 0.8248710477096863, ""feature_fraction_seed"": 428, ""force_col_wise"": true, ""lambda_l1"": 1.2961484649439628e-05, ""lambda_l2"": 0.13063583477617818, ""learning_rate"": 0.014165497167751501, ""max_bin"": 127, ""max_depth"": -1, ""metric"": ""None"", ""min_data_in_leaf"": 189, ""min_gain_to_split"": 0.878314730893858, ""num_leaves"": 44, ""objective"": ""binary"", ""scale_pos_weight"": 2.0, ""seed"": 428, ""verbosity"": -1}",1,0.2,128
387,128,1.905,0.5384165429172074,0.7755637391371037,0.5157910953628101,0.4678591391839016,0.5746652935118435,3.2557205188247846,0.2554893598748184,0.1999980360269546,0.6511377096176147,"{""bagging_fraction"": 0.6269515674562677, ""bagging_freq"": 1, ""bagging_seed"": 429, ""boosting_type"": ""gbdt"", ""data_random_seed"": 429, ""deterministic"": true, ""feature_fraction"": 0.8820357316121836, ""feature_fraction_seed"": 429, ""force_col_wise"": true, ""lambda_l1"": 6.782857821525679e-05, ""lambda_l2"": 0.00024177391356033573, ""learning_rate"": 0.04700615608948624, ""max_bin"": 127, ""max_depth"": 6, ""metric"": ""None"", ""min_data_in_leaf"": 61, ""min_gain_to_split"": 0.18447158417910592, ""num_leaves"": 33, ""objective"": ""binary"", ""scale_pos_weight"": 1.0, ""seed"": 429, ""verbosity"": -1}",1,0.2,128
388,128,3.586,0.5378165382227806,0.7752686865965195,0.5163023843930635,0.4784282545926266,0.5606885390613506,3.24149900895129,0.5742369869917677,0.1999980360269546,0.6482934355735779,"{""bagging_fraction"": 0.8201229766259868, ""bagging_freq"": 1, ""bagging_seed"": 430, ""boosting_type"": ""gbdt"", ""data_random_seed"": 430, ""deterministic"": true, ""feature_fraction"": 0.5675098693483968, ""feature_fraction_seed"": 430, ""force_col_wise"": true, ""lambda_l1"": 6.765793966493422e-08, ""lambda_l2"": 0.0007636540149557814, ""learning_rate"": 0.025662269680485437, ""max_bin"": 127, ""max_depth"": 10, ""metric"": ""None"", ""min_data_in_leaf"": 204, ""min_gain_to_split"": 0.7519505082717429, ""num_leaves"": 223, ""objective"": ""binary"", ""scale_pos_weight"": 4.0, ""seed"": 430, ""verbosity"": -1}",1,0.2,128
389,128,1.832,0.5331346062730772,0.7728928495302361,0.5138576110950077,0.4711341892223403,0.5651022509930852,3.2135465402479477,0.2546898361347907,0.1999980360269546,0.6427029967308044,"{""bagging_fraction"": 0.9475053718163355, ""bagging_freq"": 1, ""bagging_seed"": 431, ""boosting_type"": ""gbdt"", ""data_random_seed"": 431, ""deterministic"": true, ""feature_fraction"": 0.7435119563404846, ""feature_fraction_seed"": 431, ""force_col_wise"": true, ""lambda_l1"": 1.572407147016829e-06, ""lambda_l2"": 0.0014672345734921778, ""learning_rate"": 0.02249755084031924, ""max_bin"": 127, ""max_depth"": 8, ""metric"": ""None"", ""min_data_in_leaf"": 55, ""min_gain_to_split"": 0.6843058196797618, ""num_leaves"": 17, ""objective"": ""binary"", ""scale_pos_weight"": 1.0, ""seed"": 431, ""verbosity"": -1}",1,0.2,128
390,128,2.092,0.5324918954380691,0.773564317140154,0.5137776212694779,0.4660411259732481,0.5724093963022903,3.2213929727370894,0.5208516006390028,0.1999980360269546,0.6442722678184509,"{""bagging_fraction"": 0.9404190395079366, ""bagging_freq"": 1, ""bagging_seed"": 432, ""boosting_type"": ""gbdt"", ""data_random_seed"": 432, ""deterministic"": true, ""feature_fraction"": 0.8803877806982103, ""feature_fraction_seed"": 432, ""force_col_wise"": true, ""lambda_l1"": 0.06688835099596001, ""lambda_l2"": 8.515788483381604, ""learning_rate"": 0.01513770416989153, ""max_bin"": 127, ""max_depth"": 6, ""metric"": ""None"", ""min_data_in_leaf"": 253, ""min_gain_to_split"": 0.7543610687316497, ""num_leaves"": 38, ""objective"": ""binary"", ""scale_pos_weight"": 4.0, ""seed"": 432, ""verbosity"": -1}",1,0.2,128
391,128,3.355,0.5368241535281141,0.773571225543145,0.515983452425724,0.4700145091084959,0.5719189838654308,3.235123931566937,0.4090796087625407,0.1999980360269546,0.6470184326171875,"{""bagging_fraction"": 0.7638433203368317, ""bagging_freq"": 1, ""bagging_seed"": 433, ""boosting_type"": ""gbdt"", ""data_random_seed"": 433, ""deterministic"": true, ""feature_fraction"": 0.9706074525403345, ""feature_fraction_seed"": 433, ""force_col_wise"": true, ""lambda_l1"": 0.005553710216269792, ""lambda_l2"": 0.00043098037445837725, ""learning_rate"": 0.09526619039151703, ""max_bin"": 63, ""max_depth"": 16, ""metric"": ""None"", ""min_data_in_leaf"": 963, ""min_gain_to_split"": 0.851036987192073, ""num_leaves"": 119, ""objective"": ""binary"", ""scale_pos_weight"": 2.0, ""seed"": 433, ""verbosity"": -1}",1,0.2,128
392,128,29.378,0.5373375115139776,0.7741298631192541,0.5150299253547331,0.474318744838976,0.5633858074640773,3.2444414211347183,0.4135722173551009,0.1999980360269546,0.6488819122314453,"{""bagging_fraction"": 0.8906137739413689, ""bagging_freq"": 1, ""bagging_seed"": 434, ""boosting_type"": ""gbdt"", ""data_random_seed"": 434, ""deterministic"": true, ""feature_fraction"": 0.8693287794486606, ""feature_fraction_seed"": 434, ""force_col_wise"": true, ""lambda_l1"": 2.6699703296352193, ""lambda_l2"": 1.4525188010463523, ""learning_rate"": 0.09206053413848518, ""max_bin"": 127, ""max_depth"": 16, ""metric"": ""None"", ""min_data_in_leaf"": 125, ""min_gain_to_split"": 0.5735258617084483, ""num_leaves"": 144, ""objective"": ""binary"", ""scale_pos_weight"": 2.0, ""seed"": 434, ""verbosity"": -1}",1,0.2,128
393,128,31.176,0.5370177328074277,0.7748728874141984,0.5156746428492079,0.4714030384271671,0.5691236329753323,3.245912478213357,0.5306280140066176,0.1999980360269546,0.6491761207580566,"{""bagging_fraction"": 0.9081077521623906, ""bagging_freq"": 1, ""bagging_seed"": 435, ""boosting_type"": ""gbdt"", ""data_random_seed"": 435, ""deterministic"": true, ""feature_fraction"": 0.8761312983030815, ""feature_fraction_seed"": 435, ""force_col_wise"": true, ""lambda_l1"": 9.35275464605854e-05, ""lambda_l2"": 7.956892309627359e-07, ""learning_rate"": 0.015730761675210776, ""max_bin"": 63, ""max_depth"": 10, ""metric"": ""None"", ""min_data_in_leaf"": 128, ""min_gain_to_split"": 0.18896038421968675, ""num_leaves"": 238, ""objective"": ""binary"", ""scale_pos_weight"": 4.0, ""seed"": 435, ""verbosity"": -1}",1,0.2,128
394,128,20.559,0.5358239121931972,0.7748944029709284,0.5152135172595869,0.4672013406751257,0.57422392231867,3.222373776798232,0.5774719424608579,0.1999980360269546,0.6444684267044067,"{""bagging_fraction"": 0.6893073037134889, ""bagging_freq"": 1, ""bagging_seed"": 436, ""boosting_type"": ""gbdt"", ""data_random_seed"": 436, ""deterministic"": true, ""feature_fraction"": 0.9443776378378956, ""feature_fraction_seed"": 436, ""force_col_wise"": true, ""lambda_l1"": 6.345085386404245e-07, ""lambda_l2"": 5.8039811328313244e-08, ""learning_rate"": 0.03987459082648598, ""max_bin"": 127, ""max_depth"": -1, ""metric"": ""None"", ""min_data_in_leaf"": 126, ""min_gain_to_split"": 0.5115311366376475, ""num_leaves"": 19, ""objective"": ""binary"", ""scale_pos_weight"": 4.0, ""seed"": 436, ""verbosity"": -1}",1,0.2,128
395,128,30.828,0.5379973511271244,0.7754616910821142,0.5156518353981085,0.4836755735028782,0.5521553626599971,3.2562107718422806,0.2726879649174812,0.1999980360269546,0.6512357592582703,"{""bagging_fraction"": 0.675166035461487, ""bagging_freq"": 1, ""bagging_seed"": 437, ""boosting_type"": ""gbdt"", ""data_random_seed"": 437, ""deterministic"": true, ""feature_fraction"": 0.6677447120348249, ""feature_fraction_seed"": 437, ""force_col_wise"": true, ""lambda_l1"": 2.2419768116260137, ""lambda_l2"": 3.0599013046542824e-07, ""learning_rate"": 0.07649123027072022, ""max_bin"": 63, ""max_depth"": 8, ""metric"": ""None"", ""min_data_in_leaf"": 178, ""min_gain_to_split"": 0.9881764245571502, ""num_leaves"": 56, ""objective"": ""binary"", ""scale_pos_weight"": 1.0, ""seed"": 437, ""verbosity"": -1}",1,0.2,128
396,128,1.898,0.5323189838529957,0.7727257362238922,0.5134240690819033,0.464138532255508,0.5744200872934138,3.210113875047023,0.3607000954371483,0.1999980360269546,0.6420164704322815,"{""bagging_fraction"": 0.7016439784900604, ""bagging_freq"": 1, ""bagging_seed"": 438, ""boosting_type"": ""gbdt"", ""data_random_seed"": 438, ""deterministic"": true, ""feature_fraction"": 0.7806488106434974, ""feature_fraction_seed"": 438, ""force_col_wise"": true, ""lambda_l1"": 0.00908754222239761, ""lambda_l2"": 0.004740440867699399, ""learning_rate"": 0.012704424108358236, ""max_bin"": 63, ""max_depth"": 12, ""metric"": ""None"", ""min_data_in_leaf"": 922, ""min_gain_to_split"": 0.9398720892275902, ""num_leaves"": 30, ""objective"": ""binary"", ""scale_pos_weight"": 2.0, ""seed"": 438, ""verbosity"": -1}",1,0.2,128
397,128,3.106,0.5386724750160476,0.7752028225798586,0.5160966483378585,0.4825497056062804,0.55465646608798,3.2488548903967853,0.2706597519531613,0.1999980360269546,0.6497645974159241,"{""bagging_fraction"": 0.8670062296150376, ""bagging_freq"": 1, ""bagging_seed"": 439, ""boosting_type"": ""gbdt"", ""data_random_seed"": 439, ""deterministic"": true, ""feature_fraction"": 0.7710865897149549, ""feature_fraction_seed"": 439, ""force_col_wise"": true, ""lambda_l1"": 5.06210406687716e-08, ""lambda_l2"": 0.06640331308948734, ""learning_rate"": 0.0631751437420831, ""max_bin"": 127, ""max_depth"": 16, ""metric"": ""None"", ""min_data_in_leaf"": 930, ""min_gain_to_split"": 0.9618330071923676, ""num_leaves"": 152, ""objective"": ""binary"", ""scale_pos_weight"": 1.0, ""seed"": 439, ""verbosity"": -1}",1,0.2,128
398,128,1.853,0.5379588008343104,0.7751795501603312,0.5175724678997423,0.4837568212824011,0.5564709921043598,3.253758910702499,0.2713349566455693,0.1999980360269546,0.6507453918457031,"{""bagging_fraction"": 0.9821017020353355, ""bagging_freq"": 1, ""bagging_seed"": 440, ""boosting_type"": ""gbdt"", ""data_random_seed"": 440, ""deterministic"": true, ""feature_fraction"": 0.9675362014583448, ""feature_fraction_seed"": 440, ""force_col_wise"": true, ""lambda_l1"": 1.4156029505556927e-07, ""lambda_l2"": 1.3836875394610584e-05, ""learning_rate"": 0.09623841589650929, ""max_bin"": 63, ""max_depth"": 8, ""metric"": ""None"", ""min_data_in_leaf"": 347, ""min_gain_to_split"": 0.6981446411508566, ""num_leaves"": 211, ""objective"": ""binary"", ""scale_pos_weight"": 1.0, ""seed"": 440, ""verbosity"": -1}",1,0.2,128
399,128,1.727,0.5332100691329814,0.7730404395334016,0.5136236480979757,0.4662108125399872,0.571771860134373,3.211585230151812,0.2511605005986609,0.1999980360269546,0.6423107385635376,"{""bagging_fraction"": 0.8438905298368822, ""bagging_freq"": 1, ""bagging_seed"": 441, ""boosting_type"": ""gbdt"", ""data_random_seed"": 441, ""deterministic"": true, ""feature_fraction"": 0.8030482724879847, ""feature_fraction_seed"": 441, ""force_col_wise"": true, ""lambda_l1"": 0.006921599714773795, ""lambda_l2"": 0.101214850275188, ""learning_rate"": 0.024096829098883766, ""max_bin"": 63, ""max_depth"": 6, ""metric"": ""None"", ""min_data_in_leaf"": 88, ""min_gain_to_split"": 0.41528141373879146, ""num_leaves"": 16, ""objective"": ""binary"", ""scale_pos_weight"": 1.0, ""seed"": 441, ""verbosity"": -1}",1,0.2,128
400,128,1.857,0.5284429125084364,0.7691996798216759,0.5090660572795421,0.4508928571428571,0.5844735422490315,3.195402112156032,0.2268405463849853,0.1999980360269546,0.6390741467475891,"{""bagging_fraction"": 0.6208514238993362, ""bagging_freq"": 1, ""bagging_seed"": 442, ""boosting_type"": ""gbdt"", ""data_random_seed"": 442, ""deterministic"": true, ""feature_fraction"": 0.559065012173471, ""feature_fraction_seed"": 442, ""force_col_wise"": true, ""lambda_l1"": 0.009883163546105439, ""lambda_l2"": 0.004637337967293572, ""learning_rate"": 0.010430961083927609, ""max_bin"": 63, ""max_depth"": -1, ""metric"": ""None"", ""min_data_in_leaf"": 96, ""min_gain_to_split"": 0.9356836393980424, ""num_leaves"": 27, ""objective"": ""binary"", ""scale_pos_weight"": 1.0, ""seed"": 442, ""verbosity"": -1}",1,0.2,128
401,128,1.855,0.5361808240245961,0.7749448352146421,0.5147451878804213,0.4748466766119675,0.561963611397185,3.2321815193835093,0.5900459850178612,0.1999980360269546,0.6464299559593201,"{""bagging_fraction"": 0.7438982038348838, ""bagging_freq"": 1, ""bagging_seed"": 443, ""boosting_type"": ""gbdt"", ""data_random_seed"": 443, ""deterministic"": true, ""feature_fraction"": 0.5777177774113814, ""feature_fraction_seed"": 443, ""force_col_wise"": true, ""lambda_l1"": 3.253326573225789e-05, ""lambda_l2"": 7.084745993276273e-05, ""learning_rate"": 0.04652999504577838, ""max_bin"": 63, ""max_depth"": 12, ""metric"": ""None"", ""min_data_in_leaf"": 401, ""min_gain_to_split"": 0.2798259183947872, ""num_leaves"": 22, ""objective"": ""binary"", ""scale_pos_weight"": 4.0, ""seed"": 443, ""verbosity"": -1}",1,0.2,128
402,128,2.419,0.5378561517244486,0.7747211171959071,0.5149581613052789,0.4683157979278772,0.5719189838654308,3.2517973025802136,0.5791056211503846,0.1999980360269546,0.6503530740737915,"{""bagging_fraction"": 0.8753202994113646, ""bagging_freq"": 1, ""bagging_seed"": 444, ""boosting_type"": ""gbdt"", ""data_random_seed"": 444, ""deterministic"": true, ""feature_fraction"": 0.5639878810036137, ""feature_fraction_seed"": 444, ""force_col_wise"": true, ""lambda_l1"": 0.0008032420876261682, ""lambda_l2"": 2.7331876896110848e-06, ""learning_rate"": 0.0975051236401326, ""max_bin"": 127, ""max_depth"": 8, ""metric"": ""None"", ""min_data_in_leaf"": 364, ""min_gain_to_split"": 0.32784203885344165, ""num_leaves"": 132, ""objective"": ""binary"", ""scale_pos_weight"": 4.0, ""seed"": 444, ""verbosity"": -1}",1,0.2,128
403,128,2.404,0.5388715870468068,0.7758047645391543,0.5168689215939409,0.4604562008817328,0.5890343779118239,3.2517973025802136,0.2466844731536029,0.1999980360269546,0.6503530740737915,"{""bagging_fraction"": 0.7615820229413574, ""bagging_freq"": 1, ""bagging_seed"": 445, ""boosting_type"": ""gbdt"", ""data_random_seed"": 445, ""deterministic"": true, ""feature_fraction"": 0.7361840462435456, ""feature_fraction_seed"": 445, ""force_col_wise"": true, ""lambda_l1"": 4.0999948421254145e-06, ""lambda_l2"": 9.092424537634974e-05, ""learning_rate"": 0.05423841365573405, ""max_bin"": 127, ""max_depth"": 16, ""metric"": ""None"", ""min_data_in_leaf"": 494, ""min_gain_to_split"": 0.6855922324379105, ""num_leaves"": 58, ""objective"": ""binary"", ""scale_pos_weight"": 1.0, ""seed"": 445, ""verbosity"": -1}",1,0.2,128
404,128,2.053,0.5384171666952164,0.7754054381030346,0.5156914094363113,0.458560794044665,0.5890834191555098,3.2557205188247846,0.3955519392030654,0.1999980360269546,0.6511377096176147,"{""bagging_fraction"": 0.8236580123151114, ""bagging_freq"": 1, ""bagging_seed"": 446, ""boosting_type"": ""gbdt"", ""data_random_seed"": 446, ""deterministic"": true, ""feature_fraction"": 0.8436826221135874, ""feature_fraction_seed"": 446, ""force_col_wise"": true, ""lambda_l1"": 4.2846617512379845, ""lambda_l2"": 0.00037592175908937755, ""learning_rate"": 0.08610428890025643, ""max_bin"": 127, ""max_depth"": 8, ""metric"": ""None"", ""min_data_in_leaf"": 535, ""min_gain_to_split"": 0.7323191155153514, ""num_leaves"": 33, ""objective"": ""binary"", ""scale_pos_weight"": 2.0, ""seed"": 446, ""verbosity"": -1}",1,0.2,128
405,128,8.97,0.533369014543638,0.773737939316522,0.5145628917584,0.4691816786493255,0.5696630866558776,3.207171462863595,0.5453286926365586,0.1999980360269546,0.6414279937744141,"{""bagging_fraction"": 0.7150343945184818, ""bagging_freq"": 1, ""bagging_seed"": 447, ""boosting_type"": ""gbdt"", ""data_random_seed"": 447, ""deterministic"": true, ""feature_fraction"": 0.6749640687084442, ""feature_fraction_seed"": 447, ""force_col_wise"": true, ""lambda_l1"": 3.301000007786612e-05, ""lambda_l2"": 0.0027213289916848864, ""learning_rate"": 0.01896148000577198, ""max_bin"": 63, ""max_depth"": 12, ""metric"": ""None"", ""min_data_in_leaf"": 239, ""min_gain_to_split"": 0.21989004273506163, ""num_leaves"": 33, ""objective"": ""binary"", ""scale_pos_weight"": 4.0, ""seed"": 447, ""verbosity"": -1}",1,0.2,128
406,128,2.857,0.5379797530345825,0.7753264634526558,0.5159539545673393,0.4658736118246848,0.5780981805698593,3.258172379964566,0.2517696668617778,0.1999980360269546,0.6516280770301819,"{""bagging_fraction"": 0.8541594963170042, ""bagging_freq"": 1, ""bagging_seed"": 448, ""boosting_type"": ""gbdt"", ""data_random_seed"": 448, ""deterministic"": true, ""feature_fraction"": 0.5626987894797978, ""feature_fraction_seed"": 448, ""force_col_wise"": true, ""lambda_l1"": 1.2399115140894616e-05, ""lambda_l2"": 3.493617279538498, ""learning_rate"": 0.032702630298740216, ""max_bin"": 63, ""max_depth"": 8, ""metric"": ""None"", ""min_data_in_leaf"": 283, ""min_gain_to_split"": 0.3241242146014194, ""num_leaves"": 111, ""objective"": ""binary"", ""scale_pos_weight"": 1.0, ""seed"": 448, ""verbosity"": -1}",1,0.2,128
407,128,2.63,0.5369866101531977,0.7748942917390265,0.5155324951772766,0.470495386109762,0.5701044578490511,3.237575792706719,0.3935634977824685,0.1999980360269546,0.6475088000297546,"{""bagging_fraction"": 0.641660207086081, ""bagging_freq"": 1, ""bagging_seed"": 449, ""boosting_type"": ""gbdt"", ""data_random_seed"": 449, ""deterministic"": true, ""feature_fraction"": 0.7167827176775348, ""feature_fraction_seed"": 449, ""force_col_wise"": true, ""lambda_l1"": 1.0085376038416479e-07, ""lambda_l2"": 1.1992568440109184e-07, ""learning_rate"": 0.02007757597409797, ""max_bin"": 127, ""max_depth"": 10, ""metric"": ""None"", ""min_data_in_leaf"": 280, ""min_gain_to_split"": 0.9990400175055532, ""num_leaves"": 87, ""objective"": ""binary"", ""scale_pos_weight"": 2.0, ""seed"": 449, ""verbosity"": -1}",1,0.2,128
408,128,3.663,0.5370343878028176,0.7743509229961594,0.5159274058530705,0.4734901253790051,0.5667206120347212,3.2473838333181466,0.2437285870817715,0.1999980360269546,0.6494703888893127,"{""bagging_fraction"": 0.9615696599672927, ""bagging_freq"": 1, ""bagging_seed"": 450, ""boosting_type"": ""gbdt"", ""data_random_seed"": 450, ""deterministic"": true, ""feature_fraction"": 0.8728649136867952, ""feature_fraction_seed"": 450, ""force_col_wise"": true, ""lambda_l1"": 0.026060132702948827, ""lambda_l2"": 0.00014880988946662995, ""learning_rate"": 0.010052394238196016, ""max_bin"": 63, ""max_depth"": -1, ""metric"": ""None"", ""min_data_in_leaf"": 234, ""min_gain_to_split"": 0.9744420389841034, ""num_leaves"": 223, ""objective"": ""binary"", ""scale_pos_weight"": 1.0, ""seed"": 450, ""verbosity"": -1}",1,0.2,128
409,128,7.198,0.5358474804285213,0.7724664501510639,0.5145859757202391,0.4780943562981356,0.557108528272277,3.240027951872651,0.5911634612358108,0.1999980360269546,0.6479992270469666,"{""bagging_fraction"": 0.6141061325279215, ""bagging_freq"": 1, ""bagging_seed"": 451, ""boosting_type"": ""gbdt"", ""data_random_seed"": 451, ""deterministic"": true, ""feature_fraction"": 0.6646475908438916, ""feature_fraction_seed"": 451, ""force_col_wise"": true, ""lambda_l1"": 0.009329052011183801, ""lambda_l2"": 0.0004392734367337929, ""learning_rate"": 0.14476890617664112, ""max_bin"": 127, ""max_depth"": -1, ""metric"": ""None"", ""min_data_in_leaf"": 1539, ""min_gain_to_split"": 0.5231679607443794, ""num_leaves"": 166, ""objective"": ""binary"", ""scale_pos_weight"": 4.0, ""seed"": 451, ""verbosity"": -1}",1,0.2,128
410,128,7.387,0.5378728227656319,0.7753758900998506,0.5169486032795385,0.4620018535681186,0.5867294394585847,3.2527781066413564,0.247611392040126,0.1999980360269546,0.6505492329597473,"{""bagging_fraction"": 0.6145075315942924, ""bagging_freq"": 1, ""bagging_seed"": 452, ""boosting_type"": ""gbdt"", ""data_random_seed"": 452, ""deterministic"": true, ""feature_fraction"": 0.6365413181240602, ""feature_fraction_seed"": 452, ""force_col_wise"": true, ""lambda_l1"": 0.19616524766025678, ""lambda_l2"": 0.02207299229800868, ""learning_rate"": 0.05361320056517582, ""max_bin"": 63, ""max_depth"": -1, ""metric"": ""None"", ""min_data_in_leaf"": 82, ""min_gain_to_split"": 0.5303450176108518, ""num_leaves"": 36, ""objective"": ""binary"", ""scale_pos_weight"": 1.0, ""seed"": 452, ""verbosity"": -1}",1,0.2,128
411,128,50.667,0.5381440452681087,0.7754873676138572,0.5158230653310877,0.4705454251405006,0.5707419940169682,3.258172379964566,0.4119797547600711,0.1999980360269546,0.6516280770301819,"{""bagging_fraction"": 0.9189483048188654, ""bagging_freq"": 1, ""bagging_seed"": 453, ""boosting_type"": ""gbdt"", ""data_random_seed"": 453, ""deterministic"": true, ""feature_fraction"": 0.7961573026928501, ""feature_fraction_seed"": 453, ""force_col_wise"": true, ""lambda_l1"": 0.0003997178849283611, ""lambda_l2"": 0.0001865394975708081, ""learning_rate"": 0.06112379233764897, ""max_bin"": 63, ""max_depth"": 8, ""metric"": ""None"", ""min_data_in_leaf"": 1291, ""min_gain_to_split"": 0.8654318556221002, ""num_leaves"": 150, ""objective"": ""binary"", ""scale_pos_weight"": 2.0, ""seed"": 453, ""verbosity"": -1}",1,0.2,128
412,128,6.506,0.5369994045578755,0.7748651808471544,0.5151427490598367,0.4715251751670197,0.567652395664754,3.2444414211347183,0.2573482161826805,0.1999980360269546,0.6488819122314453,"{""bagging_fraction"": 0.7437260395493068, ""bagging_freq"": 1, ""bagging_seed"": 454, ""boosting_type"": ""gbdt"", ""data_random_seed"": 454, ""deterministic"": true, ""feature_fraction"": 0.8472075153897056, ""feature_fraction_seed"": 454, ""force_col_wise"": true, ""lambda_l1"": 9.131363405290184e-07, ""lambda_l2"": 0.6332549040321381, ""learning_rate"": 0.029216584287177327, ""max_bin"": 127, ""max_depth"": 8, ""metric"": ""None"", ""min_data_in_leaf"": 373, ""min_gain_to_split"": 0.3460008672380144, ""num_leaves"": 36, ""objective"": ""binary"", ""scale_pos_weight"": 1.0, ""seed"": 454, ""verbosity"": -1}",1,0.2,128
413,128,51.679,0.5363703411876184,0.7747437378566142,0.5159858489529544,0.4674337128752289,0.5757932421166201,3.2483646373792894,0.3844591153196895,0.1999980360269546,0.6496665477752686,"{""bagging_fraction"": 0.6124831240378734, ""bagging_freq"": 1, ""bagging_seed"": 455, ""boosting_type"": ""gbdt"", ""data_random_seed"": 455, ""deterministic"": true, ""feature_fraction"": 0.9228915315671479, ""feature_fraction_seed"": 455, ""force_col_wise"": true, ""lambda_l1"": 1.5468013992121779, ""lambda_l2"": 0.0006065317637171711, ""learning_rate"": 0.017533412183014598, ""max_bin"": 63, ""max_depth"": 16, ""metric"": ""None"", ""min_data_in_leaf"": 362, ""min_gain_to_split"": 0.5861093839143664, ""num_leaves"": 73, ""objective"": ""binary"", ""scale_pos_weight"": 2.0, ""seed"": 455, ""verbosity"": -1}",1,0.2,128
414,128,2.417,0.5331415668485323,0.7739314518613446,0.5143380908733796,0.4633714757579332,0.5779020155951154,3.2243353849205176,0.4811562805174776,0.1999980360269546,0.6448607444763184,"{""bagging_fraction"": 0.7739637082633477, ""bagging_freq"": 1, ""bagging_seed"": 456, ""boosting_type"": ""gbdt"", ""data_random_seed"": 456, ""deterministic"": true, ""feature_fraction"": 0.8420957196342129, ""feature_fraction_seed"": 456, ""force_col_wise"": true, ""lambda_l1"": 6.901824534596094e-08, ""lambda_l2"": 4.5433006074442876e-08, ""learning_rate"": 0.011024745632632543, ""max_bin"": 63, ""max_depth"": -1, ""metric"": ""None"", ""min_data_in_leaf"": 177, ""min_gain_to_split"": 0.18565769561737033, ""num_leaves"": 61, ""objective"": ""binary"", ""scale_pos_weight"": 4.0, ""seed"": 456, ""verbosity"": -1}",1,0.2,128
415,128,49.951,0.5366880406772963,0.7751128007978563,0.5159640186409451,0.4623213175885643,0.5836888823500564,3.238556596767862,0.5711439297332933,0.1999980360269546,0.6477049589157104,"{""bagging_fraction"": 0.5910091504418722, ""bagging_freq"": 1, ""bagging_seed"": 457, ""boosting_type"": ""gbdt"", ""data_random_seed"": 457, ""deterministic"": true, ""feature_fraction"": 0.644392297276036, ""feature_fraction_seed"": 457, ""force_col_wise"": true, ""lambda_l1"": 0.7615775744244285, ""lambda_l2"": 4.54933779145402e-06, ""learning_rate"": 0.05192986614461256, ""max_bin"": 63, ""max_depth"": 6, ""metric"": ""None"", ""min_data_in_leaf"": 1293, ""min_gain_to_split"": 0.4254226298337358, ""num_leaves"": 25, ""objective"": ""binary"", ""scale_pos_weight"": 4.0, ""seed"": 457, ""verbosity"": -1}",1,0.2,128
416,128,20.982,0.5358387670915502,0.7736554776963307,0.5155024946543122,0.4722301571107937,0.5675052719336963,3.2218832257545853,0.4105663858366192,0.1999980360269546,0.6443703174591064,"{""bagging_fraction"": 0.9761123027907912, ""bagging_freq"": 1, ""bagging_seed"": 458, ""boosting_type"": ""gbdt"", ""data_random_seed"": 458, ""deterministic"": true, ""feature_fraction"": 0.995085070769016, ""feature_fraction_seed"": 458, ""force_col_wise"": true, ""lambda_l1"": 8.99544044616548e-08, ""lambda_l2"": 3.661893655035363e-05, ""learning_rate"": 0.12902218248786573, ""max_bin"": 63, ""max_depth"": -1, ""metric"": ""None"", ""min_data_in_leaf"": 446, ""min_gain_to_split"": 0.3155367459028393, ""num_leaves"": 114, ""objective"": ""binary"", ""scale_pos_weight"": 2.0, ""seed"": 458, ""verbosity"": -1}",1,0.2,128
417,128,1.91,0.5377723537035175,0.7754495875480492,0.5152313407632556,0.4762737262737262,0.5611299102545241,3.246403029257004,0.5918871294202769,0.1999980360269546,0.6492742300033569,"{""bagging_fraction"": 0.7740854014503995, ""bagging_freq"": 1, ""bagging_seed"": 459, ""boosting_type"": ""gbdt"", ""data_random_seed"": 459, ""deterministic"": true, ""feature_fraction"": 0.5906614945156381, ""feature_fraction_seed"": 459, ""force_col_wise"": true, ""lambda_l1"": 2.651616866733585e-07, ""lambda_l2"": 7.741298469544393e-05, ""learning_rate"": 0.06563662181109331, ""max_bin"": 127, ""max_depth"": -1, ""metric"": ""None"", ""min_data_in_leaf"": 178, ""min_gain_to_split"": 0.1433422221033015, ""num_leaves"": 33, ""objective"": ""binary"", ""scale_pos_weight"": 4.0, ""seed"": 459, ""verbosity"": -1}",1,0.2,128
418,128,2.29,0.5353290494389163,0.7740253784843585,0.5156619059181916,0.4688879967884384,0.5728017262517777,3.232672070427156,0.3741551757652862,0.1999980360269546,0.6465280652046204,"{""bagging_fraction"": 0.5746483483256963, ""bagging_freq"": 1, ""bagging_seed"": 460, ""boosting_type"": ""gbdt"", ""data_random_seed"": 460, ""deterministic"": true, ""feature_fraction"": 0.6410388784789443, ""feature_fraction_seed"": 460, ""force_col_wise"": true, ""lambda_l1"": 1.7971173957265107e-07, ""lambda_l2"": 0.00027628507184004403, ""learning_rate"": 0.014808555249751413, ""max_bin"": 63, ""max_depth"": 12, ""metric"": ""None"", ""min_data_in_leaf"": 66, ""min_gain_to_split"": 0.6518155210575742, ""num_leaves"": 66, ""objective"": ""binary"", ""scale_pos_weight"": 2.0, ""seed"": 460, ""verbosity"": -1}",1,0.2,128
419,128,10.268,0.5371554446438762,0.7753716208992034,0.5162662223781129,0.466798810703667,0.577460644401942,3.2532686576850027,0.5706882771557779,0.1999980360269546,0.6506473422050476,"{""bagging_fraction"": 0.5823256913801239, ""bagging_freq"": 1, ""bagging_seed"": 461, ""boosting_type"": ""gbdt"", ""data_random_seed"": 461, ""deterministic"": true, ""feature_fraction"": 0.7174352851822114, ""feature_fraction_seed"": 461, ""force_col_wise"": true, ""lambda_l1"": 9.575902645084307e-07, ""lambda_l2"": 0.00015877288391069613, ""learning_rate"": 0.033012479813673536, ""max_bin"": 63, ""max_depth"": -1, ""metric"": ""None"", ""min_data_in_leaf"": 119, ""min_gain_to_split"": 0.9904421789253223, ""num_leaves"": 78, ""objective"": ""binary"", ""scale_pos_weight"": 4.0, ""seed"": 461, ""verbosity"": -1}",1,0.2,128
420,128,44.334,0.5372449531171217,0.7748830606238246,0.514107138899355,0.4690229699126496,0.5687803442695307,3.2365952866717267,0.2580696948219904,0.1999980360269546,0.6473127007484436,"{""bagging_fraction"": 0.5563569587094346, ""bagging_freq"": 1, ""bagging_seed"": 462, ""boosting_type"": ""gbdt"", ""data_random_seed"": 462, ""deterministic"": true, ""feature_fraction"": 0.6569714689169398, ""feature_fraction_seed"": 462, ""force_col_wise"": true, ""lambda_l1"": 7.196187865041182e-08, ""lambda_l2"": 0.00011987466746604295, ""learning_rate"": 0.14194643719166442, ""max_bin"": 63, ""max_depth"": 12, ""metric"": ""None"", ""min_data_in_leaf"": 165, ""min_gain_to_split"": 0.339662463804297, ""num_leaves"": 50, ""objective"": ""binary"", ""scale_pos_weight"": 1.0, ""seed"": 462, ""verbosity"": -1}",1,0.2,128
421,128,14.094,0.5380162340271277,0.7754243493301252,0.5164238028700069,0.4714123744735989,0.5709381589917121,3.2611147921479944,0.259375582034965,0.1999980360269546,0.6522165536880493,"{""bagging_fraction"": 0.7922770705389812, ""bagging_freq"": 1, ""bagging_seed"": 463, ""boosting_type"": ""gbdt"", ""data_random_seed"": 463, ""deterministic"": true, ""feature_fraction"": 0.6584397221184028, ""feature_fraction_seed"": 463, ""force_col_wise"": true, ""lambda_l1"": 4.5420609145889195e-07, ""lambda_l2"": 0.00028688348467285847, ""learning_rate"": 0.06953427264094567, ""max_bin"": 63, ""max_depth"": 6, ""metric"": ""None"", ""min_data_in_leaf"": 1158, ""min_gain_to_split"": 0.1524665089783862, ""num_leaves"": 41, ""objective"": ""binary"", ""scale_pos_weight"": 1.0, ""seed"": 463, ""verbosity"": -1}",1,0.2,128
422,128,2.091,0.53692323901779,0.775226643943853,0.5160911797301114,0.4633603870766349,0.582364768770536,3.2449319721783647,0.572647550433417,0.1999980360269546,0.6489800214767456,"{""bagging_fraction"": 0.8043166507131492, ""bagging_freq"": 1, ""bagging_seed"": 464, ""boosting_type"": ""gbdt"", ""data_random_seed"": 464, ""deterministic"": true, ""feature_fraction"": 0.5693514628330231, ""feature_fraction_seed"": 464, ""force_col_wise"": true, ""lambda_l1"": 0.0008597547353405052, ""lambda_l2"": 1.8008596592484969e-06, ""learning_rate"": 0.052484439349007594, ""max_bin"": 63, ""max_depth"": 16, ""metric"": ""None"", ""min_data_in_leaf"": 1544, ""min_gain_to_split"": 0.4527717451128178, ""num_leaves"": 32, ""objective"": ""binary"", ""scale_pos_weight"": 4.0, ""seed"": 464, ""verbosity"": -1}",1,0.2,128
423,128,1.827,0.5381769452413536,0.775735732818302,0.5153676679100407,0.4641285557127141,0.5793242116620078,3.250816498519071,0.404212145091041,0.1999980360269546,0.6501569151878357,"{""bagging_fraction"": 0.9560664641184139, ""bagging_freq"": 1, ""bagging_seed"": 465, ""boosting_type"": ""gbdt"", ""data_random_seed"": 465, ""deterministic"": true, ""feature_fraction"": 0.6916953152248764, ""feature_fraction_seed"": 465, ""force_col_wise"": true, ""lambda_l1"": 0.1472990122393754, ""lambda_l2"": 3.3268300849052657, ""learning_rate"": 0.0705146758833453, ""max_bin"": 127, ""max_depth"": -1, ""metric"": ""None"", ""min_data_in_leaf"": 102, ""min_gain_to_split"": 0.6519623460330854, ""num_leaves"": 28, ""objective"": ""binary"", ""scale_pos_weight"": 2.0, ""seed"": 465, ""verbosity"": -1}",1,0.2,128
424,128,2.663,0.5384531799473197,0.7754428345690942,0.5172001063924107,0.4718705763397371,0.5721641900838605,3.2473838333181466,0.5762055575167595,0.1999980360269546,0.6494703888893127,"{""bagging_fraction"": 0.7957627720304336, ""bagging_freq"": 1, ""bagging_seed"": 466, ""boosting_type"": ""gbdt"", ""data_random_seed"": 466, ""deterministic"": true, ""feature_fraction"": 0.8381687544629494, ""feature_fraction_seed"": 466, ""force_col_wise"": true, ""lambda_l1"": 1.3067073615882216e-07, ""lambda_l2"": 3.4239603371973704e-05, ""learning_rate"": 0.03669106032543984, ""max_bin"": 127, ""max_depth"": 8, ""metric"": ""None"", ""min_data_in_leaf"": 185, ""min_gain_to_split"": 0.31332541109448, ""num_leaves"": 195, ""objective"": ""binary"", ""scale_pos_weight"": 4.0, ""seed"": 466, ""verbosity"": -1}",1,0.2,128
425,128,3.134,0.5384747633199962,0.7753856445363974,0.51678390170065,0.4731586026984062,0.56927075670639,3.260133988086852,0.257912846317479,0.1999980360269546,0.6520203948020935,"{""bagging_fraction"": 0.6108768678300355, ""bagging_freq"": 1, ""bagging_seed"": 467, ""boosting_type"": ""gbdt"", ""data_random_seed"": 467, ""deterministic"": true, ""feature_fraction"": 0.8890752535505245, ""feature_fraction_seed"": 467, ""force_col_wise"": true, ""lambda_l1"": 2.0982246118322707, ""lambda_l2"": 0.0002113678925068357, ""learning_rate"": 0.027896737753447056, ""max_bin"": 127, ""max_depth"": 16, ""metric"": ""None"", ""min_data_in_leaf"": 256, ""min_gain_to_split"": 0.2597982456263064, ""num_leaves"": 154, ""objective"": ""binary"", ""scale_pos_weight"": 1.0, ""seed"": 467, ""verbosity"": -1}",1,0.2,128
426,128,27.3,0.5353783074785912,0.7740490904202117,0.514449572113446,0.4735431187363385,0.5630915600019617,3.2365952866717267,0.2569316399775672,0.1999980360269546,0.6473127007484436,"{""bagging_fraction"": 0.7962248219248453, ""bagging_freq"": 1, ""bagging_seed"": 468, ""boosting_type"": ""gbdt"", ""data_random_seed"": 468, ""deterministic"": true, ""feature_fraction"": 0.8510668435556346, ""feature_fraction_seed"": 468, ""force_col_wise"": true, ""lambda_l1"": 0.0001089883987874899, ""lambda_l2"": 0.28428255062270336, ""learning_rate"": 0.020500057635477697, ""max_bin"": 127, ""max_depth"": -1, ""metric"": ""None"", ""min_data_in_leaf"": 1661, ""min_gain_to_split"": 0.8496572024460699, ""num_leaves"": 42, ""objective"": ""binary"", ""scale_pos_weight"": 1.0, ""seed"": 468, ""verbosity"": -1}",1,0.2,128
427,128,1.906,0.5379250765107326,0.7753233333268098,0.5162222797480369,0.4608126323897554,0.5867784807022706,3.2527781066413564,0.5688429382133113,0.1999980360269546,0.6505492329597473,"{""bagging_fraction"": 0.866646145385025, ""bagging_freq"": 1, ""bagging_seed"": 469, ""boosting_type"": ""gbdt"", ""data_random_seed"": 469, ""deterministic"": true, ""feature_fraction"": 0.9850689451370049, ""feature_fraction_seed"": 469, ""force_col_wise"": true, ""lambda_l1"": 2.8441764627763515e-07, ""lambda_l2"": 0.001884658192007256, ""learning_rate"": 0.1322236740732355, ""max_bin"": 63, ""max_depth"": 6, ""metric"": ""None"", ""min_data_in_leaf"": 957, ""min_gain_to_split"": 0.11877712309557842, ""num_leaves"": 46, ""objective"": ""binary"", ""scale_pos_weight"": 4.0, ""seed"": 469, ""verbosity"": -1}",1,0.2,128
428,128,2.857,0.5367164515300011,0.7751531037234509,0.5156783538286428,0.4731733289646134,0.5665734883036634,3.2449319721783647,0.559782102624472,0.1999980360269546,0.6489800214767456,"{""bagging_fraction"": 0.8412034546331049, ""bagging_freq"": 1, ""bagging_seed"": 470, ""boosting_type"": ""gbdt"", ""data_random_seed"": 470, ""deterministic"": true, ""feature_fraction"": 0.7267860273705251, ""feature_fraction_seed"": 470, ""force_col_wise"": true, ""lambda_l1"": 5.9831147918971244e-05, ""lambda_l2"": 3.7442985922114714e-07, ""learning_rate"": 0.02142162029485655, ""max_bin"": 127, ""max_depth"": 12, ""metric"": ""None"", ""min_data_in_leaf"": 97, ""min_gain_to_split"": 0.029071614168797, ""num_leaves"": 108, ""objective"": ""binary"", ""scale_pos_weight"": 4.0, ""seed"": 470, ""verbosity"": -1}",1,0.2,128
429,128,22.714,0.5385826557322533,0.7756308468466792,0.5158075831713475,0.4737338914881392,0.566083075866804,3.257191575903424,0.4143500082438031,0.1999980360269546,0.6514319181442261,"{""bagging_fraction"": 0.7162619707815638, ""bagging_freq"": 1, ""bagging_seed"": 471, ""boosting_type"": ""gbdt"", ""data_random_seed"": 471, ""deterministic"": true, ""feature_fraction"": 0.752812049740324, ""feature_fraction_seed"": 471, ""force_col_wise"": true, ""lambda_l1"": 2.9364433081461915e-06, ""lambda_l2"": 0.03659663838516367, ""learning_rate"": 0.058013499182216266, ""max_bin"": 63, ""max_depth"": 8, ""metric"": ""None"", ""min_data_in_leaf"": 89, ""min_gain_to_split"": 0.30965203002718433, ""num_leaves"": 76, ""objective"": ""binary"", ""scale_pos_weight"": 2.0, ""seed"": 471, ""verbosity"": -1}",1,0.2,128
430,128,1.969,0.5359641786363294,0.7746214404848163,0.515003489183531,0.4759903462050599,0.5609827865234662,3.233162323444652,0.2651545005668533,0.1999980360269546,0.6466261148452759,"{""bagging_fraction"": 0.5954280396841511, ""bagging_freq"": 1, ""bagging_seed"": 472, ""boosting_type"": ""gbdt"", ""data_random_seed"": 472, ""deterministic"": true, ""feature_fraction"": 0.6301603646837813, ""feature_fraction_seed"": 472, ""force_col_wise"": true, ""lambda_l1"": 0.07643927076393243, ""lambda_l2"": 0.33364892372273197, ""learning_rate"": 0.12184146997877722, ""max_bin"": 127, ""max_depth"": -1, ""metric"": ""None"", ""min_data_in_leaf"": 66, ""min_gain_to_split"": 0.18645529319457765, ""num_leaves"": 69, ""objective"": ""binary"", ""scale_pos_weight"": 1.0, ""seed"": 472, ""verbosity"": -1}",1,0.2,128
431,128,21.732,0.5359220716736566,0.7745286057382019,0.5151374627360052,0.4685466377440347,0.5720170663528027,3.237575792706719,0.2536975295635417,0.1999980360269546,0.6475088000297546,"{""bagging_fraction"": 0.9573367402960582, ""bagging_freq"": 1, ""bagging_seed"": 473, ""boosting_type"": ""gbdt"", ""data_random_seed"": 473, ""deterministic"": true, ""feature_fraction"": 0.8590392813436559, ""feature_fraction_seed"": 473, ""force_col_wise"": true, ""lambda_l1"": 4.522319735857982e-06, ""lambda_l2"": 0.00848849902018391, ""learning_rate"": 0.023995028385921057, ""max_bin"": 63, ""max_depth"": 6, ""metric"": ""None"", ""min_data_in_leaf"": 496, ""min_gain_to_split"": 0.5597228457776922, ""num_leaves"": 80, ""objective"": ""binary"", ""scale_pos_weight"": 1.0, ""seed"": 473, ""verbosity"": -1}",1,0.2,128
432,128,1.678,0.5381384932529019,0.7755877655285499,0.5158045000339881,0.4794035885772049,0.5581874356333677,3.258172379964566,0.4252757459309527,0.1999980360269546,0.6516280770301819,"{""bagging_fraction"": 0.7833612665581091, ""bagging_freq"": 1, ""bagging_seed"": 474, ""boosting_type"": ""gbdt"", ""data_random_seed"": 474, ""deterministic"": true, ""feature_fraction"": 0.9618969374604827, ""feature_fraction_seed"": 474, ""force_col_wise"": true, ""lambda_l1"": 7.845146246634301e-06, ""lambda_l2"": 0.2816216435678155, ""learning_rate"": 0.11673553265074454, ""max_bin"": 127, ""max_depth"": 16, ""metric"": ""None"", ""min_data_in_leaf"": 733, ""min_gain_to_split"": 0.7708102818323926, ""num_leaves"": 20, ""objective"": ""binary"", ""scale_pos_weight"": 2.0, ""seed"": 474, ""verbosity"": -1}",1,0.2,128
433,128,1.914,0.538171277015616,0.7753458265217698,0.5160059638659884,0.4666296545980886,0.5770683144524545,3.254739714763642,0.5769786771914314,0.1999980360269546,0.6509415507316589,"{""bagging_fraction"": 0.6930930270774307, ""bagging_freq"": 1, ""bagging_seed"": 475, ""boosting_type"": ""gbdt"", ""data_random_seed"": 475, ""deterministic"": true, ""feature_fraction"": 0.9393325546545439, ""feature_fraction_seed"": 475, ""force_col_wise"": true, ""lambda_l1"": 0.00022487948699908712, ""lambda_l2"": 3.625798688617001, ""learning_rate"": 0.07999638238764668, ""max_bin"": 127, ""max_depth"": 10, ""metric"": ""None"", ""min_data_in_leaf"": 440, ""min_gain_to_split"": 0.7982118419717367, ""num_leaves"": 32, ""objective"": ""binary"", ""scale_pos_weight"": 4.0, ""seed"": 475, ""verbosity"": -1}",1,0.2,128
434,128,3.734,0.538119469032281,0.7752209073839803,0.5164581505932321,0.4878548689546901,0.5486243931146094,3.2611147921479944,0.2726730246503508,0.1999980360269546,0.6522165536880493,"{""bagging_fraction"": 0.9092944858600605, ""bagging_freq"": 1, ""bagging_seed"": 476, ""boosting_type"": ""gbdt"", ""data_random_seed"": 476, ""deterministic"": true, ""feature_fraction"": 0.7656730220333122, ""feature_fraction_seed"": 476, ""force_col_wise"": true, ""lambda_l1"": 1.5050812749779607, ""lambda_l2"": 0.03804121611554513, ""learning_rate"": 0.02838479100456238, ""max_bin"": 63, ""max_depth"": 10, ""metric"": ""None"", ""min_data_in_leaf"": 339, ""min_gain_to_split"": 0.6268162361303028, ""num_leaves"": 252, ""objective"": ""binary"", ""scale_pos_weight"": 1.0, ""seed"": 476, ""verbosity"": -1}",1,0.2,128
435,128,2.424,0.5380567272444438,0.7755829134126112,0.5165843026392456,0.4612686912286111,0.5869746456770144,3.257191575903424,0.3951960259791963,0.1999980360269546,0.6514319181442261,"{""bagging_fraction"": 0.9351868600783562, ""bagging_freq"": 1, ""bagging_seed"": 477, ""boosting_type"": ""gbdt"", ""data_random_seed"": 477, ""deterministic"": true, ""feature_fraction"": 0.776370612172455, ""feature_fraction_seed"": 477, ""force_col_wise"": true, ""lambda_l1"": 0.024180545845026977, ""lambda_l2"": 0.14500320419552404, ""learning_rate"": 0.039828123978098505, ""max_bin"": 63, ""max_depth"": 8, ""metric"": ""None"", ""min_data_in_leaf"": 54, ""min_gain_to_split"": 0.390484989768521, ""num_leaves"": 63, ""objective"": ""binary"", ""scale_pos_weight"": 2.0, ""seed"": 477, ""verbosity"": -1}",1,0.2,128
436,128,2.248,0.5331910616939363,0.772873442268988,0.5139539978094195,0.4644285205273368,0.5753028296797607,3.218450560553661,0.3512040123226534,0.1999980360269546,0.6436837911605835,"{""bagging_fraction"": 0.8606836489505285, ""bagging_freq"": 1, ""bagging_seed"": 478, ""boosting_type"": ""gbdt"", ""data_random_seed"": 478, ""deterministic"": true, ""feature_fraction"": 0.5640584405457925, ""feature_fraction_seed"": 478, ""force_col_wise"": true, ""lambda_l1"": 8.237392455435265e-05, ""lambda_l2"": 5.509392811288001e-05, ""learning_rate"": 0.010949133040563204, ""max_bin"": 63, ""max_depth"": 10, ""metric"": ""None"", ""min_data_in_leaf"": 128, ""min_gain_to_split"": 0.2499867540285089, ""num_leaves"": 44, ""objective"": ""binary"", ""scale_pos_weight"": 2.0, ""seed"": 478, ""verbosity"": -1}",1,0.2,128
437,128,2.42,0.5373642733510506,0.7750320452345393,0.515752784928355,0.481579171275419,0.5551468785248393,3.2483646373792894,0.4211804649435187,0.1999980360269546,0.6496665477752686,"{""bagging_fraction"": 0.9584631565922901, ""bagging_freq"": 1, ""bagging_seed"": 479, ""boosting_type"": ""gbdt"", ""data_random_seed"": 479, ""deterministic"": true, ""feature_fraction"": 0.552846091257881, ""feature_fraction_seed"": 479, ""force_col_wise"": true, ""lambda_l1"": 4.363013657991376e-08, ""lambda_l2"": 0.00011437279275575721, ""learning_rate"": 0.03274609132495894, ""max_bin"": 127, ""max_depth"": 10, ""metric"": ""None"", ""min_data_in_leaf"": 426, ""min_gain_to_split"": 0.20737287523938142, ""num_leaves"": 57, ""objective"": ""binary"", ""scale_pos_weight"": 2.0, ""seed"": 479, ""verbosity"": -1}",1,0.2,128
438,128,2.066,0.535172386835526,0.7740988321242531,0.51487892317505,0.4667809858031584,0.5740277573439262,3.2253161889816604,0.5513844482531807,0.1999980360269546,0.6450569033622742,"{""bagging_fraction"": 0.558732767722308, ""bagging_freq"": 1, ""bagging_seed"": 480, ""boosting_type"": ""gbdt"", ""data_random_seed"": 480, ""deterministic"": true, ""feature_fraction"": 0.6619958776665456, ""feature_fraction_seed"": 480, ""force_col_wise"": true, ""lambda_l1"": 4.3390116932874987e-05, ""lambda_l2"": 0.0006735632844996969, ""learning_rate"": 0.021358767165963435, ""max_bin"": 63, ""max_depth"": 6, ""metric"": ""None"", ""min_data_in_leaf"": 528, ""min_gain_to_split"": 0.4595471512617503, ""num_leaves"": 172, ""objective"": ""binary"", ""scale_pos_weight"": 4.0, ""seed"": 480, ""verbosity"": -1}",1,0.2,128
439,128,4.133,0.5376693209967414,0.7731780628575267,0.514699995552195,0.4708850457782299,0.5675052719336963,3.254249163719995,0.5754505212426748,0.1999980360269546,0.6508434414863586,"{""bagging_fraction"": 0.8000013103959762, ""bagging_freq"": 1, ""bagging_seed"": 481, ""boosting_type"": ""gbdt"", ""data_random_seed"": 481, ""deterministic"": true, ""feature_fraction"": 0.905073975823216, ""feature_fraction_seed"": 481, ""force_col_wise"": true, ""lambda_l1"": 0.0032051118513171445, ""lambda_l2"": 7.458969030634798, ""learning_rate"": 0.06781212812675824, ""max_bin"": 127, ""max_depth"": 16, ""metric"": ""None"", ""min_data_in_leaf"": 148, ""min_gain_to_split"": 0.653987199751117, ""num_leaves"": 252, ""objective"": ""binary"", ""scale_pos_weight"": 4.0, ""seed"": 481, ""verbosity"": -1}",1,0.2,128
440,128,8.753,0.5373880627923527,0.7754458561686791,0.5161651441877128,0.4748897952457463,0.5652984159678289,3.249835694457928,0.5894631283513991,0.1999980360269546,0.6499607563018799,"{""bagging_fraction"": 0.9130755012357048, ""bagging_freq"": 1, ""bagging_seed"": 482, ""boosting_type"": ""gbdt"", ""data_random_seed"": 482, ""deterministic"": true, ""feature_fraction"": 0.9634590968420541, ""feature_fraction_seed"": 482, ""force_col_wise"": true, ""lambda_l1"": 8.65390629784422e-08, ""lambda_l2"": 1.6041345503180638e-07, ""learning_rate"": 0.0713753921424151, ""max_bin"": 127, ""max_depth"": 16, ""metric"": ""None"", ""min_data_in_leaf"": 298, ""min_gain_to_split"": 0.06961100179860558, ""num_leaves"": 22, ""objective"": ""binary"", ""scale_pos_weight"": 4.0, ""seed"": 482, ""verbosity"": -1}",1,0.2,128
441,128,27.623,0.5369006220849606,0.774345581760479,0.5156381331563813,0.469640195011886,0.5716247364033152,3.253758910702499,0.2461988484022019,0.1999980360269546,0.6507453918457031,"{""bagging_fraction"": 0.6759081049020923, ""bagging_freq"": 1, ""bagging_seed"": 483, ""boosting_type"": ""gbdt"", ""data_random_seed"": 483, ""deterministic"": true, ""feature_fraction"": 0.9261482578989141, ""feature_fraction_seed"": 483, ""force_col_wise"": true, ""lambda_l1"": 0.0004701831459257417, ""lambda_l2"": 1.1410828369725009e-07, ""learning_rate"": 0.012445001691765233, ""max_bin"": 127, ""max_depth"": 8, ""metric"": ""None"", ""min_data_in_leaf"": 384, ""min_gain_to_split"": 0.8846100026502804, ""num_leaves"": 117, ""objective"": ""binary"", ""scale_pos_weight"": 1.0, ""seed"": 483, ""verbosity"": -1}",1,0.2,128
442,128,26.433,0.5314025865549608,0.7726050210507427,0.513373253493014,0.4686019676909996,0.5676033544210681,3.212075483169309,0.3690692530353554,0.1999980360269546,0.6424087882041931,"{""bagging_fraction"": 0.8857815852768065, ""bagging_freq"": 1, ""bagging_seed"": 484, ""boosting_type"": ""gbdt"", ""data_random_seed"": 484, ""deterministic"": true, ""feature_fraction"": 0.8264923726771747, ""feature_fraction_seed"": 484, ""force_col_wise"": true, ""lambda_l1"": 0.05750828870688193, ""lambda_l2"": 5.135089052001024e-07, ""learning_rate"": 0.013194330217601963, ""max_bin"": 127, ""max_depth"": -1, ""metric"": ""None"", ""min_data_in_leaf"": 74, ""min_gain_to_split"": 0.06162399837761201, ""num_leaves"": 27, ""objective"": ""binary"", ""scale_pos_weight"": 2.0, ""seed"": 484, ""verbosity"": -1}",1,0.2,128
443,128,2.576,0.5370179511748667,0.7748039843616003,0.5155072175431615,0.4692908315221766,0.571820901378059,3.2488548903967853,0.2494780800205853,0.1999980360269546,0.6497645974159241,"{""bagging_fraction"": 0.6010682198957703, ""bagging_freq"": 1, ""bagging_seed"": 485, ""boosting_type"": ""gbdt"", ""data_random_seed"": 485, ""deterministic"": true, ""feature_fraction"": 0.7522092734649095, ""feature_fraction_seed"": 485, ""force_col_wise"": true, ""lambda_l1"": 0.0012821905712898291, ""lambda_l2"": 4.6743121018846747e-07, ""learning_rate"": 0.0173037903503845, ""max_bin"": 63, ""max_depth"": 8, ""metric"": ""None"", ""min_data_in_leaf"": 186, ""min_gain_to_split"": 0.6789856609149371, ""num_leaves"": 109, ""objective"": ""binary"", ""scale_pos_weight"": 1.0, ""seed"": 485, ""verbosity"": -1}",1,0.2,128
444,128,2.324,0.5342771188593349,0.7725705394617675,0.5130383958277134,0.4736230440376873,0.5596096317002599,3.2287488541825846,0.5830390324860045,0.1999980360269546,0.6457434296607971,"{""bagging_fraction"": 0.6187659688234933, ""bagging_freq"": 1, ""bagging_seed"": 486, ""boosting_type"": ""gbdt"", ""data_random_seed"": 486, ""deterministic"": true, ""feature_fraction"": 0.7005083014923484, ""feature_fraction_seed"": 486, ""force_col_wise"": true, ""lambda_l1"": 9.240638870054162e-07, ""lambda_l2"": 0.7157351167945669, ""learning_rate"": 0.14052095729272787, ""max_bin"": 63, ""max_depth"": 8, ""metric"": ""None"", ""min_data_in_leaf"": 53, ""min_gain_to_split"": 0.6032046600508495, ""num_leaves"": 104, ""objective"": ""binary"", ""scale_pos_weight"": 4.0, ""seed"": 486, ""verbosity"": -1}",1,0.2,128
445,128,1.966,0.5365721823908798,0.7750953199528992,0.5152477622548475,0.4708915232218252,0.5688293855132166,3.2380663437503654,0.4111638516042257,0.1999980360269546,0.6476069092750549,"{""bagging_fraction"": 0.8795432899755168, ""bagging_freq"": 1, ""bagging_seed"": 487, ""boosting_type"": ""gbdt"", ""data_random_seed"": 487, ""deterministic"": true, ""feature_fraction"": 0.5647407536186629, ""feature_fraction_seed"": 487, ""force_col_wise"": true, ""lambda_l1"": 0.09056767850119181, ""lambda_l2"": 4.022211242954177e-08, ""learning_rate"": 0.0451525472139822, ""max_bin"": 63, ""max_depth"": 6, ""metric"": ""None"", ""min_data_in_leaf"": 1832, ""min_gain_to_split"": 0.17186936423135157, ""num_leaves"": 31, ""objective"": ""binary"", ""scale_pos_weight"": 2.0, ""seed"": 487, ""verbosity"": -1}",1,0.2,128
446,128,99.181,0.5381069475670663,0.7746615798694524,0.515129217115972,0.4723176316650311,0.5664754058162915,3.2444414211347183,0.413177366034808,0.1999980360269546,0.6488819122314453,"{""bagging_fraction"": 0.7643280443876566, ""bagging_freq"": 1, ""bagging_seed"": 488, ""boosting_type"": ""gbdt"", ""data_random_seed"": 488, ""deterministic"": true, ""feature_fraction"": 0.922655254751884, ""feature_fraction_seed"": 488, ""force_col_wise"": true, ""lambda_l1"": 0.0003794357515326835, ""lambda_l2"": 0.028976952827774762, ""learning_rate"": 0.10496132464220112, ""max_bin"": 127, ""max_depth"": 10, ""metric"": ""None"", ""min_data_in_leaf"": 898, ""min_gain_to_split"": 0.2633423587356264, ""num_leaves"": 69, ""objective"": ""binary"", ""scale_pos_weight"": 2.0, ""seed"": 488, ""verbosity"": -1}",1,0.2,128
447,128,42.985,0.5314195170523536,0.7712452317927485,0.5125160037084455,0.4660190277387499,0.569319797950076,3.207171462863595,0.2384820938381512,0.1999980360269546,0.6414279937744141,"{""bagging_fraction"": 0.6174247747115378, ""bagging_freq"": 1, ""bagging_seed"": 489, ""boosting_type"": ""gbdt"", ""data_random_seed"": 489, ""deterministic"": true, ""feature_fraction"": 0.7031161953517026, ""feature_fraction_seed"": 489, ""force_col_wise"": true, ""lambda_l1"": 4.795046260426543e-07, ""lambda_l2"": 0.000598146571041586, ""learning_rate"": 0.010579062979000213, ""max_bin"": 127, ""max_depth"": 16, ""metric"": ""None"", ""min_data_in_leaf"": 957, ""min_gain_to_split"": 0.8461815293449878, ""num_leaves"": 26, ""objective"": ""binary"", ""scale_pos_weight"": 1.0, ""seed"": 489, ""verbosity"": -1}",1,0.2,128
448,128,80.116,0.5317118514921441,0.7734951726842659,0.5142292490118577,0.4655851127281403,0.57422392231867,3.217960307536165,0.4816434177379265,0.1999980360269546,0.643585741519928,"{""bagging_fraction"": 0.9494565294655006, ""bagging_freq"": 1, ""bagging_seed"": 490, ""boosting_type"": ""gbdt"", ""data_random_seed"": 490, ""deterministic"": true, ""feature_fraction"": 0.9816267425801717, ""feature_fraction_seed"": 490, ""force_col_wise"": true, ""lambda_l1"": 3.5335861781889705e-06, ""lambda_l2"": 0.22518143287301878, ""learning_rate"": 0.010860462760682416, ""max_bin"": 127, ""max_depth"": 10, ""metric"": ""None"", ""min_data_in_leaf"": 140, ""min_gain_to_split"": 0.6858673025688188, ""num_leaves"": 56, ""objective"": ""binary"", ""scale_pos_weight"": 4.0, ""seed"": 490, ""verbosity"": -1}",1,0.2,128
449,128,3.226,0.5376201227446515,0.7749404325357125,0.5163436123348017,0.4686712783397976,0.5748124172429013,3.257191575903424,0.2557972136165282,0.1999980360269546,0.6514319181442261,"{""bagging_fraction"": 0.9992151780468832, ""bagging_freq"": 1, ""bagging_seed"": 491, ""boosting_type"": ""gbdt"", ""data_random_seed"": 491, ""deterministic"": true, ""feature_fraction"": 0.8906213511741516, ""feature_fraction_seed"": 491, ""force_col_wise"": true, ""lambda_l1"": 0.00020258726832256765, ""lambda_l2"": 0.18293921045170475, ""learning_rate"": 0.03143315536582805, ""max_bin"": 63, ""max_depth"": 10, ""metric"": ""None"", ""min_data_in_leaf"": 932, ""min_gain_to_split"": 0.8624783669834785, ""num_leaves"": 151, ""objective"": ""binary"", ""scale_pos_weight"": 1.0, ""seed"": 491, ""verbosity"": -1}",1,0.2,128
450,128,97.415,0.5346826029511655,0.7731930551141478,0.5135447313937016,0.4621479563818937,0.5778039331077436,3.237085539689222,0.2367370566230076,0.1999980360269546,0.6474107503890991,"{""bagging_fraction"": 0.5533066625789183, ""bagging_freq"": 1, ""bagging_seed"": 492, ""boosting_type"": ""gbdt"", ""data_random_seed"": 492, ""deterministic"": true, ""feature_fraction"": 0.8650045693303409, ""feature_fraction_seed"": 492, ""force_col_wise"": true, ""lambda_l1"": 1.578628324590122e-05, ""lambda_l2"": 0.003464577278253585, ""learning_rate"": 0.011206602682869363, ""max_bin"": 127, ""max_depth"": 16, ""metric"": ""None"", ""min_data_in_leaf"": 145, ""min_gain_to_split"": 0.12975719007233688, ""num_leaves"": 47, ""objective"": ""binary"", ""scale_pos_weight"": 1.0, ""seed"": 492, ""verbosity"": -1}",1,0.2,128
451,128,27.119,0.5372433827223454,0.7748581765442264,0.5165988715391681,0.4661930136175252,0.5792261291746359,3.249345441440432,0.373982176313095,0.1999980360269546,0.6498627066612244,"{""bagging_fraction"": 0.8221369209830159, ""bagging_freq"": 1, ""bagging_seed"": 493, ""boosting_type"": ""gbdt"", ""data_random_seed"": 493, ""deterministic"": true, ""feature_fraction"": 0.9974254032621284, ""feature_fraction_seed"": 493, ""force_col_wise"": true, ""lambda_l1"": 5.7425402771931805e-08, ""lambda_l2"": 3.86807699566929e-08, ""learning_rate"": 0.015268362363866557, ""max_bin"": 127, ""max_depth"": 16, ""metric"": ""None"", ""min_data_in_leaf"": 111, ""min_gain_to_split"": 0.07492169625946876, ""num_leaves"": 197, ""objective"": ""binary"", ""scale_pos_weight"": 2.0, ""seed"": 493, ""verbosity"": -1}",1,0.2,128
452,128,1.832,0.5378531019165009,0.7754053037228719,0.5158606575610625,0.4720514595122745,0.5686332205384729,3.2488548903967853,0.26080172064646,0.1999980360269546,0.6497645974159241,"{""bagging_fraction"": 0.8596277798955716, ""bagging_freq"": 1, ""bagging_seed"": 494, ""boosting_type"": ""gbdt"", ""data_random_seed"": 494, ""deterministic"": true, ""feature_fraction"": 0.7898682721538601, ""feature_fraction_seed"": 494, ""force_col_wise"": true, ""lambda_l1"": 0.00017622660777243302, ""lambda_l2"": 0.026591703859417795, ""learning_rate"": 0.08956514294565907, ""max_bin"": 63, ""max_depth"": 6, ""metric"": ""None"", ""min_data_in_leaf"": 440, ""min_gain_to_split"": 0.9973107425466341, ""num_leaves"": 47, ""objective"": ""binary"", ""scale_pos_weight"": 1.0, ""seed"": 494, ""verbosity"": -1}",1,0.2,128
453,128,1.759,0.5301693836714242,0.7706918052809317,0.5113576795387035,0.4609931870988067,0.5740767985876122,3.2022677405840314,0.233826706522754,0.1999980360269546,0.6404472589492798,"{""bagging_fraction"": 0.9729921671672466, ""bagging_freq"": 1, ""bagging_seed"": 495, ""boosting_type"": ""gbdt"", ""data_random_seed"": 495, ""deterministic"": true, ""feature_fraction"": 0.7049160042150935, ""feature_fraction_seed"": 495, ""force_col_wise"": true, ""lambda_l1"": 0.004436237728014747, ""lambda_l2"": 0.000482166100921517, ""learning_rate"": 0.010336333163158856, ""max_bin"": 63, ""max_depth"": 8, ""metric"": ""None"", ""min_data_in_leaf"": 385, ""min_gain_to_split"": 0.7980395012720187, ""num_leaves"": 21, ""objective"": ""binary"", ""scale_pos_weight"": 1.0, ""seed"": 495, ""verbosity"": -1}",1,0.2,128
454,128,1.696,0.5375362349325323,0.7754025193178022,0.5161638163428153,0.4606590191700669,0.5868765631896425,3.2468932822745,0.2476039348316466,0.1999980360269546,0.6493722796440125,"{""bagging_fraction"": 0.9341353864663118, ""bagging_freq"": 1, ""bagging_seed"": 496, ""boosting_type"": ""gbdt"", ""data_random_seed"": 496, ""deterministic"": true, ""feature_fraction"": 0.9045369784152415, ""feature_fraction_seed"": 496, ""force_col_wise"": true, ""lambda_l1"": 3.73759514138172e-05, ""lambda_l2"": 0.26190905579784196, ""learning_rate"": 0.09206346828477886, ""max_bin"": 127, ""max_depth"": 8, ""metric"": ""None"", ""min_data_in_leaf"": 1572, ""min_gain_to_split"": 0.5508316650302666, ""num_leaves"": 15, ""objective"": ""binary"", ""scale_pos_weight"": 1.0, ""seed"": 496, ""verbosity"": -1}",1,0.2,128
455,128,2.005,0.5307910922685075,0.7725385750206704,0.5128005198180636,0.4592109856860235,0.5805502427541562,3.1988347773569568,0.4833620722922896,0.1999980360269546,0.6397606730461121,"{""bagging_fraction"": 0.8836510629644709, ""bagging_freq"": 1, ""bagging_seed"": 497, ""boosting_type"": ""gbdt"", ""data_random_seed"": 497, ""deterministic"": true, ""feature_fraction"": 0.5764604760205739, ""feature_fraction_seed"": 497, ""force_col_wise"": true, ""lambda_l1"": 0.36350724966013964, ""lambda_l2"": 1.9198232710587402, ""learning_rate"": 0.011729778620215403, ""max_bin"": 127, ""max_depth"": 10, ""metric"": ""None"", ""min_data_in_leaf"": 382, ""min_gain_to_split"": 0.10176845917980593, ""num_leaves"": 27, ""objective"": ""binary"", ""scale_pos_weight"": 4.0, ""seed"": 497, ""verbosity"": -1}",1,0.2,128
456,128,2.269,0.5299656581725871,0.7703859969160564,0.510437441829544,0.4656155245603396,0.5648080035309695,3.211585230151812,0.2402658798952476,0.1999980360269546,0.6423107385635376,"{""bagging_fraction"": 0.5612264734179928, ""bagging_freq"": 1, ""bagging_seed"": 498, ""boosting_type"": ""gbdt"", ""data_random_seed"": 498, ""deterministic"": true, ""feature_fraction"": 0.5582039828450427, ""feature_fraction_seed"": 498, ""force_col_wise"": true, ""lambda_l1"": 0.0003994221590799948, ""lambda_l2"": 0.2015443841179716, ""learning_rate"": 0.012009565632111127, ""max_bin"": 127, ""max_depth"": -1, ""metric"": ""None"", ""min_data_in_leaf"": 65, ""min_gain_to_split"": 0.12742667107259964, ""num_leaves"": 57, ""objective"": ""binary"", ""scale_pos_weight"": 1.0, ""seed"": 498, ""verbosity"": -1}",1,0.2,128
457,128,2.28,0.5377193884388466,0.7753654231778778,0.5158514591164903,0.463129145532579,0.5821195625521063,3.245912478213357,0.2496247471928213,0.1999980360269546,0.6491761207580566,"{""bagging_fraction"": 0.8947150329701858, ""bagging_freq"": 1, ""bagging_seed"": 499, ""boosting_type"": ""gbdt"", ""data_random_seed"": 499, ""deterministic"": true, ""feature_fraction"": 0.9773359246795374, ""feature_fraction_seed"": 499, ""force_col_wise"": true, ""lambda_l1"": 0.7844735360824473, ""lambda_l2"": 0.000474541849039788, ""learning_rate"": 0.04662973921440748, ""max_bin"": 127, ""max_depth"": -1, ""metric"": ""None"", ""min_data_in_leaf"": 739, ""min_gain_to_split"": 0.8323193042175333, ""num_leaves"": 29, ""objective"": ""binary"", ""scale_pos_weight"": 1.0, ""seed"": 499, ""verbosity"": -1}",1,0.2,128
458,128,3.195,0.534046172358336,0.7737243801476754,0.5145301797707977,0.4694603996440417,0.5691726742190182,3.229239107200081,0.5009038045305428,0.1999980360269546,0.6458414793014526,"{""bagging_fraction"": 0.9784903264340103, ""bagging_freq"": 1, ""bagging_seed"": 500, ""boosting_type"": ""gbdt"", ""data_random_seed"": 500, ""deterministic"": true, ""feature_fraction"": 0.8611993661983384, ""feature_fraction_seed"": 500, ""force_col_wise"": true, ""lambda_l1"": 6.683129965112874e-06, ""lambda_l2"": 0.00023736942775968675, ""learning_rate"": 0.012033261550551906, ""max_bin"": 63, ""max_depth"": 10, ""metric"": ""None"", ""min_data_in_leaf"": 1345, ""min_gain_to_split"": 0.741690365045119, ""num_leaves"": 96, ""objective"": ""binary"", ""scale_pos_weight"": 4.0, ""seed"": 500, ""verbosity"": -1}",1,0.2,128
459,128,1.988,0.536920096838903,0.7750511365370605,0.5152273315503407,0.4598621645554999,0.5857486145848658,3.243460617073576,0.3972717452632872,0.1999980360269546,0.6486857533454895,"{""bagging_fraction"": 0.6031588826255834, ""bagging_freq"": 1, ""bagging_seed"": 501, ""boosting_type"": ""gbdt"", ""data_random_seed"": 501, ""deterministic"": true, ""feature_fraction"": 0.8851164824090731, ""feature_fraction_seed"": 501, ""force_col_wise"": true, ""lambda_l1"": 0.0001896710561282252, ""lambda_l2"": 0.0019903848021339816, ""learning_rate"": 0.04337741436295529, ""max_bin"": 127, ""max_depth"": 6, ""metric"": ""None"", ""min_data_in_leaf"": 1850, ""min_gain_to_split"": 0.14662314286435274, ""num_leaves"": 97, ""objective"": ""binary"", ""scale_pos_weight"": 2.0, ""seed"": 501, ""verbosity"": -1}",1,0.2,128
460,128,13.326,0.5339310093917797,0.7733547574394024,0.5142706247386837,0.466429825961999,0.5730469324702074,3.2253161889816604,0.2499766932626378,0.1999980360269546,0.6450569033622742,"{""bagging_fraction"": 0.6263636195088395, ""bagging_freq"": 1, ""bagging_seed"": 502, ""boosting_type"": ""gbdt"", ""data_random_seed"": 502, ""deterministic"": true, ""feature_fraction"": 0.8157418338635756, ""feature_fraction_seed"": 502, ""force_col_wise"": true, ""lambda_l1"": 0.03253526230372629, ""lambda_l2"": 5.717084447601861e-07, ""learning_rate"": 0.02157827671604645, ""max_bin"": 127, ""max_depth"": 8, ""metric"": ""None"", ""min_data_in_leaf"": 92, ""min_gain_to_split"": 0.8962851007761495, ""num_leaves"": 21, ""objective"": ""binary"", ""scale_pos_weight"": 1.0, ""seed"": 502, ""verbosity"": -1}",1,0.2,128
461,128,21.462,0.5372945875361201,0.7754771075230966,0.5155726133756838,0.4685107235919022,0.5731450149575793,3.240027951872651,0.5784427563580103,0.1999980360269546,0.6479992270469666,"{""bagging_fraction"": 0.9289087913459173, ""bagging_freq"": 1, ""bagging_seed"": 503, ""boosting_type"": ""gbdt"", ""data_random_seed"": 503, ""deterministic"": true, ""feature_fraction"": 0.7622212506243167, ""feature_fraction_seed"": 503, ""force_col_wise"": true, ""lambda_l1"": 1.7278054904926339, ""lambda_l2"": 5.360898237021566e-06, ""learning_rate"": 0.04110707393743356, ""max_bin"": 127, ""max_depth"": -1, ""metric"": ""None"", ""min_data_in_leaf"": 115, ""min_gain_to_split"": 0.15424362209507125, ""num_leaves"": 37, ""objective"": ""binary"", ""scale_pos_weight"": 4.0, ""seed"": 503, ""verbosity"": -1}",1,0.2,128
462,128,1.902,0.5377238924235811,0.7754474696325109,0.5164518243390868,0.4656999881792033,0.5796184591241234,3.2488548903967853,0.4028722466566755,0.1999980360269546,0.6497645974159241,"{""bagging_fraction"": 0.7117025652835249, ""bagging_freq"": 1, ""bagging_seed"": 504, ""boosting_type"": ""gbdt"", ""data_random_seed"": 504, ""deterministic"": true, ""feature_fraction"": 0.8440278397783334, ""feature_fraction_seed"": 504, ""force_col_wise"": true, ""lambda_l1"": 8.951133857415214e-05, ""lambda_l2"": 4.1983523605848356e-07, ""learning_rate"": 0.0483597017531823, ""max_bin"": 127, ""max_depth"": -1, ""metric"": ""None"", ""min_data_in_leaf"": 339, ""min_gain_to_split"": 0.756515867645341, ""num_leaves"": 27, ""objective"": ""binary"", ""scale_pos_weight"": 2.0, ""seed"": 504, ""verbosity"": -1}",1,0.2,128
463,128,3.279,0.5374013531574375,0.7744483681547959,0.5159819413092551,0.478020828976536,0.5604923740866068,3.2365952866717267,0.4214818991149848,0.1999980360269546,0.6473127007484436,"{""bagging_fraction"": 0.6729099456730031, ""bagging_freq"": 1, ""bagging_seed"": 505, ""boosting_type"": ""gbdt"", ""data_random_seed"": 505, ""deterministic"": true, ""feature_fraction"": 0.5587402546264333, ""feature_fraction_seed"": 505, ""force_col_wise"": true, ""lambda_l1"": 0.00016407396944854047, ""lambda_l2"": 0.0022903371020712117, ""learning_rate"": 0.08229148103668796, ""max_bin"": 63, ""max_depth"": -1, ""metric"": ""None"", ""min_data_in_leaf"": 785, ""min_gain_to_split"": 0.9192220993690502, ""num_leaves"": 144, ""objective"": ""binary"", ""scale_pos_weight"": 2.0, ""seed"": 505, ""verbosity"": -1}",1,0.2,128
464,128,1.506,0.5374423976014551,0.7751260085340183,0.5156548385664165,0.4711682830824169,0.5694178804374479,3.2483646373792894,0.5842175875314357,0.1999980360269546,0.6496665477752686,"{""bagging_fraction"": 0.6177937408448109, ""bagging_freq"": 1, ""bagging_seed"": 506, ""boosting_type"": ""gbdt"", ""data_random_seed"": 506, ""deterministic"": true, ""feature_fraction"": 0.8841201809750301, ""feature_fraction_seed"": 506, ""force_col_wise"": true, ""lambda_l1"": 2.0567435349129595e-06, ""lambda_l2"": 0.09486352747460655, ""learning_rate"": 0.10693189830241169, ""max_bin"": 63, ""max_depth"": 8, ""metric"": ""None"", ""min_data_in_leaf"": 61, ""min_gain_to_split"": 0.53471671742271, ""num_leaves"": 24, ""objective"": ""binary"", ""scale_pos_weight"": 4.0, ""seed"": 506, ""verbosity"": -1}",1,0.2,128
465,128,2.353,0.5343167531545496,0.7726402794592709,0.5140334003672292,0.4636983870331664,0.5766269432592811,3.23071046230487,0.2350620931254637,0.1999980360269546,0.6461357474327087,"{""bagging_fraction"": 0.8261172719722499, ""bagging_freq"": 1, ""bagging_seed"": 507, ""boosting_type"": ""gbdt"", ""data_random_seed"": 507, ""deterministic"": true, ""feature_fraction"": 0.6311401506978297, ""feature_fraction_seed"": 507, ""force_col_wise"": true, ""lambda_l1"": 1.1374393414988706e-06, ""lambda_l2"": 0.002137294396630054, ""learning_rate"": 0.010060714033719718, ""max_bin"": 127, ""max_depth"": -1, ""metric"": ""None"", ""min_data_in_leaf"": 154, ""min_gain_to_split"": 0.3792659505862729, ""num_leaves"": 64, ""objective"": ""binary"", ""scale_pos_weight"": 1.0, ""seed"": 507, ""verbosity"": -1}",1,0.2,128
466,128,12.994,0.5304479968711749,0.7728681575511387,0.5139860916705548,0.4698594524331789,0.5672600657152665,3.2096236220295267,0.5194346953507515,0.1999980360269546,0.641918420791626,"{""bagging_fraction"": 0.9241129566473627, ""bagging_freq"": 1, ""bagging_seed"": 508, ""boosting_type"": ""gbdt"", ""data_random_seed"": 508, ""deterministic"": true, ""feature_fraction"": 0.9558796105818074, ""feature_fraction_seed"": 508, ""force_col_wise"": true, ""lambda_l1"": 2.2286086430429846e-05, ""lambda_l2"": 0.0015223081316432581, ""learning_rate"": 0.014535292478274281, ""max_bin"": 63, ""max_depth"": 6, ""metric"": ""None"", ""min_data_in_leaf"": 156, ""min_gain_to_split"": 0.5673605590140585, ""num_leaves"": 29, ""objective"": ""binary"", ""scale_pos_weight"": 4.0, ""seed"": 508, ""verbosity"": -1}",1,0.2,128
467,128,2.016,0.5345292255540683,0.7739111703774727,0.5146201394064267,0.4652609884665689,0.5756951596292482,3.219431364614804,0.3847846352286752,0.1999980360269546,0.6438799500465393,"{""bagging_fraction"": 0.6916095384801365, ""bagging_freq"": 1, ""bagging_seed"": 509, ""boosting_type"": ""gbdt"", ""data_random_seed"": 509, ""deterministic"": true, ""feature_fraction"": 0.5683914953972535, ""feature_fraction_seed"": 509, ""force_col_wise"": true, ""lambda_l1"": 0.7965700790177334, ""lambda_l2"": 1.6139453619166524, ""learning_rate"": 0.01896263663006196, ""max_bin"": 127, ""max_depth"": 12, ""metric"": ""None"", ""min_data_in_leaf"": 152, ""min_gain_to_split"": 0.10963534576855039, ""num_leaves"": 35, ""objective"": ""binary"", ""scale_pos_weight"": 2.0, ""seed"": 509, ""verbosity"": -1}",1,0.2,128
468,128,2.148,0.5368708729153786,0.7750332516497352,0.5155837529670134,0.4707145171743357,0.5699082928743073,3.240027951872651,0.2571088081402828,0.1999980360269546,0.6479992270469666,"{""bagging_fraction"": 0.9881488329280024, ""bagging_freq"": 1, ""bagging_seed"": 510, ""boosting_type"": ""gbdt"", ""data_random_seed"": 510, ""deterministic"": true, ""feature_fraction"": 0.9290090115645224, ""feature_fraction_seed"": 510, ""force_col_wise"": true, ""lambda_l1"": 0.007597020669946932, ""lambda_l2"": 0.008791645063863261, ""learning_rate"": 0.02808672550115528, ""max_bin"": 127, ""max_depth"": 6, ""metric"": ""None"", ""min_data_in_leaf"": 54, ""min_gain_to_split"": 0.5279798578307084, ""num_leaves"": 60, ""objective"": ""binary"", ""scale_pos_weight"": 1.0, ""seed"": 510, ""verbosity"": -1}",1,0.2,128
469,128,24.03,0.5366517151693919,0.7743946187953902,0.5151077878350606,0.4647492799936876,0.5777058506203717,3.254249163719995,0.2439402968194917,0.1999980360269546,0.6508434414863586,"{""bagging_fraction"": 0.739410264761777, ""bagging_freq"": 1, ""bagging_seed"": 511, ""boosting_type"": ""gbdt"", ""data_random_seed"": 511, ""deterministic"": true, ""feature_fraction"": 0.9210261554613433, ""feature_fraction_seed"": 511, ""force_col_wise"": true, ""lambda_l1"": 5.404904409267953e-05, ""lambda_l2"": 8.801115618778278e-06, ""learning_rate"": 0.014969645533932383, ""max_bin"": 127, ""max_depth"": 8, ""metric"": ""None"", ""min_data_in_leaf"": 59, ""min_gain_to_split"": 0.9693538886985864, ""num_leaves"": 78, ""objective"": ""binary"", ""scale_pos_weight"": 1.0, ""seed"": 511, ""verbosity"": -1}",1,0.2,128
470,128,1.976,0.5306141211761739,0.7722642010919107,0.5132282143014885,0.4668354023542646,0.5698592516306213,3.190988642893965,0.5209784652621762,0.1999980360269546,0.6381914615631104,"{""bagging_fraction"": 0.9575278286803695, ""bagging_freq"": 1, ""bagging_seed"": 512, ""boosting_type"": ""gbdt"", ""data_random_seed"": 512, ""deterministic"": true, ""feature_fraction"": 0.6559638266807897, ""feature_fraction_seed"": 512, ""force_col_wise"": true, ""lambda_l1"": 3.217725801036981e-06, ""lambda_l2"": 0.0067779643636596545, ""learning_rate"": 0.015064398870075648, ""max_bin"": 127, ""max_depth"": 8, ""metric"": ""None"", ""min_data_in_leaf"": 1941, ""min_gain_to_split"": 0.04049895193336772, ""num_leaves"": 24, ""objective"": ""binary"", ""scale_pos_weight"": 4.0, ""seed"": 512, ""verbosity"": -1}",1,0.2,128
471,128,2.461,0.5389806877335548,0.775703695024275,0.5158863437898837,0.4746600741656366,0.5649551272620273,3.26307640027028,0.2625291865793897,0.1999980360269546,0.6526088714599609,"{""bagging_fraction"": 0.9865614300572081, ""bagging_freq"": 1, ""bagging_seed"": 513, ""boosting_type"": ""gbdt"", ""data_random_seed"": 513, ""deterministic"": true, ""feature_fraction"": 0.9228236267205621, ""feature_fraction_seed"": 513, ""force_col_wise"": true, ""lambda_l1"": 0.00013575782180264465, ""lambda_l2"": 0.005287780107496493, ""learning_rate"": 0.0588618646558272, ""max_bin"": 127, ""max_depth"": 8, ""metric"": ""None"", ""min_data_in_leaf"": 120, ""min_gain_to_split"": 0.7904132683455726, ""num_leaves"": 69, ""objective"": ""binary"", ""scale_pos_weight"": 1.0, ""seed"": 513, ""verbosity"": -1}",1,0.2,128
472,128,1.725,0.5375130297321895,0.7752046356598601,0.5156610470275067,0.470776459151849,0.5700063753616792,3.2557205188247846,0.5829448634690497,0.1999980360269546,0.6511377096176147,"{""bagging_fraction"": 0.7901289702729405, ""bagging_freq"": 1, ""bagging_seed"": 514, ""boosting_type"": ""gbdt"", ""data_random_seed"": 514, ""deterministic"": true, ""feature_fraction"": 0.6797740165363764, ""feature_fraction_seed"": 514, ""force_col_wise"": true, ""lambda_l1"": 0.000530028059172369, ""lambda_l2"": 0.4506928418020858, ""learning_rate"": 0.10391363522552913, ""max_bin"": 127, ""max_depth"": 6, ""metric"": ""None"", ""min_data_in_leaf"": 76, ""min_gain_to_split"": 0.9961272576386072, ""num_leaves"": 33, ""objective"": ""binary"", ""scale_pos_weight"": 4.0, ""seed"": 514, ""verbosity"": -1}",1,0.2,128
473,128,2.219,0.5352479732681239,0.7744071501213377,0.5145526725593841,0.4654392508531069,0.5752537884360748,3.232672070427156,0.3893499793439495,0.1999980360269546,0.6465280652046204,"{""bagging_fraction"": 0.9352877784167875, ""bagging_freq"": 1, ""bagging_seed"": 515, ""boosting_type"": ""gbdt"", ""data_random_seed"": 515, ""deterministic"": true, ""feature_fraction"": 0.7722593844194796, ""feature_fraction_seed"": 515, ""force_col_wise"": true, ""lambda_l1"": 0.08610606151075803, ""lambda_l2"": 1.4779652102458871e-08, ""learning_rate"": 0.020853416185849374, ""max_bin"": 127, ""max_depth"": -1, ""metric"": ""None"", ""min_data_in_leaf"": 293, ""min_gain_to_split"": 0.4550217605831879, ""num_leaves"": 41, ""objective"": ""binary"", ""scale_pos_weight"": 2.0, ""seed"": 515, ""verbosity"": -1}",1,0.2,128
474,128,15.045,0.5348987356441908,0.7744676963512055,0.5145237458789985,0.471368515570793,0.5663773233289197,3.2204121686759466,0.58251057584404,0.1999980360269546,0.6440761089324951,"{""bagging_fraction"": 0.890338201511929, ""bagging_freq"": 1, ""bagging_seed"": 516, ""boosting_type"": ""gbdt"", ""data_random_seed"": 516, ""deterministic"": true, ""feature_fraction"": 0.6344721651023915, ""feature_fraction_seed"": 516, ""force_col_wise"": true, ""lambda_l1"": 7.809192370050856e-06, ""lambda_l2"": 0.0019993352135218734, ""learning_rate"": 0.03479102513877502, ""max_bin"": 63, ""max_depth"": 8, ""metric"": ""None"", ""min_data_in_leaf"": 228, ""min_gain_to_split"": 0.5157301809587675, ""num_leaves"": 22, ""objective"": ""binary"", ""scale_pos_weight"": 4.0, ""seed"": 516, ""verbosity"": -1}",1,0.2,128
475,128,15.411,0.530976075825023,0.7723088336441317,0.5133086550326106,0.4660504941383587,0.5712324064538277,3.195402112156032,0.3695544022987025,0.1999980360269546,0.6390741467475891,"{""bagging_fraction"": 0.6843440119384628, ""bagging_freq"": 1, ""bagging_seed"": 517, ""boosting_type"": ""gbdt"", ""data_random_seed"": 517, ""deterministic"": true, ""feature_fraction"": 0.7440467356566258, ""feature_fraction_seed"": 517, ""force_col_wise"": true, ""lambda_l1"": 0.07390668816955126, ""lambda_l2"": 1.6121022643393548e-06, ""learning_rate"": 0.013915560212267471, ""max_bin"": 127, ""max_depth"": 16, ""metric"": ""None"", ""min_data_in_leaf"": 151, ""min_gain_to_split"": 0.08477474277224473, ""num_leaves"": 21, ""objective"": ""binary"", ""scale_pos_weight"": 2.0, ""seed"": 517, ""verbosity"": -1}",1,0.2,128
476,128,2.373,0.5382688018202173,0.7752521644503063,0.5168454314833771,0.4730924349207642,0.5695159629248198,3.2478740863356426,0.4134430146678706,0.1999980360269546,0.6495684385299683,"{""bagging_fraction"": 0.8566252908867376, ""bagging_freq"": 1, ""bagging_seed"": 518, ""boosting_type"": ""gbdt"", ""data_random_seed"": 518, ""deterministic"": true, ""feature_fraction"": 0.8758862657871296, ""feature_fraction_seed"": 518, ""force_col_wise"": true, ""lambda_l1"": 1.2861739004350497e-06, ""lambda_l2"": 0.0009053781929783466, ""learning_rate"": 0.08120160636285624, ""max_bin"": 127, ""max_depth"": 8, ""metric"": ""None"", ""min_data_in_leaf"": 392, ""min_gain_to_split"": 0.770609332638432, ""num_leaves"": 167, ""objective"": ""binary"", ""scale_pos_weight"": 2.0, ""seed"": 518, ""verbosity"": -1}",1,0.2,128
477,128,56.059,0.5387744102416249,0.7758152954946272,0.5155122035063596,0.4587236645891485,0.5883478005002207,3.260133988086852,0.2466849954837347,0.1999980360269546,0.6520203948020935,"{""bagging_fraction"": 0.8497977243874208, ""bagging_freq"": 1, ""bagging_seed"": 519, ""boosting_type"": ""gbdt"", ""data_random_seed"": 519, ""deterministic"": true, ""feature_fraction"": 0.5905247670019719, ""feature_fraction_seed"": 519, ""force_col_wise"": true, ""lambda_l1"": 0.6182773234688288, ""lambda_l2"": 1.8744833718225383e-07, ""learning_rate"": 0.058766807926656825, ""max_bin"": 127, ""max_depth"": 6, ""metric"": ""None"", ""min_data_in_leaf"": 320, ""min_gain_to_split"": 0.36610566221644936, ""num_leaves"": 59, ""objective"": ""binary"", ""scale_pos_weight"": 1.0, ""seed"": 519, ""verbosity"": -1}",1,0.2,128
478,128,3.685,0.5366478684701513,0.773931587744641,0.5151635021097046,0.4667303786883287,0.5748124172429013,3.2483646373792894,0.238582484625746,0.1999980360269546,0.6496665477752686,"{""bagging_fraction"": 0.9910056902252316, ""bagging_freq"": 1, ""bagging_seed"": 520, ""boosting_type"": ""gbdt"", ""data_random_seed"": 520, ""deterministic"": true, ""feature_fraction"": 0.6736946844812586, ""feature_fraction_seed"": 520, ""force_col_wise"": true, ""lambda_l1"": 1.8631896785868365e-06, ""lambda_l2"": 0.03399190948603331, ""learning_rate"": 0.010835521097835607, ""max_bin"": 63, ""max_depth"": 12, ""metric"": ""None"", ""min_data_in_leaf"": 186, ""min_gain_to_split"": 0.2837580958059338, ""num_leaves"": 248, ""objective"": ""binary"", ""scale_pos_weight"": 1.0, ""seed"": 520, ""verbosity"": -1}",1,0.2,128
479,128,1.695,0.5361657218405735,0.7749913442791116,0.5147778430221178,0.462485345838218,0.5804031190230984,3.23071046230487,0.5754540287058493,0.1999980360269546,0.6461357474327087,"{""bagging_fraction"": 0.8857469044321755, ""bagging_freq"": 1, ""bagging_seed"": 521, ""boosting_type"": ""gbdt"", ""data_random_seed"": 521, ""deterministic"": true, ""feature_fraction"": 0.6626694695454205, ""feature_fraction_seed"": 521, ""force_col_wise"": true, ""lambda_l1"": 0.08467427877253386, ""lambda_l2"": 0.032882524271965065, ""learning_rate"": 0.06362029138197205, ""max_bin"": 63, ""max_depth"": -1, ""metric"": ""None"", ""min_data_in_leaf"": 605, ""min_gain_to_split"": 0.02448344146761039, ""num_leaves"": 15, ""objective"": ""binary"", ""scale_pos_weight"": 4.0, ""seed"": 521, ""verbosity"": -1}",1,0.2,128
480,128,1.765,0.537912871452344,0.7747190296436717,0.5160751565762004,0.467547981205702,0.575842283360306,3.2517973025802136,0.5772245295791679,0.1999980360269546,0.6503530740737915,"{""bagging_fraction"": 0.8472626539770483, ""bagging_freq"": 1, ""bagging_seed"": 522, ""boosting_type"": ""gbdt"", ""data_random_seed"": 522, ""deterministic"": true, ""feature_fraction"": 0.6221785622752363, ""feature_fraction_seed"": 522, ""force_col_wise"": true, ""lambda_l1"": 0.06240758795846283, ""lambda_l2"": 2.1599612323726947e-08, ""learning_rate"": 0.14605001364464543, ""max_bin"": 63, ""max_depth"": -1, ""metric"": ""None"", ""min_data_in_leaf"": 1005, ""min_gain_to_split"": 0.5537620942652262, ""num_leaves"": 30, ""objective"": ""binary"", ""scale_pos_weight"": 4.0, ""seed"": 522, ""verbosity"": -1}",1,0.2,128
481,128,3.427,0.5381175855854954,0.7752976820477149,0.5155925155925156,0.4737490756716785,0.5655436221862586,3.2517973025802136,0.4011164609260332,0.1999980360269546,0.6503530740737915,"{""bagging_fraction"": 0.9319009092162982, ""bagging_freq"": 1, ""bagging_seed"": 523, ""boosting_type"": ""gbdt"", ""data_random_seed"": 523, ""deterministic"": true, ""feature_fraction"": 0.7138876192776373, ""feature_fraction_seed"": 523, ""force_col_wise"": true, ""lambda_l1"": 5.19738405177403e-07, ""lambda_l2"": 0.24681254311656195, ""learning_rate"": 0.022744507605124434, ""max_bin"": 127, ""max_depth"": 10, ""metric"": ""None"", ""min_data_in_leaf"": 91, ""min_gain_to_split"": 0.07906917736795571, ""num_leaves"": 180, ""objective"": ""binary"", ""scale_pos_weight"": 2.0, ""seed"": 523, ""verbosity"": -1}",1,0.2,128
482,128,2.716,0.5352223264488915,0.7736114226481194,0.514432101764537,0.4679389312977099,0.5711833652101417,3.2365952866717267,0.2460765644610771,0.1999980360269546,0.6473127007484436,"{""bagging_fraction"": 0.852407075034814, ""bagging_freq"": 1, ""bagging_seed"": 524, ""boosting_type"": ""gbdt"", ""data_random_seed"": 524, ""deterministic"": true, ""feature_fraction"": 0.991568012834795, ""feature_fraction_seed"": 524, ""force_col_wise"": true, ""lambda_l1"": 0.08347515315819826, ""lambda_l2"": 0.0003563071233239036, ""learning_rate"": 0.012262971915302286, ""max_bin"": 127, ""max_depth"": 10, ""metric"": ""None"", ""min_data_in_leaf"": 1149, ""min_gain_to_split"": 0.9127369011811262, ""num_leaves"": 102, ""objective"": ""binary"", ""scale_pos_weight"": 1.0, ""seed"": 524, ""verbosity"": -1}",1,0.2,128
483,128,22.338,0.5383486809971394,0.7755125520195906,0.5161359447992114,0.4583444338725024,0.590603697709774,3.250816498519071,0.2446916009642382,0.1999980360269546,0.6501569151878357,"{""bagging_fraction"": 0.6412247895532075, ""bagging_freq"": 1, ""bagging_seed"": 525, ""boosting_type"": ""gbdt"", ""data_random_seed"": 525, ""deterministic"": true, ""feature_fraction"": 0.8784185144787118, ""feature_fraction_seed"": 525, ""force_col_wise"": true, ""lambda_l1"": 7.981015226209057e-07, ""lambda_l2"": 6.344313915463069, ""learning_rate"": 0.10943017300314345, ""max_bin"": 63, ""max_depth"": 10, ""metric"": ""None"", ""min_data_in_leaf"": 312, ""min_gain_to_split"": 0.43461036073720605, ""num_leaves"": 29, ""objective"": ""binary"", ""scale_pos_weight"": 1.0, ""seed"": 525, ""verbosity"": -1}",1,0.2,128
484,128,23.075,0.5348929492656535,0.7743771126977852,0.5149959004013291,0.4597958004238104,0.5852582021480065,3.23071046230487,0.551976331549383,0.1999980360269546,0.6461357474327087,"{""bagging_fraction"": 0.8432644415100006, ""bagging_freq"": 1, ""bagging_seed"": 526, ""boosting_type"": ""gbdt"", ""data_random_seed"": 526, ""deterministic"": true, ""feature_fraction"": 0.9939655341649409, ""feature_fraction_seed"": 526, ""force_col_wise"": true, ""lambda_l1"": 0.019920546431175686, ""lambda_l2"": 7.878844465777258e-06, ""learning_rate"": 0.024537582584766113, ""max_bin"": 127, ""max_depth"": 8, ""metric"": ""None"", ""min_data_in_leaf"": 1506, ""min_gain_to_split"": 0.8571585954487491, ""num_leaves"": 46, ""objective"": ""binary"", ""scale_pos_weight"": 4.0, ""seed"": 526, ""verbosity"": -1}",1,0.2,128
485,128,22.073,0.5340163696938045,0.7727415666279258,0.5140528634361233,0.4665920268703267,0.5722622725712324,3.2209024216934425,0.242982099940642,0.1999980360269546,0.6441741585731506,"{""bagging_fraction"": 0.8538268223714722, ""bagging_freq"": 1, ""bagging_seed"": 527, ""boosting_type"": ""gbdt"", ""data_random_seed"": 527, ""deterministic"": true, ""feature_fraction"": 0.68664031054216, ""feature_fraction_seed"": 527, ""force_col_wise"": true, ""lambda_l1"": 0.00015964863759404714, ""lambda_l2"": 8.09382584268036e-06, ""learning_rate"": 0.01333869529530215, ""max_bin"": 127, ""max_depth"": 6, ""metric"": ""None"", ""min_data_in_leaf"": 1212, ""min_gain_to_split"": 0.28677421076029486, ""num_leaves"": 236, ""objective"": ""binary"", ""scale_pos_weight"": 1.0, ""seed"": 527, ""verbosity"": -1}",1,0.2,128
486,128,2.44,0.5388200744582572,0.7757918108326061,0.516032455417191,0.4627086332334746,0.5832475111568829,3.254739714763642,0.2488159515719182,0.1999980360269546,0.6509415507316589,"{""bagging_fraction"": 0.8373660383487437, ""bagging_freq"": 1, ""bagging_seed"": 528, ""boosting_type"": ""gbdt"", ""data_random_seed"": 528, ""deterministic"": true, ""feature_fraction"": 0.9723748018479614, ""feature_fraction_seed"": 528, ""force_col_wise"": true, ""lambda_l1"": 1.2485499352012739, ""lambda_l2"": 9.625881130501511e-08, ""learning_rate"": 0.04426374904925681, ""max_bin"": 127, ""max_depth"": 10, ""metric"": ""None"", ""min_data_in_leaf"": 111, ""min_gain_to_split"": 0.6228509658561748, ""num_leaves"": 53, ""objective"": ""binary"", ""scale_pos_weight"": 1.0, ""seed"": 528, ""verbosity"": -1}",1,0.2,128
487,128,2.096,0.535437850464354,0.7739707497916739,0.5145388607787357,0.4617273365032348,0.5809916139473297,3.2282586011650887,0.246363099588458,0.1999980360269546,0.6456453800201416,"{""bagging_fraction"": 0.7512395342155909, ""bagging_freq"": 1, ""bagging_seed"": 529, ""boosting_type"": ""gbdt"", ""data_random_seed"": 529, ""deterministic"": true, ""feature_fraction"": 0.6728201770374096, ""feature_fraction_seed"": 529, ""force_col_wise"": true, ""lambda_l1"": 8.583658382898138e-06, ""lambda_l2"": 2.7635457228161492e-06, ""learning_rate"": 0.024501520511517178, ""max_bin"": 127, ""max_depth"": 16, ""metric"": ""None"", ""min_data_in_leaf"": 133, ""min_gain_to_split"": 0.6485122984051379, ""num_leaves"": 26, ""objective"": ""binary"", ""scale_pos_weight"": 1.0, ""seed"": 529, ""verbosity"": -1}",1,0.2,128
488,128,2.164,0.536493305778621,0.7748134366682512,0.5155070689079372,0.4720681781112379,0.567750478152126,3.23610473562808,0.4038675737447786,0.1999980360269546,0.6472145915031433,"{""bagging_fraction"": 0.5504167480291322, ""bagging_freq"": 1, ""bagging_seed"": 530, ""boosting_type"": ""gbdt"", ""data_random_seed"": 530, ""deterministic"": true, ""feature_fraction"": 0.6402999814358129, ""feature_fraction_seed"": 530, ""force_col_wise"": true, ""lambda_l1"": 0.0001836156804774335, ""lambda_l2"": 2.2419664265389544e-08, ""learning_rate"": 0.025136156077951697, ""max_bin"": 63, ""max_depth"": 6, ""metric"": ""None"", ""min_data_in_leaf"": 113, ""min_gain_to_split"": 0.2729398117749001, ""num_leaves"": 106, ""objective"": ""binary"", ""scale_pos_weight"": 2.0, ""seed"": 530, ""verbosity"": -1}",1,0.2,128
489,128,1.767,0.5383786883546423,0.7754061572022493,0.5154464110770035,0.4634719285882077,0.5805502427541562,3.2527781066413564,0.402277083685909,0.1999980360269546,0.6505492329597473,"{""bagging_fraction"": 0.9299860959966596, ""bagging_freq"": 1, ""bagging_seed"": 531, ""boosting_type"": ""gbdt"", ""data_random_seed"": 531, ""deterministic"": true, ""feature_fraction"": 0.7586670620208482, ""feature_fraction_seed"": 531, ""force_col_wise"": true, ""lambda_l1"": 0.16742236503063293, ""lambda_l2"": 1.3682735417170194e-07, ""learning_rate"": 0.12025904662214063, ""max_bin"": 127, ""max_depth"": 16, ""metric"": ""None"", ""min_data_in_leaf"": 157, ""min_gain_to_split"": 0.12444884834835213, ""num_leaves"": 28, ""objective"": ""binary"", ""scale_pos_weight"": 2.0, ""seed"": 531, ""verbosity"": -1}",1,0.2,128
490,128,3.664,0.5359729630752275,0.7732575287320346,0.513920223281777,0.4887630507874712,0.5418076602422638,3.237085539689222,0.432622293404289,0.1999980360269546,0.6474107503890991,"{""bagging_fraction"": 0.8587581895012523, ""bagging_freq"": 1, ""bagging_seed"": 532, ""boosting_type"": ""gbdt"", ""data_random_seed"": 532, ""deterministic"": true, ""feature_fraction"": 0.6200538387063008, ""feature_fraction_seed"": 532, ""force_col_wise"": true, ""lambda_l1"": 1.7696982904698848, ""lambda_l2"": 0.00012385787717592343, ""learning_rate"": 0.10551436320955329, ""max_bin"": 63, ""max_depth"": -1, ""metric"": ""None"", ""min_data_in_leaf"": 416, ""min_gain_to_split"": 0.0830827746920515, ""num_leaves"": 183, ""objective"": ""binary"", ""scale_pos_weight"": 2.0, ""seed"": 532, ""verbosity"": -1}",1,0.2,128
491,128,3.109,0.538622884045423,0.7753133537208182,0.5159208163821905,0.4807692307692308,0.5566181158354175,3.255229967781138,0.2671015073560228,0.1999980360269546,0.6510396003723145,"{""bagging_fraction"": 0.6731651834356532, ""bagging_freq"": 1, ""bagging_seed"": 533, ""boosting_type"": ""gbdt"", ""data_random_seed"": 533, ""deterministic"": true, ""feature_fraction"": 0.9437037402126651, ""feature_fraction_seed"": 533, ""force_col_wise"": true, ""lambda_l1"": 2.616126397551399e-07, ""lambda_l2"": 5.732227203939025e-06, ""learning_rate"": 0.030231025869967947, ""max_bin"": 127, ""max_depth"": 10, ""metric"": ""None"", ""min_data_in_leaf"": 175, ""min_gain_to_split"": 0.03491579182274651, ""num_leaves"": 149, ""objective"": ""binary"", ""scale_pos_weight"": 1.0, ""seed"": 533, ""verbosity"": -1}",1,0.2,128
492,128,1.905,0.5371677039339411,0.7752701305068573,0.515419940366074,0.4633354202535608,0.5806973664852141,3.2405182048901477,0.4023544908811752,0.1999980360269546,0.6480972766876221,"{""bagging_fraction"": 0.9435859353293228, ""bagging_freq"": 1, ""bagging_seed"": 534, ""boosting_type"": ""gbdt"", ""data_random_seed"": 534, ""deterministic"": true, ""feature_fraction"": 0.5848982534176599, ""feature_fraction_seed"": 534, ""force_col_wise"": true, ""lambda_l1"": 3.1407693164858617, ""lambda_l2"": 2.6245228942427576e-08, ""learning_rate"": 0.05975284377139631, ""max_bin"": 63, ""max_depth"": -1, ""metric"": ""None"", ""min_data_in_leaf"": 81, ""min_gain_to_split"": 0.7600717815435403, ""num_leaves"": 22, ""objective"": ""binary"", ""scale_pos_weight"": 2.0, ""seed"": 534, ""verbosity"": -1}",1,0.2,128
493,128,1.703,0.5372780042476799,0.7747180922894277,0.5154711828572687,0.4678205948193156,0.5739296748565543,3.2478740863356426,0.577699966889993,0.1999980360269546,0.6495684385299683,"{""bagging_fraction"": 0.9354588297171358, ""bagging_freq"": 1, ""bagging_seed"": 535, ""boosting_type"": ""gbdt"", ""data_random_seed"": 535, ""deterministic"": true, ""feature_fraction"": 0.7538869543644222, ""feature_fraction_seed"": 535, ""force_col_wise"": true, ""lambda_l1"": 0.03608633552794831, ""lambda_l2"": 0.00017563631865957354, ""learning_rate"": 0.14874982393428118, ""max_bin"": 63, ""max_depth"": 12, ""metric"": ""None"", ""min_data_in_leaf"": 143, ""min_gain_to_split"": 0.2445628432858732, ""num_leaves"": 40, ""objective"": ""binary"", ""scale_pos_weight"": 4.0, ""seed"": 535, ""verbosity"": -1}",1,0.2,128
494,128,2.047,0.5386489643992982,0.775289981493206,0.5164623780978795,0.4747707365217748,0.5661811583541758,3.2611147921479944,0.5862727902507922,0.1999980360269546,0.6522165536880493,"{""bagging_fraction"": 0.7862096709797112, ""bagging_freq"": 1, ""bagging_seed"": 536, ""boosting_type"": ""gbdt"", ""data_random_seed"": 536, ""deterministic"": true, ""feature_fraction"": 0.7653220471636681, ""feature_fraction_seed"": 536, ""force_col_wise"": true, ""lambda_l1"": 0.09583680486534799, ""lambda_l2"": 6.274134971434582, ""learning_rate"": 0.10115831347870588, ""max_bin"": 127, ""max_depth"": 8, ""metric"": ""None"", ""min_data_in_leaf"": 219, ""min_gain_to_split"": 0.44436616263823236, ""num_leaves"": 47, ""objective"": ""binary"", ""scale_pos_weight"": 4.0, ""seed"": 536, ""verbosity"": -1}",1,0.2,128
495,128,1.772,0.5351038627921569,0.7738851718744677,0.5145460606734081,0.4704926028288083,0.56770143690844,3.229729658243728,0.2563912605336152,0.1999980360269546,0.6459395885467529,"{""bagging_fraction"": 0.7425524184306612, ""bagging_freq"": 1, ""bagging_seed"": 537, ""boosting_type"": ""gbdt"", ""data_random_seed"": 537, ""deterministic"": true, ""feature_fraction"": 0.5889013359709628, ""feature_fraction_seed"": 537, ""force_col_wise"": true, ""lambda_l1"": 3.2078601300146695e-07, ""lambda_l2"": 1.311175162317379e-05, ""learning_rate"": 0.02750281307841943, ""max_bin"": 63, ""max_depth"": 8, ""metric"": ""None"", ""min_data_in_leaf"": 150, ""min_gain_to_split"": 0.7935777493916063, ""num_leaves"": 22, ""objective"": ""binary"", ""scale_pos_weight"": 1.0, ""seed"": 537, ""verbosity"": -1}",1,0.2,128
496,128,19.453,0.5389155236633267,0.7754672418546478,0.5167008688818059,0.4656305331497147,0.5803540777794125,3.2606245391304984,0.2522065919556655,0.1999980360269546,0.6521185040473938,"{""bagging_fraction"": 0.8156661432328298, ""bagging_freq"": 1, ""bagging_seed"": 538, ""boosting_type"": ""gbdt"", ""data_random_seed"": 538, ""deterministic"": true, ""feature_fraction"": 0.7051447872846794, ""feature_fraction_seed"": 538, ""force_col_wise"": true, ""lambda_l1"": 0.00036266050155473297, ""lambda_l2"": 2.1755973767697372e-07, ""learning_rate"": 0.052437733931832216, ""max_bin"": 127, ""max_depth"": 8, ""metric"": ""None"", ""min_data_in_leaf"": 102, ""min_gain_to_split"": 0.44679634469056895, ""num_leaves"": 193, ""objective"": ""binary"", ""scale_pos_weight"": 1.0, ""seed"": 538, ""verbosity"": -1}",1,0.2,128
497,128,19.829,0.5369551393208745,0.7747139228968656,0.5156786553406831,0.4780714614836845,0.5597077141876318,3.2468932822745,0.2600516981671839,0.1999980360269546,0.6493722796440125,"{""bagging_fraction"": 0.9119245747499085, ""bagging_freq"": 1, ""bagging_seed"": 539, ""boosting_type"": ""gbdt"", ""data_random_seed"": 539, ""deterministic"": true, ""feature_fraction"": 0.7014731651044825, ""feature_fraction_seed"": 539, ""force_col_wise"": true, ""lambda_l1"": 2.1555753479107004e-06, ""lambda_l2"": 0.0027963507847822066, ""learning_rate"": 0.020625651181156904, ""max_bin"": 63, ""max_depth"": 10, ""metric"": ""None"", ""min_data_in_leaf"": 65, ""min_gain_to_split"": 0.41002971371031194, ""num_leaves"": 85, ""objective"": ""binary"", ""scale_pos_weight"": 1.0, ""seed"": 539, ""verbosity"": -1}",1,0.2,128
498,128,17.405,0.5377013695092785,0.7748332109947758,0.5161304578398445,0.4696963603458677,0.5727526850080918,3.243951168117222,0.4101387781265846,0.1999980360269546,0.6487838625907898,"{""bagging_fraction"": 0.8568098711641888, ""bagging_freq"": 1, ""bagging_seed"": 540, ""boosting_type"": ""gbdt"", ""data_random_seed"": 540, ""deterministic"": true, ""feature_fraction"": 0.8856749601711167, ""feature_fraction_seed"": 540, ""force_col_wise"": true, ""lambda_l1"": 2.791351180452108e-08, ""lambda_l2"": 1.5165077931597307e-07, ""learning_rate"": 0.11952382150876063, ""max_bin"": 63, ""max_depth"": 10, ""metric"": ""None"", ""min_data_in_leaf"": 1431, ""min_gain_to_split"": 0.6383399638096628, ""num_leaves"": 40, ""objective"": ""binary"", ""scale_pos_weight"": 2.0, ""seed"": 540, ""verbosity"": -1}",1,0.2,128
499,128,19.581,0.5357142793717464,0.7740325520401535,0.5144786792619405,0.4677529397600032,0.5715756951596292,3.2365952866717267,0.249479608577518,0.1999980360269546,0.6473127007484436,"{""bagging_fraction"": 0.5663943762894376, ""bagging_freq"": 1, ""bagging_seed"": 541, ""boosting_type"": ""gbdt"", ""data_random_seed"": 541, ""deterministic"": true, ""feature_fraction"": 0.5822142859683622, ""feature_fraction_seed"": 541, ""force_col_wise"": true, ""lambda_l1"": 9.740962808893916e-05, ""lambda_l2"": 0.0035822607874274708, ""learning_rate"": 0.018423445866705402, ""max_bin"": 127, ""max_depth"": 6, ""metric"": ""None"", ""min_data_in_leaf"": 144, ""min_gain_to_split"": 0.8688852333918029, ""num_leaves"": 136, ""objective"": ""binary"", ""scale_pos_weight"": 1.0, ""seed"": 541, ""verbosity"": -1}",1,0.2,128
